=== 2026-07-26 12:32:31 | STEP: cellranger_count ===
CMD: /BiO/kbioman/kbiomanuser20/rnaseq_practice/pbmc_scrnaseq/tools/cellranger-10.1.0/cellranger count   --id=pbmc_1k_v3_count   --transcriptome='/BiO/kbioman/kbiomanuser20/rnaseq_practice/pbmc_scrnaseq/ref/refdata-gex-GRCh38-2024-A'   --fastqs='/BiO/kbioman/kbiomanuser20/rnaseq_practice/pbmc_scrnaseq/data/pbmc_1k_v3_fastqs'   --sample=pbmc_1k_v3   --create-bam=true   --localcores=16   --localmem=64
WARNING: The operating system version is deprecated and will no longer be supported in a future release:
    DISTRIB_ID=Ubuntu
DISTRIB_RELEASE=18.04
DISTRIB_CODENAME=bionic
DISTRIB_DESCRIPTION="Ubuntu 18.04.6 LTS"
Future releases of this pipeline will require a more current system.
For more information, see support.10xgenomics.com/os-support.
WARNING: The glibc version of this operating system version will no longer
be supported in a future release: 2.27
Future releases of this pipeline will require glibc version 2.28 or
higher.  For more information, see support.10xgenomics.com/os-support.
Thank you for using cellranger. To help us improve our product,
anonymized telemetry data has been collected and sent to 10X Genomics.
This data helps us understand usage patterns, diagnose issues,
and prioritize improvements.

You can inspect the telemetry metrics sent by looking in
/BiO/kbioman/kbiomanuser20/.cache/tenx/telemetry/cellranger/10.1.0

For more details on what data is collected and how it's used, please visit
https://10xgen.com/pipeline-telemetry

You can disable telemetry at any time by running the following command:
	cellranger telemetry disable
Martian Runtime - v4.0.15
Serving UI at http://Ops:33911?auth=aUIUDExg5bChJwBpwW4G7Y2kyPNTUJrVhfC3rt6CfBI

Running preflight checks (please wait)...
Checking sample info...
Checking FASTQ folder...
Checking reference...
Checking reference_path (/BiO/kbioman/kbiomanuser20/rnaseq_practice/pbmc_scrnaseq/ref/refdata-gex-GRCh38-2024-A) on Ops...
Checking optional arguments...
mro: v4.0.15
mrp: v4.0.15
python: Python 3.12.13
numpy: 2.4.6
scipy: 1.17.1
pysam: 0.24.0
h5py: 3.16.0
pandas: 2.2.3
STAR: 2.7.2a
samtools: samtools 1.16.1
Alerts for ID.pbmc_1k_v3_count.SC_RNA_COUNTER_CS.CELLRANGER_PREFLIGHT_LOCAL:

    WARNING: The glibc version of this operating system version will no longer
    be supported in a future release:
        glibc 2.27
    Future releases of this pipeline will require libc version 2.28 or higher.
    For more information, see https://support.10xgenomics.com/os-support.

Alerts for ID.pbmc_1k_v3_count.SC_RNA_COUNTER_CS.CELLRANGER_PREFLIGHT:

    WARNING: The glibc version of this operating system version will no longer
    be supported in a future release:
        glibc 2.27
    Future releases of this pipeline will require libc version 2.28 or higher.
    For more information, see https://support.10xgenomics.com/os-support.

2026-07-26 12:32:58 [runtime] (ready)           ID.pbmc_1k_v3_count.SC_RNA_COUNTER_CS.COPY_CHEMISTRY_SPEC
2026-07-26 12:32:58 [runtime] (run:local)       ID.pbmc_1k_v3_count.SC_RNA_COUNTER_CS.COPY_CHEMISTRY_SPEC.fork0.chnk0.main
2026-07-26 12:32:58 [runtime] (ready)           ID.pbmc_1k_v3_count.SC_RNA_COUNTER_CS.SC_MULTI_CORE.COPY_VDJ_REFERENCE
2026-07-26 12:32:58 [runtime] (ready)           ID.pbmc_1k_v3_count.SC_RNA_COUNTER_CS.SC_MULTI_CORE.SPLIT_VDJ_INPUTS
2026-07-26 12:32:58 [runtime] (ready)           ID.pbmc_1k_v3_count.SC_RNA_COUNTER_CS.WRITE_GENE_INDEX
2026-07-26 12:32:58 [runtime] (run:local)       ID.pbmc_1k_v3_count.SC_RNA_COUNTER_CS.WRITE_GENE_INDEX.fork0.chnk0.main
2026-07-26 12:32:58 [runtime] (ready)           ID.pbmc_1k_v3_count.SC_RNA_COUNTER_CS.SC_MULTI_CORE.MULTI_CHEMISTRY_DETECTOR.CHECK_SINGLE_BEAM_MODE
2026-07-26 12:32:58 [runtime] (ready)           ID.pbmc_1k_v3_count.SC_RNA_COUNTER_CS.SC_MULTI_CORE.MAKE_FULL_CONFIG._MAKE_VDJ_CONFIG
2026-07-26 12:32:58 [runtime] (run:local)       ID.pbmc_1k_v3_count.SC_RNA_COUNTER_CS.SC_MULTI_CORE.MAKE_FULL_CONFIG._MAKE_VDJ_CONFIG.fork0.chnk0.main
2026-07-26 12:32:58 [runtime] (ready)           ID.pbmc_1k_v3_count.SC_RNA_COUNTER_CS.SC_MULTI_CORE.SANITIZE_MAP_CALLS
2026-07-26 12:32:58 [runtime] (ready)           ID.pbmc_1k_v3_count.SC_RNA_COUNTER_CS.SETUP_REFERENCE_INFO
2026-07-26 12:32:58 [runtime] (run:local)       ID.pbmc_1k_v3_count.SC_RNA_COUNTER_CS.SETUP_REFERENCE_INFO.fork0.chnk0.main
2026-07-26 12:32:58 [runtime] (chunks_complete) ID.pbmc_1k_v3_count.SC_RNA_COUNTER_CS.SC_MULTI_CORE.MAKE_FULL_CONFIG._MAKE_VDJ_CONFIG
2026-07-26 12:32:59 [runtime] (ready)           ID.pbmc_1k_v3_count.SC_RNA_COUNTER_CS.SC_MULTI_CORE.MULTI_GEM_WELL_PROCESSOR.VDJ_T_GEM_WELL_PROCESSOR.MULTI_SETUP_CHUNKS
2026-07-26 12:32:59 [runtime] (ready)           ID.pbmc_1k_v3_count.SC_RNA_COUNTER_CS.SC_MULTI_CORE.MULTI_GEM_WELL_PROCESSOR.VDJ_B_GEM_WELL_PROCESSOR.SETUP_VDJ_DEMUX
2026-07-26 12:32:59 [runtime] (ready)           ID.pbmc_1k_v3_count.SC_RNA_COUNTER_CS.SC_MULTI_CORE.MULTI_GEM_WELL_PROCESSOR.VDJ_T_GD_GEM_WELL_PROCESSOR.MULTI_SETUP_CHUNKS
2026-07-26 12:32:59 [runtime] (ready)           ID.pbmc_1k_v3_count.SC_RNA_COUNTER_CS.SC_MULTI_CORE.MULTI_GEM_WELL_PROCESSOR.VDJ_T_GD_GEM_WELL_PROCESSOR.SETUP_VDJ_DEMUX
2026-07-26 12:32:59 [runtime] (ready)           ID.pbmc_1k_v3_count.SC_RNA_COUNTER_CS.SC_MULTI_CORE.MULTI_GEM_WELL_PROCESSOR.VDJ_T_GEM_WELL_PROCESSOR.SETUP_VDJ_DEMUX
2026-07-26 12:32:59 [runtime] (ready)           ID.pbmc_1k_v3_count.SC_RNA_COUNTER_CS.SC_MULTI_CORE.MULTI_GEM_WELL_PROCESSOR.VDJ_T_GEM_WELL_PROCESSOR.SC_VDJ_CONTIG_ASSEMBLER.MAKE_SHARD
2026-07-26 12:32:59 [runtime] (chunks_complete) ID.pbmc_1k_v3_count.SC_RNA_COUNTER_CS.SETUP_REFERENCE_INFO
2026-07-26 12:32:59 [runtime] (ready)           ID.pbmc_1k_v3_count.SC_RNA_COUNTER_CS.SC_MULTI_CORE.MULTI_GEM_WELL_PROCESSOR.VDJ_T_GD_GEM_WELL_PROCESSOR.SC_VDJ_CONTIG_ASSEMBLER.MAKE_SHARD
2026-07-26 12:32:59 [runtime] (ready)           ID.pbmc_1k_v3_count.SC_RNA_COUNTER_CS.SC_MULTI_CORE.MULTI_GEM_WELL_PROCESSOR.VDJ_B_GEM_WELL_PROCESSOR.MULTI_SETUP_CHUNKS
2026-07-26 12:32:59 [runtime] (chunks_complete) ID.pbmc_1k_v3_count.SC_RNA_COUNTER_CS.COPY_CHEMISTRY_SPEC
2026-07-26 12:32:59 [runtime] (ready)           ID.pbmc_1k_v3_count.SC_RNA_COUNTER_CS.FULL_COUNT_INPUTS.WRITE_GENE_INDEX
2026-07-26 12:32:59 [runtime] (run:local)       ID.pbmc_1k_v3_count.SC_RNA_COUNTER_CS.FULL_COUNT_INPUTS.WRITE_GENE_INDEX.fork0.chnk0.main
2026-07-26 12:32:59 [runtime] (ready)           ID.pbmc_1k_v3_count.SC_RNA_COUNTER_CS.SC_MULTI_CORE.MULTI_GEM_WELL_PROCESSOR.VDJ_T_GD_GEM_WELL_PROCESSOR.SC_VDJ_CONTIG_ASSEMBLER.BARCODE_CORRECTION
2026-07-26 12:32:59 [runtime] (ready)           ID.pbmc_1k_v3_count.SC_RNA_COUNTER_CS.SC_MULTI_CORE.MULTI_GEM_WELL_PROCESSOR.VDJ_T_GEM_WELL_PROCESSOR.SC_VDJ_CONTIG_ASSEMBLER.BARCODE_CORRECTION
2026-07-26 12:32:59 [runtime] (ready)           ID.pbmc_1k_v3_count.SC_RNA_COUNTER_CS.SC_MULTI_CORE.MULTI_GEM_WELL_PROCESSOR.VDJ_B_GEM_WELL_PROCESSOR.SC_VDJ_CONTIG_ASSEMBLER.MAKE_SHARD
2026-07-26 12:32:59 [runtime] (ready)           ID.pbmc_1k_v3_count.SC_RNA_COUNTER_CS.SC_MULTI_CORE.MULTI_CHEMISTRY_DETECTOR.DETECT_COUNT_CHEMISTRY
2026-07-26 12:32:59 [runtime] (run:local)       ID.pbmc_1k_v3_count.SC_RNA_COUNTER_CS.SC_MULTI_CORE.MULTI_CHEMISTRY_DETECTOR.DETECT_COUNT_CHEMISTRY.fork0.chnk0.main
2026-07-26 12:32:59 [runtime] (ready)           ID.pbmc_1k_v3_count.SC_RNA_COUNTER_CS.SC_MULTI_CORE.MULTI_GEM_WELL_PROCESSOR.VDJ_T_GD_GEM_WELL_PROCESSOR.SC_VDJ_CONTIG_ASSEMBLER.RUST_BRIDGE
2026-07-26 12:32:59 [runtime] (ready)           ID.pbmc_1k_v3_count.SC_RNA_COUNTER_CS.SC_MULTI_CORE.MULTI_GEM_WELL_PROCESSOR.VDJ_T_GEM_WELL_PROCESSOR.SC_VDJ_CONTIG_ASSEMBLER.RUST_BRIDGE
2026-07-26 12:32:59 [runtime] (ready)           ID.pbmc_1k_v3_count.SC_RNA_COUNTER_CS.SC_MULTI_CORE.MULTI_GEM_WELL_PROCESSOR.VDJ_T_GD_GEM_WELL_PROCESSOR.SC_VDJ_CONTIG_ASSEMBLER.ASSEMBLE_VDJ
2026-07-26 12:32:59 [runtime] (ready)           ID.pbmc_1k_v3_count.SC_RNA_COUNTER_CS.SC_MULTI_CORE.MULTI_GEM_WELL_PROCESSOR.VDJ_T_GD_GEM_WELL_PROCESSOR.SC_VDJ_CONTIG_ASSEMBLER.MERGE_METRICS
2026-07-26 12:32:59 [runtime] (ready)           ID.pbmc_1k_v3_count.SC_RNA_COUNTER_CS.SC_MULTI_CORE.MULTI_GEM_WELL_PROCESSOR.VDJ_B_GEM_WELL_PROCESSOR.SC_VDJ_CONTIG_ASSEMBLER.BARCODE_CORRECTION
2026-07-26 12:32:59 [runtime] (ready)           ID.pbmc_1k_v3_count.SC_RNA_COUNTER_CS.SC_MULTI_CORE.MULTI_GEM_WELL_PROCESSOR.VDJ_T_GEM_WELL_PROCESSOR.SC_VDJ_CONTIG_ASSEMBLER.ASSEMBLE_VDJ
2026-07-26 12:32:59 [runtime] (ready)           ID.pbmc_1k_v3_count.SC_RNA_COUNTER_CS.SC_MULTI_CORE.MULTI_GEM_WELL_PROCESSOR.VDJ_T_GEM_WELL_PROCESSOR.SC_VDJ_CONTIG_ASSEMBLER.MERGE_METRICS
2026-07-26 12:32:59 [runtime] (ready)           ID.pbmc_1k_v3_count.SC_RNA_COUNTER_CS.SC_MULTI_CORE.MULTI_GEM_WELL_PROCESSOR.VDJ_B_GEM_WELL_PROCESSOR.SC_VDJ_CONTIG_ASSEMBLER.RUST_BRIDGE
2026-07-26 12:32:59 [runtime] (ready)           ID.pbmc_1k_v3_count.SC_RNA_COUNTER_CS.SC_MULTI_CORE.MULTI_GEM_WELL_PROCESSOR.VDJ_B_GEM_WELL_PROCESSOR.SC_VDJ_CONTIG_ASSEMBLER.MERGE_METRICS
2026-07-26 12:32:59 [runtime] (ready)           ID.pbmc_1k_v3_count.SC_RNA_COUNTER_CS.SC_MULTI_CORE.MULTI_GEM_WELL_PROCESSOR.VDJ_B_GEM_WELL_PROCESSOR.SC_VDJ_CONTIG_ASSEMBLER.ASSEMBLE_VDJ
2026-07-26 12:33:15 [runtime] (chunks_complete) ID.pbmc_1k_v3_count.SC_RNA_COUNTER_CS.WRITE_GENE_INDEX
2026-07-26 12:33:15 [runtime] (chunks_complete) ID.pbmc_1k_v3_count.SC_RNA_COUNTER_CS.FULL_COUNT_INPUTS.WRITE_GENE_INDEX
2026-07-26 12:33:16 [runtime] (chunks_complete) ID.pbmc_1k_v3_count.SC_RNA_COUNTER_CS.SC_MULTI_CORE.MULTI_CHEMISTRY_DETECTOR.DETECT_COUNT_CHEMISTRY
2026-07-26 12:33:16 [runtime] (ready)           ID.pbmc_1k_v3_count.SC_RNA_COUNTER_CS.SC_MULTI_CORE.CREATE_MULTI_GRAPH
2026-07-26 12:33:16 [runtime] (ready)           ID.pbmc_1k_v3_count.SC_RNA_COUNTER_CS.SC_MULTI_CORE.MULTI_GEM_WELL_PROCESSOR.COUNT_GEM_WELL_PROCESSOR.MULTI_SETUP_CHUNKS
2026-07-26 12:33:16 [runtime] (run:local)       ID.pbmc_1k_v3_count.SC_RNA_COUNTER_CS.SC_MULTI_CORE.MULTI_GEM_WELL_PROCESSOR.COUNT_GEM_WELL_PROCESSOR.MULTI_SETUP_CHUNKS.fork0.chnk0.main
2026-07-26 12:33:16 [runtime] (ready)           ID.pbmc_1k_v3_count.SC_RNA_COUNTER_CS.SC_MULTI_CORE.MULTI_CHEMISTRY_DETECTOR.COMBINE_CHEMISTRY_DEFS
2026-07-26 12:33:16 [runtime] (run:local)       ID.pbmc_1k_v3_count.SC_RNA_COUNTER_CS.SC_MULTI_CORE.MULTI_CHEMISTRY_DETECTOR.COMBINE_CHEMISTRY_DEFS.fork0.chnk0.main
2026-07-26 12:33:16 [runtime] (ready)           ID.pbmc_1k_v3_count.SC_RNA_COUNTER_CS.SC_MULTI_CORE.MULTI_GEM_WELL_PROCESSOR.COUNT_GEM_WELL_PROCESSOR.PARSE_TARGET_FEATURES
2026-07-26 12:33:16 [runtime] (run:local)       ID.pbmc_1k_v3_count.SC_RNA_COUNTER_CS.SC_MULTI_CORE.MULTI_GEM_WELL_PROCESSOR.COUNT_GEM_WELL_PROCESSOR.PARSE_TARGET_FEATURES.fork0.chnk0.main
2026-07-26 12:33:16 [runtime] (ready)           ID.pbmc_1k_v3_count.SC_RNA_COUNTER_CS.SC_MULTI_CORE.MULTI_CHEMISTRY_DETECTOR.CHECK_BARCODES_COMPATIBILITY
2026-07-26 12:33:16 [runtime] (run:local)       ID.pbmc_1k_v3_count.SC_RNA_COUNTER_CS.SC_MULTI_CORE.MULTI_CHEMISTRY_DETECTOR.CHECK_BARCODES_COMPATIBILITY.fork0.chnk0.main
2026-07-26 12:33:16 [runtime] (chunks_complete) ID.pbmc_1k_v3_count.SC_RNA_COUNTER_CS.SC_MULTI_CORE.MULTI_GEM_WELL_PROCESSOR.COUNT_GEM_WELL_PROCESSOR.MULTI_SETUP_CHUNKS
2026-07-26 12:33:16 [runtime] (chunks_complete) ID.pbmc_1k_v3_count.SC_RNA_COUNTER_CS.SC_MULTI_CORE.MULTI_CHEMISTRY_DETECTOR.COMBINE_CHEMISTRY_DEFS
2026-07-26 12:33:16 [runtime] (chunks_complete) ID.pbmc_1k_v3_count.SC_RNA_COUNTER_CS.SC_MULTI_CORE.MULTI_CHEMISTRY_DETECTOR.CHECK_BARCODES_COMPATIBILITY
2026-07-26 12:33:17 [runtime] (chunks_complete) ID.pbmc_1k_v3_count.SC_RNA_COUNTER_CS.SC_MULTI_CORE.MULTI_GEM_WELL_PROCESSOR.COUNT_GEM_WELL_PROCESSOR.PARSE_TARGET_FEATURES
2026-07-26 12:33:17 [runtime] (ready)           ID.pbmc_1k_v3_count.SC_RNA_COUNTER_CS.SC_MULTI_CORE.MULTI_GEM_WELL_PROCESSOR.MAKE_VDJ_FILTER_SWITCH
2026-07-26 12:33:17 [runtime] (run:local)       ID.pbmc_1k_v3_count.SC_RNA_COUNTER_CS.SC_MULTI_CORE.MULTI_GEM_WELL_PROCESSOR.MAKE_VDJ_FILTER_SWITCH.fork0.chnk0.main
2026-07-26 12:33:17 [runtime] (ready)           ID.pbmc_1k_v3_count.SC_RNA_COUNTER_CS.SC_MULTI_CORE.MULTI_GEM_WELL_PROCESSOR.COUNT_GEM_WELL_PROCESSOR.SETUP_REFERENCE_INFO
2026-07-26 12:33:17 [runtime] (run:local)       ID.pbmc_1k_v3_count.SC_RNA_COUNTER_CS.SC_MULTI_CORE.MULTI_GEM_WELL_PROCESSOR.COUNT_GEM_WELL_PROCESSOR.SETUP_REFERENCE_INFO.fork0.chnk0.main
2026-07-26 12:33:17 [runtime] (chunks_complete) ID.pbmc_1k_v3_count.SC_RNA_COUNTER_CS.SC_MULTI_CORE.MULTI_GEM_WELL_PROCESSOR.COUNT_GEM_WELL_PROCESSOR.SETUP_REFERENCE_INFO
2026-07-26 12:33:17 [runtime] (ready)           ID.pbmc_1k_v3_count.SC_RNA_COUNTER_CS.SC_MULTI_CORE.MULTI_GEM_WELL_PROCESSOR.COUNT_GEM_WELL_PROCESSOR._BASIC_SC_RNA_COUNTER._MATRIX_COMPUTER.MAKE_SHARD
2026-07-26 12:33:17 [runtime] (run:local)       ID.pbmc_1k_v3_count.SC_RNA_COUNTER_CS.SC_MULTI_CORE.MULTI_GEM_WELL_PROCESSOR.COUNT_GEM_WELL_PROCESSOR._BASIC_SC_RNA_COUNTER._MATRIX_COMPUTER.MAKE_SHARD.fork0.split
2026-07-26 12:33:17 [runtime] (ready)           ID.pbmc_1k_v3_count.SC_RNA_COUNTER_CS.SC_MULTI_CORE.MULTI_GEM_WELL_PROCESSOR.COUNT_GEM_WELL_PROCESSOR._BASIC_SC_RNA_COUNTER._MATRIX_COMPUTER.WRITE_MINIMAP_INDEX
2026-07-26 12:33:17 [runtime] (chunks_complete) ID.pbmc_1k_v3_count.SC_RNA_COUNTER_CS.SC_MULTI_CORE.MULTI_GEM_WELL_PROCESSOR.MAKE_VDJ_FILTER_SWITCH
2026-07-26 12:33:17 [runtime] (ready)           ID.pbmc_1k_v3_count.SC_RNA_COUNTER_CS.SC_MULTI_CORE.MULTI_GEM_WELL_PROCESSOR.VDJ_B_GEM_WELL_PROCESSOR.ASM_CALL_CELLS
2026-07-26 12:33:17 [runtime] (ready)           ID.pbmc_1k_v3_count.SC_RNA_COUNTER_CS.SC_MULTI_CORE.MULTI_GEM_WELL_PROCESSOR.VDJ_T_GEM_WELL_PROCESSOR.ASM_CALL_CELLS
2026-07-26 12:33:17 [runtime] (ready)           ID.pbmc_1k_v3_count.SC_RNA_COUNTER_CS.SC_MULTI_CORE.MULTI_GEM_WELL_PROCESSOR.VDJ_T_GD_GEM_WELL_PROCESSOR.ASM_CALL_CELLS
2026-07-26 12:33:24 [runtime] (split_complete)  ID.pbmc_1k_v3_count.SC_RNA_COUNTER_CS.SC_MULTI_CORE.MULTI_GEM_WELL_PROCESSOR.COUNT_GEM_WELL_PROCESSOR._BASIC_SC_RNA_COUNTER._MATRIX_COMPUTER.MAKE_SHARD
2026-07-26 12:33:24 [runtime] (run:local)       ID.pbmc_1k_v3_count.SC_RNA_COUNTER_CS.SC_MULTI_CORE.MULTI_GEM_WELL_PROCESSOR.COUNT_GEM_WELL_PROCESSOR._BASIC_SC_RNA_COUNTER._MATRIX_COMPUTER.MAKE_SHARD.fork0.chnk0.main
2026-07-26 12:33:24 [runtime] (run:local)       ID.pbmc_1k_v3_count.SC_RNA_COUNTER_CS.SC_MULTI_CORE.MULTI_GEM_WELL_PROCESSOR.COUNT_GEM_WELL_PROCESSOR._BASIC_SC_RNA_COUNTER._MATRIX_COMPUTER.MAKE_SHARD.fork0.chnk1.main
2026-07-26 12:35:53 [runtime] (chunks_complete) ID.pbmc_1k_v3_count.SC_RNA_COUNTER_CS.SC_MULTI_CORE.MULTI_GEM_WELL_PROCESSOR.COUNT_GEM_WELL_PROCESSOR._BASIC_SC_RNA_COUNTER._MATRIX_COMPUTER.MAKE_SHARD
2026-07-26 12:35:53 [runtime] (run:local)       ID.pbmc_1k_v3_count.SC_RNA_COUNTER_CS.SC_MULTI_CORE.MULTI_GEM_WELL_PROCESSOR.COUNT_GEM_WELL_PROCESSOR._BASIC_SC_RNA_COUNTER._MATRIX_COMPUTER.MAKE_SHARD.fork0.join
2026-07-26 12:35:54 [runtime] (join_complete)   ID.pbmc_1k_v3_count.SC_RNA_COUNTER_CS.SC_MULTI_CORE.MULTI_GEM_WELL_PROCESSOR.COUNT_GEM_WELL_PROCESSOR._BASIC_SC_RNA_COUNTER._MATRIX_COMPUTER.MAKE_SHARD
2026-07-26 12:35:54 [runtime] (ready)           ID.pbmc_1k_v3_count.SC_RNA_COUNTER_CS.SC_MULTI_CORE.MULTI_GEM_WELL_PROCESSOR.COUNT_GEM_WELL_PROCESSOR._BASIC_SC_RNA_COUNTER._MATRIX_COMPUTER.MAKE_CORRECTION_MAP
2026-07-26 12:35:54 [runtime] (run:local)       ID.pbmc_1k_v3_count.SC_RNA_COUNTER_CS.SC_MULTI_CORE.MULTI_GEM_WELL_PROCESSOR.COUNT_GEM_WELL_PROCESSOR._BASIC_SC_RNA_COUNTER._MATRIX_COMPUTER.MAKE_CORRECTION_MAP.fork0.split
2026-07-26 12:35:54 [runtime] (split_complete)  ID.pbmc_1k_v3_count.SC_RNA_COUNTER_CS.SC_MULTI_CORE.MULTI_GEM_WELL_PROCESSOR.COUNT_GEM_WELL_PROCESSOR._BASIC_SC_RNA_COUNTER._MATRIX_COMPUTER.MAKE_CORRECTION_MAP
2026-07-26 12:35:54 [runtime] (run:local)       ID.pbmc_1k_v3_count.SC_RNA_COUNTER_CS.SC_MULTI_CORE.MULTI_GEM_WELL_PROCESSOR.COUNT_GEM_WELL_PROCESSOR._BASIC_SC_RNA_COUNTER._MATRIX_COMPUTER.MAKE_CORRECTION_MAP.fork0.join
2026-07-26 12:35:54 [runtime] (join_complete)   ID.pbmc_1k_v3_count.SC_RNA_COUNTER_CS.SC_MULTI_CORE.MULTI_GEM_WELL_PROCESSOR.COUNT_GEM_WELL_PROCESSOR._BASIC_SC_RNA_COUNTER._MATRIX_COMPUTER.MAKE_CORRECTION_MAP
2026-07-26 12:35:54 [runtime] (ready)           ID.pbmc_1k_v3_count.SC_RNA_COUNTER_CS.SC_MULTI_CORE.MULTI_GEM_WELL_PROCESSOR.COUNT_GEM_WELL_PROCESSOR._BASIC_SC_RNA_COUNTER._MATRIX_COMPUTER.BARCODE_CORRECTION
2026-07-26 12:35:54 [runtime] (run:local)       ID.pbmc_1k_v3_count.SC_RNA_COUNTER_CS.SC_MULTI_CORE.MULTI_GEM_WELL_PROCESSOR.COUNT_GEM_WELL_PROCESSOR._BASIC_SC_RNA_COUNTER._MATRIX_COMPUTER.BARCODE_CORRECTION.fork0.split
2026-07-26 12:35:54 [runtime] (split_complete)  ID.pbmc_1k_v3_count.SC_RNA_COUNTER_CS.SC_MULTI_CORE.MULTI_GEM_WELL_PROCESSOR.COUNT_GEM_WELL_PROCESSOR._BASIC_SC_RNA_COUNTER._MATRIX_COMPUTER.BARCODE_CORRECTION
2026-07-26 12:35:54 [runtime] (run:local)       ID.pbmc_1k_v3_count.SC_RNA_COUNTER_CS.SC_MULTI_CORE.MULTI_GEM_WELL_PROCESSOR.COUNT_GEM_WELL_PROCESSOR._BASIC_SC_RNA_COUNTER._MATRIX_COMPUTER.BARCODE_CORRECTION.fork0.chnk0.main
2026-07-26 12:35:54 [runtime] (run:local)       ID.pbmc_1k_v3_count.SC_RNA_COUNTER_CS.SC_MULTI_CORE.MULTI_GEM_WELL_PROCESSOR.COUNT_GEM_WELL_PROCESSOR._BASIC_SC_RNA_COUNTER._MATRIX_COMPUTER.BARCODE_CORRECTION.fork0.chnk1.main
2026-07-26 12:35:54 [runtime] (run:local)       ID.pbmc_1k_v3_count.SC_RNA_COUNTER_CS.SC_MULTI_CORE.MULTI_GEM_WELL_PROCESSOR.COUNT_GEM_WELL_PROCESSOR._BASIC_SC_RNA_COUNTER._MATRIX_COMPUTER.BARCODE_CORRECTION.fork0.chnk2.main
2026-07-26 12:35:54 [runtime] (run:local)       ID.pbmc_1k_v3_count.SC_RNA_COUNTER_CS.SC_MULTI_CORE.MULTI_GEM_WELL_PROCESSOR.COUNT_GEM_WELL_PROCESSOR._BASIC_SC_RNA_COUNTER._MATRIX_COMPUTER.BARCODE_CORRECTION.fork0.chnk3.main
2026-07-26 12:35:54 [runtime] (run:local)       ID.pbmc_1k_v3_count.SC_RNA_COUNTER_CS.SC_MULTI_CORE.MULTI_GEM_WELL_PROCESSOR.COUNT_GEM_WELL_PROCESSOR._BASIC_SC_RNA_COUNTER._MATRIX_COMPUTER.BARCODE_CORRECTION.fork0.chnk4.main
2026-07-26 12:35:54 [runtime] (run:local)       ID.pbmc_1k_v3_count.SC_RNA_COUNTER_CS.SC_MULTI_CORE.MULTI_GEM_WELL_PROCESSOR.COUNT_GEM_WELL_PROCESSOR._BASIC_SC_RNA_COUNTER._MATRIX_COMPUTER.BARCODE_CORRECTION.fork0.chnk5.main
2026-07-26 12:36:02 [runtime] (chunks_complete) ID.pbmc_1k_v3_count.SC_RNA_COUNTER_CS.SC_MULTI_CORE.MULTI_GEM_WELL_PROCESSOR.COUNT_GEM_WELL_PROCESSOR._BASIC_SC_RNA_COUNTER._MATRIX_COMPUTER.BARCODE_CORRECTION
2026-07-26 12:36:02 [runtime] (run:local)       ID.pbmc_1k_v3_count.SC_RNA_COUNTER_CS.SC_MULTI_CORE.MULTI_GEM_WELL_PROCESSOR.COUNT_GEM_WELL_PROCESSOR._BASIC_SC_RNA_COUNTER._MATRIX_COMPUTER.BARCODE_CORRECTION.fork0.join
2026-07-26 12:36:02 [runtime] (join_complete)   ID.pbmc_1k_v3_count.SC_RNA_COUNTER_CS.SC_MULTI_CORE.MULTI_GEM_WELL_PROCESSOR.COUNT_GEM_WELL_PROCESSOR._BASIC_SC_RNA_COUNTER._MATRIX_COMPUTER.BARCODE_CORRECTION
2026-07-26 12:36:02 [runtime] (ready)           ID.pbmc_1k_v3_count.SC_RNA_COUNTER_CS.SC_MULTI_CORE.MULTI_GEM_WELL_PROCESSOR.COUNT_GEM_WELL_PROCESSOR._BASIC_SC_RNA_COUNTER._MATRIX_COMPUTER.WRITE_BARCODE_INDEX
2026-07-26 12:36:02 [runtime] (run:local)       ID.pbmc_1k_v3_count.SC_RNA_COUNTER_CS.SC_MULTI_CORE.MULTI_GEM_WELL_PROCESSOR.COUNT_GEM_WELL_PROCESSOR._BASIC_SC_RNA_COUNTER._MATRIX_COMPUTER.WRITE_BARCODE_INDEX.fork0.chnk0.main
2026-07-26 12:36:02 [runtime] (ready)           ID.pbmc_1k_v3_count.SC_RNA_COUNTER_CS.SC_MULTI_CORE.MULTI_GEM_WELL_PROCESSOR.COUNT_GEM_WELL_PROCESSOR._BASIC_SC_RNA_COUNTER._MATRIX_COMPUTER.ALIGN_AND_COUNT
2026-07-26 12:36:02 [runtime] (run:local)       ID.pbmc_1k_v3_count.SC_RNA_COUNTER_CS.SC_MULTI_CORE.MULTI_GEM_WELL_PROCESSOR.COUNT_GEM_WELL_PROCESSOR._BASIC_SC_RNA_COUNTER._MATRIX_COMPUTER.ALIGN_AND_COUNT.fork0.split
2026-07-26 12:36:02 [runtime] (chunks_complete) ID.pbmc_1k_v3_count.SC_RNA_COUNTER_CS.SC_MULTI_CORE.MULTI_GEM_WELL_PROCESSOR.COUNT_GEM_WELL_PROCESSOR._BASIC_SC_RNA_COUNTER._MATRIX_COMPUTER.WRITE_BARCODE_INDEX
2026-07-26 12:36:02 [runtime] (split_complete)  ID.pbmc_1k_v3_count.SC_RNA_COUNTER_CS.SC_MULTI_CORE.MULTI_GEM_WELL_PROCESSOR.COUNT_GEM_WELL_PROCESSOR._BASIC_SC_RNA_COUNTER._MATRIX_COMPUTER.ALIGN_AND_COUNT
2026-07-26 12:36:02 [runtime] (run:local)       ID.pbmc_1k_v3_count.SC_RNA_COUNTER_CS.SC_MULTI_CORE.MULTI_GEM_WELL_PROCESSOR.COUNT_GEM_WELL_PROCESSOR._BASIC_SC_RNA_COUNTER._MATRIX_COMPUTER.ALIGN_AND_COUNT.fork0.chnk0.main
2026-07-26 12:36:02 [runtime] (run:local)       ID.pbmc_1k_v3_count.SC_RNA_COUNTER_CS.SC_MULTI_CORE.MULTI_GEM_WELL_PROCESSOR.COUNT_GEM_WELL_PROCESSOR._BASIC_SC_RNA_COUNTER._MATRIX_COMPUTER.ALIGN_AND_COUNT.fork0.chnk1.main
2026-07-26 12:36:02 [runtime] (run:local)       ID.pbmc_1k_v3_count.SC_RNA_COUNTER_CS.SC_MULTI_CORE.MULTI_GEM_WELL_PROCESSOR.COUNT_GEM_WELL_PROCESSOR._BASIC_SC_RNA_COUNTER._MATRIX_COMPUTER.ALIGN_AND_COUNT.fork0.chnk2.main
2026-07-26 12:36:02 [runtime] (run:local)       ID.pbmc_1k_v3_count.SC_RNA_COUNTER_CS.SC_MULTI_CORE.MULTI_GEM_WELL_PROCESSOR.COUNT_GEM_WELL_PROCESSOR._BASIC_SC_RNA_COUNTER._MATRIX_COMPUTER.ALIGN_AND_COUNT.fork0.chnk3.main
2026-07-26 12:42:03 [runtime] (update)          ID.pbmc_1k_v3_count.SC_RNA_COUNTER_CS.SC_MULTI_CORE.MULTI_GEM_WELL_PROCESSOR.COUNT_GEM_WELL_PROCESSOR._BASIC_SC_RNA_COUNTER._MATRIX_COMPUTER.ALIGN_AND_COUNT.fork0 chunks running (0/4 completed)
2026-07-26 12:47:23 [runtime] (update)          ID.pbmc_1k_v3_count.SC_RNA_COUNTER_CS.SC_MULTI_CORE.MULTI_GEM_WELL_PROCESSOR.COUNT_GEM_WELL_PROCESSOR._BASIC_SC_RNA_COUNTER._MATRIX_COMPUTER.ALIGN_AND_COUNT.fork0 chunks running (2/4 completed)
2026-07-26 12:52:45 [runtime] (update)          ID.pbmc_1k_v3_count.SC_RNA_COUNTER_CS.SC_MULTI_CORE.MULTI_GEM_WELL_PROCESSOR.COUNT_GEM_WELL_PROCESSOR._BASIC_SC_RNA_COUNTER._MATRIX_COMPUTER.ALIGN_AND_COUNT.fork0 chunks running (2/4 completed)
2026-07-26 12:54:01 [runtime] (chunks_complete) ID.pbmc_1k_v3_count.SC_RNA_COUNTER_CS.SC_MULTI_CORE.MULTI_GEM_WELL_PROCESSOR.COUNT_GEM_WELL_PROCESSOR._BASIC_SC_RNA_COUNTER._MATRIX_COMPUTER.ALIGN_AND_COUNT
2026-07-26 12:54:01 [runtime] (run:local)       ID.pbmc_1k_v3_count.SC_RNA_COUNTER_CS.SC_MULTI_CORE.MULTI_GEM_WELL_PROCESSOR.COUNT_GEM_WELL_PROCESSOR._BASIC_SC_RNA_COUNTER._MATRIX_COMPUTER.ALIGN_AND_COUNT.fork0.join
2026-07-26 12:54:01 [runtime] (join_complete)   ID.pbmc_1k_v3_count.SC_RNA_COUNTER_CS.SC_MULTI_CORE.MULTI_GEM_WELL_PROCESSOR.COUNT_GEM_WELL_PROCESSOR._BASIC_SC_RNA_COUNTER._MATRIX_COMPUTER.ALIGN_AND_COUNT
2026-07-26 12:54:02 [runtime] (ready)           ID.pbmc_1k_v3_count.SC_RNA_COUNTER_CS.SC_MULTI_CORE.MULTI_GEM_WELL_PROCESSOR.COUNT_GEM_WELL_PROCESSOR._BASIC_SC_RNA_COUNTER._MATRIX_COMPUTER.COLLATE_METRICS
2026-07-26 12:54:02 [runtime] (run:local)       ID.pbmc_1k_v3_count.SC_RNA_COUNTER_CS.SC_MULTI_CORE.MULTI_GEM_WELL_PROCESSOR.COUNT_GEM_WELL_PROCESSOR._BASIC_SC_RNA_COUNTER._MATRIX_COMPUTER.COLLATE_METRICS.fork0.split
2026-07-26 12:54:02 [runtime] (ready)           ID.pbmc_1k_v3_count.SC_RNA_COUNTER_CS.SC_MULTI_CORE.MULTI_GEM_WELL_PROCESSOR.COUNT_GEM_WELL_PROCESSOR._BASIC_SC_RNA_COUNTER._MATRIX_COMPUTER.WRITE_BARCODE_SUMMARY
2026-07-26 12:54:02 [runtime] (run:local)       ID.pbmc_1k_v3_count.SC_RNA_COUNTER_CS.SC_MULTI_CORE.MULTI_GEM_WELL_PROCESSOR.COUNT_GEM_WELL_PROCESSOR._BASIC_SC_RNA_COUNTER._MATRIX_COMPUTER.WRITE_BARCODE_SUMMARY.fork0.split
2026-07-26 12:54:02 [runtime] (ready)           ID.pbmc_1k_v3_count.SC_RNA_COUNTER_CS.SC_MULTI_CORE.MULTI_GEM_WELL_PROCESSOR.COUNT_GEM_WELL_PROCESSOR._BASIC_SC_RNA_COUNTER._POST_MATRIX_COMPUTATION.DISABLE_STAGES
2026-07-26 12:54:02 [runtime] (run:local)       ID.pbmc_1k_v3_count.SC_RNA_COUNTER_CS.SC_MULTI_CORE.MULTI_GEM_WELL_PROCESSOR.COUNT_GEM_WELL_PROCESSOR._BASIC_SC_RNA_COUNTER._POST_MATRIX_COMPUTATION.DISABLE_STAGES.fork0.chnk0.main
2026-07-26 12:54:02 [runtime] (ready)           ID.pbmc_1k_v3_count.SC_RNA_COUNTER_CS.SC_MULTI_CORE.MULTI_GEM_WELL_PROCESSOR.COUNT_GEM_WELL_PROCESSOR._BASIC_SC_RNA_COUNTER._MATRIX_COMPUTER.WRITE_MATRIX_MARKET
2026-07-26 12:54:02 [runtime] (run:local)       ID.pbmc_1k_v3_count.SC_RNA_COUNTER_CS.SC_MULTI_CORE.MULTI_GEM_WELL_PROCESSOR.COUNT_GEM_WELL_PROCESSOR._BASIC_SC_RNA_COUNTER._MATRIX_COMPUTER.WRITE_MATRIX_MARKET.fork0.split
2026-07-26 12:54:02 [runtime] (ready)           ID.pbmc_1k_v3_count.SC_RNA_COUNTER_CS.SC_MULTI_CORE.MULTI_GEM_WELL_PROCESSOR.COUNT_GEM_WELL_PROCESSOR._BASIC_SC_RNA_COUNTER._MATRIX_COMPUTER.WRITE_H5_MATRIX
2026-07-26 12:54:02 [runtime] (run:local)       ID.pbmc_1k_v3_count.SC_RNA_COUNTER_CS.SC_MULTI_CORE.MULTI_GEM_WELL_PROCESSOR.COUNT_GEM_WELL_PROCESSOR._BASIC_SC_RNA_COUNTER._MATRIX_COMPUTER.WRITE_H5_MATRIX.fork0.split
2026-07-26 12:54:02 [runtime] (split_complete)  ID.pbmc_1k_v3_count.SC_RNA_COUNTER_CS.SC_MULTI_CORE.MULTI_GEM_WELL_PROCESSOR.COUNT_GEM_WELL_PROCESSOR._BASIC_SC_RNA_COUNTER._MATRIX_COMPUTER.COLLATE_METRICS
2026-07-26 12:54:02 [runtime] (run:local)       ID.pbmc_1k_v3_count.SC_RNA_COUNTER_CS.SC_MULTI_CORE.MULTI_GEM_WELL_PROCESSOR.COUNT_GEM_WELL_PROCESSOR._BASIC_SC_RNA_COUNTER._MATRIX_COMPUTER.COLLATE_METRICS.fork0.chnk0.main
2026-07-26 12:54:02 [runtime] (split_complete)  ID.pbmc_1k_v3_count.SC_RNA_COUNTER_CS.SC_MULTI_CORE.MULTI_GEM_WELL_PROCESSOR.COUNT_GEM_WELL_PROCESSOR._BASIC_SC_RNA_COUNTER._MATRIX_COMPUTER.WRITE_BARCODE_SUMMARY
2026-07-26 12:54:02 [runtime] (run:local)       ID.pbmc_1k_v3_count.SC_RNA_COUNTER_CS.SC_MULTI_CORE.MULTI_GEM_WELL_PROCESSOR.COUNT_GEM_WELL_PROCESSOR._BASIC_SC_RNA_COUNTER._MATRIX_COMPUTER.WRITE_BARCODE_SUMMARY.fork0.join
2026-07-26 12:54:02 [runtime] (chunks_complete) ID.pbmc_1k_v3_count.SC_RNA_COUNTER_CS.SC_MULTI_CORE.MULTI_GEM_WELL_PROCESSOR.COUNT_GEM_WELL_PROCESSOR._BASIC_SC_RNA_COUNTER._POST_MATRIX_COMPUTATION.DISABLE_STAGES
2026-07-26 12:54:02 [runtime] (split_complete)  ID.pbmc_1k_v3_count.SC_RNA_COUNTER_CS.SC_MULTI_CORE.MULTI_GEM_WELL_PROCESSOR.COUNT_GEM_WELL_PROCESSOR._BASIC_SC_RNA_COUNTER._MATRIX_COMPUTER.WRITE_MATRIX_MARKET
2026-07-26 12:54:02 [runtime] (run:local)       ID.pbmc_1k_v3_count.SC_RNA_COUNTER_CS.SC_MULTI_CORE.MULTI_GEM_WELL_PROCESSOR.COUNT_GEM_WELL_PROCESSOR._BASIC_SC_RNA_COUNTER._MATRIX_COMPUTER.WRITE_MATRIX_MARKET.fork0.join
2026-07-26 12:54:02 [runtime] (split_complete)  ID.pbmc_1k_v3_count.SC_RNA_COUNTER_CS.SC_MULTI_CORE.MULTI_GEM_WELL_PROCESSOR.COUNT_GEM_WELL_PROCESSOR._BASIC_SC_RNA_COUNTER._MATRIX_COMPUTER.WRITE_H5_MATRIX
2026-07-26 12:54:02 [runtime] (run:local)       ID.pbmc_1k_v3_count.SC_RNA_COUNTER_CS.SC_MULTI_CORE.MULTI_GEM_WELL_PROCESSOR.COUNT_GEM_WELL_PROCESSOR._BASIC_SC_RNA_COUNTER._MATRIX_COMPUTER.WRITE_H5_MATRIX.fork0.join
2026-07-26 12:54:02 [runtime] (ready)           ID.pbmc_1k_v3_count.SC_RNA_COUNTER_CS.SC_MULTI_CORE.MULTI_GEM_WELL_PROCESSOR.COUNT_GEM_WELL_PROCESSOR._BASIC_SC_RNA_COUNTER._POST_MATRIX_COMPUTATION.WRITE_POS_BAM
2026-07-26 12:54:02 [runtime] (run:local)       ID.pbmc_1k_v3_count.SC_RNA_COUNTER_CS.SC_MULTI_CORE.MULTI_GEM_WELL_PROCESSOR.COUNT_GEM_WELL_PROCESSOR._BASIC_SC_RNA_COUNTER._POST_MATRIX_COMPUTATION.WRITE_POS_BAM.fork0.split
2026-07-26 12:54:02 [runtime] (ready)           ID.pbmc_1k_v3_count.SC_RNA_COUNTER_CS.SC_MULTI_CORE.MULTI_GEM_WELL_PROCESSOR.COUNT_GEM_WELL_PROCESSOR._BASIC_SC_RNA_COUNTER._POST_MATRIX_COMPUTATION.MULTI_WRITE_PER_SAMPLE_BAM
2026-07-26 12:54:02 [runtime] (ready)           ID.pbmc_1k_v3_count.SC_RNA_COUNTER_CS.SC_MULTI_CORE.MULTI_GEM_WELL_PROCESSOR.COUNT_GEM_WELL_PROCESSOR._BASIC_SC_RNA_COUNTER._POST_MATRIX_COMPUTATION.DEMUX_PROBE_BC_MATRIX
2026-07-26 12:54:02 [runtime] (ready)           ID.pbmc_1k_v3_count.SC_RNA_COUNTER_CS.SC_MULTI_CORE.STRUCTIFY_PER_SAMPLE_OUTS
2026-07-26 12:54:02 [runtime] (run:local)       ID.pbmc_1k_v3_count.SC_RNA_COUNTER_CS.SC_MULTI_CORE.STRUCTIFY_PER_SAMPLE_OUTS.fork0.chnk0.main
2026-07-26 12:54:02 [runtime] (split_complete)  ID.pbmc_1k_v3_count.SC_RNA_COUNTER_CS.SC_MULTI_CORE.MULTI_GEM_WELL_PROCESSOR.COUNT_GEM_WELL_PROCESSOR._BASIC_SC_RNA_COUNTER._POST_MATRIX_COMPUTATION.WRITE_POS_BAM
2026-07-26 12:54:02 [runtime] (run:local)       ID.pbmc_1k_v3_count.SC_RNA_COUNTER_CS.SC_MULTI_CORE.MULTI_GEM_WELL_PROCESSOR.COUNT_GEM_WELL_PROCESSOR._BASIC_SC_RNA_COUNTER._POST_MATRIX_COMPUTATION.WRITE_POS_BAM.fork0.chnk0.main
2026-07-26 12:54:02 [runtime] (run:local)       ID.pbmc_1k_v3_count.SC_RNA_COUNTER_CS.SC_MULTI_CORE.MULTI_GEM_WELL_PROCESSOR.COUNT_GEM_WELL_PROCESSOR._BASIC_SC_RNA_COUNTER._POST_MATRIX_COMPUTATION.WRITE_POS_BAM.fork0.chnk1.main
2026-07-26 12:54:02 [runtime] (run:local)       ID.pbmc_1k_v3_count.SC_RNA_COUNTER_CS.SC_MULTI_CORE.MULTI_GEM_WELL_PROCESSOR.COUNT_GEM_WELL_PROCESSOR._BASIC_SC_RNA_COUNTER._POST_MATRIX_COMPUTATION.WRITE_POS_BAM.fork0.chnk2.main
2026-07-26 12:54:02 [runtime] (run:local)       ID.pbmc_1k_v3_count.SC_RNA_COUNTER_CS.SC_MULTI_CORE.MULTI_GEM_WELL_PROCESSOR.COUNT_GEM_WELL_PROCESSOR._BASIC_SC_RNA_COUNTER._POST_MATRIX_COMPUTATION.WRITE_POS_BAM.fork0.chnk3.main
2026-07-26 12:54:02 [runtime] (run:local)       ID.pbmc_1k_v3_count.SC_RNA_COUNTER_CS.SC_MULTI_CORE.MULTI_GEM_WELL_PROCESSOR.COUNT_GEM_WELL_PROCESSOR._BASIC_SC_RNA_COUNTER._POST_MATRIX_COMPUTATION.WRITE_POS_BAM.fork0.chnk4.main
2026-07-26 12:54:02 [runtime] (run:local)       ID.pbmc_1k_v3_count.SC_RNA_COUNTER_CS.SC_MULTI_CORE.MULTI_GEM_WELL_PROCESSOR.COUNT_GEM_WELL_PROCESSOR._BASIC_SC_RNA_COUNTER._POST_MATRIX_COMPUTATION.WRITE_POS_BAM.fork0.chnk5.main
2026-07-26 12:54:02 [runtime] (run:local)       ID.pbmc_1k_v3_count.SC_RNA_COUNTER_CS.SC_MULTI_CORE.MULTI_GEM_WELL_PROCESSOR.COUNT_GEM_WELL_PROCESSOR._BASIC_SC_RNA_COUNTER._POST_MATRIX_COMPUTATION.WRITE_POS_BAM.fork0.chnk6.main
2026-07-26 12:54:02 [runtime] (run:local)       ID.pbmc_1k_v3_count.SC_RNA_COUNTER_CS.SC_MULTI_CORE.MULTI_GEM_WELL_PROCESSOR.COUNT_GEM_WELL_PROCESSOR._BASIC_SC_RNA_COUNTER._POST_MATRIX_COMPUTATION.WRITE_POS_BAM.fork0.chnk7.main
2026-07-26 12:54:02 [runtime] (chunks_complete) ID.pbmc_1k_v3_count.SC_RNA_COUNTER_CS.SC_MULTI_CORE.STRUCTIFY_PER_SAMPLE_OUTS
2026-07-26 12:54:02 [runtime] (ready)           ID.pbmc_1k_v3_count.SC_RNA_COUNTER_CS.SC_MULTI_CORE.DISABLE_FEATURE_STAGES
2026-07-26 12:54:02 [runtime] (run:local)       ID.pbmc_1k_v3_count.SC_RNA_COUNTER_CS.SC_MULTI_CORE.DISABLE_FEATURE_STAGES.fork0.chnk0.main
2026-07-26 12:54:05 [runtime] (join_complete)   ID.pbmc_1k_v3_count.SC_RNA_COUNTER_CS.SC_MULTI_CORE.MULTI_GEM_WELL_PROCESSOR.COUNT_GEM_WELL_PROCESSOR._BASIC_SC_RNA_COUNTER._MATRIX_COMPUTER.WRITE_BARCODE_SUMMARY
2026-07-26 12:54:05 [runtime] (chunks_complete) ID.pbmc_1k_v3_count.SC_RNA_COUNTER_CS.SC_MULTI_CORE.MULTI_GEM_WELL_PROCESSOR.COUNT_GEM_WELL_PROCESSOR._BASIC_SC_RNA_COUNTER._MATRIX_COMPUTER.COLLATE_METRICS
2026-07-26 12:54:05 [runtime] (run:local)       ID.pbmc_1k_v3_count.SC_RNA_COUNTER_CS.SC_MULTI_CORE.MULTI_GEM_WELL_PROCESSOR.COUNT_GEM_WELL_PROCESSOR._BASIC_SC_RNA_COUNTER._MATRIX_COMPUTER.COLLATE_METRICS.fork0.join
2026-07-26 12:54:06 [runtime] (join_complete)   ID.pbmc_1k_v3_count.SC_RNA_COUNTER_CS.SC_MULTI_CORE.MULTI_GEM_WELL_PROCESSOR.COUNT_GEM_WELL_PROCESSOR._BASIC_SC_RNA_COUNTER._MATRIX_COMPUTER.WRITE_H5_MATRIX
2026-07-26 12:54:06 [runtime] (ready)           ID.pbmc_1k_v3_count.SC_RNA_COUNTER_CS.SC_MULTI_CORE.MULTI_GEM_WELL_PROCESSOR.COUNT_GEM_WELL_PROCESSOR._BASIC_SC_RNA_COUNTER._MATRIX_COMPUTER.SUMMARIZE_MATRIX_DIMS
2026-07-26 12:54:06 [runtime] (run:local)       ID.pbmc_1k_v3_count.SC_RNA_COUNTER_CS.SC_MULTI_CORE.MULTI_GEM_WELL_PROCESSOR.COUNT_GEM_WELL_PROCESSOR._BASIC_SC_RNA_COUNTER._MATRIX_COMPUTER.SUMMARIZE_MATRIX_DIMS.fork0.chnk0.main
2026-07-26 12:54:07 [runtime] (join_complete)   ID.pbmc_1k_v3_count.SC_RNA_COUNTER_CS.SC_MULTI_CORE.MULTI_GEM_WELL_PROCESSOR.COUNT_GEM_WELL_PROCESSOR._BASIC_SC_RNA_COUNTER._MATRIX_COMPUTER.WRITE_MATRIX_MARKET
2026-07-26 12:54:45 [runtime] (join_complete)   ID.pbmc_1k_v3_count.SC_RNA_COUNTER_CS.SC_MULTI_CORE.MULTI_GEM_WELL_PROCESSOR.COUNT_GEM_WELL_PROCESSOR._BASIC_SC_RNA_COUNTER._MATRIX_COMPUTER.COLLATE_METRICS
2026-07-26 12:54:45 [runtime] (ready)           ID.pbmc_1k_v3_count.SC_RNA_COUNTER_CS.SC_MULTI_CORE.MULTI_GEM_WELL_PROCESSOR.COUNT_GEM_WELL_PROCESSOR._BASIC_SC_RNA_COUNTER._POST_MATRIX_COMPUTATION.FILTER_BARCODES
2026-07-26 12:54:45 [runtime] (run:local)       ID.pbmc_1k_v3_count.SC_RNA_COUNTER_CS.SC_MULTI_CORE.MULTI_GEM_WELL_PROCESSOR.COUNT_GEM_WELL_PROCESSOR._BASIC_SC_RNA_COUNTER._POST_MATRIX_COMPUTATION.FILTER_BARCODES.fork0.split
2026-07-26 12:54:45 [runtime] (chunks_complete) ID.pbmc_1k_v3_count.SC_RNA_COUNTER_CS.SC_MULTI_CORE.DISABLE_FEATURE_STAGES
2026-07-26 12:54:45 [runtime] (ready)           ID.pbmc_1k_v3_count.SC_RNA_COUNTER_CS.SC_MULTI_CORE.DISABLE_MULTI_CORE_STAGES
2026-07-26 12:54:45 [runtime] (run:local)       ID.pbmc_1k_v3_count.SC_RNA_COUNTER_CS.SC_MULTI_CORE.DISABLE_MULTI_CORE_STAGES.fork0.chnk0.main
2026-07-26 12:54:45 [runtime] (ready)           ID.pbmc_1k_v3_count.SC_RNA_COUNTER_CS.SC_MULTI_CORE.COUNT_ANALYZER._TARGETED_ANALYZER.DISABLE_TARGETED_STAGES
2026-07-26 12:54:45 [runtime] (chunks_complete) ID.pbmc_1k_v3_count.SC_RNA_COUNTER_CS.SC_MULTI_CORE.MULTI_GEM_WELL_PROCESSOR.COUNT_GEM_WELL_PROCESSOR._BASIC_SC_RNA_COUNTER._MATRIX_COMPUTER.SUMMARIZE_MATRIX_DIMS
2026-07-26 12:54:46 [runtime] (ready)           ID.pbmc_1k_v3_count.SC_RNA_COUNTER_CS.SC_MULTI_CORE.MULTI_GEM_WELL_PROCESSOR.COUNT_GEM_WELL_PROCESSOR._BASIC_SC_RNA_COUNTER._MATRIX_COMPUTER.MERGE_METRICS
2026-07-26 12:54:46 [runtime] (run:local)       ID.pbmc_1k_v3_count.SC_RNA_COUNTER_CS.SC_MULTI_CORE.MULTI_GEM_WELL_PROCESSOR.COUNT_GEM_WELL_PROCESSOR._BASIC_SC_RNA_COUNTER._MATRIX_COMPUTER.MERGE_METRICS.fork0.chnk0.main
2026-07-26 12:54:46 [runtime] (chunks_complete) ID.pbmc_1k_v3_count.SC_RNA_COUNTER_CS.SC_MULTI_CORE.DISABLE_MULTI_CORE_STAGES
2026-07-26 12:54:46 [runtime] (chunks_complete) ID.pbmc_1k_v3_count.SC_RNA_COUNTER_CS.SC_MULTI_CORE.MULTI_GEM_WELL_PROCESSOR.COUNT_GEM_WELL_PROCESSOR._BASIC_SC_RNA_COUNTER._MATRIX_COMPUTER.MERGE_METRICS
2026-07-26 12:54:46 [runtime] (ready)           ID.pbmc_1k_v3_count.SC_RNA_COUNTER_CS.SC_MULTI_CORE.LIBRARY_CELL_ANNOTATION_SERVICE.ANNOTATE_CELLS._ANNOTATE_CELLS.CALL_CELL_TYPES.CELL_TYPING_DEMULTIPLEXER.fork0
2026-07-26 12:54:46 [runtime] (run:local)       ID.pbmc_1k_v3_count.SC_RNA_COUNTER_CS.SC_MULTI_CORE.LIBRARY_CELL_ANNOTATION_SERVICE.ANNOTATE_CELLS._ANNOTATE_CELLS.CALL_CELL_TYPES.CELL_TYPING_DEMULTIPLEXER.fork0.chnk0.main
2026-07-26 12:54:46 [runtime] (ready)           ID.pbmc_1k_v3_count.SC_RNA_COUNTER_CS.SC_MULTI_CORE.LIBRARY_CELL_ANNOTATION_SERVICE.ANNOTATE_CELLS._ANNOTATE_CELLS.CALL_CELL_TYPES.CELL_TYPING_DEMULTIPLEXER.fork1
2026-07-26 12:54:46 [runtime] (run:local)       ID.pbmc_1k_v3_count.SC_RNA_COUNTER_CS.SC_MULTI_CORE.LIBRARY_CELL_ANNOTATION_SERVICE.ANNOTATE_CELLS._ANNOTATE_CELLS.CALL_CELL_TYPES.CELL_TYPING_DEMULTIPLEXER.fork1.chnk0.main
2026-07-26 12:54:46 [runtime] (chunks_complete) ID.pbmc_1k_v3_count.SC_RNA_COUNTER_CS.SC_MULTI_CORE.LIBRARY_CELL_ANNOTATION_SERVICE.ANNOTATE_CELLS._ANNOTATE_CELLS.CALL_CELL_TYPES.CELL_TYPING_DEMULTIPLEXER.fork0
2026-07-26 12:54:46 [runtime] (complete)        ID.pbmc_1k_v3_count.SC_RNA_COUNTER_CS.SC_MULTI_CORE.LIBRARY_CELL_ANNOTATION_SERVICE.ANNOTATE_CELLS._ANNOTATE_CELLS.CALL_CELL_TYPES.CELL_TYPING_DEMULTIPLEXER.fork0
2026-07-26 12:54:46 [runtime] (chunks_complete) ID.pbmc_1k_v3_count.SC_RNA_COUNTER_CS.SC_MULTI_CORE.LIBRARY_CELL_ANNOTATION_SERVICE.ANNOTATE_CELLS._ANNOTATE_CELLS.CALL_CELL_TYPES.CELL_TYPING_DEMULTIPLEXER.fork1
2026-07-26 12:54:47 [runtime] (split_complete)  ID.pbmc_1k_v3_count.SC_RNA_COUNTER_CS.SC_MULTI_CORE.MULTI_GEM_WELL_PROCESSOR.COUNT_GEM_WELL_PROCESSOR._BASIC_SC_RNA_COUNTER._POST_MATRIX_COMPUTATION.FILTER_BARCODES
2026-07-26 12:54:47 [runtime] (run:local)       ID.pbmc_1k_v3_count.SC_RNA_COUNTER_CS.SC_MULTI_CORE.MULTI_GEM_WELL_PROCESSOR.COUNT_GEM_WELL_PROCESSOR._BASIC_SC_RNA_COUNTER._POST_MATRIX_COMPUTATION.FILTER_BARCODES.fork0.chnk0.main
2026-07-26 12:55:01 [runtime] (chunks_complete) ID.pbmc_1k_v3_count.SC_RNA_COUNTER_CS.SC_MULTI_CORE.MULTI_GEM_WELL_PROCESSOR.COUNT_GEM_WELL_PROCESSOR._BASIC_SC_RNA_COUNTER._POST_MATRIX_COMPUTATION.WRITE_POS_BAM
2026-07-26 12:55:01 [runtime] (run:local)       ID.pbmc_1k_v3_count.SC_RNA_COUNTER_CS.SC_MULTI_CORE.MULTI_GEM_WELL_PROCESSOR.COUNT_GEM_WELL_PROCESSOR._BASIC_SC_RNA_COUNTER._POST_MATRIX_COMPUTATION.WRITE_POS_BAM.fork0.join
2026-07-26 12:55:56 [runtime] (chunks_complete) ID.pbmc_1k_v3_count.SC_RNA_COUNTER_CS.SC_MULTI_CORE.MULTI_GEM_WELL_PROCESSOR.COUNT_GEM_WELL_PROCESSOR._BASIC_SC_RNA_COUNTER._POST_MATRIX_COMPUTATION.FILTER_BARCODES
2026-07-26 12:55:56 [runtime] (run:local)       ID.pbmc_1k_v3_count.SC_RNA_COUNTER_CS.SC_MULTI_CORE.MULTI_GEM_WELL_PROCESSOR.COUNT_GEM_WELL_PROCESSOR._BASIC_SC_RNA_COUNTER._POST_MATRIX_COMPUTATION.FILTER_BARCODES.fork0.join
2026-07-26 12:56:02 [runtime] (join_complete)   ID.pbmc_1k_v3_count.SC_RNA_COUNTER_CS.SC_MULTI_CORE.MULTI_GEM_WELL_PROCESSOR.COUNT_GEM_WELL_PROCESSOR._BASIC_SC_RNA_COUNTER._POST_MATRIX_COMPUTATION.FILTER_BARCODES
2026-07-26 12:56:02 [runtime] (ready)           ID.pbmc_1k_v3_count.SC_RNA_COUNTER_CS.SC_MULTI_CORE.MULTI_GEM_WELL_PROCESSOR.COUNT_GEM_WELL_PROCESSOR._BASIC_SC_RNA_COUNTER._POST_MATRIX_COMPUTATION.MULTI_WRITE_PER_SAMPLE_MATRICES
2026-07-26 12:56:02 [runtime] (ready)           ID.pbmc_1k_v3_count.SC_RNA_COUNTER_CS.SC_MULTI_CORE.MULTI_GEM_WELL_PROCESSOR.COUNT_GEM_WELL_PROCESSOR._BASIC_SC_RNA_COUNTER._POST_MATRIX_COMPUTATION.SUMMARIZE_MATRIX_DIMS
2026-07-26 12:56:02 [runtime] (run:local)       ID.pbmc_1k_v3_count.SC_RNA_COUNTER_CS.SC_MULTI_CORE.MULTI_GEM_WELL_PROCESSOR.COUNT_GEM_WELL_PROCESSOR._BASIC_SC_RNA_COUNTER._POST_MATRIX_COMPUTATION.SUMMARIZE_MATRIX_DIMS.fork0.chnk0.main
2026-07-26 12:56:02 [runtime] (ready)           ID.pbmc_1k_v3_count.SC_RNA_COUNTER_CS.SC_MULTI_CORE.MULTI_GEM_WELL_PROCESSOR.VDJ_T_GD_GEM_WELL_PROCESSOR.LIB_VDJ_ANALYZER.SETUP_VDJ_ANALYSIS
2026-07-26 12:56:02 [runtime] (ready)           ID.pbmc_1k_v3_count.SC_RNA_COUNTER_CS.SC_MULTI_CORE.COUNT_ANALYZER._ANTIGEN_ANALYZER.CALL_ANTIBODIES
2026-07-26 12:56:02 [runtime] (ready)           ID.pbmc_1k_v3_count.SC_RNA_COUNTER_CS.SC_MULTI_CORE.LIBRARY_CLOUD_CELL_ANNOTATION_VIABLE_BUT_NOT_REQUESTED
2026-07-26 12:56:02 [runtime] (run:local)       ID.pbmc_1k_v3_count.SC_RNA_COUNTER_CS.SC_MULTI_CORE.LIBRARY_CLOUD_CELL_ANNOTATION_VIABLE_BUT_NOT_REQUESTED.fork0.chnk0.main
2026-07-26 12:56:02 [runtime] (ready)           ID.pbmc_1k_v3_count.SC_RNA_COUNTER_CS.SC_MULTI_CORE.MULTI_GEM_WELL_PROCESSOR.VDJ_B_GEM_WELL_PROCESSOR.LIB_VDJ_ANALYZER.SETUP_VDJ_ANALYSIS
2026-07-26 12:56:02 [runtime] (ready)           ID.pbmc_1k_v3_count.SC_RNA_COUNTER_CS.SC_MULTI_CORE.COUNT_ANALYZER._ANTIBODY_ANALYZER.SUMMARIZE_ANTIBODY_ANALYSIS
2026-07-26 12:56:02 [runtime] (ready)           ID.pbmc_1k_v3_count.SC_RNA_COUNTER_CS.SC_MULTI_CORE.MULTI_GEM_WELL_PROCESSOR.COUNT_GEM_WELL_PROCESSOR._BASIC_SC_RNA_COUNTER._POST_MATRIX_COMPUTATION.COLLATE_PROBE_METRICS
2026-07-26 12:56:02 [runtime] (ready)           ID.pbmc_1k_v3_count.SC_RNA_COUNTER_CS.SC_MULTI_CORE.MULTI_GEM_WELL_PROCESSOR.COUNT_GEM_WELL_PROCESSOR._BASIC_SC_RNA_COUNTER._POST_MATRIX_COMPUTATION.MULTI_COLLATE_PER_SAMPLE_METRICS
2026-07-26 12:56:02 [runtime] (ready)           ID.pbmc_1k_v3_count.SC_RNA_COUNTER_CS.SC_MULTI_CORE.COUNT_ANALYZER._CRISPR_ANALYZER.WRITE_CRISPR_ONLY_MATRIX
2026-07-26 12:56:02 [runtime] (ready)           ID.pbmc_1k_v3_count.SC_RNA_COUNTER_CS.SC_MULTI_CORE.MULTI_GEM_WELL_PROCESSOR.COUNT_GEM_WELL_PROCESSOR._BASIC_SC_RNA_COUNTER._POST_MATRIX_COMPUTATION.COMPUTE_SUBSEQ_METRICS
2026-07-26 12:56:02 [runtime] (run:local)       ID.pbmc_1k_v3_count.SC_RNA_COUNTER_CS.SC_MULTI_CORE.MULTI_GEM_WELL_PROCESSOR.COUNT_GEM_WELL_PROCESSOR._BASIC_SC_RNA_COUNTER._POST_MATRIX_COMPUTATION.COMPUTE_SUBSEQ_METRICS.fork0.chnk0.main
2026-07-26 12:56:02 [runtime] (ready)           ID.pbmc_1k_v3_count.SC_RNA_COUNTER_CS.SC_MULTI_CORE.MULTI_GEM_WELL_PROCESSOR.COUNT_GEM_WELL_PROCESSOR._BASIC_SC_RNA_COUNTER._POST_MATRIX_COMPUTATION.INFER_GEM_WELL_THROUGHPUT
2026-07-26 12:56:02 [runtime] (run:local)       ID.pbmc_1k_v3_count.SC_RNA_COUNTER_CS.SC_MULTI_CORE.MULTI_GEM_WELL_PROCESSOR.COUNT_GEM_WELL_PROCESSOR._BASIC_SC_RNA_COUNTER._POST_MATRIX_COMPUTATION.INFER_GEM_WELL_THROUGHPUT.fork0.chnk0.main
2026-07-26 12:56:02 [runtime] (ready)           ID.pbmc_1k_v3_count.SC_RNA_COUNTER_CS.SC_MULTI_CORE.COUNT_ANALYZER.DISABLE_SECONDARY_ANALYSIS
2026-07-26 12:56:02 [runtime] (run:local)       ID.pbmc_1k_v3_count.SC_RNA_COUNTER_CS.SC_MULTI_CORE.COUNT_ANALYZER.DISABLE_SECONDARY_ANALYSIS.fork0.chnk0.main
2026-07-26 12:56:02 [runtime] (ready)           ID.pbmc_1k_v3_count.SC_RNA_COUNTER_CS.SC_MULTI_CORE.COUNT_ANALYZER._ANTIBODY_ANALYZER.CALL_ANTIBODIES
2026-07-26 12:56:02 [runtime] (ready)           ID.pbmc_1k_v3_count.SC_RNA_COUNTER_CS.SC_MULTI_CORE.MULTI_GEM_WELL_PROCESSOR.VDJ_T_GD_GEM_WELL_PROCESSOR.LIB_VDJ_ANALYZER.FILTER_SAMPLE_SPECIFIC
2026-07-26 12:56:02 [runtime] (ready)           ID.pbmc_1k_v3_count.SC_RNA_COUNTER_CS.SC_MULTI_CORE.COUNT_ANALYZER._ANTIGEN_ANALYZER.SUMMARIZE_ANTIBODY_ANALYSIS
2026-07-26 12:56:02 [runtime] (ready)           ID.pbmc_1k_v3_count.SC_RNA_COUNTER_CS.SC_MULTI_CORE.MULTI_GEM_WELL_PROCESSOR.VDJ_T_GEM_WELL_PROCESSOR.LIB_VDJ_ANALYZER.SETUP_VDJ_ANALYSIS
2026-07-26 12:56:02 [runtime] (ready)           ID.pbmc_1k_v3_count.SC_RNA_COUNTER_CS.SC_MULTI_CORE.MULTI_GEM_WELL_PROCESSOR.VDJ_B_GEM_WELL_PROCESSOR.MERGE_PER_SAMPLE_ANNOTATIONS
2026-07-26 12:56:02 [runtime] (ready)           ID.pbmc_1k_v3_count.SC_RNA_COUNTER_CS.SC_MULTI_CORE.MULTI_GEM_WELL_PROCESSOR.COUNT_GEM_WELL_PROCESSOR._BASIC_SC_RNA_COUNTER._POST_MATRIX_COMPUTATION.SUMMARIZE_PROBE_MATRIX_DIMS
2026-07-26 12:56:02 [runtime] (ready)           ID.pbmc_1k_v3_count.SC_RNA_COUNTER_CS.SC_MULTI_CORE.COUNT_ANALYZER._CRISPR_ANALYZER.CALL_PROTOSPACERS
2026-07-26 12:56:02 [runtime] (ready)           ID.pbmc_1k_v3_count.SC_RNA_COUNTER_CS.SC_MULTI_CORE.MULTI_GEM_WELL_PROCESSOR.COUNT_GEM_WELL_PROCESSOR._BASIC_SC_RNA_COUNTER._POST_MATRIX_COMPUTATION.MULTI_WRITE_PER_SAMPLE_MOLECULE_INFO
2026-07-26 12:56:02 [runtime] (ready)           ID.pbmc_1k_v3_count.SC_RNA_COUNTER_CS.SC_MULTI_CORE.MULTI_GEM_WELL_PROCESSOR.VDJ_B_GEM_WELL_PROCESSOR.LIB_VDJ_ANALYZER.FILTER_SAMPLE_SPECIFIC
2026-07-26 12:56:02 [runtime] (ready)           ID.pbmc_1k_v3_count.SC_RNA_COUNTER_CS.GET_AGGREGATE_BARCODES_OUT
2026-07-26 12:56:02 [runtime] (run:local)       ID.pbmc_1k_v3_count.SC_RNA_COUNTER_CS.GET_AGGREGATE_BARCODES_OUT.fork0.chnk0.main
2026-07-26 12:56:02 [runtime] (ready)           ID.pbmc_1k_v3_count.SC_RNA_COUNTER_CS.SC_MULTI_CORE.MULTI_GEM_WELL_PROCESSOR.COUNT_GEM_WELL_PROCESSOR._BASIC_SC_RNA_COUNTER._POST_MATRIX_COMPUTATION._CELLS_REPORTER.WRITE_MOLECULE_INFO
2026-07-26 12:56:02 [runtime] (run:local)       ID.pbmc_1k_v3_count.SC_RNA_COUNTER_CS.SC_MULTI_CORE.MULTI_GEM_WELL_PROCESSOR.COUNT_GEM_WELL_PROCESSOR._BASIC_SC_RNA_COUNTER._POST_MATRIX_COMPUTATION._CELLS_REPORTER.WRITE_MOLECULE_INFO.fork0.split
2026-07-26 12:56:02 [runtime] (ready)           ID.pbmc_1k_v3_count.SC_RNA_COUNTER_CS.SC_MULTI_CORE.MULTI_GEM_WELL_PROCESSOR.VDJ_T_GEM_WELL_PROCESSOR.LIB_VDJ_ANALYZER.FILTER_SAMPLE_SPECIFIC
2026-07-26 12:56:02 [runtime] (ready)           ID.pbmc_1k_v3_count.SC_RNA_COUNTER_CS.SC_MULTI_CORE.MULTI_GEM_WELL_PROCESSOR.VDJ_T_GEM_WELL_PROCESSOR.MERGE_PER_SAMPLE_ANNOTATIONS
2026-07-26 12:56:02 [runtime] (ready)           ID.pbmc_1k_v3_count.SC_RNA_COUNTER_CS.SC_MULTI_CORE.MULTI_GEM_WELL_PROCESSOR.VDJ_B_GEM_WELL_PROCESSOR.LIB_VDJ_ANALYZER.SUBSET_ASSEMBLY_OUTS
2026-07-26 12:56:02 [runtime] (ready)           ID.pbmc_1k_v3_count.SC_RNA_COUNTER_CS.SC_MULTI_CORE.COUNT_ANALYZER._CRISPR_ANALYZER.COMPUTE_PRESPLIT_ASSIGNMENT
2026-07-26 12:56:02 [runtime] (ready)           ID.pbmc_1k_v3_count.SC_RNA_COUNTER_CS.SC_MULTI_CORE.MULTI_GEM_WELL_PROCESSOR.VDJ_T_GEM_WELL_PROCESSOR.LIB_VDJ_ANALYZER.SUBSET_ASSEMBLY_OUTS
2026-07-26 12:56:02 [runtime] (ready)           ID.pbmc_1k_v3_count.SC_RNA_COUNTER_CS.SC_MULTI_CORE.MULTI_GEM_WELL_PROCESSOR.VDJ_B_GEM_WELL_PROCESSOR.LIB_VDJ_ANALYZER.MAKE_EXACT_CLONOTYPES
2026-07-26 12:56:02 [runtime] (ready)           ID.pbmc_1k_v3_count.SC_RNA_COUNTER_CS.SC_MULTI_CORE.MULTI_GEM_WELL_PROCESSOR.VDJ_B_GEM_WELL_PROCESSOR.LIB_VDJ_ANALYZER.ASM_METRICS
2026-07-26 12:56:02 [runtime] (ready)           ID.pbmc_1k_v3_count.SC_RNA_COUNTER_CS.SC_MULTI_CORE.MULTI_GEM_WELL_PROCESSOR.VDJ_T_GEM_WELL_PROCESSOR.LIB_VDJ_ANALYZER.MAKE_EXACT_CLONOTYPES
2026-07-26 12:56:02 [runtime] (ready)           ID.pbmc_1k_v3_count.SC_RNA_COUNTER_CS.SC_MULTI_CORE.COUNT_ANALYZER._CRISPR_ANALYZER.SPLIT_PERTURBATION_MATRIX
2026-07-26 12:56:02 [runtime] (ready)           ID.pbmc_1k_v3_count.SC_RNA_COUNTER_CS.SC_MULTI_CORE.MULTI_GEM_WELL_PROCESSOR.VDJ_B_GEM_WELL_PROCESSOR.LIB_VDJ_ANALYZER.FILTER_EXACT_CLONOTYPES
2026-07-26 12:56:02 [runtime] (ready)           ID.pbmc_1k_v3_count.SC_RNA_COUNTER_CS.SC_MULTI_CORE.MULTI_GEM_WELL_PROCESSOR.VDJ_T_GD_GEM_WELL_PROCESSOR.MERGE_PER_SAMPLE_ANNOTATIONS
2026-07-26 12:56:02 [runtime] (ready)           ID.pbmc_1k_v3_count.SC_RNA_COUNTER_CS.SC_MULTI_CORE.MULTI_GEM_WELL_PROCESSOR.VDJ_T_GEM_WELL_PROCESSOR.LIB_VDJ_ANALYZER.FILTER_EXACT_CLONOTYPES
2026-07-26 12:56:02 [runtime] (ready)           ID.pbmc_1k_v3_count.SC_RNA_COUNTER_CS.SC_MULTI_CORE.COUNT_ANALYZER._CRISPR_ANALYZER._PERTURBATIONS_BY_TARGET
2026-07-26 12:56:02 [runtime] (ready)           ID.pbmc_1k_v3_count.SC_RNA_COUNTER_CS.SC_MULTI_CORE.MULTI_GEM_WELL_PROCESSOR.VDJ_T_GEM_WELL_PROCESSOR.LIB_VDJ_ANALYZER.ASM_METRICS
2026-07-26 12:56:02 [runtime] (ready)           ID.pbmc_1k_v3_count.SC_RNA_COUNTER_CS.SC_MULTI_CORE.MULTI_GEM_WELL_PROCESSOR.VDJ_B_GEM_WELL_PROCESSOR.LIB_VDJ_ANALYZER.CLONOTYPE_ASSIGNER.RUN_ENCLONE
2026-07-26 12:56:02 [runtime] (ready)           ID.pbmc_1k_v3_count.SC_RNA_COUNTER_CS.SC_MULTI_CORE.PICK_BEAM_ANALYZER
2026-07-26 12:56:02 [runtime] (ready)           ID.pbmc_1k_v3_count.SC_RNA_COUNTER_CS.SC_MULTI_CORE.COUNT_ANALYZER._CRISPR_ANALYZER._PERTURBATIONS_BY_FEATURE
2026-07-26 12:56:02 [runtime] (ready)           ID.pbmc_1k_v3_count.SC_RNA_COUNTER_CS.SC_MULTI_CORE.MULTI_GEM_WELL_PROCESSOR.VDJ_B_GEM_WELL_PROCESSOR.LIB_VDJ_ANALYZER.CLONOTYPE_ASSIGNER.WRITE_CONSENSUS_TXT
2026-07-26 12:56:02 [runtime] (ready)           ID.pbmc_1k_v3_count.SC_RNA_COUNTER_CS.SC_MULTI_CORE.MULTI_GEM_WELL_PROCESSOR.VDJ_T_GEM_WELL_PROCESSOR.LIB_VDJ_ANALYZER.CLONOTYPE_ASSIGNER.RUN_ENCLONE
2026-07-26 12:56:02 [runtime] (ready)           ID.pbmc_1k_v3_count.SC_RNA_COUNTER_CS.SC_MULTI_CORE.MULTI_GEM_WELL_PROCESSOR.VDJ_T_GD_GEM_WELL_PROCESSOR.LIB_VDJ_ANALYZER.SUBSET_ASSEMBLY_OUTS
2026-07-26 12:56:02 [runtime] (ready)           ID.pbmc_1k_v3_count.SC_RNA_COUNTER_CS.SC_MULTI_CORE.MULTI_GEM_WELL_PROCESSOR.VDJ_B_GEM_WELL_PROCESSOR.LIB_VDJ_ANALYZER.CLONOTYPE_ASSIGNER.FILL_CLONOTYPE_INFO
2026-07-26 12:56:02 [runtime] (ready)           ID.pbmc_1k_v3_count.SC_RNA_COUNTER_CS.SC_MULTI_CORE.COUNT_ANALYZER._CRISPR_ANALYZER.SUMMARIZE_CRISPR_ANALYSIS
2026-07-26 12:56:02 [runtime] (ready)           ID.pbmc_1k_v3_count.SC_RNA_COUNTER_CS.SC_MULTI_CORE.MULTI_GEM_WELL_PROCESSOR.VDJ_B_GEM_WELL_PROCESSOR.LIB_VDJ_ANALYZER.CLONOTYPE_ASSIGNER.WRITE_CLONOTYPE_OUTS
2026-07-26 12:56:02 [runtime] (chunks_complete) ID.pbmc_1k_v3_count.SC_RNA_COUNTER_CS.SC_MULTI_CORE.MULTI_GEM_WELL_PROCESSOR.COUNT_GEM_WELL_PROCESSOR._BASIC_SC_RNA_COUNTER._POST_MATRIX_COMPUTATION.SUMMARIZE_MATRIX_DIMS
2026-07-26 12:56:02 [runtime] (ready)           ID.pbmc_1k_v3_count.SC_RNA_COUNTER_CS.SC_MULTI_CORE.MULTI_GEM_WELL_PROCESSOR.VDJ_T_GEM_WELL_PROCESSOR.LIB_VDJ_ANALYZER.CLONOTYPE_ASSIGNER.FILL_CLONOTYPE_INFO
2026-07-26 12:56:02 [runtime] (ready)           ID.pbmc_1k_v3_count.SC_RNA_COUNTER_CS.SC_MULTI_CORE.MULTI_GEM_WELL_PROCESSOR.VDJ_B_GEM_WELL_PROCESSOR.LIB_VDJ_ANALYZER.HANDLE_NO_CLONOTYPING
2026-07-26 12:56:02 [runtime] (chunks_complete) ID.pbmc_1k_v3_count.SC_RNA_COUNTER_CS.GET_AGGREGATE_BARCODES_OUT
2026-07-26 12:56:02 [runtime] (split_complete)  ID.pbmc_1k_v3_count.SC_RNA_COUNTER_CS.SC_MULTI_CORE.MULTI_GEM_WELL_PROCESSOR.COUNT_GEM_WELL_PROCESSOR._BASIC_SC_RNA_COUNTER._POST_MATRIX_COMPUTATION._CELLS_REPORTER.WRITE_MOLECULE_INFO
2026-07-26 12:56:02 [runtime] (run:local)       ID.pbmc_1k_v3_count.SC_RNA_COUNTER_CS.SC_MULTI_CORE.MULTI_GEM_WELL_PROCESSOR.COUNT_GEM_WELL_PROCESSOR._BASIC_SC_RNA_COUNTER._POST_MATRIX_COMPUTATION._CELLS_REPORTER.WRITE_MOLECULE_INFO.fork0.join
2026-07-26 12:56:02 [runtime] (ready)           ID.pbmc_1k_v3_count.SC_RNA_COUNTER_CS.SC_MULTI_CORE.MULTI_GEM_WELL_PROCESSOR.VDJ_T_GEM_WELL_PROCESSOR.LIB_VDJ_ANALYZER.CLONOTYPE_ASSIGNER.WRITE_CLONOTYPE_OUTS
2026-07-26 12:56:02 [runtime] (ready)           ID.pbmc_1k_v3_count.SC_RNA_COUNTER_CS.SC_MULTI_CORE.MULTI_GEM_WELL_PROCESSOR.VDJ_T_GEM_WELL_PROCESSOR.LIB_VDJ_ANALYZER.CLONOTYPE_ASSIGNER.WRITE_CONSENSUS_TXT
2026-07-26 12:56:02 [runtime] (ready)           ID.pbmc_1k_v3_count.SC_RNA_COUNTER_CS.SC_MULTI_CORE.MULTI_GEM_WELL_PROCESSOR.VDJ_B_GEM_WELL_PROCESSOR.LIB_VDJ_ANALYZER.CLONOTYPE_ASSIGNER.WRITE_CONCAT_REF_OUTS
2026-07-26 12:56:02 [runtime] (ready)           ID.pbmc_1k_v3_count.SC_RNA_COUNTER_CS.SC_MULTI_CORE.MULTI_GEM_WELL_PROCESSOR.VDJ_T_GD_GEM_WELL_PROCESSOR.LIB_VDJ_ANALYZER.ASM_METRICS
2026-07-26 12:56:02 [runtime] (ready)           ID.pbmc_1k_v3_count.SC_RNA_COUNTER_CS.SC_MULTI_CORE.MULTI_GEM_WELL_PROCESSOR.VDJ_B_GEM_WELL_PROCESSOR.LIB_VDJ_ANALYZER.CLONOTYPE_ASSIGNER.WRITE_CONSENSUS_BAM
2026-07-26 12:56:02 [runtime] (ready)           ID.pbmc_1k_v3_count.SC_RNA_COUNTER_CS.SC_MULTI_CORE.MULTI_GEM_WELL_PROCESSOR.VDJ_T_GD_GEM_WELL_PROCESSOR.LIB_VDJ_ANALYZER.MAKE_EXACT_CLONOTYPES
2026-07-26 12:56:02 [runtime] (ready)           ID.pbmc_1k_v3_count.SC_RNA_COUNTER_CS.SC_MULTI_CORE.MULTI_GEM_WELL_PROCESSOR.VDJ_B_GEM_WELL_PROCESSOR.LIB_VDJ_ANALYZER.WRITE_CONTIG_OUTS
2026-07-26 12:56:02 [runtime] (ready)           ID.pbmc_1k_v3_count.SC_RNA_COUNTER_CS.SC_MULTI_CORE.MULTI_GEM_WELL_PROCESSOR.VDJ_T_GEM_WELL_PROCESSOR.LIB_VDJ_ANALYZER.MAKE_VDJ_PLOTS
2026-07-26 12:56:02 [runtime] (ready)           ID.pbmc_1k_v3_count.SC_RNA_COUNTER_CS.SC_MULTI_CORE.MULTI_GEM_WELL_PROCESSOR.VDJ_T_GEM_WELL_PROCESSOR.LIB_VDJ_ANALYZER.CLONOTYPE_ASSIGNER.WRITE_CONCAT_REF_OUTS
2026-07-26 12:56:02 [runtime] (ready)           ID.pbmc_1k_v3_count.SC_RNA_COUNTER_CS.SC_MULTI_CORE.MULTI_GEM_WELL_PROCESSOR.VDJ_B_GEM_WELL_PROCESSOR.LIB_VDJ_ANALYZER.MAKE_VDJ_PLOTS
2026-07-26 12:56:02 [runtime] (ready)           ID.pbmc_1k_v3_count.SC_RNA_COUNTER_CS.SC_MULTI_CORE.MULTI_GEM_WELL_PROCESSOR.VDJ_T_GEM_WELL_PROCESSOR.LIB_VDJ_ANALYZER.HANDLE_NO_CLONOTYPING
2026-07-26 12:56:02 [runtime] (ready)           ID.pbmc_1k_v3_count.SC_RNA_COUNTER_CS.SC_MULTI_CORE.MULTI_GEM_WELL_PROCESSOR.VDJ_T_GEM_WELL_PROCESSOR.LIB_VDJ_ANALYZER.CLONOTYPE_ASSIGNER.WRITE_CONSENSUS_BAM
2026-07-26 12:56:02 [runtime] (ready)           ID.pbmc_1k_v3_count.SC_RNA_COUNTER_CS.SC_MULTI_CORE.MULTI_GEM_WELL_PROCESSOR.VDJ_B_GEM_WELL_PROCESSOR.LIB_VDJ_ANALYZER.SUMMARIZE_VDJ_FILTERS
2026-07-26 12:56:02 [runtime] (ready)           ID.pbmc_1k_v3_count.SC_RNA_COUNTER_CS.SC_MULTI_CORE.MULTI_GEM_WELL_PROCESSOR.VDJ_B_GEM_WELL_PROCESSOR.LIB_VDJ_ANALYZER.WRITE_ANN_CSV
2026-07-26 12:56:02 [runtime] (ready)           ID.pbmc_1k_v3_count.SC_RNA_COUNTER_CS.SC_MULTI_CORE.MULTI_GEM_WELL_PROCESSOR.VDJ_B_GEM_WELL_PROCESSOR.LIB_VDJ_ANALYZER.BEAM_ANALYZER.COMPUTE_ANTIGEN_VDJ_METRICS
2026-07-26 12:56:02 [runtime] (ready)           ID.pbmc_1k_v3_count.SC_RNA_COUNTER_CS.SC_MULTI_CORE.MULTI_GEM_WELL_PROCESSOR.VDJ_B_GEM_WELL_PROCESSOR.LIB_VDJ_ANALYZER.CLONOTYPE_ASSIGNER.CREATE_AIRR_TSV
2026-07-26 12:56:02 [runtime] (ready)           ID.pbmc_1k_v3_count.SC_RNA_COUNTER_CS.SC_MULTI_CORE.MULTI_GEM_WELL_PROCESSOR.VDJ_T_GEM_WELL_PROCESSOR.LIB_VDJ_ANALYZER.CLONOTYPE_ASSIGNER.CREATE_AIRR_TSV
2026-07-26 12:56:02 [runtime] (ready)           ID.pbmc_1k_v3_count.SC_RNA_COUNTER_CS.SC_MULTI_CORE.MULTI_GEM_WELL_PROCESSOR.VDJ_T_GEM_WELL_PROCESSOR.LIB_VDJ_ANALYZER.SUMMARIZE_VDJ_FILTERS
2026-07-26 12:56:02 [runtime] (ready)           ID.pbmc_1k_v3_count.SC_RNA_COUNTER_CS.SC_MULTI_CORE.MULTI_GEM_WELL_PROCESSOR.VDJ_B_GEM_WELL_PROCESSOR.LIB_VDJ_ANALYZER.REPORT_CONTIGS
2026-07-26 12:56:02 [runtime] (ready)           ID.pbmc_1k_v3_count.SC_RNA_COUNTER_CS.SC_MULTI_CORE.MULTI_GEM_WELL_PROCESSOR.VDJ_T_GD_GEM_WELL_PROCESSOR.LIB_VDJ_ANALYZER.FILTER_EXACT_CLONOTYPES
2026-07-26 12:56:02 [runtime] (ready)           ID.pbmc_1k_v3_count.SC_RNA_COUNTER_CS.SC_MULTI_CORE.MULTI_GEM_WELL_PROCESSOR.VDJ_B_GEM_WELL_PROCESSOR.LIB_VDJ_ANALYZER.BEAM_ANALYZER.CREATE_BARCODE_CSV
2026-07-26 12:56:02 [runtime] (ready)           ID.pbmc_1k_v3_count.SC_RNA_COUNTER_CS.SC_MULTI_CORE.MULTI_GEM_WELL_PROCESSOR.VDJ_T_GEM_WELL_PROCESSOR.LIB_VDJ_ANALYZER.WRITE_CONTIG_OUTS
2026-07-26 12:56:02 [runtime] (ready)           ID.pbmc_1k_v3_count.SC_RNA_COUNTER_CS.SC_MULTI_CORE.MULTI_GEM_WELL_PROCESSOR.VDJ_B_GEM_WELL_PROCESSOR.LIB_VDJ_ANALYZER.BEAM_ANALYZER.CALCULATE_ANTIGEN_SPECIFICITY
2026-07-26 12:56:02 [runtime] (ready)           ID.pbmc_1k_v3_count.SC_RNA_COUNTER_CS.SC_MULTI_CORE.MULTI_GEM_WELL_PROCESSOR.VDJ_T_GEM_WELL_PROCESSOR.LIB_VDJ_ANALYZER.WRITE_ANN_CSV
2026-07-26 12:56:02 [runtime] (ready)           ID.pbmc_1k_v3_count.SC_RNA_COUNTER_CS.SC_MULTI_CORE.MULTI_GEM_WELL_PROCESSOR.VDJ_T_GD_GEM_WELL_PROCESSOR.LIB_VDJ_ANALYZER.CLONOTYPE_ASSIGNER.RUN_ENCLONE
2026-07-26 12:56:02 [runtime] (ready)           ID.pbmc_1k_v3_count.SC_RNA_COUNTER_CS.SC_MULTI_CORE.MULTI_GEM_WELL_PROCESSOR.VDJ_B_GEM_WELL_PROCESSOR.LIB_VDJ_ANALYZER.MERGE_METRICS
2026-07-26 12:56:02 [runtime] (ready)           ID.pbmc_1k_v3_count.SC_RNA_COUNTER_CS.SC_MULTI_CORE.MULTI_GEM_WELL_PROCESSOR.VDJ_B_GEM_WELL_PROCESSOR.LIB_VDJ_ANALYZER.VLOUPE_PREPROCESS
2026-07-26 12:56:02 [runtime] (ready)           ID.pbmc_1k_v3_count.SC_RNA_COUNTER_CS.SC_MULTI_CORE.MULTI_GEM_WELL_PROCESSOR.VDJ_T_GD_GEM_WELL_PROCESSOR.LIB_VDJ_ANALYZER.CLONOTYPE_ASSIGNER.WRITE_CLONOTYPE_OUTS
2026-07-26 12:56:02 [runtime] (ready)           ID.pbmc_1k_v3_count.SC_RNA_COUNTER_CS.SC_MULTI_CORE.MULTI_GEM_WELL_PROCESSOR.VDJ_T_GEM_WELL_PROCESSOR.LIB_VDJ_ANALYZER.BEAM_ANALYZER.CALCULATE_ANTIGEN_SPECIFICITY
2026-07-26 12:56:02 [runtime] (ready)           ID.pbmc_1k_v3_count.SC_RNA_COUNTER_CS.SC_MULTI_CORE.MULTI_GEM_WELL_PROCESSOR.VDJ_T_GEM_WELL_PROCESSOR.LIB_VDJ_ANALYZER.REPORT_CONTIGS
2026-07-26 12:56:02 [runtime] (ready)           ID.pbmc_1k_v3_count.SC_RNA_COUNTER_CS.SC_MULTI_CORE.MULTI_GEM_WELL_PROCESSOR.VDJ_T_GEM_WELL_PROCESSOR.LIB_VDJ_ANALYZER.BEAM_ANALYZER.CREATE_BARCODE_CSV
2026-07-26 12:56:02 [runtime] (ready)           ID.pbmc_1k_v3_count.SC_RNA_COUNTER_CS.SC_MULTI_CORE.MULTI_GEM_WELL_PROCESSOR.VDJ_T_GEM_WELL_PROCESSOR.LIB_VDJ_ANALYZER.BEAM_ANALYZER.COMPUTE_ANTIGEN_VDJ_METRICS
2026-07-26 12:56:02 [runtime] (ready)           ID.pbmc_1k_v3_count.SC_RNA_COUNTER_CS.SC_MULTI_CORE.MULTI_GEM_WELL_PROCESSOR.VDJ_T_GD_GEM_WELL_PROCESSOR.LIB_VDJ_ANALYZER.CLONOTYPE_ASSIGNER.FILL_CLONOTYPE_INFO
2026-07-26 12:56:02 [runtime] (ready)           ID.pbmc_1k_v3_count.SC_RNA_COUNTER_CS.SC_MULTI_CORE.MULTI_GEM_WELL_PROCESSOR.VDJ_B_GEM_WELL_PROCESSOR.LIB_VDJ_ANALYZER.SUMMARIZE_VDJ_REPORTS
2026-07-26 12:56:02 [runtime] (ready)           ID.pbmc_1k_v3_count.SC_RNA_COUNTER_CS.SC_MULTI_CORE.MULTI_GEM_WELL_PROCESSOR.VDJ_B_GEM_WELL_PROCESSOR.LIB_VDJ_ANALYZER.WRITE_CONTIG_PROTO
2026-07-26 12:56:02 [runtime] (ready)           ID.pbmc_1k_v3_count.SC_RNA_COUNTER_CS.SC_MULTI_CORE.MULTI_GEM_WELL_PROCESSOR.VDJ_T_GD_GEM_WELL_PROCESSOR.LIB_VDJ_ANALYZER.CLONOTYPE_ASSIGNER.WRITE_CONSENSUS_TXT
2026-07-26 12:56:02 [runtime] (ready)           ID.pbmc_1k_v3_count.SC_RNA_COUNTER_CS.SC_MULTI_CORE.MULTI_GEM_WELL_PROCESSOR.VDJ_T_GD_GEM_WELL_PROCESSOR.LIB_VDJ_ANALYZER.HANDLE_NO_CLONOTYPING
2026-07-26 12:56:02 [runtime] (ready)           ID.pbmc_1k_v3_count.SC_RNA_COUNTER_CS.SC_MULTI_CORE.MULTI_GEM_WELL_PROCESSOR.VDJ_T_GD_GEM_WELL_PROCESSOR.LIB_VDJ_ANALYZER.CLONOTYPE_ASSIGNER.WRITE_CONCAT_REF_OUTS
2026-07-26 12:56:02 [runtime] (ready)           ID.pbmc_1k_v3_count.SC_RNA_COUNTER_CS.SC_MULTI_CORE.MULTI_GEM_WELL_PROCESSOR.VDJ_T_GD_GEM_WELL_PROCESSOR.LIB_VDJ_ANALYZER.MAKE_VDJ_PLOTS
2026-07-26 12:56:02 [runtime] (ready)           ID.pbmc_1k_v3_count.SC_RNA_COUNTER_CS.SC_MULTI_CORE.MULTI_GEM_WELL_PROCESSOR.VDJ_T_GEM_WELL_PROCESSOR.LIB_VDJ_ANALYZER.MERGE_METRICS
2026-07-26 12:56:02 [runtime] (ready)           ID.pbmc_1k_v3_count.SC_RNA_COUNTER_CS.SC_MULTI_CORE.MULTI_GEM_WELL_PROCESSOR.VDJ_T_GEM_WELL_PROCESSOR.LIB_VDJ_ANALYZER.VLOUPE_PREPROCESS
2026-07-26 12:56:02 [runtime] (ready)           ID.pbmc_1k_v3_count.SC_RNA_COUNTER_CS.SC_MULTI_CORE.MULTI_GEM_WELL_PROCESSOR.VDJ_T_GD_GEM_WELL_PROCESSOR.LIB_VDJ_ANALYZER.CLONOTYPE_ASSIGNER.WRITE_CONSENSUS_BAM
2026-07-26 12:56:02 [runtime] (ready)           ID.pbmc_1k_v3_count.SC_RNA_COUNTER_CS.SC_MULTI_CORE.MULTI_GEM_WELL_PROCESSOR.VDJ_B_GEM_WELL_PROCESSOR.BUILD_PER_SAMPLE_VDJ_WS_CONTENTS
2026-07-26 12:56:03 [runtime] (ready)           ID.pbmc_1k_v3_count.SC_RNA_COUNTER_CS.SC_MULTI_CORE.MULTI_GEM_WELL_PROCESSOR.VDJ_T_GD_GEM_WELL_PROCESSOR.LIB_VDJ_ANALYZER.WRITE_ANN_CSV
2026-07-26 12:56:03 [runtime] (ready)           ID.pbmc_1k_v3_count.SC_RNA_COUNTER_CS.SC_MULTI_CORE.MULTI_GEM_WELL_PROCESSOR.VDJ_T_GD_GEM_WELL_PROCESSOR.LIB_VDJ_ANALYZER.WRITE_CONTIG_OUTS
2026-07-26 12:56:03 [runtime] (ready)           ID.pbmc_1k_v3_count.SC_RNA_COUNTER_CS.SC_MULTI_CORE.MULTI_GEM_WELL_PROCESSOR.VDJ_T_GD_GEM_WELL_PROCESSOR.LIB_VDJ_ANALYZER.CLONOTYPE_ASSIGNER.CREATE_AIRR_TSV
2026-07-26 12:56:03 [runtime] (ready)           ID.pbmc_1k_v3_count.SC_RNA_COUNTER_CS.SC_MULTI_CORE.MULTI_GEM_WELL_PROCESSOR.VDJ_T_GEM_WELL_PROCESSOR.LIB_VDJ_ANALYZER.WRITE_CONTIG_PROTO
2026-07-26 12:56:03 [runtime] (ready)           ID.pbmc_1k_v3_count.SC_RNA_COUNTER_CS.SC_MULTI_CORE.MULTI_GEM_WELL_PROCESSOR.VDJ_T_GD_GEM_WELL_PROCESSOR.LIB_VDJ_ANALYZER.REPORT_CONTIGS
2026-07-26 12:56:03 [runtime] (ready)           ID.pbmc_1k_v3_count.SC_RNA_COUNTER_CS.SC_MULTI_CORE.MULTI_GEM_WELL_PROCESSOR.VDJ_T_GD_GEM_WELL_PROCESSOR.LIB_VDJ_ANALYZER.BEAM_ANALYZER.COMPUTE_ANTIGEN_VDJ_METRICS
2026-07-26 12:56:03 [runtime] (ready)           ID.pbmc_1k_v3_count.SC_RNA_COUNTER_CS.SC_MULTI_CORE.MULTI_GEM_WELL_PROCESSOR.VDJ_T_GD_GEM_WELL_PROCESSOR.LIB_VDJ_ANALYZER.SUMMARIZE_VDJ_FILTERS
2026-07-26 12:56:03 [runtime] (ready)           ID.pbmc_1k_v3_count.SC_RNA_COUNTER_CS.SC_MULTI_CORE.MERGE_VDJ_CELL_BARCODES
2026-07-26 12:56:03 [runtime] (ready)           ID.pbmc_1k_v3_count.SC_RNA_COUNTER_CS.SC_MULTI_CORE.MULTI_GEM_WELL_PROCESSOR.VDJ_T_GEM_WELL_PROCESSOR.LIB_VDJ_ANALYZER.SUMMARIZE_VDJ_REPORTS
2026-07-26 12:56:03 [runtime] (ready)           ID.pbmc_1k_v3_count.SC_RNA_COUNTER_CS.SC_MULTI_CORE.MULTI_GEM_WELL_PROCESSOR.VDJ_T_GD_GEM_WELL_PROCESSOR.LIB_VDJ_ANALYZER.BEAM_ANALYZER.CALCULATE_ANTIGEN_SPECIFICITY
2026-07-26 12:56:03 [runtime] (ready)           ID.pbmc_1k_v3_count.SC_RNA_COUNTER_CS.SC_MULTI_CORE.MULTI_GEM_WELL_PROCESSOR.VDJ_T_GD_GEM_WELL_PROCESSOR.LIB_VDJ_ANALYZER.BEAM_ANALYZER.CREATE_BARCODE_CSV
2026-07-26 12:56:03 [runtime] (ready)           ID.pbmc_1k_v3_count.SC_RNA_COUNTER_CS.SC_MULTI_CORE.MULTI_GEM_WELL_PROCESSOR.VDJ_T_GEM_WELL_PROCESSOR.BUILD_PER_SAMPLE_VDJ_WS_CONTENTS
2026-07-26 12:56:03 [runtime] (ready)           ID.pbmc_1k_v3_count.SC_RNA_COUNTER_CS.SC_MULTI_CORE.MULTI_GEM_WELL_PROCESSOR.VDJ_T_GD_GEM_WELL_PROCESSOR.LIB_VDJ_ANALYZER.VLOUPE_PREPROCESS
2026-07-26 12:56:03 [runtime] (ready)           ID.pbmc_1k_v3_count.SC_RNA_COUNTER_CS.SC_MULTI_CORE.MULTI_GEM_WELL_PROCESSOR.VDJ_T_GD_GEM_WELL_PROCESSOR.LIB_VDJ_ANALYZER.MERGE_METRICS
2026-07-26 12:56:03 [runtime] (ready)           ID.pbmc_1k_v3_count.SC_RNA_COUNTER_CS.SC_MULTI_CORE.VDJ_COMPUTE_SUBSEQ_METRICS
2026-07-26 12:56:03 [runtime] (ready)           ID.pbmc_1k_v3_count.SC_RNA_COUNTER_CS.SC_MULTI_CORE.MULTI_GEM_WELL_PROCESSOR.VDJ_T_GD_GEM_WELL_PROCESSOR.LIB_VDJ_ANALYZER.WRITE_CONTIG_PROTO
2026-07-26 12:56:03 [runtime] (ready)           ID.pbmc_1k_v3_count.SC_RNA_COUNTER_CS.SC_MULTI_CORE.MULTI_GEM_WELL_PROCESSOR.VDJ_T_GD_GEM_WELL_PROCESSOR.LIB_VDJ_ANALYZER.SUMMARIZE_VDJ_REPORTS
2026-07-26 12:56:03 [runtime] (ready)           ID.pbmc_1k_v3_count.SC_RNA_COUNTER_CS.SC_MULTI_CORE.MULTI_GEM_WELL_PROCESSOR.VDJ_T_GD_GEM_WELL_PROCESSOR.BUILD_PER_SAMPLE_VDJ_WS_CONTENTS
2026-07-26 12:56:03 [runtime] (chunks_complete) ID.pbmc_1k_v3_count.SC_RNA_COUNTER_CS.SC_MULTI_CORE.MULTI_GEM_WELL_PROCESSOR.COUNT_GEM_WELL_PROCESSOR._BASIC_SC_RNA_COUNTER._POST_MATRIX_COMPUTATION.COMPUTE_SUBSEQ_METRICS
2026-07-26 12:56:03 [runtime] (chunks_complete) ID.pbmc_1k_v3_count.SC_RNA_COUNTER_CS.SC_MULTI_CORE.COUNT_ANALYZER.DISABLE_SECONDARY_ANALYSIS
2026-07-26 12:56:03 [runtime] (chunks_complete) ID.pbmc_1k_v3_count.SC_RNA_COUNTER_CS.SC_MULTI_CORE.MULTI_GEM_WELL_PROCESSOR.COUNT_GEM_WELL_PROCESSOR._BASIC_SC_RNA_COUNTER._POST_MATRIX_COMPUTATION.INFER_GEM_WELL_THROUGHPUT
2026-07-26 12:56:04 [runtime] (chunks_complete) ID.pbmc_1k_v3_count.SC_RNA_COUNTER_CS.SC_MULTI_CORE.LIBRARY_CLOUD_CELL_ANNOTATION_VIABLE_BUT_NOT_REQUESTED
2026-07-26 12:56:05 [runtime] (join_complete)   ID.pbmc_1k_v3_count.SC_RNA_COUNTER_CS.SC_MULTI_CORE.MULTI_GEM_WELL_PROCESSOR.COUNT_GEM_WELL_PROCESSOR._BASIC_SC_RNA_COUNTER._POST_MATRIX_COMPUTATION.WRITE_POS_BAM
2026-07-26 12:56:10 [runtime] (join_complete)   ID.pbmc_1k_v3_count.SC_RNA_COUNTER_CS.SC_MULTI_CORE.MULTI_GEM_WELL_PROCESSOR.COUNT_GEM_WELL_PROCESSOR._BASIC_SC_RNA_COUNTER._POST_MATRIX_COMPUTATION._CELLS_REPORTER.WRITE_MOLECULE_INFO
2026-07-26 12:56:10 [runtime] (ready)           ID.pbmc_1k_v3_count.SC_RNA_COUNTER_CS.SC_MULTI_CORE.COUNT_ANALYZER._TARGETED_ANALYZER.SUBSAMPLE_ON_TARGET_READS
2026-07-26 12:56:10 [runtime] (ready)           ID.pbmc_1k_v3_count.SC_RNA_COUNTER_CS.SC_MULTI_CORE.COUNT_ANALYZER._TARGETED_ANALYZER._RUN_GDNA_ANALYSIS.GET_GDNA_METRICS
2026-07-26 12:56:10 [runtime] (ready)           ID.pbmc_1k_v3_count.SC_RNA_COUNTER_CS.SC_MULTI_CORE.MULTI_GEM_WELL_PROCESSOR.COUNT_GEM_WELL_PROCESSOR._BASIC_SC_RNA_COUNTER._POST_MATRIX_COMPUTATION._CELLS_REPORTER.SUBSAMPLE_READS
2026-07-26 12:56:10 [runtime] (run:local)       ID.pbmc_1k_v3_count.SC_RNA_COUNTER_CS.SC_MULTI_CORE.MULTI_GEM_WELL_PROCESSOR.COUNT_GEM_WELL_PROCESSOR._BASIC_SC_RNA_COUNTER._POST_MATRIX_COMPUTATION._CELLS_REPORTER.SUBSAMPLE_READS.fork0.split
2026-07-26 12:56:10 [runtime] (ready)           ID.pbmc_1k_v3_count.SC_RNA_COUNTER_CS.SC_MULTI_CORE.COUNT_ANALYZER.SC_RNA_ANALYZER.ANALYZER_PREFLIGHT
2026-07-26 12:56:10 [runtime] (run:local)       ID.pbmc_1k_v3_count.SC_RNA_COUNTER_CS.SC_MULTI_CORE.COUNT_ANALYZER.SC_RNA_ANALYZER.ANALYZER_PREFLIGHT.fork0.chnk0.main
2026-07-26 12:56:10 [runtime] (ready)           ID.pbmc_1k_v3_count.SC_RNA_COUNTER_CS.SC_MULTI_CORE.COUNT_ANALYZER._TARGETED_ANALYZER._RUN_GDNA_ANALYSIS.GET_GDNA_PLOT
2026-07-26 12:56:10 [runtime] (ready)           ID.pbmc_1k_v3_count.SC_RNA_COUNTER_CS.SC_MULTI_CORE.COUNT_ANALYZER._TARGETED_ANALYZER._RUN_GDNA_ANALYSIS.MERGE_METRICS
2026-07-26 12:56:11 [runtime] (chunks_complete) ID.pbmc_1k_v3_count.SC_RNA_COUNTER_CS.SC_MULTI_CORE.COUNT_ANALYZER.SC_RNA_ANALYZER.ANALYZER_PREFLIGHT
2026-07-26 12:56:11 [runtime] (ready)           ID.pbmc_1k_v3_count.SC_RNA_COUNTER_CS.SC_MULTI_CORE.COUNT_ANALYZER.SC_RNA_ANALYZER.PREPROCESS_MATRIX
2026-07-26 12:56:11 [runtime] (run:local)       ID.pbmc_1k_v3_count.SC_RNA_COUNTER_CS.SC_MULTI_CORE.COUNT_ANALYZER.SC_RNA_ANALYZER.PREPROCESS_MATRIX.fork0.split
2026-07-26 12:56:12 [runtime] (split_complete)  ID.pbmc_1k_v3_count.SC_RNA_COUNTER_CS.SC_MULTI_CORE.MULTI_GEM_WELL_PROCESSOR.COUNT_GEM_WELL_PROCESSOR._BASIC_SC_RNA_COUNTER._POST_MATRIX_COMPUTATION._CELLS_REPORTER.SUBSAMPLE_READS
2026-07-26 12:56:12 [runtime] (run:local)       ID.pbmc_1k_v3_count.SC_RNA_COUNTER_CS.SC_MULTI_CORE.MULTI_GEM_WELL_PROCESSOR.COUNT_GEM_WELL_PROCESSOR._BASIC_SC_RNA_COUNTER._POST_MATRIX_COMPUTATION._CELLS_REPORTER.SUBSAMPLE_READS.fork0.chnk0.main
2026-07-26 12:56:13 [runtime] (split_complete)  ID.pbmc_1k_v3_count.SC_RNA_COUNTER_CS.SC_MULTI_CORE.COUNT_ANALYZER.SC_RNA_ANALYZER.PREPROCESS_MATRIX
2026-07-26 12:56:13 [runtime] (run:local)       ID.pbmc_1k_v3_count.SC_RNA_COUNTER_CS.SC_MULTI_CORE.COUNT_ANALYZER.SC_RNA_ANALYZER.PREPROCESS_MATRIX.fork0.join
2026-07-26 12:56:16 [runtime] (join_complete)   ID.pbmc_1k_v3_count.SC_RNA_COUNTER_CS.SC_MULTI_CORE.COUNT_ANALYZER.SC_RNA_ANALYZER.PREPROCESS_MATRIX
2026-07-26 12:56:16 [runtime] (ready)           ID.pbmc_1k_v3_count.SC_RNA_COUNTER_CS.SC_MULTI_CORE.COUNT_ANALYZER.SC_RNA_ANALYZER.RUN_BATCH_CORRECTION_PCA.PCA_PREP
2026-07-26 12:56:16 [runtime] (ready)           ID.pbmc_1k_v3_count.SC_RNA_COUNTER_CS.SC_MULTI_CORE.COUNT_ANALYZER.SC_RNA_ANALYZER._ANTIGEN_ANALYZER.SUMMARIZE_ANTIBODY_ANALYSIS
2026-07-26 12:56:16 [runtime] (ready)           ID.pbmc_1k_v3_count.SC_RNA_COUNTER_CS.SC_MULTI_CORE.COUNT_ANALYZER.SC_RNA_ANALYZER._ANTIBODY_ANALYZER.CALL_ANTIBODIES
2026-07-26 12:56:16 [runtime] (ready)           ID.pbmc_1k_v3_count.SC_RNA_COUNTER_CS.SC_MULTI_CORE.COUNT_ANALYZER.SC_RNA_ANALYZER.RUN_MULTIGENOME_ANALYSIS
2026-07-26 12:56:16 [runtime] (run:local)       ID.pbmc_1k_v3_count.SC_RNA_COUNTER_CS.SC_MULTI_CORE.COUNT_ANALYZER.SC_RNA_ANALYZER.RUN_MULTIGENOME_ANALYSIS.fork0.split
2026-07-26 12:56:16 [runtime] (ready)           ID.pbmc_1k_v3_count.SC_RNA_COUNTER_CS.SC_MULTI_CORE.COUNT_ANALYZER.SC_RNA_ANALYZER._ANTIBODY_ANALYZER.SUMMARIZE_ANTIBODY_ANALYSIS
2026-07-26 12:56:16 [runtime] (ready)           ID.pbmc_1k_v3_count.SC_RNA_COUNTER_CS.SC_MULTI_CORE.COUNT_ANALYZER.SC_RNA_ANALYZER._ANTIGEN_ANALYZER.CALL_ANTIBODIES
2026-07-26 12:56:16 [runtime] (ready)           ID.pbmc_1k_v3_count.SC_RNA_COUNTER_CS.SC_MULTI_CORE.COUNT_ANALYZER.SC_RNA_ANALYZER.RUN_BATCH_CORRECTION_PCA.RUN_PCA2
2026-07-26 12:56:16 [runtime] (ready)           ID.pbmc_1k_v3_count.SC_RNA_COUNTER_CS.SC_MULTI_CORE.COUNT_ANALYZER.SC_RNA_ANALYZER.RUN_BATCH_CORRECTION_PCA.POST_PCA
2026-07-26 12:56:16 [runtime] (ready)           ID.pbmc_1k_v3_count.SC_RNA_COUNTER_CS.SC_MULTI_CORE.COUNT_ANALYZER.SC_RNA_ANALYZER.CORRECT_CHEMISTRY_BATCH
2026-07-26 12:56:17 [runtime] (ready)           ID.pbmc_1k_v3_count.SC_RNA_COUNTER_CS.SC_MULTI_CORE.COUNT_ANALYZER.SC_RNA_ANALYZER.RUN_PCA
2026-07-26 12:56:17 [runtime] (run:local)       ID.pbmc_1k_v3_count.SC_RNA_COUNTER_CS.SC_MULTI_CORE.COUNT_ANALYZER.SC_RNA_ANALYZER.RUN_PCA.fork0.split
2026-07-26 12:56:17 [runtime] (split_complete)  ID.pbmc_1k_v3_count.SC_RNA_COUNTER_CS.SC_MULTI_CORE.COUNT_ANALYZER.SC_RNA_ANALYZER.RUN_PCA
2026-07-26 12:56:17 [runtime] (run:local)       ID.pbmc_1k_v3_count.SC_RNA_COUNTER_CS.SC_MULTI_CORE.COUNT_ANALYZER.SC_RNA_ANALYZER.RUN_PCA.fork0.chnk0.main
2026-07-26 12:56:17 [runtime] (split_complete)  ID.pbmc_1k_v3_count.SC_RNA_COUNTER_CS.SC_MULTI_CORE.COUNT_ANALYZER.SC_RNA_ANALYZER.RUN_MULTIGENOME_ANALYSIS
2026-07-26 12:56:17 [runtime] (run:local)       ID.pbmc_1k_v3_count.SC_RNA_COUNTER_CS.SC_MULTI_CORE.COUNT_ANALYZER.SC_RNA_ANALYZER.RUN_MULTIGENOME_ANALYSIS.fork0.join
2026-07-26 12:56:18 [runtime] (join_complete)   ID.pbmc_1k_v3_count.SC_RNA_COUNTER_CS.SC_MULTI_CORE.COUNT_ANALYZER.SC_RNA_ANALYZER.RUN_MULTIGENOME_ANALYSIS
2026-07-26 12:56:21 [runtime] (chunks_complete) ID.pbmc_1k_v3_count.SC_RNA_COUNTER_CS.SC_MULTI_CORE.COUNT_ANALYZER.SC_RNA_ANALYZER.RUN_PCA
2026-07-26 12:56:21 [runtime] (run:local)       ID.pbmc_1k_v3_count.SC_RNA_COUNTER_CS.SC_MULTI_CORE.COUNT_ANALYZER.SC_RNA_ANALYZER.RUN_PCA.fork0.join
2026-07-26 12:56:21 [runtime] (join_complete)   ID.pbmc_1k_v3_count.SC_RNA_COUNTER_CS.SC_MULTI_CORE.COUNT_ANALYZER.SC_RNA_ANALYZER.RUN_PCA
2026-07-26 12:56:21 [runtime] (ready)           ID.pbmc_1k_v3_count.SC_RNA_COUNTER_CS.SC_MULTI_CORE.COUNT_ANALYZER.SC_RNA_ANALYZER.RUN_KMEANS
2026-07-26 12:56:21 [runtime] (run:local)       ID.pbmc_1k_v3_count.SC_RNA_COUNTER_CS.SC_MULTI_CORE.COUNT_ANALYZER.SC_RNA_ANALYZER.RUN_KMEANS.fork0.split
2026-07-26 12:56:21 [runtime] (ready)           ID.pbmc_1k_v3_count.SC_RNA_COUNTER_CS.SC_MULTI_CORE.COUNT_ANALYZER.SC_RNA_ANALYZER.RUN_TSNE
2026-07-26 12:56:21 [runtime] (ready)           ID.pbmc_1k_v3_count.SC_RNA_COUNTER_CS.SC_MULTI_CORE.COUNT_ANALYZER.SC_RNA_ANALYZER.RUN_GRAPH_CLUSTERING
2026-07-26 12:56:21 [runtime] (run:local)       ID.pbmc_1k_v3_count.SC_RNA_COUNTER_CS.SC_MULTI_CORE.COUNT_ANALYZER.SC_RNA_ANALYZER.RUN_GRAPH_CLUSTERING.fork0.split
2026-07-26 12:56:21 [runtime] (ready)           ID.pbmc_1k_v3_count.SC_RNA_COUNTER_CS.SC_MULTI_CORE.COUNT_ANALYZER.SC_RNA_ANALYZER.RUN_UMAP
2026-07-26 12:56:21 [runtime] (run:local)       ID.pbmc_1k_v3_count.SC_RNA_COUNTER_CS.SC_MULTI_CORE.COUNT_ANALYZER.SC_RNA_ANALYZER.RUN_UMAP.fork0.split
2026-07-26 12:56:21 [runtime] (split_complete)  ID.pbmc_1k_v3_count.SC_RNA_COUNTER_CS.SC_MULTI_CORE.COUNT_ANALYZER.SC_RNA_ANALYZER.RUN_UMAP
2026-07-26 12:56:21 [runtime] (run:local)       ID.pbmc_1k_v3_count.SC_RNA_COUNTER_CS.SC_MULTI_CORE.COUNT_ANALYZER.SC_RNA_ANALYZER.RUN_UMAP.fork0.chnk0.main
2026-07-26 12:56:21 [runtime] (split_complete)  ID.pbmc_1k_v3_count.SC_RNA_COUNTER_CS.SC_MULTI_CORE.COUNT_ANALYZER.SC_RNA_ANALYZER.RUN_GRAPH_CLUSTERING
2026-07-26 12:56:21 [runtime] (run:local)       ID.pbmc_1k_v3_count.SC_RNA_COUNTER_CS.SC_MULTI_CORE.COUNT_ANALYZER.SC_RNA_ANALYZER.RUN_GRAPH_CLUSTERING.fork0.chnk0.main
2026-07-26 12:56:22 [runtime] (chunks_complete) ID.pbmc_1k_v3_count.SC_RNA_COUNTER_CS.SC_MULTI_CORE.COUNT_ANALYZER.SC_RNA_ANALYZER.RUN_GRAPH_CLUSTERING
2026-07-26 12:56:22 [runtime] (run:local)       ID.pbmc_1k_v3_count.SC_RNA_COUNTER_CS.SC_MULTI_CORE.COUNT_ANALYZER.SC_RNA_ANALYZER.RUN_GRAPH_CLUSTERING.fork0.join
2026-07-26 12:56:22 [runtime] (join_complete)   ID.pbmc_1k_v3_count.SC_RNA_COUNTER_CS.SC_MULTI_CORE.COUNT_ANALYZER.SC_RNA_ANALYZER.RUN_GRAPH_CLUSTERING
2026-07-26 12:56:22 [runtime] (ready)           ID.pbmc_1k_v3_count.SC_RNA_COUNTER_CS.SC_MULTI_CORE.COUNT_ANALYZER.SC_RNA_ANALYZER.RUN_HIERARCHICAL_CLUSTERING
2026-07-26 12:56:25 [runtime] (chunks_complete) ID.pbmc_1k_v3_count.SC_RNA_COUNTER_CS.SC_MULTI_CORE.COUNT_ANALYZER.SC_RNA_ANALYZER.RUN_UMAP
2026-07-26 12:56:25 [runtime] (run:local)       ID.pbmc_1k_v3_count.SC_RNA_COUNTER_CS.SC_MULTI_CORE.COUNT_ANALYZER.SC_RNA_ANALYZER.RUN_UMAP.fork0.join
2026-07-26 12:56:25 [runtime] (join_complete)   ID.pbmc_1k_v3_count.SC_RNA_COUNTER_CS.SC_MULTI_CORE.COUNT_ANALYZER.SC_RNA_ANALYZER.RUN_UMAP
2026-07-26 12:56:26 [runtime] (split_complete)  ID.pbmc_1k_v3_count.SC_RNA_COUNTER_CS.SC_MULTI_CORE.COUNT_ANALYZER.SC_RNA_ANALYZER.RUN_KMEANS
2026-07-26 12:56:26 [runtime] (run:local)       ID.pbmc_1k_v3_count.SC_RNA_COUNTER_CS.SC_MULTI_CORE.COUNT_ANALYZER.SC_RNA_ANALYZER.RUN_KMEANS.fork0.chnk0.main
2026-07-26 12:56:26 [runtime] (run:local)       ID.pbmc_1k_v3_count.SC_RNA_COUNTER_CS.SC_MULTI_CORE.COUNT_ANALYZER.SC_RNA_ANALYZER.RUN_KMEANS.fork0.chnk1.main
2026-07-26 12:56:26 [runtime] (run:local)       ID.pbmc_1k_v3_count.SC_RNA_COUNTER_CS.SC_MULTI_CORE.COUNT_ANALYZER.SC_RNA_ANALYZER.RUN_KMEANS.fork0.chnk2.main
2026-07-26 12:56:26 [runtime] (run:local)       ID.pbmc_1k_v3_count.SC_RNA_COUNTER_CS.SC_MULTI_CORE.COUNT_ANALYZER.SC_RNA_ANALYZER.RUN_KMEANS.fork0.chnk3.main
2026-07-26 12:56:26 [runtime] (run:local)       ID.pbmc_1k_v3_count.SC_RNA_COUNTER_CS.SC_MULTI_CORE.COUNT_ANALYZER.SC_RNA_ANALYZER.RUN_KMEANS.fork0.chnk4.main
2026-07-26 12:56:26 [runtime] (run:local)       ID.pbmc_1k_v3_count.SC_RNA_COUNTER_CS.SC_MULTI_CORE.COUNT_ANALYZER.SC_RNA_ANALYZER.RUN_KMEANS.fork0.chnk5.main
2026-07-26 12:56:26 [runtime] (run:local)       ID.pbmc_1k_v3_count.SC_RNA_COUNTER_CS.SC_MULTI_CORE.COUNT_ANALYZER.SC_RNA_ANALYZER.RUN_KMEANS.fork0.chnk6.main
2026-07-26 12:56:26 [runtime] (run:local)       ID.pbmc_1k_v3_count.SC_RNA_COUNTER_CS.SC_MULTI_CORE.COUNT_ANALYZER.SC_RNA_ANALYZER.RUN_KMEANS.fork0.chnk7.main
2026-07-26 12:56:26 [runtime] (run:local)       ID.pbmc_1k_v3_count.SC_RNA_COUNTER_CS.SC_MULTI_CORE.COUNT_ANALYZER.SC_RNA_ANALYZER.RUN_KMEANS.fork0.chnk8.main
2026-07-26 12:56:28 [runtime] (chunks_complete) ID.pbmc_1k_v3_count.SC_RNA_COUNTER_CS.SC_MULTI_CORE.COUNT_ANALYZER.SC_RNA_ANALYZER.RUN_KMEANS
2026-07-26 12:56:28 [runtime] (run:local)       ID.pbmc_1k_v3_count.SC_RNA_COUNTER_CS.SC_MULTI_CORE.COUNT_ANALYZER.SC_RNA_ANALYZER.RUN_KMEANS.fork0.join
2026-07-26 12:56:29 [runtime] (join_complete)   ID.pbmc_1k_v3_count.SC_RNA_COUNTER_CS.SC_MULTI_CORE.COUNT_ANALYZER.SC_RNA_ANALYZER.RUN_KMEANS
2026-07-26 12:56:29 [runtime] (ready)           ID.pbmc_1k_v3_count.SC_RNA_COUNTER_CS.SC_MULTI_CORE.COUNT_ANALYZER.SC_RNA_ANALYZER.COMBINE_CLUSTERING
2026-07-26 12:56:29 [runtime] (run:local)       ID.pbmc_1k_v3_count.SC_RNA_COUNTER_CS.SC_MULTI_CORE.COUNT_ANALYZER.SC_RNA_ANALYZER.COMBINE_CLUSTERING.fork0.chnk0.main
2026-07-26 12:56:30 [runtime] (chunks_complete) ID.pbmc_1k_v3_count.SC_RNA_COUNTER_CS.SC_MULTI_CORE.COUNT_ANALYZER.SC_RNA_ANALYZER.COMBINE_CLUSTERING
2026-07-26 12:56:30 [runtime] (ready)           ID.pbmc_1k_v3_count.SC_RNA_COUNTER_CS.SC_MULTI_CORE.COUNT_ANALYZER.SC_RNA_ANALYZER.RUN_DIFFERENTIAL_EXPRESSION
2026-07-26 12:56:30 [runtime] (run:local)       ID.pbmc_1k_v3_count.SC_RNA_COUNTER_CS.SC_MULTI_CORE.COUNT_ANALYZER.SC_RNA_ANALYZER.RUN_DIFFERENTIAL_EXPRESSION.fork0.split
2026-07-26 12:56:30 [runtime] (split_complete)  ID.pbmc_1k_v3_count.SC_RNA_COUNTER_CS.SC_MULTI_CORE.COUNT_ANALYZER.SC_RNA_ANALYZER.RUN_DIFFERENTIAL_EXPRESSION
2026-07-26 12:56:30 [runtime] (run:local)       ID.pbmc_1k_v3_count.SC_RNA_COUNTER_CS.SC_MULTI_CORE.COUNT_ANALYZER.SC_RNA_ANALYZER.RUN_DIFFERENTIAL_EXPRESSION.fork0.chnk0.main
2026-07-26 12:56:30 [runtime] (run:local)       ID.pbmc_1k_v3_count.SC_RNA_COUNTER_CS.SC_MULTI_CORE.COUNT_ANALYZER.SC_RNA_ANALYZER.RUN_DIFFERENTIAL_EXPRESSION.fork0.chnk1.main
2026-07-26 12:56:30 [runtime] (run:local)       ID.pbmc_1k_v3_count.SC_RNA_COUNTER_CS.SC_MULTI_CORE.COUNT_ANALYZER.SC_RNA_ANALYZER.RUN_DIFFERENTIAL_EXPRESSION.fork0.chnk2.main
2026-07-26 12:56:30 [runtime] (run:local)       ID.pbmc_1k_v3_count.SC_RNA_COUNTER_CS.SC_MULTI_CORE.COUNT_ANALYZER.SC_RNA_ANALYZER.RUN_DIFFERENTIAL_EXPRESSION.fork0.chnk3.main
2026-07-26 12:56:30 [runtime] (run:local)       ID.pbmc_1k_v3_count.SC_RNA_COUNTER_CS.SC_MULTI_CORE.COUNT_ANALYZER.SC_RNA_ANALYZER.RUN_DIFFERENTIAL_EXPRESSION.fork0.chnk4.main
2026-07-26 12:56:30 [runtime] (run:local)       ID.pbmc_1k_v3_count.SC_RNA_COUNTER_CS.SC_MULTI_CORE.COUNT_ANALYZER.SC_RNA_ANALYZER.RUN_DIFFERENTIAL_EXPRESSION.fork0.chnk5.main
2026-07-26 12:56:30 [runtime] (run:local)       ID.pbmc_1k_v3_count.SC_RNA_COUNTER_CS.SC_MULTI_CORE.COUNT_ANALYZER.SC_RNA_ANALYZER.RUN_DIFFERENTIAL_EXPRESSION.fork0.chnk6.main
2026-07-26 12:56:30 [runtime] (run:local)       ID.pbmc_1k_v3_count.SC_RNA_COUNTER_CS.SC_MULTI_CORE.COUNT_ANALYZER.SC_RNA_ANALYZER.RUN_DIFFERENTIAL_EXPRESSION.fork0.chnk7.main
2026-07-26 12:56:33 [runtime] (chunks_complete) ID.pbmc_1k_v3_count.SC_RNA_COUNTER_CS.SC_MULTI_CORE.COUNT_ANALYZER.SC_RNA_ANALYZER.RUN_DIFFERENTIAL_EXPRESSION
2026-07-26 12:56:33 [runtime] (run:local)       ID.pbmc_1k_v3_count.SC_RNA_COUNTER_CS.SC_MULTI_CORE.COUNT_ANALYZER.SC_RNA_ANALYZER.RUN_DIFFERENTIAL_EXPRESSION.fork0.join
2026-07-26 12:56:34 [runtime] (join_complete)   ID.pbmc_1k_v3_count.SC_RNA_COUNTER_CS.SC_MULTI_CORE.COUNT_ANALYZER.SC_RNA_ANALYZER.RUN_DIFFERENTIAL_EXPRESSION
2026-07-26 12:56:34 [runtime] (ready)           ID.pbmc_1k_v3_count.SC_RNA_COUNTER_CS.SC_MULTI_CORE.COUNT_ANALYZER.SC_RNA_ANALYZER.SUMMARIZE_ANALYSIS
2026-07-26 12:56:34 [runtime] (run:local)       ID.pbmc_1k_v3_count.SC_RNA_COUNTER_CS.SC_MULTI_CORE.COUNT_ANALYZER.SC_RNA_ANALYZER.SUMMARIZE_ANALYSIS.fork0.chnk0.main
2026-07-26 12:56:34 [runtime] (chunks_complete) ID.pbmc_1k_v3_count.SC_RNA_COUNTER_CS.SC_MULTI_CORE.COUNT_ANALYZER.SC_RNA_ANALYZER.SUMMARIZE_ANALYSIS
2026-07-26 12:56:34 [runtime] (ready)           ID.pbmc_1k_v3_count.SC_RNA_COUNTER_CS.SC_MULTI_CORE.LIBRARY_CELL_ANNOTATION_SERVICE.ASSIGN_LOW_UMI_CELLS
2026-07-26 12:56:34 [runtime] (run:local)       ID.pbmc_1k_v3_count.SC_RNA_COUNTER_CS.SC_MULTI_CORE.LIBRARY_CELL_ANNOTATION_SERVICE.ASSIGN_LOW_UMI_CELLS.fork0.split
2026-07-26 12:56:34 [runtime] (ready)           ID.pbmc_1k_v3_count.SC_RNA_COUNTER_CS.SC_MULTI_CORE.MULTI_REPORTER.GENERATE_LIBRARY_PLOTS
2026-07-26 12:56:34 [runtime] (split_complete)  ID.pbmc_1k_v3_count.SC_RNA_COUNTER_CS.SC_MULTI_CORE.LIBRARY_CELL_ANNOTATION_SERVICE.ASSIGN_LOW_UMI_CELLS
2026-07-26 12:56:34 [runtime] (run:local)       ID.pbmc_1k_v3_count.SC_RNA_COUNTER_CS.SC_MULTI_CORE.LIBRARY_CELL_ANNOTATION_SERVICE.ASSIGN_LOW_UMI_CELLS.fork0.join
2026-07-26 12:56:34 [runtime] (join_complete)   ID.pbmc_1k_v3_count.SC_RNA_COUNTER_CS.SC_MULTI_CORE.LIBRARY_CELL_ANNOTATION_SERVICE.ASSIGN_LOW_UMI_CELLS
2026-07-26 12:56:34 [runtime] (ready)           ID.pbmc_1k_v3_count.SC_RNA_COUNTER_CS.SC_MULTI_CORE.LIBRARY_CELL_ANNOTATION_SERVICE.ANNOTATE_CELLS._ANNOTATE_CELLS.CREATE_META_CELLS
2026-07-26 12:56:34 [runtime] (run:local)       ID.pbmc_1k_v3_count.SC_RNA_COUNTER_CS.SC_MULTI_CORE.LIBRARY_CELL_ANNOTATION_SERVICE.ANNOTATE_CELLS._ANNOTATE_CELLS.CREATE_META_CELLS.fork0.split
2026-07-26 12:56:35 [runtime] (split_complete)  ID.pbmc_1k_v3_count.SC_RNA_COUNTER_CS.SC_MULTI_CORE.LIBRARY_CELL_ANNOTATION_SERVICE.ANNOTATE_CELLS._ANNOTATE_CELLS.CREATE_META_CELLS
2026-07-26 12:56:35 [runtime] (run:local)       ID.pbmc_1k_v3_count.SC_RNA_COUNTER_CS.SC_MULTI_CORE.LIBRARY_CELL_ANNOTATION_SERVICE.ANNOTATE_CELLS._ANNOTATE_CELLS.CREATE_META_CELLS.fork0.join
2026-07-26 12:56:36 [runtime] (join_complete)   ID.pbmc_1k_v3_count.SC_RNA_COUNTER_CS.SC_MULTI_CORE.LIBRARY_CELL_ANNOTATION_SERVICE.ANNOTATE_CELLS._ANNOTATE_CELLS.CREATE_META_CELLS
2026-07-26 12:56:36 [runtime] (ready)           ID.pbmc_1k_v3_count.SC_RNA_COUNTER_CS.SC_MULTI_CORE.LIBRARY_CELL_ANNOTATION_SERVICE.ANNOTATE_CELLS._ANNOTATE_CELLS.CALL_CELL_TYPES.CALL_AZIMUTH_CELL_TYPES.fork0
2026-07-26 12:56:36 [runtime] (run:local)       ID.pbmc_1k_v3_count.SC_RNA_COUNTER_CS.SC_MULTI_CORE.LIBRARY_CELL_ANNOTATION_SERVICE.ANNOTATE_CELLS._ANNOTATE_CELLS.CALL_CELL_TYPES.CALL_AZIMUTH_CELL_TYPES.fork0.split
2026-07-26 12:56:36 [runtime] (ready)           ID.pbmc_1k_v3_count.SC_RNA_COUNTER_CS.SC_MULTI_CORE.LIBRARY_CELL_ANNOTATION_SERVICE.ANNOTATE_CELLS._ANNOTATE_CELLS.CALL_CELL_TYPES.CALL_AZIMUTH_CELL_TYPES.fork1
2026-07-26 12:56:36 [runtime] (ready)           ID.pbmc_1k_v3_count.SC_RNA_COUNTER_CS.SC_MULTI_CORE.LIBRARY_CELL_ANNOTATION_SERVICE.ANNOTATE_CELLS._ANNOTATE_CELLS.CALL_CELL_TYPES.CALL_CLOUD_CELL_TYPES.fork0
2026-07-26 12:56:36 [runtime] (ready)           ID.pbmc_1k_v3_count.SC_RNA_COUNTER_CS.SC_MULTI_CORE.LIBRARY_CELL_ANNOTATION_SERVICE.ANNOTATE_CELLS._ANNOTATE_CELLS.CALL_CELL_TYPES.CALL_CLOUD_CELL_TYPES.fork1
2026-07-26 12:56:36 [runtime] (run:local)       ID.pbmc_1k_v3_count.SC_RNA_COUNTER_CS.SC_MULTI_CORE.LIBRARY_CELL_ANNOTATION_SERVICE.ANNOTATE_CELLS._ANNOTATE_CELLS.CALL_CELL_TYPES.CALL_CLOUD_CELL_TYPES.fork1.split
2026-07-26 12:56:37 [runtime] (split_complete)  ID.pbmc_1k_v3_count.SC_RNA_COUNTER_CS.SC_MULTI_CORE.LIBRARY_CELL_ANNOTATION_SERVICE.ANNOTATE_CELLS._ANNOTATE_CELLS.CALL_CELL_TYPES.CALL_CLOUD_CELL_TYPES.fork1
2026-07-26 12:56:37 [runtime] (run:local)       ID.pbmc_1k_v3_count.SC_RNA_COUNTER_CS.SC_MULTI_CORE.LIBRARY_CELL_ANNOTATION_SERVICE.ANNOTATE_CELLS._ANNOTATE_CELLS.CALL_CELL_TYPES.CALL_CLOUD_CELL_TYPES.fork1.join
2026-07-26 12:56:39 [runtime] (split_complete)  ID.pbmc_1k_v3_count.SC_RNA_COUNTER_CS.SC_MULTI_CORE.LIBRARY_CELL_ANNOTATION_SERVICE.ANNOTATE_CELLS._ANNOTATE_CELLS.CALL_CELL_TYPES.CALL_AZIMUTH_CELL_TYPES.fork0
2026-07-26 12:56:39 [runtime] (run:local)       ID.pbmc_1k_v3_count.SC_RNA_COUNTER_CS.SC_MULTI_CORE.LIBRARY_CELL_ANNOTATION_SERVICE.ANNOTATE_CELLS._ANNOTATE_CELLS.CALL_CELL_TYPES.CALL_AZIMUTH_CELL_TYPES.fork0.chnk0.main
2026-07-26 12:56:40 [runtime] (join_complete)   ID.pbmc_1k_v3_count.SC_RNA_COUNTER_CS.SC_MULTI_CORE.LIBRARY_CELL_ANNOTATION_SERVICE.ANNOTATE_CELLS._ANNOTATE_CELLS.CALL_CELL_TYPES.CALL_CLOUD_CELL_TYPES.fork1
Alerts for ID.pbmc_1k_v3_count.SC_RNA_COUNTER_CS.SC_MULTI_CORE.LIBRARY_CELL_ANNOTATION_SERVICE.ANNOTATE_CELLS._ANNOTATE_CELLS.CALL_CELL_TYPES.CALL_CLOUD_CELL_TYPES.fork1:
Could not read token information from None: No token supplied; skipping annotation via 10x Cloud

2026-07-26 12:56:44 [runtime] (chunks_complete) ID.pbmc_1k_v3_count.SC_RNA_COUNTER_CS.SC_MULTI_CORE.LIBRARY_CELL_ANNOTATION_SERVICE.ANNOTATE_CELLS._ANNOTATE_CELLS.CALL_CELL_TYPES.CALL_AZIMUTH_CELL_TYPES.fork0
2026-07-26 12:56:44 [runtime] (run:local)       ID.pbmc_1k_v3_count.SC_RNA_COUNTER_CS.SC_MULTI_CORE.LIBRARY_CELL_ANNOTATION_SERVICE.ANNOTATE_CELLS._ANNOTATE_CELLS.CALL_CELL_TYPES.CALL_AZIMUTH_CELL_TYPES.fork0.join
2026-07-26 12:56:46 [runtime] (join_complete)   ID.pbmc_1k_v3_count.SC_RNA_COUNTER_CS.SC_MULTI_CORE.LIBRARY_CELL_ANNOTATION_SERVICE.ANNOTATE_CELLS._ANNOTATE_CELLS.CALL_CELL_TYPES.CALL_AZIMUTH_CELL_TYPES.fork0
2026-07-26 12:56:46 [runtime] (ready)           ID.pbmc_1k_v3_count.SC_RNA_COUNTER_CS.SC_MULTI_CORE.LIBRARY_CELL_ANNOTATION_SERVICE.ANNOTATE_CELLS._ANNOTATE_CELLS.CALL_CELL_TYPES.CELL_TYPING_MULTIPLEXER.fork0
2026-07-26 12:56:46 [runtime] (run:local)       ID.pbmc_1k_v3_count.SC_RNA_COUNTER_CS.SC_MULTI_CORE.LIBRARY_CELL_ANNOTATION_SERVICE.ANNOTATE_CELLS._ANNOTATE_CELLS.CALL_CELL_TYPES.CELL_TYPING_MULTIPLEXER.fork0.chnk0.main
2026-07-26 12:56:46 [runtime] (ready)           ID.pbmc_1k_v3_count.SC_RNA_COUNTER_CS.SC_MULTI_CORE.LIBRARY_CELL_ANNOTATION_SERVICE.ANNOTATE_CELLS._ANNOTATE_CELLS.CALL_CELL_TYPES.CELL_TYPING_MULTIPLEXER.fork1
2026-07-26 12:56:46 [runtime] (run:local)       ID.pbmc_1k_v3_count.SC_RNA_COUNTER_CS.SC_MULTI_CORE.LIBRARY_CELL_ANNOTATION_SERVICE.ANNOTATE_CELLS._ANNOTATE_CELLS.CALL_CELL_TYPES.CELL_TYPING_MULTIPLEXER.fork1.chnk0.main
2026-07-26 12:56:46 [runtime] (chunks_complete) ID.pbmc_1k_v3_count.SC_RNA_COUNTER_CS.SC_MULTI_CORE.LIBRARY_CELL_ANNOTATION_SERVICE.ANNOTATE_CELLS._ANNOTATE_CELLS.CALL_CELL_TYPES.CELL_TYPING_MULTIPLEXER.fork0
2026-07-26 12:56:46 [runtime] (chunks_complete) ID.pbmc_1k_v3_count.SC_RNA_COUNTER_CS.SC_MULTI_CORE.LIBRARY_CELL_ANNOTATION_SERVICE.ANNOTATE_CELLS._ANNOTATE_CELLS.CALL_CELL_TYPES.CELL_TYPING_MULTIPLEXER.fork1
2026-07-26 12:56:46 [runtime] (ready)           ID.pbmc_1k_v3_count.SC_RNA_COUNTER_CS.SC_MULTI_CORE.LIBRARY_CELL_ANNOTATION_SERVICE.ANNOTATE_CELLS._ANNOTATE_CELLS.REMOVE_META_CELLS_FROM_CELL_TYPES.fork0
2026-07-26 12:56:46 [runtime] (run:local)       ID.pbmc_1k_v3_count.SC_RNA_COUNTER_CS.SC_MULTI_CORE.LIBRARY_CELL_ANNOTATION_SERVICE.ANNOTATE_CELLS._ANNOTATE_CELLS.REMOVE_META_CELLS_FROM_CELL_TYPES.fork0.split
2026-07-26 12:56:46 [runtime] (ready)           ID.pbmc_1k_v3_count.SC_RNA_COUNTER_CS.SC_MULTI_CORE.LIBRARY_CELL_ANNOTATION_SERVICE.ANNOTATE_CELLS._ANNOTATE_CELLS.REMOVE_META_CELLS_FROM_CELL_TYPES.fork1
2026-07-26 12:56:46 [runtime] (run:local)       ID.pbmc_1k_v3_count.SC_RNA_COUNTER_CS.SC_MULTI_CORE.LIBRARY_CELL_ANNOTATION_SERVICE.ANNOTATE_CELLS._ANNOTATE_CELLS.REMOVE_META_CELLS_FROM_CELL_TYPES.fork1.split
2026-07-26 12:56:46 [runtime] (split_complete)  ID.pbmc_1k_v3_count.SC_RNA_COUNTER_CS.SC_MULTI_CORE.LIBRARY_CELL_ANNOTATION_SERVICE.ANNOTATE_CELLS._ANNOTATE_CELLS.REMOVE_META_CELLS_FROM_CELL_TYPES.fork0
2026-07-26 12:56:46 [runtime] (run:local)       ID.pbmc_1k_v3_count.SC_RNA_COUNTER_CS.SC_MULTI_CORE.LIBRARY_CELL_ANNOTATION_SERVICE.ANNOTATE_CELLS._ANNOTATE_CELLS.REMOVE_META_CELLS_FROM_CELL_TYPES.fork0.join
2026-07-26 12:56:46 [runtime] (split_complete)  ID.pbmc_1k_v3_count.SC_RNA_COUNTER_CS.SC_MULTI_CORE.LIBRARY_CELL_ANNOTATION_SERVICE.ANNOTATE_CELLS._ANNOTATE_CELLS.REMOVE_META_CELLS_FROM_CELL_TYPES.fork1
2026-07-26 12:56:46 [runtime] (run:local)       ID.pbmc_1k_v3_count.SC_RNA_COUNTER_CS.SC_MULTI_CORE.LIBRARY_CELL_ANNOTATION_SERVICE.ANNOTATE_CELLS._ANNOTATE_CELLS.REMOVE_META_CELLS_FROM_CELL_TYPES.fork1.join
2026-07-26 12:56:46 [runtime] (join_complete)   ID.pbmc_1k_v3_count.SC_RNA_COUNTER_CS.SC_MULTI_CORE.LIBRARY_CELL_ANNOTATION_SERVICE.ANNOTATE_CELLS._ANNOTATE_CELLS.REMOVE_META_CELLS_FROM_CELL_TYPES.fork1
2026-07-26 12:56:46 [runtime] (join_complete)   ID.pbmc_1k_v3_count.SC_RNA_COUNTER_CS.SC_MULTI_CORE.LIBRARY_CELL_ANNOTATION_SERVICE.ANNOTATE_CELLS._ANNOTATE_CELLS.REMOVE_META_CELLS_FROM_CELL_TYPES.fork0
2026-07-26 12:56:46 [runtime] (complete)        ID.pbmc_1k_v3_count.SC_RNA_COUNTER_CS.SC_MULTI_CORE.LIBRARY_CELL_ANNOTATION_SERVICE.ANNOTATE_CELLS._ANNOTATE_CELLS.REMOVE_META_CELLS_FROM_CELL_TYPES.fork1
2026-07-26 12:56:46 [runtime] (ready)           ID.pbmc_1k_v3_count.SC_RNA_COUNTER_CS.SC_MULTI_CORE.LIBRARY_CELL_ANNOTATION_SERVICE.ANNOTATE_CELLS._ANNOTATE_CELLS.REPLACE_LOW_UMI_CELLS.fork0
2026-07-26 12:56:46 [runtime] (run:local)       ID.pbmc_1k_v3_count.SC_RNA_COUNTER_CS.SC_MULTI_CORE.LIBRARY_CELL_ANNOTATION_SERVICE.ANNOTATE_CELLS._ANNOTATE_CELLS.REPLACE_LOW_UMI_CELLS.fork0.split
2026-07-26 12:56:46 [runtime] (ready)           ID.pbmc_1k_v3_count.SC_RNA_COUNTER_CS.SC_MULTI_CORE.LIBRARY_CELL_ANNOTATION_SERVICE.ANNOTATE_CELLS._ANNOTATE_CELLS.REPLACE_LOW_UMI_CELLS.fork1
2026-07-26 12:56:46 [runtime] (run:local)       ID.pbmc_1k_v3_count.SC_RNA_COUNTER_CS.SC_MULTI_CORE.LIBRARY_CELL_ANNOTATION_SERVICE.ANNOTATE_CELLS._ANNOTATE_CELLS.REPLACE_LOW_UMI_CELLS.fork1.split
2026-07-26 12:56:47 [runtime] (split_complete)  ID.pbmc_1k_v3_count.SC_RNA_COUNTER_CS.SC_MULTI_CORE.LIBRARY_CELL_ANNOTATION_SERVICE.ANNOTATE_CELLS._ANNOTATE_CELLS.REPLACE_LOW_UMI_CELLS.fork1
2026-07-26 12:56:47 [runtime] (run:local)       ID.pbmc_1k_v3_count.SC_RNA_COUNTER_CS.SC_MULTI_CORE.LIBRARY_CELL_ANNOTATION_SERVICE.ANNOTATE_CELLS._ANNOTATE_CELLS.REPLACE_LOW_UMI_CELLS.fork1.join
2026-07-26 12:56:47 [runtime] (split_complete)  ID.pbmc_1k_v3_count.SC_RNA_COUNTER_CS.SC_MULTI_CORE.LIBRARY_CELL_ANNOTATION_SERVICE.ANNOTATE_CELLS._ANNOTATE_CELLS.REPLACE_LOW_UMI_CELLS.fork0
2026-07-26 12:56:47 [runtime] (run:local)       ID.pbmc_1k_v3_count.SC_RNA_COUNTER_CS.SC_MULTI_CORE.LIBRARY_CELL_ANNOTATION_SERVICE.ANNOTATE_CELLS._ANNOTATE_CELLS.REPLACE_LOW_UMI_CELLS.fork0.join
2026-07-26 12:56:48 [runtime] (join_complete)   ID.pbmc_1k_v3_count.SC_RNA_COUNTER_CS.SC_MULTI_CORE.LIBRARY_CELL_ANNOTATION_SERVICE.ANNOTATE_CELLS._ANNOTATE_CELLS.REPLACE_LOW_UMI_CELLS.fork1
2026-07-26 12:56:49 [runtime] (join_complete)   ID.pbmc_1k_v3_count.SC_RNA_COUNTER_CS.SC_MULTI_CORE.LIBRARY_CELL_ANNOTATION_SERVICE.ANNOTATE_CELLS._ANNOTATE_CELLS.REPLACE_LOW_UMI_CELLS.fork0
2026-07-26 12:56:49 [runtime] (complete)        ID.pbmc_1k_v3_count.SC_RNA_COUNTER_CS.SC_MULTI_CORE.LIBRARY_CELL_ANNOTATION_SERVICE.ANNOTATE_CELLS._ANNOTATE_CELLS.REPLACE_LOW_UMI_CELLS.fork1
2026-07-26 12:56:49 [runtime] (ready)           ID.pbmc_1k_v3_count.SC_RNA_COUNTER_CS.SC_MULTI_CORE.LIBRARY_CELL_ANNOTATION_SERVICE.ANNOTATE_CELLS._ANNOTATE_CELLS.SUMMARIZE_CELL_TYPES.DISABLE_CAS_REPORTER_STAGES.fork0
2026-07-26 12:56:49 [runtime] (run:local)       ID.pbmc_1k_v3_count.SC_RNA_COUNTER_CS.SC_MULTI_CORE.LIBRARY_CELL_ANNOTATION_SERVICE.ANNOTATE_CELLS._ANNOTATE_CELLS.SUMMARIZE_CELL_TYPES.DISABLE_CAS_REPORTER_STAGES.fork0.chnk0.main
2026-07-26 12:56:49 [runtime] (ready)           ID.pbmc_1k_v3_count.SC_RNA_COUNTER_CS.SC_MULTI_CORE.LIBRARY_CELL_ANNOTATION_SERVICE.ANNOTATE_CELLS._ANNOTATE_CELLS.SUMMARIZE_CELL_TYPES.DISABLE_CAS_REPORTER_STAGES.fork1
2026-07-26 12:56:49 [runtime] (ready)           ID.pbmc_1k_v3_count.SC_RNA_COUNTER_CS.SC_MULTI_CORE.LIBRARY_CELL_ANNOTATION_SERVICE.ANNOTATE_CELLS._ANNOTATE_CELLS.SUMMARIZE_CELL_TYPES.GET_CLOUPE_CELL_TYPES.fork0
2026-07-26 12:56:49 [runtime] (run:local)       ID.pbmc_1k_v3_count.SC_RNA_COUNTER_CS.SC_MULTI_CORE.LIBRARY_CELL_ANNOTATION_SERVICE.ANNOTATE_CELLS._ANNOTATE_CELLS.SUMMARIZE_CELL_TYPES.GET_CLOUPE_CELL_TYPES.fork0.chnk0.main
2026-07-26 12:56:49 [runtime] (ready)           ID.pbmc_1k_v3_count.SC_RNA_COUNTER_CS.SC_MULTI_CORE.LIBRARY_CELL_ANNOTATION_SERVICE.ANNOTATE_CELLS._ANNOTATE_CELLS.SUMMARIZE_CELL_TYPES.GET_CLOUPE_CELL_TYPES.fork1
2026-07-26 12:56:49 [runtime] (ready)           ID.pbmc_1k_v3_count.SC_RNA_COUNTER_CS.SC_MULTI_CORE.LIBRARY_CELL_ANNOTATION_SERVICE.ANNOTATE_CELLS._ANNOTATE_CELLS.SUMMARIZE_CELL_TYPES.GET_CELL_TYPES_BARCHART.fork0
2026-07-26 12:56:49 [runtime] (run:local)       ID.pbmc_1k_v3_count.SC_RNA_COUNTER_CS.SC_MULTI_CORE.LIBRARY_CELL_ANNOTATION_SERVICE.ANNOTATE_CELLS._ANNOTATE_CELLS.SUMMARIZE_CELL_TYPES.GET_CELL_TYPES_BARCHART.fork0.chnk0.main
2026-07-26 12:56:49 [runtime] (ready)           ID.pbmc_1k_v3_count.SC_RNA_COUNTER_CS.SC_MULTI_CORE.LIBRARY_CELL_ANNOTATION_SERVICE.ANNOTATE_CELLS._ANNOTATE_CELLS.SUMMARIZE_CELL_TYPES.GET_CELL_TYPES_BARCHART.fork1
2026-07-26 12:56:49 [runtime] (ready)           ID.pbmc_1k_v3_count.SC_RNA_COUNTER_CS.SC_MULTI_CORE.LIBRARY_CELL_ANNOTATION_SERVICE.ANNOTATE_CELLS._ANNOTATE_CELLS.SUMMARIZE_CELL_TYPES.GET_CELL_TYPES_UMAP_PLOT.fork0
2026-07-26 12:56:49 [runtime] (run:local)       ID.pbmc_1k_v3_count.SC_RNA_COUNTER_CS.SC_MULTI_CORE.LIBRARY_CELL_ANNOTATION_SERVICE.ANNOTATE_CELLS._ANNOTATE_CELLS.SUMMARIZE_CELL_TYPES.GET_CELL_TYPES_UMAP_PLOT.fork0.chnk0.main
2026-07-26 12:56:49 [runtime] (ready)           ID.pbmc_1k_v3_count.SC_RNA_COUNTER_CS.SC_MULTI_CORE.LIBRARY_CELL_ANNOTATION_SERVICE.ANNOTATE_CELLS._ANNOTATE_CELLS.SUMMARIZE_CELL_TYPES.GET_CELL_TYPES_UMAP_PLOT.fork1
2026-07-26 12:56:49 [runtime] (ready)           ID.pbmc_1k_v3_count.SC_RNA_COUNTER_CS.SC_MULTI_CORE.LIBRARY_CELL_ANNOTATION_SERVICE.ANNOTATE_CELLS._ANNOTATE_CELLS.SUMMARIZE_CELL_TYPES.GET_CELL_TYPES_BOX_PLOT.fork0
2026-07-26 12:56:49 [runtime] (run:local)       ID.pbmc_1k_v3_count.SC_RNA_COUNTER_CS.SC_MULTI_CORE.LIBRARY_CELL_ANNOTATION_SERVICE.ANNOTATE_CELLS._ANNOTATE_CELLS.SUMMARIZE_CELL_TYPES.GET_CELL_TYPES_BOX_PLOT.fork0.split
2026-07-26 12:56:49 [runtime] (ready)           ID.pbmc_1k_v3_count.SC_RNA_COUNTER_CS.SC_MULTI_CORE.LIBRARY_CELL_ANNOTATION_SERVICE.ANNOTATE_CELLS._ANNOTATE_CELLS.SUMMARIZE_CELL_TYPES.GET_CELL_TYPES_BOX_PLOT.fork1
2026-07-26 12:56:49 [runtime] (ready)           ID.pbmc_1k_v3_count.SC_RNA_COUNTER_CS.SC_MULTI_CORE.LIBRARY_CELL_ANNOTATION_SERVICE.ANNOTATE_CELLS._ANNOTATE_CELLS.SUMMARIZE_CELL_TYPES.ANALYZE_CELL_TYPES.fork0
2026-07-26 12:56:49 [runtime] (run:local)       ID.pbmc_1k_v3_count.SC_RNA_COUNTER_CS.SC_MULTI_CORE.LIBRARY_CELL_ANNOTATION_SERVICE.ANNOTATE_CELLS._ANNOTATE_CELLS.SUMMARIZE_CELL_TYPES.ANALYZE_CELL_TYPES.fork0.chnk0.main
2026-07-26 12:56:49 [runtime] (ready)           ID.pbmc_1k_v3_count.SC_RNA_COUNTER_CS.SC_MULTI_CORE.LIBRARY_CELL_ANNOTATION_SERVICE.ANNOTATE_CELLS._ANNOTATE_CELLS.SUMMARIZE_CELL_TYPES.ANALYZE_CELL_TYPES.fork1
2026-07-26 12:56:49 [runtime] (chunks_complete) ID.pbmc_1k_v3_count.SC_RNA_COUNTER_CS.SC_MULTI_CORE.LIBRARY_CELL_ANNOTATION_SERVICE.ANNOTATE_CELLS._ANNOTATE_CELLS.SUMMARIZE_CELL_TYPES.DISABLE_CAS_REPORTER_STAGES.fork0
2026-07-26 12:56:49 [runtime] (chunks_complete) ID.pbmc_1k_v3_count.SC_RNA_COUNTER_CS.SC_MULTI_CORE.LIBRARY_CELL_ANNOTATION_SERVICE.ANNOTATE_CELLS._ANNOTATE_CELLS.SUMMARIZE_CELL_TYPES.GET_CLOUPE_CELL_TYPES.fork0
2026-07-26 12:56:49 [runtime] (ready)           ID.pbmc_1k_v3_count.SC_RNA_COUNTER_CS.SC_MULTI_CORE.LIBRARY_CELL_ANNOTATION_SERVICE.ANNOTATE_CELLS._ANNOTATE_CELLS.SUMMARIZE_CELL_TYPES.CELL_TYPE_DIFF_EXP.WRITE_CELL_TYPES_H5.fork0
2026-07-26 12:56:49 [runtime] (run:local)       ID.pbmc_1k_v3_count.SC_RNA_COUNTER_CS.SC_MULTI_CORE.LIBRARY_CELL_ANNOTATION_SERVICE.ANNOTATE_CELLS._ANNOTATE_CELLS.SUMMARIZE_CELL_TYPES.CELL_TYPE_DIFF_EXP.WRITE_CELL_TYPES_H5.fork0.chnk0.main
2026-07-26 12:56:49 [runtime] (ready)           ID.pbmc_1k_v3_count.SC_RNA_COUNTER_CS.SC_MULTI_CORE.LIBRARY_CELL_ANNOTATION_SERVICE.ANNOTATE_CELLS._ANNOTATE_CELLS.SUMMARIZE_CELL_TYPES.CELL_TYPE_DIFF_EXP.WRITE_CELL_TYPES_H5.fork1
2026-07-26 12:56:49 [runtime] (ready)           ID.pbmc_1k_v3_count.SC_RNA_COUNTER_CS.SC_MULTI_CORE.LIBRARY_CELL_ANNOTATION_SERVICE.ANNOTATE_CELLS.GENERATE_CAS_METRICS.fork0
2026-07-26 12:56:49 [runtime] (run:local)       ID.pbmc_1k_v3_count.SC_RNA_COUNTER_CS.SC_MULTI_CORE.LIBRARY_CELL_ANNOTATION_SERVICE.ANNOTATE_CELLS.GENERATE_CAS_METRICS.fork0.chnk0.main
2026-07-26 12:56:49 [runtime] (ready)           ID.pbmc_1k_v3_count.SC_RNA_COUNTER_CS.SC_MULTI_CORE.LIBRARY_CELL_ANNOTATION_SERVICE.ANNOTATE_CELLS.GENERATE_CAS_METRICS.fork1
2026-07-26 12:56:49 [runtime] (chunks_complete) ID.pbmc_1k_v3_count.SC_RNA_COUNTER_CS.SC_MULTI_CORE.LIBRARY_CELL_ANNOTATION_SERVICE.ANNOTATE_CELLS.GENERATE_CAS_METRICS.fork0
2026-07-26 12:56:53 [runtime] (split_complete)  ID.pbmc_1k_v3_count.SC_RNA_COUNTER_CS.SC_MULTI_CORE.LIBRARY_CELL_ANNOTATION_SERVICE.ANNOTATE_CELLS._ANNOTATE_CELLS.SUMMARIZE_CELL_TYPES.GET_CELL_TYPES_BOX_PLOT.fork0
2026-07-26 12:56:53 [runtime] (run:local)       ID.pbmc_1k_v3_count.SC_RNA_COUNTER_CS.SC_MULTI_CORE.LIBRARY_CELL_ANNOTATION_SERVICE.ANNOTATE_CELLS._ANNOTATE_CELLS.SUMMARIZE_CELL_TYPES.GET_CELL_TYPES_BOX_PLOT.fork0.join
2026-07-26 12:56:53 [runtime] (chunks_complete) ID.pbmc_1k_v3_count.SC_RNA_COUNTER_CS.SC_MULTI_CORE.LIBRARY_CELL_ANNOTATION_SERVICE.ANNOTATE_CELLS._ANNOTATE_CELLS.SUMMARIZE_CELL_TYPES.ANALYZE_CELL_TYPES.fork0
2026-07-26 12:56:53 [runtime] (chunks_complete) ID.pbmc_1k_v3_count.SC_RNA_COUNTER_CS.SC_MULTI_CORE.LIBRARY_CELL_ANNOTATION_SERVICE.ANNOTATE_CELLS._ANNOTATE_CELLS.SUMMARIZE_CELL_TYPES.CELL_TYPE_DIFF_EXP.WRITE_CELL_TYPES_H5.fork0
2026-07-26 12:56:53 [runtime] (chunks_complete) ID.pbmc_1k_v3_count.SC_RNA_COUNTER_CS.SC_MULTI_CORE.LIBRARY_CELL_ANNOTATION_SERVICE.ANNOTATE_CELLS._ANNOTATE_CELLS.SUMMARIZE_CELL_TYPES.GET_CELL_TYPES_UMAP_PLOT.fork0
2026-07-26 12:56:53 [runtime] (ready)           ID.pbmc_1k_v3_count.SC_RNA_COUNTER_CS.SC_MULTI_CORE.LIBRARY_CELL_ANNOTATION_SERVICE.ANNOTATE_CELLS._ANNOTATE_CELLS.SUMMARIZE_CELL_TYPES.CELL_TYPE_DIFF_EXP.DIFF_EXP_CAS.fork0
2026-07-26 12:56:53 [runtime] (run:local)       ID.pbmc_1k_v3_count.SC_RNA_COUNTER_CS.SC_MULTI_CORE.LIBRARY_CELL_ANNOTATION_SERVICE.ANNOTATE_CELLS._ANNOTATE_CELLS.SUMMARIZE_CELL_TYPES.CELL_TYPE_DIFF_EXP.DIFF_EXP_CAS.fork0.split
2026-07-26 12:56:53 [runtime] (ready)           ID.pbmc_1k_v3_count.SC_RNA_COUNTER_CS.SC_MULTI_CORE.LIBRARY_CELL_ANNOTATION_SERVICE.ANNOTATE_CELLS._ANNOTATE_CELLS.SUMMARIZE_CELL_TYPES.CELL_TYPE_DIFF_EXP.DIFF_EXP_CAS.fork1
2026-07-26 12:56:53 [runtime] (split_complete)  ID.pbmc_1k_v3_count.SC_RNA_COUNTER_CS.SC_MULTI_CORE.LIBRARY_CELL_ANNOTATION_SERVICE.ANNOTATE_CELLS._ANNOTATE_CELLS.SUMMARIZE_CELL_TYPES.CELL_TYPE_DIFF_EXP.DIFF_EXP_CAS.fork0
2026-07-26 12:56:53 [runtime] (run:local)       ID.pbmc_1k_v3_count.SC_RNA_COUNTER_CS.SC_MULTI_CORE.LIBRARY_CELL_ANNOTATION_SERVICE.ANNOTATE_CELLS._ANNOTATE_CELLS.SUMMARIZE_CELL_TYPES.CELL_TYPE_DIFF_EXP.DIFF_EXP_CAS.fork0.chnk0.main
2026-07-26 12:56:53 [runtime] (run:local)       ID.pbmc_1k_v3_count.SC_RNA_COUNTER_CS.SC_MULTI_CORE.LIBRARY_CELL_ANNOTATION_SERVICE.ANNOTATE_CELLS._ANNOTATE_CELLS.SUMMARIZE_CELL_TYPES.CELL_TYPE_DIFF_EXP.DIFF_EXP_CAS.fork0.chnk1.main
2026-07-26 12:56:54 [runtime] (chunks_complete) ID.pbmc_1k_v3_count.SC_RNA_COUNTER_CS.SC_MULTI_CORE.LIBRARY_CELL_ANNOTATION_SERVICE.ANNOTATE_CELLS._ANNOTATE_CELLS.SUMMARIZE_CELL_TYPES.GET_CELL_TYPES_BARCHART.fork0
2026-07-26 12:56:56 [runtime] (join_complete)   ID.pbmc_1k_v3_count.SC_RNA_COUNTER_CS.SC_MULTI_CORE.LIBRARY_CELL_ANNOTATION_SERVICE.ANNOTATE_CELLS._ANNOTATE_CELLS.SUMMARIZE_CELL_TYPES.GET_CELL_TYPES_BOX_PLOT.fork0
2026-07-26 12:56:56 [runtime] (chunks_complete) ID.pbmc_1k_v3_count.SC_RNA_COUNTER_CS.SC_MULTI_CORE.LIBRARY_CELL_ANNOTATION_SERVICE.ANNOTATE_CELLS._ANNOTATE_CELLS.SUMMARIZE_CELL_TYPES.CELL_TYPE_DIFF_EXP.DIFF_EXP_CAS.fork0
2026-07-26 12:56:56 [runtime] (run:local)       ID.pbmc_1k_v3_count.SC_RNA_COUNTER_CS.SC_MULTI_CORE.LIBRARY_CELL_ANNOTATION_SERVICE.ANNOTATE_CELLS._ANNOTATE_CELLS.SUMMARIZE_CELL_TYPES.CELL_TYPE_DIFF_EXP.DIFF_EXP_CAS.fork0.join
2026-07-26 12:56:57 [runtime] (join_complete)   ID.pbmc_1k_v3_count.SC_RNA_COUNTER_CS.SC_MULTI_CORE.LIBRARY_CELL_ANNOTATION_SERVICE.ANNOTATE_CELLS._ANNOTATE_CELLS.SUMMARIZE_CELL_TYPES.CELL_TYPE_DIFF_EXP.DIFF_EXP_CAS.fork0
2026-07-26 12:56:57 [runtime] (ready)           ID.pbmc_1k_v3_count.SC_RNA_COUNTER_CS.SC_MULTI_CORE.LIBRARY_CELL_ANNOTATION_SERVICE.ANNOTATE_CELLS._ANNOTATE_CELLS.SUMMARIZE_CELL_TYPES.CELL_TYPE_DIFF_EXP.TIDY_CELLTYPE_DIFFEXP.fork0
2026-07-26 12:56:57 [runtime] (run:local)       ID.pbmc_1k_v3_count.SC_RNA_COUNTER_CS.SC_MULTI_CORE.LIBRARY_CELL_ANNOTATION_SERVICE.ANNOTATE_CELLS._ANNOTATE_CELLS.SUMMARIZE_CELL_TYPES.CELL_TYPE_DIFF_EXP.TIDY_CELLTYPE_DIFFEXP.fork0.chnk0.main
2026-07-26 12:56:57 [runtime] (ready)           ID.pbmc_1k_v3_count.SC_RNA_COUNTER_CS.SC_MULTI_CORE.LIBRARY_CELL_ANNOTATION_SERVICE.ANNOTATE_CELLS._ANNOTATE_CELLS.SUMMARIZE_CELL_TYPES.CELL_TYPE_DIFF_EXP.TIDY_CELLTYPE_DIFFEXP.fork1
2026-07-26 12:56:58 [runtime] (chunks_complete) ID.pbmc_1k_v3_count.SC_RNA_COUNTER_CS.SC_MULTI_CORE.LIBRARY_CELL_ANNOTATION_SERVICE.ANNOTATE_CELLS._ANNOTATE_CELLS.SUMMARIZE_CELL_TYPES.CELL_TYPE_DIFF_EXP.TIDY_CELLTYPE_DIFFEXP.fork0
2026-07-26 12:56:59 [runtime] (ready)           ID.pbmc_1k_v3_count.SC_RNA_COUNTER_CS.SC_MULTI_CORE.LIBRARY_CELL_ANNOTATION_SERVICE.ANNOTATE_CELLS.GENERATE_CAS_WEBSUMMARY.fork0
2026-07-26 12:56:59 [runtime] (run:local)       ID.pbmc_1k_v3_count.SC_RNA_COUNTER_CS.SC_MULTI_CORE.LIBRARY_CELL_ANNOTATION_SERVICE.ANNOTATE_CELLS.GENERATE_CAS_WEBSUMMARY.fork0.chnk0.main
2026-07-26 12:56:59 [runtime] (ready)           ID.pbmc_1k_v3_count.SC_RNA_COUNTER_CS.SC_MULTI_CORE.LIBRARY_CELL_ANNOTATION_SERVICE.ANNOTATE_CELLS.GENERATE_CAS_WEBSUMMARY.fork1
2026-07-26 12:56:59 [runtime] (ready)           ID.pbmc_1k_v3_count.SC_RNA_COUNTER_CS.SC_MULTI_CORE.LIBRARY_CELL_ANNOTATION_SERVICE.STRUCTIFY_CELL_ANNOTATION_OUTS
2026-07-26 12:56:59 [runtime] (run:local)       ID.pbmc_1k_v3_count.SC_RNA_COUNTER_CS.SC_MULTI_CORE.LIBRARY_CELL_ANNOTATION_SERVICE.STRUCTIFY_CELL_ANNOTATION_OUTS.fork0.chnk0.main
2026-07-26 12:56:59 [runtime] (chunks_complete) ID.pbmc_1k_v3_count.SC_RNA_COUNTER_CS.SC_MULTI_CORE.LIBRARY_CELL_ANNOTATION_SERVICE.STRUCTIFY_CELL_ANNOTATION_OUTS
2026-07-26 12:56:59 [runtime] (ready)           ID.pbmc_1k_v3_count.SC_RNA_COUNTER_CS.SC_MULTI_CORE.LIBRARY_CELL_ANNOTATION_SERVICE.MERGE_ANNOTATION_METRICS
2026-07-26 12:56:59 [runtime] (run:local)       ID.pbmc_1k_v3_count.SC_RNA_COUNTER_CS.SC_MULTI_CORE.LIBRARY_CELL_ANNOTATION_SERVICE.MERGE_ANNOTATION_METRICS.fork0.chnk0.main
2026-07-26 12:56:59 [runtime] (ready)           ID.pbmc_1k_v3_count.SC_RNA_COUNTER_CS.SC_MULTI_CORE.LIBRARY_CELL_ANNOTATION_SERVICE.MERGE_ANNOTATION_ANALYSIS_METRICS
2026-07-26 12:56:59 [runtime] (run:local)       ID.pbmc_1k_v3_count.SC_RNA_COUNTER_CS.SC_MULTI_CORE.LIBRARY_CELL_ANNOTATION_SERVICE.MERGE_ANNOTATION_ANALYSIS_METRICS.fork0.chnk0.main
2026-07-26 12:56:59 [runtime] (chunks_complete) ID.pbmc_1k_v3_count.SC_RNA_COUNTER_CS.SC_MULTI_CORE.LIBRARY_CELL_ANNOTATION_SERVICE.ANNOTATE_CELLS.GENERATE_CAS_WEBSUMMARY.fork0
2026-07-26 12:56:59 [runtime] (chunks_complete) ID.pbmc_1k_v3_count.SC_RNA_COUNTER_CS.SC_MULTI_CORE.LIBRARY_CELL_ANNOTATION_SERVICE.MERGE_ANNOTATION_ANALYSIS_METRICS
2026-07-26 12:56:59 [runtime] (chunks_complete) ID.pbmc_1k_v3_count.SC_RNA_COUNTER_CS.SC_MULTI_CORE.LIBRARY_CELL_ANNOTATION_SERVICE.MERGE_ANNOTATION_METRICS
2026-07-26 12:59:52 [runtime] (chunks_complete) ID.pbmc_1k_v3_count.SC_RNA_COUNTER_CS.SC_MULTI_CORE.MULTI_GEM_WELL_PROCESSOR.COUNT_GEM_WELL_PROCESSOR._BASIC_SC_RNA_COUNTER._POST_MATRIX_COMPUTATION._CELLS_REPORTER.SUBSAMPLE_READS
2026-07-26 12:59:52 [runtime] (run:local)       ID.pbmc_1k_v3_count.SC_RNA_COUNTER_CS.SC_MULTI_CORE.MULTI_GEM_WELL_PROCESSOR.COUNT_GEM_WELL_PROCESSOR._BASIC_SC_RNA_COUNTER._POST_MATRIX_COMPUTATION._CELLS_REPORTER.SUBSAMPLE_READS.fork0.join
2026-07-26 12:59:53 [runtime] (join_complete)   ID.pbmc_1k_v3_count.SC_RNA_COUNTER_CS.SC_MULTI_CORE.MULTI_GEM_WELL_PROCESSOR.COUNT_GEM_WELL_PROCESSOR._BASIC_SC_RNA_COUNTER._POST_MATRIX_COMPUTATION._CELLS_REPORTER.SUBSAMPLE_READS
2026-07-26 12:59:53 [runtime] (ready)           ID.pbmc_1k_v3_count.SC_RNA_COUNTER_CS.SC_MULTI_CORE.MULTI_GEM_WELL_PROCESSOR.COUNT_GEM_WELL_PROCESSOR._BASIC_SC_RNA_COUNTER._POST_MATRIX_COMPUTATION._CELLS_REPORTER.SUMMARIZE_BASIC_REPORTS
2026-07-26 12:59:53 [runtime] (run:local)       ID.pbmc_1k_v3_count.SC_RNA_COUNTER_CS.SC_MULTI_CORE.MULTI_GEM_WELL_PROCESSOR.COUNT_GEM_WELL_PROCESSOR._BASIC_SC_RNA_COUNTER._POST_MATRIX_COMPUTATION._CELLS_REPORTER.SUMMARIZE_BASIC_REPORTS.fork0.split
2026-07-26 12:59:54 [runtime] (split_complete)  ID.pbmc_1k_v3_count.SC_RNA_COUNTER_CS.SC_MULTI_CORE.MULTI_GEM_WELL_PROCESSOR.COUNT_GEM_WELL_PROCESSOR._BASIC_SC_RNA_COUNTER._POST_MATRIX_COMPUTATION._CELLS_REPORTER.SUMMARIZE_BASIC_REPORTS
2026-07-26 12:59:54 [runtime] (run:local)       ID.pbmc_1k_v3_count.SC_RNA_COUNTER_CS.SC_MULTI_CORE.MULTI_GEM_WELL_PROCESSOR.COUNT_GEM_WELL_PROCESSOR._BASIC_SC_RNA_COUNTER._POST_MATRIX_COMPUTATION._CELLS_REPORTER.SUMMARIZE_BASIC_REPORTS.fork0.join
2026-07-26 12:59:59 [runtime] (join_complete)   ID.pbmc_1k_v3_count.SC_RNA_COUNTER_CS.SC_MULTI_CORE.MULTI_GEM_WELL_PROCESSOR.COUNT_GEM_WELL_PROCESSOR._BASIC_SC_RNA_COUNTER._POST_MATRIX_COMPUTATION._CELLS_REPORTER.SUMMARIZE_BASIC_REPORTS
2026-07-26 12:59:59 [runtime] (ready)           ID.pbmc_1k_v3_count.SC_RNA_COUNTER_CS.SC_MULTI_CORE.MULTI_GEM_WELL_PROCESSOR.COUNT_GEM_WELL_PROCESSOR._BASIC_SC_RNA_COUNTER._POST_MATRIX_COMPUTATION.MERGE_METRICS
2026-07-26 12:59:59 [runtime] (run:local)       ID.pbmc_1k_v3_count.SC_RNA_COUNTER_CS.SC_MULTI_CORE.MULTI_GEM_WELL_PROCESSOR.COUNT_GEM_WELL_PROCESSOR._BASIC_SC_RNA_COUNTER._POST_MATRIX_COMPUTATION.MERGE_METRICS.fork0.chnk0.main
2026-07-26 13:00:00 [runtime] (chunks_complete) ID.pbmc_1k_v3_count.SC_RNA_COUNTER_CS.SC_MULTI_CORE.MULTI_GEM_WELL_PROCESSOR.COUNT_GEM_WELL_PROCESSOR._BASIC_SC_RNA_COUNTER._POST_MATRIX_COMPUTATION.MERGE_METRICS
2026-07-26 13:00:00 [runtime] (ready)           ID.pbmc_1k_v3_count.SC_RNA_COUNTER_CS.SC_MULTI_CORE.COUNT_ANALYZER._TARGETED_ANALYZER.CALCULATE_TARGETED_METRICS
2026-07-26 13:00:00 [runtime] (ready)           ID.pbmc_1k_v3_count.SC_RNA_COUNTER_CS.SC_MULTI_CORE.COUNT_ANALYZER._TARGETED_ANALYZER.MERGE_METRICS
2026-07-26 13:00:00 [runtime] (ready)           ID.pbmc_1k_v3_count.SC_RNA_COUNTER_CS.SC_MULTI_CORE.MULTI_REPORTER.SUMMARIZE_REPORTS
2026-07-26 13:00:00 [runtime] (run:local)       ID.pbmc_1k_v3_count.SC_RNA_COUNTER_CS.SC_MULTI_CORE.MULTI_REPORTER.SUMMARIZE_REPORTS.fork0.split
2026-07-26 13:00:02 [runtime] (split_complete)  ID.pbmc_1k_v3_count.SC_RNA_COUNTER_CS.SC_MULTI_CORE.MULTI_REPORTER.SUMMARIZE_REPORTS
2026-07-26 13:00:02 [runtime] (run:local)       ID.pbmc_1k_v3_count.SC_RNA_COUNTER_CS.SC_MULTI_CORE.MULTI_REPORTER.SUMMARIZE_REPORTS.fork0.join
2026-07-26 13:00:06 [runtime] (join_complete)   ID.pbmc_1k_v3_count.SC_RNA_COUNTER_CS.SC_MULTI_CORE.MULTI_REPORTER.SUMMARIZE_REPORTS
2026-07-26 13:00:06 [runtime] (ready)           ID.pbmc_1k_v3_count.SC_RNA_COUNTER_CS.SC_MULTI_CORE.MERGE_METRICS
2026-07-26 13:00:06 [runtime] (run:local)       ID.pbmc_1k_v3_count.SC_RNA_COUNTER_CS.SC_MULTI_CORE.MERGE_METRICS.fork0.chnk0.main
2026-07-26 13:00:06 [runtime] (ready)           ID.pbmc_1k_v3_count.SC_RNA_COUNTER_CS.SC_MULTI_CORE.WRITE_MULTI_WEB_SUMMARY
2026-07-26 13:00:06 [runtime] (ready)           ID.pbmc_1k_v3_count.SC_RNA_COUNTER_CS.SC_MULTI_CORE.MULTI_REPORTER.CLOUPE_PREPROCESS
2026-07-26 13:00:06 [runtime] (run:local)       ID.pbmc_1k_v3_count.SC_RNA_COUNTER_CS.SC_MULTI_CORE.MULTI_REPORTER.CLOUPE_PREPROCESS.fork0.split
2026-07-26 13:00:06 [runtime] (chunks_complete) ID.pbmc_1k_v3_count.SC_RNA_COUNTER_CS.SC_MULTI_CORE.MERGE_METRICS
2026-07-26 13:00:07 [runtime] (split_complete)  ID.pbmc_1k_v3_count.SC_RNA_COUNTER_CS.SC_MULTI_CORE.MULTI_REPORTER.CLOUPE_PREPROCESS
2026-07-26 13:00:07 [runtime] (run:local)       ID.pbmc_1k_v3_count.SC_RNA_COUNTER_CS.SC_MULTI_CORE.MULTI_REPORTER.CLOUPE_PREPROCESS.fork0.join
2026-07-26 13:00:21 [runtime] (join_complete)   ID.pbmc_1k_v3_count.SC_RNA_COUNTER_CS.SC_MULTI_CORE.MULTI_REPORTER.CLOUPE_PREPROCESS
2026-07-26 13:00:21 [runtime] (ready)           ID.pbmc_1k_v3_count.SC_RNA_COUNTER_CS.SC_MULTI_CORE.MULTI_REPORTER.APPEND_CELL_TYPES_CLOUPE
2026-07-26 13:00:21 [runtime] (run:local)       ID.pbmc_1k_v3_count.SC_RNA_COUNTER_CS.SC_MULTI_CORE.MULTI_REPORTER.APPEND_CELL_TYPES_CLOUPE.fork0.chnk0.main
2026-07-26 13:00:21 [runtime] (chunks_complete) ID.pbmc_1k_v3_count.SC_RNA_COUNTER_CS.SC_MULTI_CORE.MULTI_REPORTER.APPEND_CELL_TYPES_CLOUPE
2026-07-26 13:00:21 [runtime] (ready)           ID.pbmc_1k_v3_count.SC_RNA_COUNTER_CS.SC_MULTI_CORE.MULTI_REPORTER.CHOOSE_CLOUPE
2026-07-26 13:00:21 [runtime] (run:local)       ID.pbmc_1k_v3_count.SC_RNA_COUNTER_CS.SC_MULTI_CORE.MULTI_REPORTER.CHOOSE_CLOUPE.fork0.chnk0.main
2026-07-26 13:00:21 [runtime] (chunks_complete) ID.pbmc_1k_v3_count.SC_RNA_COUNTER_CS.SC_MULTI_CORE.MULTI_REPORTER.CHOOSE_CLOUPE

Outputs:
- Run summary HTML:                         /BiO/kbioman/kbiomanuser20/rnaseq_practice/pbmc_scrnaseq/results/pbmc_1k_v3_count/outs/web_summary.html
- Run summary CSV:                          /BiO/kbioman/kbiomanuser20/rnaseq_practice/pbmc_scrnaseq/results/pbmc_1k_v3_count/outs/metrics_summary.csv
- BAM:                                      /BiO/kbioman/kbiomanuser20/rnaseq_practice/pbmc_scrnaseq/results/pbmc_1k_v3_count/outs/possorted_genome_bam.bam
- BAM BAI index:                            /BiO/kbioman/kbiomanuser20/rnaseq_practice/pbmc_scrnaseq/results/pbmc_1k_v3_count/outs/possorted_genome_bam.bam.bai
- BAM CSI index:                            null
- Filtered feature-barcode matrices MEX:    /BiO/kbioman/kbiomanuser20/rnaseq_practice/pbmc_scrnaseq/results/pbmc_1k_v3_count/outs/filtered_feature_bc_matrix
- Filtered feature-barcode matrices HDF5:   /BiO/kbioman/kbiomanuser20/rnaseq_practice/pbmc_scrnaseq/results/pbmc_1k_v3_count/outs/filtered_feature_bc_matrix.h5
- Unfiltered feature-barcode matrices MEX:  /BiO/kbioman/kbiomanuser20/rnaseq_practice/pbmc_scrnaseq/results/pbmc_1k_v3_count/outs/raw_feature_bc_matrix
- Unfiltered feature-barcode matrices HDF5: /BiO/kbioman/kbiomanuser20/rnaseq_practice/pbmc_scrnaseq/results/pbmc_1k_v3_count/outs/raw_feature_bc_matrix.h5
- Secondary analysis output CSV:            /BiO/kbioman/kbiomanuser20/rnaseq_practice/pbmc_scrnaseq/results/pbmc_1k_v3_count/outs/analysis
- Per-molecule read information:            /BiO/kbioman/kbiomanuser20/rnaseq_practice/pbmc_scrnaseq/results/pbmc_1k_v3_count/outs/molecule_info.h5
- CRISPR-specific analysis:                 null
- Antibody aggregate barcodes:              null
- Loupe Browser file:                       /BiO/kbioman/kbiomanuser20/rnaseq_practice/pbmc_scrnaseq/results/pbmc_1k_v3_count/outs/cloupe.cloupe
- Feature Reference:                        null
- Target Panel File:                        null
- Probe Set File:                           null
- cell_types:                               {
    10x_Cloud:
      cell_types:                              null
      cell_annotation_results:                 null
      cell_annotation_differential_expression: null
    Azimuth:
      cell_types:                              /BiO/kbioman/kbiomanuser20/rnaseq_practice/pbmc_scrnaseq/results/pbmc_1k_v3_count/outs/cell_types/Azimuth/cell_types.csv
      cell_annotation_results:                 null
      cell_annotation_differential_expression: /BiO/kbioman/kbiomanuser20/rnaseq_practice/pbmc_scrnaseq/results/pbmc_1k_v3_count/outs/cell_types/Azimuth/cell_annotation_differential_expression.csv
  }

Alerts:

    WARNING: The glibc version of this operating system version will no longer
    be supported in a future release:
        glibc 2.27
    Future releases of this pipeline will require libc version 2.28 or higher.
    For more information, see https://support.10xgenomics.com/os-support.
Could not read token information from None: No token supplied; skipping annotation via 10x Cloud

    WARNING: The glibc version of this operating system version will no longer
    be supported in a future release:
        glibc 2.27
    Future releases of this pipeline will require libc version 2.28 or higher.
    For more information, see https://support.10xgenomics.com/os-support.

Waiting 6 seconds for UI to do final refresh.
Pipestance completed successfully!

2026-07-26 13:00:28 Shutting down.
Saving pipestance info to "pbmc_1k_v3_count/pbmc_1k_v3_count.mri.tgz"
=== 2026-07-26 13:00:50 | END: cellranger_count (exit=0) ===
