Feature,Normalized.Dispersion
ENSG00000290825,NaN
ENSG00000238009,-0.6613634760989067
ENSG00000241860,-1.54535822332815
ENSG00000286448,NaN
ENSG00000290385,-1.7916232665935248
ENSG00000291215,1.3214362652745328
ENSG00000237491,0.13797615052960635
ENSG00000290784,-0.5632722898248451
ENSG00000177757,-4.558758093668171
ENSG00000225880,0.0541194070530237
ENSG00000228794,-0.6020170589380912
ENSG00000288531,0.749252459139624
ENSG00000230368,-4.065687086569962
ENSG00000272438,-0.4963266819673614
ENSG00000230699,NaN
ENSG00000241180,NaN
ENSG00000187634,NaN
ENSG00000188976,-1.1446206250088737
ENSG00000187961,-0.6537065013816195
ENSG00000187583,-1.3806235227055046
ENSG00000272512,-2.221151993498212
ENSG00000188290,3.6081060747865044
ENSG00000187608,2.229116856167807
ENSG00000224969,0.44166167726509686
ENSG00000188157,-0.9930355747282066
ENSG00000291156,NaN
ENSG00000237330,NaN
ENSG00000131591,4.71703502670916
ENSG00000285812,-0.15185252500060137
ENSG00000223823,1.7276924014806048
ENSG00000162571,NaN
ENSG00000186891,4.081146778206973
ENSG00000186827,2.9928804718739443
ENSG00000078808,1.8967440332623238
ENSG00000176022,1
ENSG00000184163,11.759339327919609
ENSG00000260179,NaN
ENSG00000160087,-1.66096141327482
ENSG00000230415,-0.48743640686390943
ENSG00000162572,-0.9559196944662478
ENSG00000131584,-0.99863418610565
ENSG00000169972,-0.8569395389729424
ENSG00000127054,0.309627126534145
ENSG00000224051,-0.8654265230297237
ENSG00000169962,0.4681699541477413
ENSG00000107404,7.710805469085292
ENSG00000162576,2.5539952811722704
ENSG00000175756,-2.164368580789464
ENSG00000221978,-0.3730557711760808
ENSG00000224870,-1.2557511016826088
ENSG00000242485,-1.5171457717816421
ENSG00000272455,-0.6888222584440058
ENSG00000235098,-2.8720758939667768
ENSG00000215915,-0.022390601431145594
ENSG00000160072,-1.0675409724633322
ENSG00000290916,NaN
ENSG00000197785,-0.9795450107239517
ENSG00000205090,-0.22503773527176665
ENSG00000160075,-1.1222532402686687
ENSG00000215014,0.37253412235992345
ENSG00000228594,-2.251522026732186
ENSG00000286989,0.3728567487083518
ENSG00000272106,-1.2343384518491767
ENSG00000197530,-0.6925018715676289
ENSG00000189409,1.554658860743041
ENSG00000248333,-0.2731680321319616
ENSG00000272004,-0.6884454360935842
ENSG00000189339,0.3057909159510513
ENSG00000008128,-0.36537006324182
ENSG00000290854,-0.009996917344015732
ENSG00000008130,-0.579363754107994
ENSG00000078369,-0.8019354007425511
ENSG00000231050,-0.24024546522925122
ENSG00000178821,NaN
ENSG00000142609,NaN
ENSG00000187730,41.05653916783635
ENSG00000067606,1.4712438664716
ENSG00000271806,-0.3859881071910332
ENSG00000182873,NaN
ENSG00000162585,0.8601191924746757
ENSG00000234396,0.8212206035365746
ENSG00000157933,1.922709901274662
ENSG00000287356,6.005017752257344
ENSG00000116151,0.9299475840576634
ENSG00000272420,-1.5045846729506251
ENSG00000157916,-1.5877369967101875
ENSG00000157911,-0.8203257220064134
ENSG00000149527,1.285454987706251
ENSG00000224387,NaN
ENSG00000157881,-0.740654945323642
ENSG00000272449,1.1169759083573905
ENSG00000238164,0.697467747188312
ENSG00000157873,-1.176698847444425
ENSG00000228037,-1.3887260521902405
ENSG00000289610,-2.0426991003210757
ENSG00000157870,-1.0236114020880915
ENSG00000142606,-1.4485358697204997
ENSG00000215912,-0.3252340348094584
ENSG00000177133,NaN
ENSG00000142611,-1.645056772822575
ENSG00000162591,0.9378738762677574
ENSG00000238260,1.1169598844466562
ENSG00000158109,-1.4221047941298168
ENSG00000116213,-0.7521375794191361
ENSG00000078900,-11.211526672056825
ENSG00000227589,NaN
ENSG00000235169,-0.6265091855030255
ENSG00000130764,-1.267801610751464
ENSG00000116198,-0.7357612672937559
ENSG00000169598,-1.2103804659743045
ENSG00000198912,-0.355072540443814
ENSG00000236423,0.301200960318005
ENSG00000284703,NaN
ENSG00000196581,12.796951758747687
ENSG00000287586,NaN
ENSG00000284616,NaN
ENSG00000236948,5.684416865187373
ENSG00000289893,NaN
ENSG00000131697,-0.36902396094918993
ENSG00000069424,-0.4156791257904528
ENSG00000116254,0.30579116604559237
ENSG00000116251,-1.133864210164259
ENSG00000226944,NaN
ENSG00000158286,0.32156912755072076
ENSG00000116237,-1.2753034944156032
ENSG00000158292,0.4175884701810258
ENSG00000097021,-0.46569478930104774
ENSG00000271746,-1.1254465295048965
ENSG00000069812,-0.2483679997873601
ENSG00000187017,1.4548700623562674
ENSG00000215788,3.324240648387513
ENSG00000171680,-0.44484811342734887
ENSG00000162408,0.5072145097449474
ENSG00000173662,0.005236909556401585
ENSG00000204859,-1.069734917898716
ENSG00000162413,-1.0617197378901986
ENSG00000116273,-0.1922539489520393
ENSG00000041988,-1.232790357334552
ENSG00000007923,-0.5131917339118462
ENSG00000228750,NaN
ENSG00000284744,NaN
ENSG00000237436,-0.5495238406966275
ENSG00000171735,1.9166647251609463
ENSG00000237365,NaN
ENSG00000269978,NaN
ENSG00000049245,-1.4228944716909073
ENSG00000049246,0.5972308884607289
ENSG00000236266,0.5798780052919221
ENSG00000049247,2.328576030465152
ENSG00000049249,5.548549532969281
ENSG00000116288,-1.2187502706032323
ENSG00000284747,-0.7681355657824303
ENSG00000284716,NaN
ENSG00000116285,-0.780190482082097
ENSG00000238290,1.8662395461499544
ENSG00000288816,NaN
ENSG00000162426,-0.560379233019656
ENSG00000142599,0.3259610502682405
ENSG00000232912,-1.4325145575246474
ENSG00000228423,NaN
ENSG00000074800,-0.9956010591491031
ENSG00000230679,2.6642768116277797
ENSG00000131686,1.508147366378911
ENSG00000290109,1.3547293108224627
ENSG00000142583,-0.24761795842852677
ENSG00000180758,0.08158003839433568
ENSG00000228526,-1.1362936760368794
ENSG00000234546,NaN
ENSG00000049239,-0.8548070620150072
ENSG00000171621,4.496528200175167
ENSG00000284693,3.7053194404264653
ENSG00000171612,0.5950023845583473
ENSG00000188807,-0.21847323386612594
ENSG00000171608,-0.27191782655490626
ENSG00000179840,-1.4965466466990827
ENSG00000231789,-0.22375362443954852
ENSG00000171603,-0.2714723853043762
ENSG00000178585,0.2079401463261839
ENSG00000285701,1.7181355199260733
ENSG00000162441,-0.5123574251772959
ENSG00000228150,-1.5208768617093875
ENSG00000173614,-0.7200877075954065
ENSG00000162444,2.6792766632932894
ENSG00000130939,0.8128401008020162
ENSG00000054523,2.061792331251156
ENSG00000284735,1.3493638176801532
ENSG00000284642,-0.29791114574687233
ENSG00000142657,3.3619067061638237
ENSG00000271989,NaN
ENSG00000175279,-1.1428624291892562
ENSG00000241563,0.27575930447098
ENSG00000160049,0.5729718226689248
ENSG00000142655,1.0536678321949453
ENSG00000130940,1.0806688214576063
ENSG00000272078,30.199439073222916
ENSG00000175262,-0.4282376344256015
ENSG00000120948,-0.7568936844451748
ENSG00000009724,-1.089159220859584
ENSG00000116649,-0.9047118302155277
ENSG00000171824,-0.763358931518571
ENSG00000226849,-0.7499575423342066
ENSG00000230337,0.14237218373994961
ENSG00000198793,-0.48297673649769113
ENSG00000225602,-0.06397637491450475
ENSG00000171819,-0.5816900871355467
ENSG00000120942,-0.6218121584587861
ENSG00000284646,-0.9122320423300382
ENSG00000204624,NaN
ENSG00000284708,1.2808851222179904
ENSG00000116661,0.23928419391236044
ENSG00000132879,0.9441156405710333
ENSG00000116670,-0.899541190217127
ENSG00000116663,-0.21081428811479672
ENSG00000162490,-0.6039564371916806
ENSG00000177674,-0.2792191741602724
ENSG00000215910,-0.6070446845848527
ENSG00000177000,0.42088521580734173
ENSG00000011021,0.6779622997806991
ENSG00000175206,-1.5223464593896427
ENSG00000285646,3.3877154189909873
ENSG00000116685,-0.4786247904388633
ENSG00000083444,-1.6083299031789333
ENSG00000287384,NaN
ENSG00000116688,-0.027646594551446652
ENSG00000116691,0.34311461322337317
ENSG00000120949,-0.5595665718718704
ENSG00000028137,1.5238798411275667
ENSG00000048707,-0.718361380782824
ENSG00000229484,-1.0166025694054333
ENSG00000162496,1.881168626714069
ENSG00000288927,NaN
ENSG00000204518,NaN
ENSG00000162493,NaN
ENSG00000116731,0.5060764612002722
ENSG00000289380,-0.4485549075710818
ENSG00000189337,11.706909945297188
ENSG00000231606,-0.07393471557436816
ENSG00000175147,-0.8923228890357116
ENSG00000171729,0.9060034247749901
ENSG00000204464,NaN
ENSG00000142621,-0.3686672241035453
ENSG00000233485,NaN
ENSG00000228140,6.6625586863010415
ENSG00000142634,1.9152905829306313
ENSG00000162438,-0.2447197959474578
ENSG00000215704,0.2437226967332049
ENSG00000132906,-0.6997754946106018
ENSG00000116138,-0.537278126804442
ENSG00000272510,-0.31833088712662877
ENSG00000116771,-0.7241897266789837
ENSG00000237301,2.7767787536435566
ENSG00000197312,1.2242260406298784
ENSG00000271742,NaN
ENSG00000116786,-1.2984290960305436
ENSG00000237938,-0.8139497389312866
ENSG00000162461,-1.5627566912733402
ENSG00000162460,NaN
ENSG00000162458,-1.3768000329150032
ENSG00000233954,-1.58105264708521
ENSG00000179743,-0.7173886966047504
ENSG00000065526,0.1099064350182492
ENSG00000116809,1.3497363515934258
ENSG00000142627,-1.3802309336763714
ENSG00000142632,-1.2506322672077332
ENSG00000291077,NaN
ENSG00000288398,-1.2636134055000956
ENSG00000132881,-0.8519220389813853
ENSG00000037637,0.05704554615712266
ENSG00000055070,3.008625095852873
ENSG00000187144,-0.9035385419627773
ENSG00000157191,-2.0983694406243902
ENSG00000226029,-0.3695893336466371
ENSG00000290842,0.2697982741986545
ENSG00000261135,1.6211115493566384
ENSG00000219481,-1.090042160480269
ENSG00000291072,-0.23257037469678984
ENSG00000290849,NaN
ENSG00000058453,1.9537747467245217
ENSG00000290851,-0.3043207563729859
ENSG00000238142,-1.3908449672771157
ENSG00000272426,0.810537456497013
ENSG00000290122,-0.06722747540106801
ENSG00000226526,1.2578903430727906
ENSG00000159363,1.4503166330102413
ENSG00000117118,-1.570289284963645
ENSG00000117115,-0.45005172627162865
ENSG00000142619,NaN
ENSG00000159339,4.730071321030403
ENSG00000276747,-3.2623587815602226
ENSG00000179051,-1.2856390812213871
ENSG00000074964,-0.4144420268790416
ENSG00000284653,NaN
ENSG00000117154,NaN
ENSG00000230035,NaN
ENSG00000159423,6.329078504044718
ENSG00000169991,1.9662867141077514
ENSG00000272084,NaN
ENSG00000127481,-1.0210291925265707
ENSG00000230424,0.3348859061721362
ENSG00000127463,-1.6053113137291808
ENSG00000053372,-1.7463617853766655
ENSG00000053371,-1.5741640701348782
ENSG00000040487,-0.5039763294128949
ENSG00000077549,-1.2542027893663505
ENSG00000173436,-1.8306160033823213
ENSG00000235185,0.07778741896061174
ENSG00000158747,-0.4535703741631894
ENSG00000158748,-1.1779518373166513
ENSG00000162542,-0.06333000086059702
ENSG00000169914,-0.15137176026668417
ENSG00000127472,NaN
ENSG00000117215,NaN
ENSG00000158786,NaN
ENSG00000187980,-0.38975747748815476
ENSG00000162543,3.949719400456464
ENSG00000158816,-0.9348093839974225
ENSG00000226664,0.36029595067577946
ENSG00000236963,NaN
ENSG00000162545,0.7630171591764341
ENSG00000090432,-1.259127750889022
ENSG00000158825,3.06414275113614
ENSG00000158828,-1.2295845575227071
ENSG00000117242,-1.0514807105710495
ENSG00000244038,-1.3882555011566375
ENSG00000117245,-2.36101516843925
ENSG00000127483,-1.0153269073652766
ENSG00000075151,1.069661244432284
ENSG00000117298,1.668026395575219
ENSG00000231105,-0.5101246170227917
ENSG00000142794,-0.3330525135876909
ENSG00000162551,NaN
ENSG00000076864,NaN
ENSG00000090686,-0.7391507346215405
ENSG00000187942,-2.4667384713044487
ENSG00000142798,-1.9407378777452726
ENSG00000219073,0.010598420690411321
ENSG00000142789,NaN
ENSG00000228397,-0.16374653425047314
ENSG00000218510,-0.9180731401255856
ENSG00000285752,0.8829174682392914
ENSG00000070831,-1.2979928456306467
ENSG00000230068,-1.539550378156226
ENSG00000162552,NaN
ENSG00000285873,NaN
ENSG00000184677,0.25345532584026276
ENSG00000173372,4.616668862864903
ENSG00000133216,0.23927856162532463
ENSG00000227868,2.1600803943948903
ENSG00000004487,-0.4483635227920008
ENSG00000240553,1.5800243297351861
ENSG00000169641,0.5634273155208335
ENSG00000289014,NaN
ENSG00000261326,2.4171927115352467
ENSG00000284726,-0.6492733472130315
ENSG00000125944,-1.1869448649176306
ENSG00000125945,3.0065435727630425
ENSG00000249087,-1.9048410817058599
ENSG00000204219,-0.025122560705232038
ENSG00000088280,-1.5256832130483975
ENSG00000007968,-1.0760055218999922
ENSG00000235052,NaN
ENSG00000117318,4.154747531787375
ENSG00000285802,1.1654754175724924
ENSG00000197880,0.12080029247547472
ENSG00000142676,-1.0939169664973227
ENSG00000236810,3.3777049355586963
ENSG00000011007,-1.130676208265933
ENSG00000057757,-1.0736358076115446
ENSG00000289835,NaN
ENSG00000011009,-0.21713005417976952
ENSG00000117308,-1.4923921645052574
ENSG00000117305,0.11528505417856606
ENSG00000179163,-1.3758282487209295
ENSG00000188822,3.918763277921723
ENSG00000232557,0.9324337537519306
ENSG00000189266,-1.5015959112493615
ENSG00000188529,-1.3573002957410707
ENSG00000142661,NaN
ENSG00000142677,NaN
ENSG00000185436,3.6568831341788295
ENSG00000158055,NaN
ENSG00000232298,NaN
ENSG00000001460,2.626728540806814
ENSG00000001461,1.7182557621604626
ENSG00000288982,2.1376740870414555
ENSG00000286061,7.662507550221357
ENSG00000117602,3.29840343848631
ENSG00000264443,-1.0827032075550564
ENSG00000184454,0.01985663744004821
ENSG00000133226,-0.9551463897613531
ENSG00000284699,NaN
ENSG00000169504,5.9399194140175
ENSG00000020633,2.1752080804854437
ENSG00000261025,NaN
ENSG00000285823,NaN
ENSG00000233755,4.5424071312960415
ENSG00000231953,1.1234479680123837
ENSG00000117614,-1.703529219610078
ENSG00000284602,-1.0577006445448125
ENSG00000284657,NaN
ENSG00000117616,-0.7140516000981598
ENSG00000272432,0.4726594902359337
ENSG00000187010,4.448110928384504
ENSG00000183726,1.3798347533268547
ENSG00000188672,1.1902443400466098
ENSG00000204178,0.21599735708865644
ENSG00000157978,3.4181740379125647
ENSG00000225643,-0.8610783535736056
ENSG00000117643,2.3851369808093716
ENSG00000233478,0.853731537109887
ENSG00000162430,-1.5065515386002364
ENSG00000228172,3.5444002754080923
ENSG00000117640,0.9041122878087984
ENSG00000127423,-3.937085751378452
ENSG00000236528,-1.0817881527568072
ENSG00000182749,-1.355641404576124
ENSG00000117632,8.957330085909057
ENSG00000158006,1.4109628941701227
ENSG00000158014,NaN
ENSG00000284309,NaN
ENSG00000175087,0.2667490618803751
ENSG00000142684,3.89283956715686
ENSG00000142675,0.10569588435303655
ENSG00000130695,0.4931563916638478
ENSG00000142669,4.098539134596468
ENSG00000158062,-0.322933386997175
ENSG00000169442,-0.5822114920121672
ENSG00000176092,0.9247243591600578
ENSG00000176083,15.148835425473512
ENSG00000131914,NaN
ENSG00000117682,-0.4628900785936487
ENSG00000225891,-0.6130509338919878
ENSG00000198830,-0.7011646437621091
ENSG00000117676,-1.4121132175074493
ENSG00000289452,NaN
ENSG00000260063,0.7913659355504068
ENSG00000290006,NaN
ENSG00000117713,-0.4585482604879478
ENSG00000060642,-1.1710393470714036
ENSG00000204160,-0.8885197358843774
ENSG00000175793,NaN
ENSG00000142751,-0.7376476016336944
ENSG00000289554,-1.4456164836755259
ENSG00000198746,-0.5943282863208587
ENSG00000090273,-1.8581973689700864
ENSG00000175707,-0.009448772934551831
ENSG00000253368,-0.2726650999269725
ENSG00000158246,-8.195775359040777
ENSG00000090020,0.5702019771703379
ENSG00000224311,NaN
ENSG00000142784,1.0737954311107862
ENSG00000186501,-0.6197420398897517
ENSG00000142765,0.8890348116884932
ENSG00000142733,-1.2728624705934972
ENSG00000181773,NaN
ENSG00000158195,-0.300324447351945
ENSG00000241169,-1.2770291603411976
ENSG00000237429,21.066844219851664
ENSG00000126705,1.108438497030257
ENSG00000000938,2.397407635919107
ENSG00000233975,NaN
ENSG00000126709,5.500068270741695
ENSG00000225886,0.011299784481845116
ENSG00000287244,NaN
ENSG00000009780,0.220006238311039
ENSG00000117758,-0.4730799205798621
ENSG00000269971,0.23643357835961057
ENSG00000270031,-1.8307969350390798
ENSG00000286433,-1.168835996534745
ENSG00000117751,-1.6638977241891901
ENSG00000130775,0.17443426738917542
ENSG00000117748,-1.3725870315782935
ENSG00000130768,-0.8836968173109161
ENSG00000227050,-1.2794600391907291
ENSG00000158156,-1.0245130887348906
ENSG00000158161,0.824110666498899
ENSG00000289576,-1.020715518349514
ENSG00000169403,1.7763659334710846
ENSG00000126698,-1.6946250328288401
ENSG00000290123,2.7314450436918443
ENSG00000130770,-1.6294493380840833
ENSG00000270605,-1.3270794460697122
ENSG00000271398,NaN
ENSG00000130766,0.6461086216695459
ENSG00000130772,0.7372113006494341
ENSG00000204138,1.4701881472867926
ENSG00000180198,9.172944467037055
ENSG00000242125,-0.5441751612879318
ENSG00000180098,-0.8624912696436797
ENSG00000197989,-0.6147542552584574
ENSG00000120656,-1.1450304173539398
ENSG00000188060,NaN
ENSG00000229388,-0.5707730526009042
ENSG00000270103,-0.2567947207383758
ENSG00000162419,-0.08471537021665927
ENSG00000289291,-0.07058703475776906
ENSG00000198492,-1.1783911505281766
ENSG00000233427,NaN
ENSG00000159023,0.08094186137845522
ENSG00000253304,NaN
ENSG00000225750,NaN
ENSG00000116350,-1.0085404746011275
ENSG00000116353,0.08714126117381574
ENSG00000060656,NaN
ENSG00000162510,3.3521532126126097
ENSG00000186056,-0.2999232724969641
ENSG00000287510,NaN
ENSG00000162511,-1.0517330134461162
ENSG00000162512,-1.6403920556815086
ENSG00000134644,-0.7934065702286202
ENSG00000084628,1.6360563230618381
ENSG00000060688,-1.4168097275738876
ENSG00000121766,0.6841429423292521
ENSG00000229044,0.45283075649409704
ENSG00000121769,0.2842247092869409
ENSG00000168528,-0.7280949701309473
ENSG00000284543,4.848370922566585
ENSG00000121764,-0.18602166107252133
ENSG00000162517,-0.12496091759113252
ENSG00000235790,2.389195404711103
ENSG00000264078,-0.3541317012848139
ENSG00000084636,NaN
ENSG00000121753,3.7186982444148264
ENSG00000254545,NaN
ENSG00000134668,68.58649995140698
ENSG00000203620,NaN
ENSG00000269967,3.751723535056789
ENSG00000184007,1.4587392973090034
ENSG00000228634,3.7959278575305246
ENSG00000284702,NaN
ENSG00000121774,-1.2824592009216003
ENSG00000203325,0.012353535419624124
ENSG00000121775,2.2058450040719815
ENSG00000025800,0.6978421850610846
ENSG00000250135,-0.298720621976415
ENSG00000084652,-1.0842025909587811
ENSG00000160050,-0.5137355234082475
ENSG00000224066,-1.1959179249853147
ENSG00000160051,-0.6573068602847367
ENSG00000222046,-0.7974904753784376
ENSG00000160055,-1.4433644236466974
ENSG00000084623,-2.0752268280363264
ENSG00000291132,5.99758113775235
ENSG00000183615,0.4324709253795808
ENSG00000182866,1.9340757363901813
ENSG00000116478,-0.7810668224313717
ENSG00000175130,1.1208594974921955
ENSG00000162526,-0.5890610735572136
ENSG00000225828,10.854782912154281
ENSG00000160058,0.20506413291576756
ENSG00000273274,-0.15214204303621087
ENSG00000160062,2.5139261870016902
ENSG00000176261,0.3259189178382652
ENSG00000162521,-0.701940775172457
ENSG00000162520,-0.8824644130309542
ENSG00000224409,NaN
ENSG00000162522,-1.250197541796026
ENSG00000134684,0.28940519763994144
ENSG00000116497,0.7561490371753269
ENSG00000160097,NaN
ENSG00000287691,3.601124854170989
ENSG00000116514,2.1712250323261046
ENSG00000236065,-1.1564331170159814
ENSG00000004455,-0.915218062326651
ENSG00000142920,6.967309669833193
ENSG00000116525,0.08698928795680075
ENSG00000284721,2.319179662104179
ENSG00000160094,0.5593502792915509
ENSG00000184389,-0.9259206606737368
ENSG00000225313,-0.4855089891433282
ENSG00000134686,-1.3402253768787187
ENSG00000233246,-1.2583768321016526
ENSG00000121903,-0.672885765557905
ENSG00000121904,-0.6803621720035644
ENSG00000163866,3.178309399684251
ENSG00000187513,NaN
ENSG00000116544,-0.8563406116083027
ENSG00000243749,-1.685625227774733
ENSG00000163867,-0.4548869026327471
ENSG00000197056,0.6353957367483486
ENSG00000116560,-0.6277243079712646
ENSG00000146463,0.3919470346217448
ENSG00000227409,-0.5223585315839363
ENSG00000142687,-0.03727449344598546
ENSG00000020129,-1.052686531634696
ENSG00000239636,0.2625888930205407
ENSG00000116819,-0.47318039496988124
ENSG00000126067,-1.7576566505533249
ENSG00000142686,-1.311727567547343
ENSG00000092853,5.326098150671189
ENSG00000134698,1.1176288270524959
ENSG00000092847,-0.6475273766089685
ENSG00000286899,NaN
ENSG00000271914,0.04329783120505584
ENSG00000126070,-0.2818569721074959
ENSG00000271554,-0.8544252570267907
ENSG00000116863,-0.8545085913110446
ENSG00000171812,-1.8593280228043172
ENSG00000054116,-0.924220039617408
ENSG00000116871,-0.6065609472770004
ENSG00000054118,-1.0658724103628727
ENSG00000214193,1.3477646688869682
ENSG00000142694,30.399692301240187
ENSG00000286379,0.5001279554158876
ENSG00000196182,-0.6717134476372955
ENSG00000181817,-1.6932073606405038
ENSG00000116885,4.939248457616948
ENSG00000116898,-1.84317335328939
ENSG00000119535,6.137263259472013
ENSG00000163873,NaN
ENSG00000233621,5.240966751094632
ENSG00000163874,2.0333452172827116
ENSG00000163875,-1.2413311696761262
ENSG00000163877,-0.8631686674659543
ENSG00000134697,0.607159473486028
ENSG00000284748,NaN
ENSG00000169218,NaN
ENSG00000116922,-0.5498492038524913
ENSG00000134690,-1.4402222148512156
ENSG00000183317,NaN
ENSG00000185090,1.2953776629270946
ENSG00000196449,-1.0882624192588188
ENSG00000197982,-1.4818374006167145
ENSG00000188786,-0.5342464976824796
ENSG00000230955,NaN
ENSG00000204084,1.1059929673645517
ENSG00000183431,-1.5400450787016768
ENSG00000183386,-0.10600270543294342
ENSG00000183520,-1.522173518899827
ENSG00000185668,5.714697302375586
ENSG00000224592,NaN
ENSG00000238063,5.129523429493728
ENSG00000284632,2.592194463504079
ENSG00000116954,-1.1910220413764967
ENSG00000228436,4.009525895951049
ENSG00000214114,-1.5183456429221522
ENSG00000131233,NaN
ENSG00000158315,2.9137389279650447
ENSG00000174574,-1.1824786730816106
ENSG00000168653,-0.9589740107597913
ENSG00000127603,0.1697246901058989
ENSG00000287422,0.17211144697645572
ENSG00000226438,0.05001833819970726
ENSG00000183682,-0.7123916041631633
ENSG00000291129,0.40613089290169035
ENSG00000090621,-1.030878122937896
ENSG00000228060,-0.42669679251538273
ENSG00000163909,NaN
ENSG00000116981,-0.6418032655524467
ENSG00000116983,0.23765331938196227
ENSG00000084072,0.28231189777960486
ENSG00000116985,-2.336063236892365
ENSG00000198754,-3.109737305401376
ENSG00000261798,NaN
ENSG00000284719,-1.2778966463972345
ENSG00000284678,-1.3598339839273699
ENSG00000043514,-0.3800351370555351
ENSG00000116990,-1.5071478362528399
ENSG00000236546,NaN
ENSG00000168389,-1.3573803665482156
ENSG00000131236,-0.6505317970694972
ENSG00000131238,1.548213647393166
ENSG00000117000,-0.3826402348748249
ENSG00000188800,-1.708106813380822
ENSG00000259943,0.7468163379792021
ENSG00000084073,-0.33035609399954663
ENSG00000049089,-1.5771519721747596
ENSG00000084070,-0.41421349663953844
ENSG00000290111,-1.4875202800105276
ENSG00000284677,NaN
ENSG00000187801,-0.5975216245565196
ENSG00000260920,0.7268205454163077
ENSG00000187815,-0.9234898241436509
ENSG00000238287,0.95726560761211
ENSG00000164002,-1.2283930002435044
ENSG00000117010,-0.5705530406646871
ENSG00000286838,NaN
ENSG00000117016,-2.1768307115500805
ENSG00000237899,0.3913569548858863
ENSG00000272145,-0.8532474233215065
ENSG00000066136,0.7389336325673165
ENSG00000117013,-0.040508042304729305
ENSG00000179862,-0.5765199065004201
ENSG00000171793,-0.5310288675559843
ENSG00000281207,0.8062661958200978
ENSG00000171790,-0.422971736061131
ENSG00000010803,3.568998410815397
ENSG00000235358,NaN
ENSG00000291157,3.4763778731830923
ENSG00000204060,NaN
ENSG00000127124,4.685426632744392
ENSG00000230881,NaN
ENSG00000287587,NaN
ENSG00000198815,0.31832499462675257
ENSG00000177181,NaN
ENSG00000066185,2.8500111695025656
ENSG00000127125,-1.9463745411439197
ENSG00000186409,3.442556533861831
ENSG00000171960,-0.21476663888267405
ENSG00000285728,-0.11294865636940396
ENSG00000234917,NaN
ENSG00000065978,-1.268141415336332
ENSG00000117385,-0.36172224407655035
ENSG00000164008,-0.31725368049032726
ENSG00000274386,-0.3479200343359989
ENSG00000177868,-0.78732050813698
ENSG00000164010,-0.1126455471085549
ENSG00000228192,0.5665702847730367
ENSG00000164011,-1.1723679652778323
ENSG00000288955,0.7489705608190236
ENSG00000117394,2.4895038005078365
ENSG00000227533,6.08461683461999
ENSG00000117395,-1.9551039239290406
ENSG00000243710,0.0693806961853163
ENSG00000179178,NaN
ENSG00000066056,-0.25867821873223945
ENSG00000117400,59.90811319827374
ENSG00000287113,NaN
ENSG00000234694,-0.9403856385350879
ENSG00000117399,1.2533538219071598
ENSG00000066322,-1.3015109551228081
ENSG00000288772,-0.09329466020653873
ENSG00000159479,-1.6091414179488837
ENSG00000198198,0.21829463841879163
ENSG00000178922,15.209447058499233
ENSG00000229348,-1.9739492103195535
ENSG00000142949,-0.5364473234627075
ENSG00000066135,-0.6580734697458166
ENSG00000236200,0.009919196870147534
ENSG00000126091,1.8498743349435824
ENSG00000229444,-0.029111425581587358
ENSG00000237950,NaN
ENSG00000288573,0.20304641948288474
ENSG00000117408,-0.4165552727860508
ENSG00000285649,NaN
ENSG00000132768,-1.4768755067359163
ENSG00000117410,-0.15304995619278813
ENSG00000117411,-1.5906381094419322
ENSG00000159214,-0.9260960243525593
ENSG00000196517,0.9902097271208491
ENSG00000230615,-1.0470208513009356
ENSG00000178028,0.523022822158224
ENSG00000117419,-0.7857691293055771
ENSG00000233602,NaN
ENSG00000187147,0.38017787076388043
ENSG00000126106,-1.1086776295937117
ENSG00000198520,0.5596393651355756
ENSG00000142945,-0.6383087723767811
ENSG00000225721,0.6871407832985651
ENSG00000142937,-0.9291256612089112
ENSG00000142959,-0.8175716358393034
ENSG00000173846,-0.0480923096528859
ENSG00000188396,-0.6108834526438148
ENSG00000290041,-2.0359485173744067
ENSG00000222009,0.15668552125344473
ENSG00000117425,1.8409608993264284
ENSG00000070785,1.1953955672797483
ENSG00000126107,-1.3216360605792794
ENSG00000126088,-1.3557950898843876
ENSG00000162415,4.731588484177691
ENSG00000281912,0.3637404782948539
ENSG00000186603,-0.8712842559009243
ENSG00000132781,-0.8334865760521096
ENSG00000132773,0.16333575146663534
ENSG00000070759,4.543389272788014
ENSG00000280670,-0.30006122054001144
ENSG00000132763,-0.5222588918865388
ENSG00000117450,-1.4734983222644502
ENSG00000117448,-2.017892086728404
ENSG00000289407,NaN
ENSG00000132780,0.10528681001904944
ENSG00000159588,-1.4933103001950108
ENSG00000159592,-0.7653637070568216
ENSG00000159596,-1.5537301606522567
ENSG00000197429,1.2407499056314417
ENSG00000230896,-0.6396373259361444
ENSG00000086015,2.220135414324995
ENSG00000117461,3.5093705630650733
ENSG00000227857,NaN
ENSG00000117472,NaN
ENSG00000085998,-1.2755798261808264
ENSG00000171357,0.8157350605018938
ENSG00000085999,0.5166104528691009
ENSG00000132128,-0.01370947643594031
ENSG00000173660,-0.3179076970374983
ENSG00000117481,-1.1147943564862728
ENSG00000117480,-1.7588252946496965
ENSG00000291138,0.1789778279401531
ENSG00000197587,NaN
ENSG00000282881,NaN
ENSG00000269956,-0.9016269883151535
ENSG00000079277,0.31762291320676006
ENSG00000142961,3.5721321963265944
ENSG00000123472,-0.427782147699269
ENSG00000186118,12.47401374341153
ENSG00000228237,0.5304666734952725
ENSG00000159658,-0.36135170891200785
ENSG00000224805,50.74335656857421
ENSG00000162366,87.21269666696296
ENSG00000162367,25.79149653273336
ENSG00000123473,2.03052293577294
ENSG00000162368,2.520117636601794
ENSG00000225762,1.8701978850161245
ENSG00000237424,-0.49277197553867796
ENSG00000186564,1.8527300147224406
ENSG00000269113,NaN
ENSG00000226133,NaN
ENSG00000290466,NaN
ENSG00000223720,NaN
ENSG00000117834,NaN
ENSG00000132122,0.6040204161441991
ENSG00000186094,6.605967043872992
ENSG00000287661,NaN
ENSG00000162373,-0.4162932028754714
ENSG00000229846,NaN
ENSG00000162374,NaN
ENSG00000284696,NaN
ENSG00000185104,-0.24566388062518707
ENSG00000225767,0.08412202181844372
ENSG00000123080,-1.0859131359836165
ENSG00000290102,-0.7026331150272035
ENSG00000203356,1.5363362354886523
ENSG00000123091,3.7717318835862605
ENSG00000236434,0.723604801511706
ENSG00000085831,-0.35467304862498594
ENSG00000261664,0.5076492254825349
ENSG00000085832,-0.4512037502141775
ENSG00000238140,-0.21373552582879274
ENSG00000227070,3.6883295820111726
ENSG00000117859,-0.548365388713557
ENSG00000078618,-0.31421226504181177
ENSG00000266993,-0.01769653351558622
ENSG00000272175,NaN
ENSG00000169213,0.4727376026078858
ENSG00000117862,0.3309401353678205
ENSG00000198841,-1.6517319206344703
ENSG00000223390,0.4756188673985636
ENSG00000134717,-0.9428254966733483
ENSG00000157077,1.525235613576985
ENSG00000154222,-0.581203500622433
ENSG00000272100,NaN
ENSG00000287078,-0.8371826251267641
ENSG00000085840,0.056752381025933045
ENSG00000134748,-1.305647124149768
ENSG00000134744,0.49103040629956257
ENSG00000116157,-0.6014063539312028
ENSG00000182183,1.8281951088790758
ENSG00000162377,-1.2276545786833952
ENSG00000162378,0.41769882546123915
ENSG00000203995,1.5121554892327616
ENSG00000121310,1.1463788389273533
ENSG00000116171,0.949923172308855
ENSG00000174348,NaN
ENSG00000162383,0.997534366916713
ENSG00000157184,-1.497584118814836
ENSG00000236723,-1.1084820511765523
ENSG00000162384,-1.783127992506976
ENSG00000259818,-0.46548833327743827
ENSG00000162385,-2.20174467222624
ENSG00000226754,0.39391520740446784
ENSG00000157193,-0.28837357199725444
ENSG00000225675,-0.14021987774062197
ENSG00000285954,6.793201000653088
ENSG00000230138,-1.0024229098842825
ENSG00000174332,NaN
ENSG00000058804,2.140832484011632
ENSG00000058799,-0.5192927311681166
ENSG00000211452,1.2582549772748464
ENSG00000081870,-0.9234892923012894
ENSG00000116212,-1.2178815160349459
ENSG00000203985,NaN
ENSG00000116209,-1.919087326660812
ENSG00000116205,0.8505957953998577
ENSG00000157211,1.8668614244457173
ENSG00000215883,-0.5433440451030298
ENSG00000116221,-1.5738642418707014
ENSG00000157216,0.4103908052884637
ENSG00000198711,-0.21448870082864455
ENSG00000225632,0.3309205256432642
ENSG00000287582,NaN
ENSG00000162390,0.02160912605253085
ENSG00000162391,NaN
ENSG00000184313,-1.970060721042906
ENSG00000243725,-1.2016094067791183
ENSG00000162396,-1.6276265136921113
ENSG00000006555,-0.7049079721861321
ENSG00000237453,NaN
ENSG00000162398,-0.30666933753058656
ENSG00000116133,-1.3917023914900593
ENSG00000287724,2.0366866310014227
ENSG00000242396,1.6407727421675165
ENSG00000162402,0.8271724959539952
ENSG00000231090,6.507636080278312
ENSG00000234810,30.169073829846212
ENSG00000260971,4.051805875434336
ENSG00000162407,0.691352161090237
ENSG00000021852,-3.323114701384152
ENSG00000236341,NaN
ENSG00000173406,3.322884786583104
ENSG00000162600,-1.348141303247464
ENSG00000286918,-1.7942705532529726
ENSG00000184292,NaN
ENSG00000162601,-1.0387046601100203
ENSG00000283445,2.593334967554693
ENSG00000177606,-0.4899116523298586
ENSG00000290013,-0.49212336939583984
ENSG00000234807,-0.4887400413408028
ENSG00000231740,NaN
ENSG00000232453,-0.6729920268729384
ENSG00000237352,0.4447370855225056
ENSG00000224609,0.49299346167198854
ENSG00000172456,2.7581886900636245
ENSG00000226883,0.421329982495535
ENSG00000134709,0.1369624064009849
ENSG00000134716,NaN
ENSG00000238242,NaN
ENSG00000231252,0.1573905768316811
ENSG00000162599,6.012271547555592
ENSG00000237928,NaN
ENSG00000162604,-0.5037045866490261
ENSG00000271200,-0.1837817449498429
ENSG00000132849,2.822996879830752
ENSG00000240563,-0.6573641979029285
ENSG00000132854,1.7809801983981037
ENSG00000162607,-0.7287140025270341
ENSG00000116641,1.9384568957186017
ENSG00000235545,-0.0843118125518451
ENSG00000125703,0.7807360974116049
ENSG00000203605,NaN
ENSG00000224209,NaN
ENSG00000088035,-0.6333120904353975
ENSG00000142856,0.7470120989673639
ENSG00000286429,0.49499796452153383
ENSG00000203965,3.626171657545368
ENSG00000116652,-0.5014308630792749
ENSG00000079739,-0.6031523167244072
ENSG00000185483,14.076641136054814
ENSG00000223949,NaN
ENSG00000177414,NaN
ENSG00000158966,1.2526854074124447
ENSG00000162437,-0.07993499495845524
ENSG00000162434,-0.5533895265994156
ENSG00000226891,0.2530718535508865
ENSG00000288804,-0.45406901472572464
ENSG00000162433,-0.027300793104625392
ENSG00000116675,2.6909800055162143
ENSG00000229294,0.12630452592266272
ENSG00000290094,NaN
ENSG00000213625,3.1460363046153574
ENSG00000116678,1.0452615606938986
ENSG00000237852,1.7816305503127627
ENSG00000285079,NaN
ENSG00000184588,5.257693338674857
ENSG00000118473,NaN
ENSG00000248458,NaN
ENSG00000152760,NaN
ENSG00000152763,0.6216537665000665
ENSG00000198160,-0.2754403692092897
ENSG00000289394,1.9017671086874122
ENSG00000116704,1.647196046652411
ENSG00000203963,2.0420656628488865
ENSG00000162594,5.45714744290363
ENSG00000081985,17.915480785144595
ENSG00000142864,-1.1402578226025708
ENSG00000116717,17.58873237744641
ENSG00000172380,NaN
ENSG00000232284,-2.1527105400574262
ENSG00000116729,-0.12497879558820549
ENSG00000116745,NaN
ENSG00000024526,NaN
ENSG00000234264,NaN
ENSG00000285407,NaN
ENSG00000223883,NaN
ENSG00000033122,3.331706968896679
ENSG00000066557,0.2729295750372729
ENSG00000116754,-0.8754832495075556
ENSG00000228988,-3.0258964093593947
ENSG00000118454,1.6098000486845376
ENSG00000197568,-0.34190024058331486
ENSG00000116761,1.6796050261299729
ENSG00000271992,NaN
ENSG00000229051,NaN
ENSG00000050628,2.987995284908101
ENSG00000235079,-0.6037839953874367
ENSG00000132485,-1.082404847524518
ENSG00000229956,3.917168220631561
ENSG00000172260,9.71941738595854
ENSG00000231985,NaN
ENSG00000286863,5.765499942971722
ENSG00000225087,-0.2544933653413465
ENSG00000233973,NaN
ENSG00000162620,0.3646872766412508
ENSG00000254685,-0.9772860707560941
ENSG00000116783,3.6093237374676064
ENSG00000162621,NaN
ENSG00000178965,4.562757420224741
ENSG00000234497,NaN
ENSG00000272864,NaN
ENSG00000116791,1.0819052658728188
ENSG00000162623,-0.8133729808258595
ENSG00000162624,NaN
ENSG00000137968,NaN
ENSG00000117054,-0.22851046211906761
ENSG00000137955,-0.36762037578673545
ENSG00000057468,-0.22668703679197394
ENSG00000154007,NaN
ENSG00000184005,5.684836381360394
ENSG00000288543,NaN
ENSG00000230498,1.4505615048975453
ENSG00000142892,0.9860568703489183
ENSG00000289212,0.23818894621885425
ENSG00000287870,NaN
ENSG00000154027,5.668273940100076
ENSG00000233099,NaN
ENSG00000287647,1.8936507917834537
ENSG00000036549,-0.5558877716070586
ENSG00000077254,-0.6870954264682738
ENSG00000180488,0.004785102533908879
ENSG00000235927,30.467123840981333
ENSG00000162614,15.146076192994162
ENSG00000162613,-0.8938105615654784
ENSG00000162616,-1.320956078023882
ENSG00000137960,-1.0248854657222801
ENSG00000273338,2.215757990305646
ENSG00000237413,NaN
ENSG00000122420,NaN
ENSG00000137959,6.174592864673377
ENSG00000137965,1.317823956451125
ENSG00000162618,6.393277268309242
ENSG00000285409,0.8977599811486924
ENSG00000234184,5.896804767662705
ENSG00000117114,-1.1728550674528908
ENSG00000236676,-1.164043039335214
ENSG00000233290,NaN
ENSG00000230817,51.59171203807137
ENSG00000236268,NaN
ENSG00000285782,4.444541977858241
ENSG00000233008,6.670092624544286
ENSG00000237076,NaN
ENSG00000137941,6.9743716130098345
ENSG00000285201,NaN
ENSG00000271576,-0.5124186807887737
ENSG00000142875,0.9063435566112326
ENSG00000203943,6.813693002914669
ENSG00000117133,-0.7657382714736182
ENSG00000174021,-0.989856404081759
ENSG00000122432,-0.5098062350103766
ENSG00000117151,-1.3203314914706727
ENSG00000284882,0.43154857574979055
ENSG00000289881,NaN
ENSG00000180869,NaN
ENSG00000117155,4.466487926808497
ENSG00000171517,-0.5656847578599055
ENSG00000153898,3.5274133548889566
ENSG00000162643,3.9632345668386737
ENSG00000055732,0.5397491360128662
ENSG00000097096,-0.19866368350452432
ENSG00000162642,0.8287192056508481
ENSG00000142867,-0.9823043708450088
ENSG00000223653,6.131642110101947
ENSG00000153904,19.712394345295817
ENSG00000142871,NaN
ENSG00000117174,1.197597914433241
ENSG00000171502,6.632815974936353
ENSG00000285210,7.11034542441064
ENSG00000122417,0.7520337698819081
ENSG00000137975,NaN
ENSG00000236915,2.3500683148277743
ENSG00000291014,NaN
ENSG00000097033,-1.0951429661217078
ENSG00000183291,-0.7102151171222244
ENSG00000153936,4.014702660648343
ENSG00000267734,-1.058768724019876
ENSG00000267272,NaN
ENSG00000143013,-0.42296609465405494
ENSG00000227290,1.4781599811227206
ENSG00000237505,-0.8915610368769821
ENSG00000065243,-0.007346715905837285
ENSG00000137947,-0.6961445096063875
ENSG00000137944,0.12303876099706507
ENSG00000213516,-1.4983011934533956
ENSG00000117226,-0.6658014257961442
ENSG00000117228,2.337457496626311
ENSG00000162645,1.559911960710704
ENSG00000289582,-0.18452009710095393
ENSG00000286802,0.8061485188734697
ENSG00000213512,-1.7259536544597496
ENSG00000162654,-0.16684638574928848
ENSG00000284734,0.3645244031877919
ENSG00000154451,3.079884925183502
ENSG00000237568,-0.8769423948228161
ENSG00000183347,NaN
ENSG00000290525,2.16220855722945
ENSG00000286548,2.4022588691015474
ENSG00000197147,-0.32422742275131416
ENSG00000231999,-0.5017815819265188
ENSG00000230735,NaN
ENSG00000171488,1.5464467363008298
ENSG00000272931,-0.40420332269460824
ENSG00000171492,0.7080739969611825
ENSG00000162664,-0.7377951018129957
ENSG00000287406,NaN
ENSG00000287372,NaN
ENSG00000233593,-1.185888738464356
ENSG00000285532,NaN
ENSG00000225446,NaN
ENSG00000272094,NaN
ENSG00000122482,-0.3695895638650494
ENSG00000162669,-1.6242005042988332
ENSG00000097046,1.3067621424425084
ENSG00000069702,13.38612331847286
ENSG00000137948,0.47127312475523253
ENSG00000289483,NaN
ENSG00000172031,1.4934980210102768
ENSG00000189195,-0.2686624707472252
ENSG00000203910,NaN
ENSG00000174842,2.102264212997036
ENSG00000122484,-0.13652238205468484
ENSG00000162676,1.377562360930037
ENSG00000067208,2.6733742167930936
ENSG00000122406,-0.9622707209455161
ENSG00000154511,2.771245698523164
ENSG00000289544,-0.4569680281681884
ENSG00000287797,NaN
ENSG00000143033,1.0688216174202236
ENSG00000117500,0.0026006048565876596
ENSG00000122483,0.5037071370120157
ENSG00000223745,0.41062323260253175
ENSG00000117505,-1.1716191893709962
ENSG00000137942,2.811684671103356
ENSG00000137936,-0.2107425966043005
ENSG00000224093,0.6682023450980484
ENSG00000260464,-0.19739340331502872
ENSG00000067334,-1.286279782804589
ENSG00000023909,5.702016322128702
ENSG00000198691,NaN
ENSG00000137962,-0.664920983425681
ENSG00000117528,0.7583536849524363
ENSG00000117525,-1.6038302370408701
ENSG00000288736,0.0631239069987179
ENSG00000143036,-0.5060319903717154
ENSG00000117519,0.45816389382066786
ENSG00000235501,NaN
ENSG00000172339,0.28203902657843277
ENSG00000152078,2.951471208233211
ENSG00000226026,NaN
ENSG00000122481,-1.3204148865931096
ENSG00000228852,0.834324316944979
ENSG00000117569,0.7228717657805088
ENSG00000188641,1.1583399451022438
ENSG00000232878,-0.03940489500825902
ENSG00000232542,3.032606596155672
ENSG00000162627,-3.5099602318725234
ENSG00000232825,-0.9753263417666055
ENSG00000224445,NaN
ENSG00000156869,-0.006181837130287446
ENSG00000162688,1.120803339964266
ENSG00000228084,-1.1905208271975776
ENSG00000117620,-0.644503955347581
ENSG00000288826,0.21416422634867996
ENSG00000156875,-1.0762144659308572
ENSG00000241073,-0.5038111667471037
ENSG00000156876,3.001621546907717
ENSG00000122435,0.8723030867340893
ENSG00000122477,1.9170827972964601
ENSG00000137992,0.23146582750598269
ENSG00000285530,-0.21336158709924893
ENSG00000224616,-0.40568120218601805
ENSG00000137996,-1.0249174886052954
ENSG00000079335,3.9313788810359713
ENSG00000228086,1.4015096909221638
ENSG00000162694,-0.33445642445670254
ENSG00000273204,1.1565546292972066
ENSG00000162695,-0.7975285698657328
ENSG00000117543,-0.41451225408891895
ENSG00000235795,2.736868285992809
ENSG00000233184,1.0068706871813855
ENSG00000225938,-1.4831425529736835
ENSG00000170989,0.06806545013116133
ENSG00000231671,1.513186252243395
ENSG00000226715,NaN
ENSG00000233359,-0.26153781122388736
ENSG00000060718,NaN
ENSG00000224613,1.9169358379788144
ENSG00000185946,-0.16111960912108894
ENSG00000240038,1.0917704809982625
ENSG00000230768,NaN
ENSG00000237480,NaN
ENSG00000237460,NaN
ENSG00000198890,-1.1180231134667533
ENSG00000162631,8.010501836612017
ENSG00000289612,NaN
ENSG00000134215,2.975430012597595
ENSG00000230489,2.1460509054130315
ENSG00000226822,0.24274204162945803
ENSG00000085491,-0.2593741708480331
ENSG00000260879,-1.3770033898478806
ENSG00000290547,1.5436053377021335
ENSG00000162636,1.0093040151798711
ENSG00000162639,0.1389995533931198
ENSG00000285923,-0.7927608671181291
ENSG00000290126,-0.9633081701653093
ENSG00000134186,-1.4760578300052398
ENSG00000143107,1.1706498880829264
ENSG00000116266,-1.1718550988057368
ENSG00000162641,-0.25637143518223365
ENSG00000121957,0.039555029411396214
ENSG00000121940,-0.6000476961036298
ENSG00000085433,0.4280411184577575
ENSG00000197780,-0.8590849176586358
ENSG00000273382,-0.4067298679165069
ENSG00000215717,-0.7496898135776359
ENSG00000270066,-0.13373853378758238
ENSG00000179902,-0.05741892386507902
ENSG00000116299,1.1438117849053835
ENSG00000031698,-0.8210243565524246
ENSG00000143126,-1.010488196073414
ENSG00000134222,-1.5687977304685887
ENSG00000134243,1.0091331021136054
ENSG00000143106,-1.317375496582415
ENSG00000143028,NaN
ENSG00000162650,-0.7879034157397982
ENSG00000174151,-1.1072145767255126
ENSG00000181754,-0.6487760246589178
ENSG00000290117,-0.5043431093450855
ENSG00000065135,-1.0133691107721448
ENSG00000225113,NaN
ENSG00000134183,-1.7650441066614708
ENSG00000116337,-1.0012591150245336
ENSG00000168765,4.116711269154119
ENSG00000213366,-0.05583578113319411
ENSG00000260246,NaN
ENSG00000134201,NaN
ENSG00000134202,-0.8277268398822929
ENSG00000198758,NaN
ENSG00000228420,NaN
ENSG00000261055,NaN
ENSG00000184371,15.046368743356448
ENSG00000168710,-1.2840426196164396
ENSG00000143093,1.1959881392227274
ENSG00000291326,NaN
ENSG00000258634,-0.9346381286483951
ENSG00000156150,NaN
ENSG00000116396,1.877790834296385
ENSG00000227963,-0.4239487544956851
ENSG00000162775,-1.3439688573530733
ENSG00000224699,0.19999476772210695
ENSG00000168679,2.109900816820241
ENSG00000273373,-1.7700401221616613
ENSG00000134248,-1.9462553583527176
ENSG00000177301,4.606980294296097
ENSG00000177272,0.2805090688559334
ENSG00000288803,-0.2863199412043337
ENSG00000143119,-1.0827484815996826
ENSG00000261654,0
ENSG00000232811,0.1438257237114697
ENSG00000121931,-0.6136390912026279
ENSG00000273010,17.197866326899756
ENSG00000156171,-0.7808852904049302
ENSG00000134255,0.34006609016142453
ENSG00000272982,3.061913829317016
ENSG00000273221,0.288078893520028
ENSG00000162777,0.8795304357778962
ENSG00000064886,7.363363673114395
ENSG00000134216,NaN
ENSG00000173947,0.10741428324865476
ENSG00000085465,-0.33264689118498736
ENSG00000260948,-0.41837744298826973
ENSG00000243960,-0.9158014700216092
ENSG00000116455,-1.0792089110517538
ENSG00000116459,-1.642612845236383
ENSG00000143110,0.23799341241722696
ENSG00000121933,-1.4638142979146038
ENSG00000282608,-3.7494421994757468
ENSG00000116473,-0.5205067239044034
ENSG00000231346,-5.271254481638661
ENSG00000197852,1.7762196907201284
ENSG00000227811,24.948018971625604
ENSG00000284830,-0.07883129442585943
ENSG00000064703,3.219141922878813
ENSG00000171385,42.27261262161009
ENSG00000231437,35.23251726965545
ENSG00000231246,29.19493348610083
ENSG00000143079,-0.09314350851519894
ENSG00000134245,-1.070651629087952
ENSG00000273483,-0.3151724664836328
ENSG00000007341,0.27958516561954566
ENSG00000116489,-1.024175549644401
ENSG00000155363,-0.7494593178506119
ENSG00000225075,NaN
ENSG00000155366,4.963188716817625
ENSG00000155367,0.18939493859825043
ENSG00000261595,NaN
ENSG00000215866,0.07876091537423711
ENSG00000224167,0.35842703247086266
ENSG00000155380,1.6920913726352331
ENSG00000226419,2.8069019735475726
ENSG00000287807,-0.03135365207479907
ENSG00000238198,0.4834430514580557
ENSG00000198799,1.6018177092905082
ENSG00000081026,4.158615696795234
ENSG00000116793,1.3282711548621082
ENSG00000081019,-0.3328010910403581
ENSG00000231128,-0.42335435780130254
ENSG00000134242,1.5983459208464446
ENSG00000226167,-0.031049285383670158
ENSG00000188761,-1.2640912492842573
ENSG00000134262,-0.8368514147062462
ENSG00000118655,-0.9726096854946831
ENSG00000235527,2.6076432999306562
ENSG00000163349,0.713370005490977
ENSG00000116774,NaN
ENSG00000232895,-0.5163731214351258
ENSG00000197323,-0.5195961440121272
ENSG00000116752,1.4225043482669086
ENSG00000175984,2.7333261203194126
ENSG00000116748,NaN
ENSG00000213281,-1.64166458275354
ENSG00000009307,-1.2056123367587683
ENSG00000052723,-0.5979594435052572
ENSG00000134198,7.743859212085193
ENSG00000233730,-0.8526992785813295
ENSG00000173218,-0.6782365652016561
ENSG00000118729,NaN
ENSG00000163393,1.5375675464971055
ENSG00000173212,-0.6369878268933332
ENSG00000163399,0.2510810205334207
ENSG00000203865,0.18387770001703072
ENSG00000233154,0.637966599998039
ENSG00000224950,-0.748545521543248
ENSG00000286276,NaN
ENSG00000116815,-0.1542794933403464
ENSG00000143061,0.10407411613239632
ENSG00000116824,1.6300577776891778
ENSG00000134247,-0.40161735795233267
ENSG00000134256,-0.7697841199194915
ENSG00000236137,-1.2973289830682821
ENSG00000116830,-0.2087654217583303
ENSG00000134253,0.009479398460135067
ENSG00000235202,NaN
ENSG00000271427,-0.20920671494454024
ENSG00000198162,1.1166174598611331
ENSG00000236866,0.26807986298114267
ENSG00000183508,2.1987948863923346
ENSG00000196505,-0.8796925650505686
ENSG00000065183,-0.34033196318165626
ENSG00000155761,-0.3064056717159293
ENSG00000092607,NaN
ENSG00000116874,0.9933603351742772
ENSG00000224238,NaN
ENSG00000231365,0.9697110816773719
ENSG00000227712,-0.05682219998197442
ENSG00000260941,-0.13381136646476127
ENSG00000143067,0.4092066043508959
ENSG00000092621,27.96995145763799
ENSG00000134193,-0.640172840461288
ENSG00000134250,0.8193469895499949
ENSG00000265808,-1.0960360660910988
ENSG00000290569,4.711369361024338
ENSG00000270231,1.9215018129184145
ENSG00000290999,0.6640308454356264
ENSG00000286106,-0.9621988144911225
ENSG00000273136,-0.9346728482813432
ENSG00000287979,3.1022771881679208
ENSG00000226067,-0.29750201430993517
ENSG00000290904,23.69173988229102
ENSG00000291135,-0.6974705864254217
ENSG00000227193,1.5461446073458602
ENSG00000188610,-2.4806449797253194
ENSG00000171943,-0.6277453100360578
ENSG00000230806,-0.8666359825945466
ENSG00000227082,3.572661026430675
ENSG00000228826,-1.2503289340721935
ENSG00000272583,-0.3330497744334847
ENSG00000291141,0.5572773457711827
ENSG00000232721,0.751836969126293
ENSG00000290735,NaN
ENSG00000273213,-0.3528475820908954
ENSG00000230186,0.7162554652724735
ENSG00000263513,NaN
ENSG00000289318,-1.5508335880612623
ENSG00000232527,NaN
ENSG00000237343,-0.32613214792865036
ENSG00000266338,2.095437512137904
ENSG00000290121,-0.17629976540134587
ENSG00000224363,-1.4554159208229775
ENSG00000196369,0.926714189324421
ENSG00000215784,0.3253195468183058
ENSG00000290867,0.2652526576556653
ENSG00000276216,3.1120404158622397
ENSG00000236140,0.24184477912878435
ENSG00000162825,0.3411162199074952
ENSG00000291005,-1.2989987290325515
ENSG00000117262,-0.38701265996745654
ENSG00000174827,-0.3313114248965642
ENSG00000117281,6.559808307874425
ENSG00000265491,0.9559696947884401
ENSG00000186141,-1.5301330513231501
ENSG00000186364,-1.1252595022982745
ENSG00000131788,-0.6071503475785792
ENSG00000198483,1.048889573478798
ENSG00000143127,0.20698404590318256
ENSG00000131779,-1.1317948505478572
ENSG00000265241,-1.3950338014076082
ENSG00000234222,-0.9736988639489762
ENSG00000271601,-0.27411720464065026
ENSG00000272031,-0.9021480199558369
ENSG00000121851,-1.1734426874213588
ENSG00000265972,-0.8117854729989301
ENSG00000168509,0.49222916895088986
ENSG00000287190,0.31723449578356266
ENSG00000233396,0.09196528097492862
ENSG00000271425,-0.6454387918152844
ENSG00000264343,-0.7201611760096718
ENSG00000276509,-1.7021633196574848
ENSG00000290578,0.9553422476603148
ENSG00000287978,-0.5425274611507689
ENSG00000291242,-3.995962183188442
ENSG00000289321,-10.209556311150497
ENSG00000290557,NaN
ENSG00000291243,NaN
ENSG00000268043,-0.4899867447745631
ENSG00000131791,-0.5975803684159126
ENSG00000237188,3.951167559056667
ENSG00000131781,-0.19870434438471082
ENSG00000131778,-0.7814886524717274
ENSG00000278811,-0.551137089042921
ENSG00000116128,0.8883387746390355
ENSG00000289419,-0.7103304011463419
ENSG00000162836,-0.4286156279232896
ENSG00000188092,1.1271004106339586
ENSG00000290705,-0.23721697115213286
ENSG00000273059,NaN
ENSG00000274372,NaN
ENSG00000263956,0.2600230253862564
ENSG00000232265,NaN
ENSG00000227733,NaN
ENSG00000274020,2.1001682987230805
ENSG00000224481,2.6585101627564187
ENSG00000291232,-0.6342636891247105
ENSG00000270629,-0.8745227315738809
ENSG00000286019,-1.070814689248622
ENSG00000177144,-0.5226823645809544
ENSG00000178104,-0.6768292629888494
ENSG00000254539,NaN
ENSG00000269713,-0.6814615397361526
ENSG00000274265,-0.13374034968976511
ENSG00000289614,-0.6325812512857424
ENSG00000291233,-0.538330533970932
ENSG00000272755,0.11605208735066572
ENSG00000286219,-1.2263805406627974
ENSG00000271383,0.002978808388370172
ENSG00000288867,NaN
ENSG00000291158,-0.017679746850297065
ENSG00000290790,-0.9422389992483127
ENSG00000150337,-0.8968588928538548
ENSG00000203814,6.98949282556875
ENSG00000183598,-0.7255429931995155
ENSG00000270882,2.9077550330078736
ENSG00000288825,NaN
ENSG00000290791,0.0035500967683138314
ENSG00000290792,0.23062722822008003
ENSG00000288859,-1.3789804632601177
ENSG00000270276,2.862433265967597
ENSG00000264207,-1.3760350433748068
ENSG00000184678,8.671070338455277
ENSG00000184260,-0.8780252932879832
ENSG00000184270,0.28490895051041903
ENSG00000178096,0.8523718176309403
ENSG00000159164,2.3328150463338795
ENSG00000143368,-1.9021802322740269
ENSG00000014914,-0.9714749822323312
ENSG00000264522,4.198305198394319
ENSG00000285184,2.50942387736353
ENSG00000136631,1.0511294842164582
ENSG00000023902,6.013249999889873
ENSG00000285554,-0.6079859351224066
ENSG00000143401,-1.2604918115372714
ENSG00000276110,NaN
ENSG00000118298,1.4281465590295135
ENSG00000117362,-1.6556173971139772
ENSG00000118292,2.026151973221129
ENSG00000289041,3.1245566763613772
ENSG00000159208,0.5554297891474456
ENSG00000266472,-1.298415231660258
ENSG00000117360,-0.3014080595555738
ENSG00000163125,1.2036615904961965
ENSG00000143374,1.9510411722090217
ENSG00000143369,21.652866652334477
ENSG00000228126,-0.34210506659315587
ENSG00000237781,-0.8332613777899811
ENSG00000143382,-1.437511949269705
ENSG00000203804,0.15948492905175154
ENSG00000143384,1.3872907469814013
ENSG00000289457,-0.950935875970457
ENSG00000290074,-0.890756849446469
ENSG00000143420,0.23652709194788515
ENSG00000288880,0.8694556427055715
ENSG00000143457,0.3241758709272169
ENSG00000143452,-1.039572209627508
ENSG00000163131,3.8480133232426614
ENSG00000143387,-1.0998192314885793
ENSG00000143437,0.6827107465758759
ENSG00000143379,-0.2157270265136715
ENSG00000143418,4.2723246536120705
ENSG00000231073,2.761417748811332
ENSG00000143412,-0.39048424855772146
ENSG00000143409,20.33435533873679
ENSG00000143363,0.4361476525692019
ENSG00000163141,1.8468892437902882
ENSG00000143443,-0.33704766212011644
ENSG00000197622,-0.889974827705123
ENSG00000213190,0.23918997028407
ENSG00000143458,2.5689056262833296
ENSG00000261168,NaN
ENSG00000143434,-0.37614571774029093
ENSG00000163154,-0.7886398661552154
ENSG00000163156,-1.318451398693018
ENSG00000163155,2.5097954843349695
ENSG00000163157,0.04045265098897005
ENSG00000163159,-0.9797486848009724
ENSG00000143398,-0.0351314704654393
ENSG00000159352,-1.5233829688423892
ENSG00000232671,-0.9267480451862973
ENSG00000143373,-1.0531632013945906
ENSG00000143393,-0.7332431392099664
ENSG00000273481,NaN
ENSG00000143390,-1.325594622921555
ENSG00000237976,-1.242138673826744
ENSG00000143416,69.59028334027359
ENSG00000159377,-1.729121819546644
ENSG00000143442,0.005595678092226624
ENSG00000143375,NaN
ENSG00000143367,0.26199398467021645
ENSG00000232536,-0.05252123657633914
ENSG00000143376,-0.46315150871607985
ENSG00000269621,-0.016803666152800382
ENSG00000143436,-1.2908847101716723
ENSG00000143450,0.9001100236318119
ENSG00000249602,0.24862708677521786
ENSG00000182134,0.2880236333704984
ENSG00000203288,-0.9341887047934421
ENSG00000213171,NaN
ENSG00000143365,2.6901924943246756
ENSG00000225556,-0.16045393067977348
ENSG00000234614,1.7461273068715204
ENSG00000196407,59.37567532524307
ENSG00000159445,0.35409110202540683
ENSG00000285651,-0.5263771842080359
ENSG00000286581,5.883639172850012
ENSG00000197747,1.6743861238308713
ENSG00000229021,-0.5856491870997453
ENSG00000163191,2.0582359252382503
ENSG00000159450,NaN
ENSG00000237975,2.460723263172947
ENSG00000143520,NaN
ENSG00000289062,0.9095116649410643
ENSG00000203782,NaN
ENSG00000163220,8.572758098052974
ENSG00000163221,11.897581572851497
ENSG00000143546,11.887461836505183
ENSG00000238279,NaN
ENSG00000197956,1.69512126792891
ENSG00000196420,-1.5061819629480495
ENSG00000196154,0.9862583681634812
ENSG00000188015,4.492583773259212
ENSG00000196754,-0.019685929416329212
ENSG00000285867,1.9400469582611881
ENSG00000189171,-1.0410816015363702
ENSG00000272030,-1.3326521777490343
ENSG00000160679,-0.7365654477037915
ENSG00000143553,0.10815024319084261
ENSG00000143621,-1.7839291150805943
ENSG00000143624,-0.9746328833040822
ENSG00000143554,0.08752530677922736
ENSG00000143614,-0.35037650240044055
ENSG00000291199,NaN
ENSG00000284738,-1.5792958393799557
ENSG00000198837,-0.7740779726284904
ENSG00000289935,-2.7580621700291026
ENSG00000160741,0.24823199741785953
ENSG00000143570,-1.7627991146797648
ENSG00000282386,0.6991172380073192
ENSG00000273026,NaN
ENSG00000143578,-1.210585882388207
ENSG00000143543,-1.8443923100041417
ENSG00000272654,-1.1084187672873738
ENSG00000143545,-1.3906688290761007
ENSG00000177954,-0.5870056947248777
ENSG00000143552,1.7666990002222067
ENSG00000143549,-0.32990466991542755
ENSG00000163263,1.5628743599451886
ENSG00000143612,-1.4166160820552542
ENSG00000143569,-0.8804461818676329
ENSG00000143575,-1.7265050162576225
ENSG00000143595,38.9578874275093
ENSG00000143515,2.6930057522875064
ENSG00000228013,0.672851248508431
ENSG00000160712,0.7499655182394801
ENSG00000169291,0.7071939432235634
ENSG00000273110,-0.6614103241051988
ENSG00000163239,0.7289645542890484
ENSG00000160714,4.960036812003079
ENSG00000160716,NaN
ENSG00000160710,-0.8245551908596517
ENSG00000143603,2.064694054986435
ENSG00000163344,-0.942030634245878
ENSG00000270361,-0.6171633743012034
ENSG00000163346,0.37321007010663426
ENSG00000163348,-0.9466010485244905
ENSG00000271380,-0.08336561476287269
ENSG00000160691,-1.586700528803148
ENSG00000173207,-1.6162347350225716
ENSG00000160688,-1.1092435376861998
ENSG00000163352,NaN
ENSG00000289103,-1.4335993842874042
ENSG00000160685,-1.718400402903431
ENSG00000163354,-0.35194074434051675
ENSG00000163357,2.121094598895744
ENSG00000232093,0.781864974290638
ENSG00000143537,-0.3286157689194792
ENSG00000243364,-0.6781186013038752
ENSG00000143590,-0.5064088970806531
ENSG00000169242,0.1390834640173078
ENSG00000169241,0.5660392248002672
ENSG00000179085,-0.8640047316014509
ENSG00000163463,-1.677721232890227
ENSG00000163462,-0.09919205127415744
ENSG00000185499,-0.33388400488225506
ENSG00000231064,-1.0894648704440748
ENSG00000169231,-0.6316572151188938
ENSG00000173171,3.9412535585856645
ENSG00000291137,-1.4190274277774797
ENSG00000177628,5.259683319082582
ENSG00000160767,0.4900312253145821
ENSG00000116521,-0.6575499381079346
ENSG00000176444,-0.4908100822252397
ENSG00000143630,18.017126060028538
ENSG00000143627,NaN
ENSG00000160752,1.962439105887169
ENSG00000225855,-0.33310075187870164
ENSG00000160753,-0.7438754480698301
ENSG00000116539,-0.992292974398507
ENSG00000235919,-1.1099188979968249
ENSG00000125459,0.47131083140341457
ENSG00000232519,NaN
ENSG00000287839,-0.7950645604892096
ENSG00000163374,-1.3769238266588537
ENSG00000132676,-0.8586884320365743
ENSG00000227673,-1.522302727383433
ENSG00000116580,-0.6257877499811175
ENSG00000132718,-0.44821839193491914
ENSG00000143622,-0.6120893875998985
ENSG00000132680,0.9032923597828341
ENSG00000116584,-1.4491628856979282
ENSG00000273002,-0.34790562065427466
ENSG00000285677,16.809386739362278
ENSG00000163479,-1.0561624049083842
ENSG00000160803,0.7293140054256015
ENSG00000116586,-1.4908476952715872
ENSG00000132698,-1.0833405711619652
ENSG00000254726,-0.8609948847250679
ENSG00000160789,46.19885973120448
ENSG00000196189,-0.5851387345294592
ENSG00000160785,-1.0110375731691867
ENSG00000160783,-0.9686118673343931
ENSG00000242252,-1.1089854529812766
ENSG00000160781,3.545242328530895
ENSG00000198952,-0.38920943039750927
ENSG00000163472,-1.276375425571935
ENSG00000198715,-1.2193336152991328
ENSG00000163468,-1.9141354403714415
ENSG00000163467,0.08632184936214993
ENSG00000125462,1.9395570880284745
ENSG00000116604,0.021785558970915435
ENSG00000288835,NaN
ENSG00000289593,-2.5261905337385238
ENSG00000183856,NaN
ENSG00000187862,0.08865607596443732
ENSG00000163382,-1.8383449620641485
ENSG00000160818,-0.19521847639918863
ENSG00000272405,NaN
ENSG00000285570,-1.283664665406122
ENSG00000143320,0.19341072885794092
ENSG00000143319,-0.4929361620892318
ENSG00000143303,-1.0319592800201531
ENSG00000143314,-1.572718933657814
ENSG00000143321,1.2097140014969827
ENSG00000143294,0.4243857169656614
ENSG00000287624,NaN
ENSG00000027869,0.2587023751510761
ENSG00000198400,1.236493249241924
ENSG00000027644,NaN
ENSG00000187800,63.40994774927998
ENSG00000132694,0.4860223443514784
ENSG00000253831,-0.038809558750054714
ENSG00000117036,-0.6878832764874534
ENSG00000290592,5.220128417204336
ENSG00000143297,17.605198124754693
ENSG00000160856,7.581475353256172
ENSG00000227217,0.29476292328035514
ENSG00000132704,5.127989344994691
ENSG00000163534,20.16154793162316
ENSG00000073754,0.09456722503739254
ENSG00000183853,NaN
ENSG00000231666,NaN
ENSG00000158473,1.1339014905433416
ENSG00000176320,NaN
ENSG00000158477,-2.3848056271831384
ENSG00000158481,5.383183884838668
ENSG00000158485,NaN
ENSG00000158488,2.344289258322856
ENSG00000163554,NaN
ENSG00000163563,6.861782210832534
ENSG00000163564,5.816485121148622
ENSG00000163565,-0.5848376890278679
ENSG00000289721,NaN
ENSG00000163568,1.2773304206910885
ENSG00000179639,27.28941866828175
ENSG00000158716,-1.389076808823336
ENSG00000181036,4.044745896278857
ENSG00000158714,-1.7443405148263798
ENSG00000188004,-0.36564564419637
ENSG00000243284,NaN
ENSG00000272668,0.5504048590859825
ENSG00000213085,-1.0642678289816667
ENSG00000290105,NaN
ENSG00000287040,-5.837107578603968
ENSG00000158710,29.930636148983385
ENSG00000085552,NaN
ENSG00000162723,-0.6405673178507095
ENSG00000177807,-1.3251287744182876
ENSG00000143315,0.016042749279065127
ENSG00000225279,NaN
ENSG00000162728,NaN
ENSG00000162729,-1.193748494450221
ENSG00000132681,-3.0681451157255104
ENSG00000143318,-1.818188411988102
ENSG00000227741,0.3717246007426199
ENSG00000162734,-0.9276179314114555
ENSG00000132716,-0.967370914535895
ENSG00000228606,-0.920577670636616
ENSG00000162735,-1.3947163546032764
ENSG00000122218,-0.6653687873432534
ENSG00000162736,-1.7985408516869643
ENSG00000171786,1.8665643787881576
ENSG00000162739,2.8653110440780662
ENSG00000234425,0.5968684868771598
ENSG00000066294,5.973732901854091
ENSG00000117090,1.4714319472645487
ENSG00000228863,0.9735105008177979
ENSG00000117091,-1.3566520571596685
ENSG00000026751,2.8650590690083146
ENSG00000122224,0.6642347235856343
ENSG00000122223,2.6089702383212
ENSG00000179914,-5.326904943962225
ENSG00000158769,10.92692959446337
ENSG00000215845,-0.9192322055168866
ENSG00000158773,-1.2923299376435342
ENSG00000289121,-2.2680362250703743
ENSG00000186517,-1.3841120424445081
ENSG00000143217,NaN
ENSG00000162755,NaN
ENSG00000143256,-2.1713735499999767
ENSG00000158793,1.9062196248657142
ENSG00000158796,-1.3827737506812017
ENSG00000143222,-1.817008969113469
ENSG00000224985,-0.4804044044569667
ENSG00000143258,-1.0746137389612274
ENSG00000290115,0.1866961845158473
ENSG00000143224,4.585267336437327
ENSG00000158850,1.2578529641160932
ENSG00000158859,-0.7484173389959974
ENSG00000158864,-1.5091863779665813
ENSG00000158869,4.514062390043177
ENSG00000158882,0.3431391249958585
ENSG00000143257,NaN
ENSG00000248485,NaN
ENSG00000158887,-1.5125933850603834
ENSG00000143252,-1.3966526441133789
ENSG00000289106,-1.6475315116488227
ENSG00000288670,-0.5248714201930238
ENSG00000289141,NaN
ENSG00000283696,3.1151007334513467
ENSG00000288093,-0.8264945084744011
ENSG00000283360,-0.09384513978391104
ENSG00000143226,-0.46269936963039693
ENSG00000173110,-0.7689173036457067
ENSG00000203747,25.403588217016353
ENSG00000244682,-0.4144495042772081
ENSG00000162747,2.446380470014919
ENSG00000072694,1.5298522349122696
ENSG00000132185,2.927299171802561
ENSG00000162746,1.6567027155110603
ENSG00000226889,-0.2509638538035559
ENSG00000081721,-1.0984194639180533
ENSG00000118217,-0.40848655349152657
ENSG00000162745,-0.3290206999415245
ENSG00000198929,6.6437490480697985
ENSG00000285636,NaN
ENSG00000239887,NaN
ENSG00000198574,3.8593488984235313
ENSG00000152332,-0.275907506994628
ENSG00000259788,-0.26812799894429007
ENSG00000117143,0.21350621710755105
ENSG00000272574,NaN
ENSG00000162733,1.928509604826944
ENSG00000132196,-0.8386810489640156
ENSG00000143248,1.8971927004704063
ENSG00000232892,0.17235815944110314
ENSG00000232995,-0.5573862047001699
ENSG00000143228,3.1354270874064976
ENSG00000185630,21.61004177260624
ENSG00000269887,NaN
ENSG00000162761,NaN
ENSG00000236206,1.721441827223729
ENSG00000143198,-1.2374307078763571
ENSG00000143149,-1.408277274380735
ENSG00000273365,NaN
ENSG00000143183,-1.6967211398430557
ENSG00000224358,-0.8117465257033522
ENSG00000143179,0.9193172737865969
ENSG00000236364,-1.8173609379987834
ENSG00000188859,22.778734786111592
ENSG00000225325,NaN
ENSG00000234142,3.548577337052692
ENSG00000143157,0.722162185812894
ENSG00000152382,-0.12956709848619957
ENSG00000143195,NaN
ENSG00000143194,6.38078017560614
ENSG00000143167,-0.4276265806893836
ENSG00000231605,NaN
ENSG00000272205,-0.7799542508531958
ENSG00000143190,0.9314997865227617
ENSG00000272033,-1.1733494219357805
ENSG00000198821,4.791237184003851
ENSG00000287218,NaN
ENSG00000273160,0.46314589074289153
ENSG00000143162,3.4145930408435516
ENSG00000241666,-0.42494781710652263
ENSG00000198771,-0.5980681128418993
ENSG00000197965,0.6724631116397489
ENSG00000143199,-0.1641513418703801
ENSG00000143158,-0.6144461426155516
ENSG00000143164,-0.4961100399693655
ENSG00000143147,NaN
ENSG00000143155,-0.8315307445384297
ENSG00000213064,-0.4250045863188298
ENSG00000143178,-0.12549943329275676
ENSG00000228697,-0.16678253909386187
ENSG00000143185,9.320184467988932
ENSG00000143184,7.209931766052774
ENSG00000285622,0.10261765304991756
ENSG00000143153,1.2362249595161567
ENSG00000143156,2.6428421382472367
ENSG00000235575,NaN
ENSG00000117475,0.16921247610316187
ENSG00000117477,NaN
ENSG00000117479,-0.3452356045620437
ENSG00000213062,-1.6628926528668437
ENSG00000198734,0.9835295999995314
ENSG00000174175,37.11545271221249
ENSG00000000460,0.7449781492169065
ENSG00000188404,0.2801314401793232
ENSG00000171806,-1.3680544775164472
ENSG00000000457,-0.056916383208019894
ENSG00000075945,-0.08116736117746426
ENSG00000233985,NaN
ENSG00000231407,0.02119760087891594
ENSG00000120370,-0.8469006540313154
ENSG00000231424,33.61622998368902
ENSG00000117501,2.077071390536521
ENSG00000010932,3.055645335347146
ENSG00000076258,0.3471984938602748
ENSG00000117523,-1.0299824836097486
ENSG00000283683,2.697294378494429
ENSG00000034971,NaN
ENSG00000117533,-0.8247993479518139
ENSG00000010165,0.14527813221886954
ENSG00000197959,6.289195806333387
ENSG00000135845,-1.131906730093573
ENSG00000180999,-0.27335491737014184
ENSG00000094975,-0.49926972956710935
ENSG00000117560,2.256334581858252
ENSG00000224228,7.799675537004807
ENSG00000224000,NaN
ENSG00000226375,NaN
ENSG00000117586,33.617215273123854
ENSG00000203739,1.478939720757629
ENSG00000117592,22.73586204879439
ENSG00000162753,1.3315940216939575
ENSG00000183831,NaN
ENSG00000076321,0.5975520907955136
ENSG00000120334,0.5382815128158926
ENSG00000117593,-0.13474128498000454
ENSG00000234741,-0.052264321837380806
ENSG00000270084,NaN
ENSG00000185278,-0.6563599067164778
ENSG00000117601,0.4276887836901538
ENSG00000135870,-0.5938523347413878
ENSG00000236535,-1.7641332766183122
ENSG00000224977,10.105631298386886
ENSG00000227373,0.445389922192313
ENSG00000152061,0.7412681164206205
ENSG00000203737,1.7236985469215025
ENSG00000223525,0.871430927643479
ENSG00000229531,0.02385140505420982
ENSG00000289425,2.1525311771724307
ENSG00000287697,-0.4471432583400984
ENSG00000116161,-1.721975838338362
ENSG00000120333,0.17202482457614032
ENSG00000120332,1.518207839134396
ENSG00000235750,-0.42382494285386924
ENSG00000116147,2.543407884036206
ENSG00000227740,0.22085105294944804
ENSG00000143207,-0.5327986990959213
ENSG00000228686,0.041978728686786725
ENSG00000236021,0.6666566948442888
ENSG00000116183,0.39667730159941705
ENSG00000152092,NaN
ENSG00000198797,NaN
ENSG00000227579,-0.28531215759740686
ENSG00000120341,NaN
ENSG00000075391,2.27062116134815
ENSG00000188585,NaN
ENSG00000213057,-0.027677771957129515
ENSG00000273384,-0.2871677684090687
ENSG00000273062,-0.44690608107225926
ENSG00000116191,14.679380313814026
ENSG00000116194,5.517087587629791
ENSG00000116199,-0.6516737841088872
ENSG00000186283,-1.3405856399813056
ENSG00000143322,1.3917416479833877
ENSG00000057252,0.2882203314784158
ENSG00000162779,2.354185023948457
ENSG00000116218,NaN
ENSG00000162782,NaN
ENSG00000143340,NaN
ENSG00000231966,NaN
ENSG00000169905,-0.8586155533111434
ENSG00000272906,-1.336693548079524
ENSG00000143337,0.04911244918537128
ENSG00000261831,4.120957701857766
ENSG00000260360,-0.25050328401763805
ENSG00000135837,-0.8831377408617981
ENSG00000116260,-0.21052879536069236
ENSG00000121454,-0.9492863777875492
ENSG00000230124,1.2054790345738469
ENSG00000236719,NaN
ENSG00000143324,1.518323682683324
ENSG00000135835,1.0472283186505715
ENSG00000243155,-2.1767913352174015
ENSG00000232586,1.0329955188192548
ENSG00000135823,1.6202951980559117
ENSG00000153029,-0.570094490385681
ENSG00000289589,0.9211328527880643
ENSG00000162783,-0.234348707742393
ENSG00000237292,0.0502837050208137
ENSG00000179452,NaN
ENSG00000198216,-0.5361108547203658
ENSG00000179930,NaN
ENSG00000225982,NaN
ENSG00000228918,-0.38975457864942825
ENSG00000289573,0.12085877212490681
ENSG00000135821,15.880359790395293
ENSG00000121446,5.991496347622379
ENSG00000135828,1.0971601752034252
ENSG00000143333,2.5230894673193
ENSG00000261504,NaN
ENSG00000135838,1.464440121941489
ENSG00000287808,0.2877950053332671
ENSG00000135829,-0.26031856554893873
ENSG00000157060,-0.6106959954713961
ENSG00000135862,4.936384442104669
ENSG00000224468,NaN
ENSG00000058085,NaN
ENSG00000157064,2.054138379494046
ENSG00000287929,NaN
ENSG00000232860,-1.9511699868239534
ENSG00000116698,-0.019876678924514977
ENSG00000116701,3.329284070567122
ENSG00000289099,NaN
ENSG00000162704,0.9607378932522928
ENSG00000143344,1.906311331182491
ENSG00000289581,-2.6327423220641055
ENSG00000198756,1.2706054793887966
ENSG00000198860,2.1328082124863244
ENSG00000286655,-1.0340557286984426
ENSG00000116667,9.32927299822706
ENSG00000285847,0.7946829145865256
ENSG00000116406,0.3868990860913892
ENSG00000135842,2.6319837657754652
ENSG00000260976,NaN
ENSG00000121481,0.036981006522045105
ENSG00000121486,1.1992836380809775
ENSG00000116668,0.1928265494348747
ENSG00000116679,0.9321552733388542
ENSG00000273004,0.39386832763058954
ENSG00000228309,-0.20544267433220503
ENSG00000143341,1.4479968209207277
ENSG00000116690,0.09348406313579781
ENSG00000047410,-0.7567862572680691
ENSG00000157181,-0.46598775532161046
ENSG00000229739,1.3282096362987266
ENSG00000116703,NaN
ENSG00000073756,4.315202937654476
ENSG00000273129,-2.3511980963260126
ENSG00000116711,0.7562598223296033
ENSG00000230426,15.972307715449473
ENSG00000285894,NaN
ENSG00000226486,0.8553522980459378
ENSG00000162670,-0.18314591244863995
ENSG00000225811,NaN
ENSG00000285638,NaN
ENSG00000150681,117.95600255937964
ENSG00000285280,0.5902080495383379
ENSG00000253148,NaN
ENSG00000236069,-1.5659579965479773
ENSG00000090104,0.45953815696447536
ENSG00000289995,NaN
ENSG00000127074,-2.0394657433970274
ENSG00000116741,11.390782352976752
ENSG00000116750,-0.5238959372715422
ENSG00000116747,-1.1666035461810562
ENSG00000023572,-1.8449391055642719
ENSG00000134371,-0.4018698741229901
ENSG00000162630,-0.8953554966324214
ENSG00000232077,-0.8126759656335037
ENSG00000286285,6.95503887537257
ENSG00000227240,38.38164316191897
ENSG00000285718,5.719713178127541
ENSG00000227421,-0.12602446849525137
ENSG00000000971,1.0570793792687554
ENSG00000066279,1.3139046142783346
ENSG00000177888,2.7649408616693982
ENSG00000290127,0.06016475113543241
ENSG00000134376,0.8609867949121389
ENSG00000213047,1.9969976616161442
ENSG00000224901,-0.29053419910407297
ENSG00000203724,-2.0251769975864033
ENSG00000151414,-0.12170354879988554
ENSG00000287989,2.1833865632892655
ENSG00000223881,NaN
ENSG00000081237,-1.2716492484648725
ENSG00000261573,0.2707698166165109
ENSG00000229989,3.4707310405682077
ENSG00000233410,NaN
ENSG00000231718,NaN
ENSG00000290125,NaN
ENSG00000116833,-1.2965780603545913
ENSG00000203721,3.050911905529247
ENSG00000230623,1.5104897805862418
ENSG00000162702,-0.7631441274290476
ENSG00000118193,-2.0526254752537296
ENSG00000118197,-0.3036668397383586
ENSG00000260088,-0.5462926991613638
ENSG00000118200,1.0829609784667333
ENSG00000163362,-0.3303062075381481
ENSG00000116852,2.539610941090909
ENSG00000234132,NaN
ENSG00000081248,NaN
ENSG00000232237,NaN
ENSG00000116857,0.8915144775468723
ENSG00000081277,NaN
ENSG00000174307,-1.0172678962738295
ENSG00000159176,-0.46311144743372934
ENSG00000224536,-0.04363414370092048
ENSG00000134369,9.710624812462381
ENSG00000231871,1.785019789830608
ENSG00000198700,-0.7647204156696926
ENSG00000198892,-3.4961739088493604
ENSG00000223774,NaN
ENSG00000163431,NaN
ENSG00000134375,-1.4071563740906048
ENSG00000176393,-1.1140835347914548
ENSG00000234678,-1.2909045380105415
ENSG00000163435,-1.0812658698655266
ENSG00000170075,NaN
ENSG00000143862,-1.5154458290657014
ENSG00000143851,0.8786808529681064
ENSG00000133067,4.937173321330295
ENSG00000077152,-1.0602180050715226
ENSG00000077157,1.1258604895935393
ENSG00000143858,4.35143459080102
ENSG00000226862,NaN
ENSG00000117139,0.3852202655141632
ENSG00000228288,1.6832156683255977
ENSG00000183155,-0.9382429418924879
ENSG00000117153,-1.166177913140238
ENSG00000159346,6.757183866192144
ENSG00000159348,1.1302614736373218
ENSG00000163444,-2.020532439612502
ENSG00000143847,-0.47456691715324756
ENSG00000163485,-2.2725012919748857
ENSG00000133055,-2.2652382112943314
ENSG00000133048,NaN
ENSG00000133063,0.19134114405167005
ENSG00000231507,-1.2969680571474698
ENSG00000288925,-0.07509789688624942
ENSG00000233791,2.308213440549226
ENSG00000159388,0.7779630857499694
ENSG00000188783,NaN
ENSG00000058668,3.742853294770079
ENSG00000122188,6.493335073227285
ENSG00000257315,-1.9268037947102092
ENSG00000058673,-0.7058374851203214
ENSG00000182004,-2.2758262861824776
ENSG00000286383,NaN
ENSG00000143842,3.574656428558007
ENSG00000143845,-0.01586759828481824
ENSG00000143839,NaN
ENSG00000170498,NaN
ENSG00000174567,NaN
ENSG00000143850,-1.4463241405845084
ENSG00000226330,0.13172919860629767
ENSG00000158615,-0.7404152893877312
ENSG00000288934,-1.2115577356988676
ENSG00000133056,4.877018345059957
ENSG00000198625,-0.945534316013086
ENSG00000240710,-0.8725802705621692
ENSG00000170382,-1.0487868332421806
ENSG00000240219,-0.23816149298964553
ENSG00000163531,NaN
ENSG00000184144,1.0418268806930646
ENSG00000174529,-0.6536947272425372
ENSG00000117222,1.7918488620669009
ENSG00000133059,1.9824790340599214
ENSG00000133069,14.184409812152857
ENSG00000163545,-1.1237590041691683
ENSG00000162873,NaN
ENSG00000226235,NaN
ENSG00000186007,1.254029274795046
ENSG00000224717,1.407740625037143
ENSG00000117266,-0.7070946291030846
ENSG00000174514,-0.3878762297651422
ENSG00000158711,-0.14117996188499388
ENSG00000158715,-0.16036616690370067
ENSG00000069275,-0.7380724369335077
ENSG00000117280,-0.5267054612510729
ENSG00000285521,NaN
ENSG00000133065,1.8170595435164687
ENSG00000286619,1.5333160803048598
ENSG00000162877,4.432874457276299
ENSG00000174502,NaN
ENSG00000276600,5.158293985933596
ENSG00000263961,22.40660814497047
ENSG00000196550,3.0915030900884206
ENSG00000266028,0.2701267877657698
ENSG00000263528,0.14040588514308167
ENSG00000162888,0.922047619308019
ENSG00000261000,0.9988983221344796
ENSG00000266094,-1.0023193876978915
ENSG00000143486,0.0290573972895112
ENSG00000237605,0.017826605823033734
ENSG00000143479,-1.3350023851317196
ENSG00000162889,0.45444201817863905
ENSG00000136634,-0.9717748282384119
ENSG00000142224,1.3582259250194217
ENSG00000162892,0.6522700388348555
ENSG00000162894,1.817168535240429
ENSG00000162896,NaN
ENSG00000123836,1.1144334667103115
ENSG00000180667,0.846017766678633
ENSG00000123843,0.4607301288633983
ENSG00000237074,1.909092624413116
ENSG00000196352,0.24177979532538063
ENSG00000283044,NaN
ENSG00000117322,-0.27147630913517107
ENSG00000203710,4.322348829099934
ENSG00000236911,0.6327654922019179
ENSG00000197721,8.669291071477433
ENSG00000117335,-1.255422746561296
ENSG00000203709,-0.7082695444954598
ENSG00000174059,5.391087497731066
ENSG00000284237,NaN
ENSG00000076356,0.18999667452077554
ENSG00000286198,NaN
ENSG00000232537,NaN
ENSG00000196878,3.528280371100701
ENSG00000227591,-0.7927842973345682
ENSG00000123689,5.531362723070099
ENSG00000117594,-0.8057812477181097
ENSG00000009790,-0.7667396678982571
ENSG00000162757,-0.7778039120918131
ENSG00000117595,0.20320242251627546
ENSG00000117597,-1.3524696363220834
ENSG00000143469,3.881258450248294
ENSG00000054392,2.0772511708258663
ENSG00000143473,0.0009158482314587384
ENSG00000284376,NaN
ENSG00000117625,-0.60790632126223
ENSG00000082512,1.1898132859840085
ENSG00000287033,1.8221618248768374
ENSG00000153363,1.266937801803939
ENSG00000170385,-1.7209616061731898
ENSG00000288738,NaN
ENSG00000228792,NaN
ENSG00000227764,NaN
ENSG00000117650,NaN
ENSG00000226868,0.2748646766218415
ENSG00000123684,0.5056388374235784
ENSG00000229258,NaN
ENSG00000143493,-0.055219782407722545
ENSG00000143476,-0.950655065182776
ENSG00000229983,NaN
ENSG00000226251,4.791807948853255
ENSG00000066027,-0.06850695640380167
ENSG00000230063,NaN
ENSG00000234915,0.44779243617226416
ENSG00000065600,-0.9011429546957486
ENSG00000117691,5.989336837677967
ENSG00000228067,NaN
ENSG00000260805,-0.598523531171447
ENSG00000288007,NaN
ENSG00000162772,2.1260490291366922
ENSG00000237980,-1.146819431841317
ENSG00000123685,0.4431280474817461
ENSG00000117697,0.20176485394117236
ENSG00000203705,-0.0850137622316583
ENSG00000185523,-0.37010213043438606
ENSG00000198468,-1.093126398517111
ENSG00000162769,-0.21498286227118288
ENSG00000143494,-0.36170618045951514
ENSG00000174606,-0.840761695051468
ENSG00000136643,0.4027691213869351
ENSG00000225233,NaN
ENSG00000230461,NaN
ENSG00000283518,NaN
ENSG00000143499,0.7995053032750193
ENSG00000228470,NaN
ENSG00000152104,-0.7100343085363746
ENSG00000117724,3.7560595468130047
ENSG00000287008,NaN
ENSG00000136636,-0.30632925673860484
ENSG00000042781,-1.2956673705246748
ENSG00000196482,-0.5034434468039634
ENSG00000092978,1.1478068896234377
ENSG00000162814,0.032964505473379396
ENSG00000067533,-0.045562229814475004
ENSG00000092969,1.2540976128993238
ENSG00000228208,NaN
ENSG00000228063,4.320362468657322
ENSG00000143353,5.6519009934331645
ENSG00000277007,-0.722831295642189
ENSG00000287676,NaN
ENSG00000228536,NaN
ENSG00000215817,0.026481650233582107
ENSG00000196660,-2.1702641448045252
ENSG00000136628,-1.2544758951414214
ENSG00000162813,-0.687370367168269
ENSG00000067704,-1.0565429284381496
ENSG00000118873,-0.8368067929639931
ENSG00000116141,-0.4424040226771304
ENSG00000162817,-0.22866322854269147
ENSG00000117791,4.537468847016272
ENSG00000186205,1.8080943081391567
ENSG00000221571,0.8427567808325154
ENSG00000272823,NaN
ENSG00000238078,NaN
ENSG00000257551,2.2590513863848294
ENSG00000289142,-1.3415190654168525
ENSG00000136630,-0.6275699769410197
ENSG00000143507,1.7275356572553962
ENSG00000227925,1.8947621989837986
ENSG00000238042,0.15892298793662232
ENSG00000236230,NaN
ENSG00000276997,-2.6937908841144385
ENSG00000143512,NaN
ENSG00000143498,0.46450403567755266
ENSG00000225265,-0.7405819501749227
ENSG00000154305,-0.38410725050143374
ENSG00000272750,-1.4190570317366602
ENSG00000186063,-0.08880176180412556
ENSG00000162819,-1.3261271025705972
ENSG00000197520,3.798741431306632
ENSG00000289880,-1.9513876034202904
ENSG00000287684,2.8404219448159727
ENSG00000154309,2.6835198242459786
ENSG00000287338,-2.0398423286642147
ENSG00000187554,-0.9731463458897206
ENSG00000143502,2.497559660537226
ENSG00000203697,-0.9375050722736263
ENSG00000162909,-0.6873651008162491
ENSG00000143514,-0.757370698034326
ENSG00000288999,-0.4375861552040563
ENSG00000291068,-1.0478225251996591
ENSG00000290989,-0.3110910132751386
ENSG00000278467,-1.392708726803201
ENSG00000143756,0.6328101742905723
ENSG00000143753,-1.3038411989353267
ENSG00000232628,-1.3437172408080644
ENSG00000237101,NaN
ENSG00000143748,0.840882853906147
ENSG00000143771,-1.1212338717643153
ENSG00000162923,-0.03227760817977597
ENSG00000143786,1.477875029804546
ENSG00000286719,NaN
ENSG00000185842,1.808669315552338
ENSG00000143815,-1.2918249205940975
ENSG00000234476,NaN
ENSG00000282418,6.520388909384004
ENSG00000289962,0.7054037877790109
ENSG00000154380,3.133835945136067
ENSG00000227496,2.754421762257387
ENSG00000226349,-0.4937549482290495
ENSG00000143742,-1.9766569446034943
ENSG00000143819,-0.7922083736652622
ENSG00000242861,-0.7535420046404749
ENSG00000196187,0.9990317484513727
ENSG00000243709,3.6485744408917533
ENSG00000143811,8.301711032251466
ENSG00000143751,0.0452062407695201
ENSG00000289341,0.8209170751665502
ENSG00000272562,-0.3181179023464401
ENSG00000163041,1.7523852302712546
ENSG00000225518,0.8532154594561222
ENSG00000182827,-0.45536467186760743
ENSG00000234478,1.1726182923023671
ENSG00000185155,2.6292173936362215
ENSG00000183814,0.9107260124868376
ENSG00000289348,-1.1771705931377574
ENSG00000143799,-0.5363155235512843
ENSG00000203685,NaN
ENSG00000143772,1.8206774684158376
ENSG00000228382,0.7898098748226963
ENSG00000228548,0
ENSG00000143801,-0.12624040615878115
ENSG00000163050,0.48986726315119816
ENSG00000143776,-0.014195808333936423
ENSG00000234277,NaN
ENSG00000181450,2.886366046164615
ENSG00000143740,-0.9557147023248163
ENSG00000081692,-0.9779820994619144
ENSG00000230005,NaN
ENSG00000286389,5.225129989253548
ENSG00000143816,NaN
ENSG00000276255,NaN
ENSG00000143761,2.4546028683514893
ENSG00000143793,-0.5352531863476889
ENSG00000162910,-1.5870484746721647
ENSG00000143774,-1.0014908475632156
ENSG00000198835,NaN
ENSG00000203684,-1.0481205198175259
ENSG00000181873,-1.4587663064647753
ENSG00000162913,-1.7327701395694053
ENSG00000154358,1.095166404562596
ENSG00000269934,-0.012003234820381414
ENSG00000270110,NaN
ENSG00000286773,NaN
ENSG00000270104,NaN
ENSG00000154370,-0.5283851832561621
ENSG00000270094,NaN
ENSG00000231563,-0.714051054885041
ENSG00000162931,-0.16459980471891925
ENSG00000181218,0.2116042221234533
ENSG00000196890,0.576931284675986
ENSG00000168159,-1.6193943491153246
ENSG00000116574,-0.8079927106281299
ENSG00000282111,NaN
ENSG00000236975,0.09227911985964823
ENSG00000177800,NaN
ENSG00000177788,NaN
ENSG00000168118,1.3019991224019978
ENSG00000237481,0.5306554812364123
ENSG00000154429,-0.8665684523709839
ENSG00000069248,0.3791695358519439
ENSG00000223635,4.336390994581768
ENSG00000135776,0.29304969860827074
ENSG00000135801,-0.7455065187939253
ENSG00000135763,-0.495013525013376
ENSG00000228058,-1.0600065538147416
ENSG00000143641,-0.2173998929784716
ENSG00000227006,0.73148082439103
ENSG00000224407,NaN
ENSG00000177614,-1.2371330784462544
ENSG00000282564,0.5705369703099978
ENSG00000135775,-1.1175391984679637
ENSG00000244137,NaN
ENSG00000119280,2.4729406609443285
ENSG00000223393,2.0569403229224643
ENSG00000288037,NaN
ENSG00000287395,NaN
ENSG00000143643,-0.10978917984852656
ENSG00000173409,-1.344329385345877
ENSG00000182118,-0.7524822190035064
ENSG00000119283,NaN
ENSG00000143633,3.6408451401228805
ENSG00000116906,-1.162789188577364
ENSG00000116903,-1.3829333163395476
ENSG00000010072,-0.8974464827224938
ENSG00000135766,-0.1763971740138893
ENSG00000233461,0.3788718895611676
ENSG00000116918,-0.9284252111808143
ENSG00000229228,-0.7826816545178723
ENSG00000162946,1.7041767266066694
ENSG00000286071,-0.309302787413903
ENSG00000116991,1.5413446432759021
ENSG00000212916,-1.7409415852943686
ENSG00000135778,-1.0653641758699202
ENSG00000135749,1.9473492322208568
ENSG00000143674,-0.7714836850883606
ENSG00000135750,7.21520943285446
ENSG00000286109,NaN
ENSG00000183780,4.9895428631302625
ENSG00000236358,-0.134919140096233
ENSG00000273367,0.9936555521717125
ENSG00000231663,2.981725297140706
ENSG00000168275,-1.4163370001790487
ENSG00000059588,-0.6569365870259929
ENSG00000289057,NaN
ENSG00000168264,-0.18791352752577195
ENSG00000228830,1.24345417604081
ENSG00000224939,NaN
ENSG00000230628,-6.6790650460692875
ENSG00000227630,-0.6466094595346104
ENSG00000289377,NaN
ENSG00000286263,-0.6879781659496892
ENSG00000237520,NaN
ENSG00000238005,-1.8166937364170288
ENSG00000258082,-1.233469436169385
ENSG00000280587,NaN
ENSG00000273416,-0.3575786861121649
ENSG00000173726,-1.5641021147071652
ENSG00000188739,-0.9309778646713749
ENSG00000054267,-0.6482436707099994
ENSG00000289114,1.0869001444283866
ENSG00000152904,1.8112764658674965
ENSG00000284770,0.05638236628586582
ENSG00000162885,0.9042127232348793
ENSG00000168243,0.607650970951204
ENSG00000143669,1.497602156579369
ENSG00000229291,-4.6760203370965785
ENSG00000116962,0.5405841583249625
ENSG00000286142,NaN
ENSG00000077585,0.6085345944875944
ENSG00000086619,0.23848528651822937
ENSG00000186197,0.29406844112417074
ENSG00000116977,-0.9631596305577111
ENSG00000223776,2.0045943393784644
ENSG00000273058,-1.6899213853902948
ENSG00000230325,-0.20945259688340423
ENSG00000119285,1.259886921780617
ENSG00000077522,0.5768250425075956
ENSG00000116984,-0.028049584599977702
ENSG00000198626,-1.1068599930462426
ENSG00000237250,NaN
ENSG00000234464,-0.11388260492013268
ENSG00000231877,-1.0120049299776224
ENSG00000259776,NaN
ENSG00000133019,5.072478605279741
ENSG00000233355,0.7691240140970136
ENSG00000155816,0.15999243858096737
ENSG00000180875,5.606191021336594
ENSG00000231440,NaN
ENSG00000230015,NaN
ENSG00000182901,19.421045390822627
ENSG00000287516,NaN
ENSG00000287738,1.4628471778295147
ENSG00000091483,-1.77395218084024
ENSG00000117009,3.8526951054114775
ENSG00000054277,-0.5635795501776748
ENSG00000203668,1.4508534275546494
ENSG00000287513,NaN
ENSG00000162843,4.129038920945289
ENSG00000288723,5.217847873945018
ENSG00000174371,-0.32466047355400446
ENSG00000180287,21.479666528552407
ENSG00000272865,1.8247785115272641
ENSG00000291216,NaN
ENSG00000291217,-0.8493848985316066
ENSG00000143702,-0.05670764709742357
ENSG00000227230,0.29058688146584943
ENSG00000054282,0.8882033766222571
ENSG00000117020,1.7830216288294702
ENSG00000228939,2.7338919239578092
ENSG00000226828,0.8086038808801472
ENSG00000289055,-0.636229701149498
ENSG00000179456,3.0640641199599856
ENSG00000229960,-0.4429527022291319
ENSG00000289439,-0.14560251691463533
ENSG00000173728,1.6689309363715943
ENSG00000240963,0.4420554594696735
ENSG00000035687,-1.3652416914044974
ENSG00000179397,1.739713568748049
ENSG00000121644,0.15892269425651911
ENSG00000284188,NaN
ENSG00000287601,-0.7001072468728053
ENSG00000203667,-1.6024446552036675
ENSG00000153187,0.1538811413354124
ENSG00000273175,3.888028684165578
ENSG00000272195,0.3856521310818465
ENSG00000203666,1.3142677654851345
ENSG00000162849,-0.1523018291469216
ENSG00000232192,NaN
ENSG00000185420,2.7200606307610338
ENSG00000235096,NaN
ENSG00000230184,NaN
ENSG00000162851,-0.8321498233587898
ENSG00000162852,0.8069033225554004
ENSG00000225300,-0.20727587512011125
ENSG00000235021,NaN
ENSG00000143653,-0.8444512007763475
ENSG00000227953,1.6804488826989983
ENSG00000153207,0.824236401409881
ENSG00000197472,-1.523238525965811
ENSG00000277462,1.1007177796795504
ENSG00000188295,-0.4739217071801737
ENSG00000196418,-0.35760771524194873
ENSG00000259865,1.9147587406051043
ENSG00000290124,-1.1794484204290716
ENSG00000290683,-0.8053062688626603
ENSG00000232347,1.693328847362795
ENSG00000289566,-0.7381873194608659
ENSG00000162714,-0.6624938280697644
ENSG00000289234,-0.8174543663319259
ENSG00000286216,NaN
ENSG00000162711,5.502444437335195
ENSG00000177535,NaN
ENSG00000169224,-0.6019473213482059
ENSG00000196242,-1.4135454996943715
ENSG00000236817,NaN
ENSG00000235749,-0.913361596851618
ENSG00000241128,NaN
ENSG00000162722,39.56356895784358
ENSG00000177462,NaN
ENSG00000177275,NaN
ENSG00000289367,0.3156624527430725
ENSG00000290612,NaN
ENSG00000203663,NaN
ENSG00000198128,4.499005939716642
ENSG00000290608,NaN
ENSG00000196240,NaN
ENSG00000229255,NaN
ENSG00000188558,NaN
ENSG00000224521,NaN
ENSG00000184022,NaN
ENSG00000279301,NaN
ENSG00000175137,-0.9994289346019646
ENSG00000171161,1.2031062259315648
ENSG00000171163,2.9153720452362384
ENSG00000227237,0.8490721980414868
ENSG00000185220,-1.2548491125531334
ENSG00000035115,-0.07299347629175458
ENSG00000143727,-1.0069387510902574
ENSG00000189292,NaN
ENSG00000228643,6.692941346833065
ENSG00000235779,NaN
ENSG00000233684,NaN
ENSG00000151353,-0.7364636063570071
ENSG00000233296,-0.5419877405873501
ENSG00000237667,NaN
ENSG00000235688,1.6393043004297778
ENSG00000172554,8.120056934649131
ENSG00000231482,-0.9243757085651174
ENSG00000115705,NaN
ENSG00000203635,NaN
ENSG00000186487,0.3275777308508212
ENSG00000289608,NaN
ENSG00000237720,NaN
ENSG00000234423,3.233913665754082
ENSG00000236760,NaN
ENSG00000032389,-0.28388904920319064
ENSG00000171853,-1.136288166978459
ENSG00000225234,-0.898292916419336
ENSG00000271868,NaN
ENSG00000182551,0.28553432398900547
ENSG00000235078,-0.49399989698316715
ENSG00000242282,7.927934210737254
ENSG00000171865,-1.4258705289615987
ENSG00000234171,-0.8487928446714256
ENSG00000287126,-0.7680355333653821
ENSG00000171863,-1.268915918877846
ENSG00000291325,NaN
ENSG00000231532,NaN
ENSG00000232044,1.689677433326661
ENSG00000234275,NaN
ENSG00000225964,-0.4224056502262454
ENSG00000134326,-0.35239166019973733
ENSG00000134321,9.886469842265553
ENSG00000228203,-1.2638274683357755
ENSG00000151692,1.7668734545781974
ENSG00000223884,-0.15330837744137701
ENSG00000272002,0.8782141260811379
ENSG00000229727,1.8017096636370324
ENSG00000287119,NaN
ENSG00000230515,NaN
ENSG00000235576,5.5525351986309035
ENSG00000235665,2.1210727486126415
ENSG00000236790,7.438685033525308
ENSG00000289191,2.943734154792946
ENSG00000236008,-1.2909367131976732
ENSG00000285591,NaN
ENSG00000235092,0.22049497671179838
ENSG00000115738,4.173491899287529
ENSG00000134313,-0.5050560885004358
ENSG00000143797,8.85752392946785
ENSG00000151693,20.44233024873855
ENSG00000119185,-1.3234244980292358
ENSG00000119203,-0.6929876670010393
ENSG00000134330,-1.4085194379173447
ENSG00000151694,0.028747601424161037
ENSG00000239300,-0.49575649600991123
ENSG00000271855,-0.7297167835093246
ENSG00000134308,-0.1861954039910587
ENSG00000240687,NaN
ENSG00000243491,NaN
ENSG00000115750,0.33651994129051044
ENSG00000269973,4.529273000588438
ENSG00000134317,19.86709366629784
ENSG00000260077,0.44705892947422454
ENSG00000172059,0.6434844560231974
ENSG00000205795,0.8120525956659397
ENSG00000171848,14.345215381640257
ENSG00000285872,2.352253150529098
ENSG00000115756,-0.9115206986398624
ENSG00000115758,28.519125746686633
ENSG00000257135,-0.8284708454608477
ENSG00000115761,0.26698800228350084
ENSG00000234818,-0.9226487026542517
ENSG00000243819,-1.2757348365232881
ENSG00000143882,-1.706961359921284
ENSG00000272275,NaN
ENSG00000143870,-0.9570937992617511
ENSG00000271952,4.139312096946392
ENSG00000145063,NaN
ENSG00000150873,2.6233458081148746
ENSG00000162976,-1.5851070555701874
ENSG00000134318,0.06664998641127247
ENSG00000230952,NaN
ENSG00000285569,NaN
ENSG00000169016,-1.1937341903012941
ENSG00000196208,3.435994848867128
ENSG00000134324,1.3752434028153444
ENSG00000224184,2.9767728758407386
ENSG00000286427,0.9012898206734522
ENSG00000071575,-0.0019124431365127956
ENSG00000225649,NaN
ENSG00000285876,0.16989749107050212
ENSG00000230448,-0.4389137473569088
ENSG00000227718,NaN
ENSG00000287291,0.0052283396806652085
ENSG00000151779,-0.37155503731082223
ENSG00000234022,NaN
ENSG00000079785,0.4213952527790231
ENSG00000233718,NaN
ENSG00000223850,NaN
ENSG00000226764,NaN
ENSG00000285354,NaN
ENSG00000224400,1.5196770255832899
ENSG00000289364,40.345173592315824
ENSG00000237633,0.36513897462796524
ENSG00000197872,2.9996885746009503
ENSG00000163032,NaN
ENSG00000163029,1.6453250414352165
ENSG00000178295,1.4008970377003482
ENSG00000170745,NaN
ENSG00000287849,NaN
ENSG00000260331,0.5575090952535903
ENSG00000240857,-1.2172165467428235
ENSG00000185013,-0.3781066432572658
ENSG00000287284,-0.7199588581612122
ENSG00000236204,2.0838467147434887
ENSG00000228784,-0.35224928916135384
ENSG00000183891,0.9760321173026992
ENSG00000271991,2.8893698707413207
ENSG00000118965,1.7718844448195479
ENSG00000068697,-0.6667155235017551
ENSG00000223734,0.08418062665173272
ENSG00000234378,NaN
ENSG00000055917,-0.7158122345771061
ENSG00000290108,-1.6196618421793327
ENSG00000143878,7.07996548751461
ENSG00000228950,NaN
ENSG00000118960,-0.6410360387817271
ENSG00000269976,-1.2861830635093376
ENSG00000143869,-0.9481403139564939
ENSG00000270100,-0.4146621601418598
ENSG00000118961,2.293451713838106
ENSG00000233005,3.0249595119604877
ENSG00000228538,NaN
ENSG00000228999,NaN
ENSG00000232451,NaN
ENSG00000119771,0.7504668679980594
ENSG00000224361,NaN
ENSG00000283031,0.03542048044520212
ENSG00000119778,0.09698589345777846
ENSG00000173960,2.873148410977394
ENSG00000205639,18.319058942994047
ENSG00000163026,-0.9842982067082944
ENSG00000119782,32.30496240462075
ENSG00000115128,-1.5646749474381512
ENSG00000219626,0.7281645263134021
ENSG00000115129,-1.5766479014630386
ENSG00000176732,-0.4572431836838602
ENSG00000186453,0.8680890397250962
ENSG00000198399,-0.5234725757371489
ENSG00000242628,0.3848380072957393
ENSG00000084676,0.255482896065391
ENSG00000184924,-1.6596275664810403
ENSG00000138092,-1.027443236716768
ENSG00000138031,-0.14489748850830753
ENSG00000115137,1.7274922491341558
ENSG00000224165,2.926769678310996
ENSG00000084710,2.3077033908221525
ENSG00000115138,-0.6588538872475275
ENSG00000119772,0.7855491179472938
ENSG00000289567,-0.4481157050564161
ENSG00000235072,-0.9129856378664937
ENSG00000138101,2.9405753100191276
ENSG00000224220,-0.23497453606995372
ENSG00000143970,-0.024547338944055978
ENSG00000084731,1.6752553174009461
ENSG00000084733,0.44668073350601106
ENSG00000157833,-0.4300050367220309
ENSG00000084754,-1.0498818286896465
ENSG00000138029,-0.17600079854941728
ENSG00000286707,1.0259943647461927
ENSG00000173567,0.8065088282069922
ENSG00000138018,0.08337824079822906
ENSG00000157856,-0.23677712081185662
ENSG00000115155,NaN
ENSG00000171303,NaN
ENSG00000213699,0.20075118481324628
ENSG00000115163,-0.7000718137739163
ENSG00000157851,NaN
ENSG00000230286,-0.3971925365215634
ENSG00000084764,-0.8870230455848747
ENSG00000119777,-1.5365243611970412
ENSG00000084693,2.3082495183790197
ENSG00000231636,NaN
ENSG00000272056,NaN
ENSG00000229122,NaN
ENSG00000272148,-2.103308234394288
ENSG00000228474,4.910042892884347
ENSG00000138080,4.936730533048054
ENSG00000138030,-0.5551056176421194
ENSG00000138028,-3.2777363801098236
ENSG00000143994,-0.314739833585273
ENSG00000138073,2.884705982208065
ENSG00000138074,-0.9011909148504983
ENSG00000138085,-2.447911864210005
ENSG00000084774,0.3116212037550327
ENSG00000138100,12.117846491544885
ENSG00000163794,3.7997556943095496
ENSG00000115204,-1.2969832599537094
ENSG00000115207,1.815880297721872
ENSG00000234945,0.21184771525733131
ENSG00000234072,-0.0545148693165135
ENSG00000115211,-1.2324786779403183
ENSG00000115234,-1.8928200457378652
ENSG00000163795,-0.022959927670081696
ENSG00000115241,-1.7047736146840178
ENSG00000115216,-0.8554799583722404
ENSG00000157992,-0.3518115156152493
ENSG00000138002,-0.038691812420790145
ENSG00000115226,NaN
ENSG00000084734,NaN
ENSG00000221843,NaN
ENSG00000243943,1.5625338321359121
ENSG00000176714,-0.9982765107358064
ENSG00000198522,-0.13369393843571384
ENSG00000119760,-0.8628101938558468
ENSG00000163798,-1.336422131259527
ENSG00000243147,-1.0665392807304588
ENSG00000171174,-0.21418245932615412
ENSG00000158019,0.7164170992695628
ENSG00000223522,-0.1690594032504144
ENSG00000229951,0.29135664829335717
ENSG00000075426,0.7030709651282205
ENSG00000270640,-0.2992279399565202
ENSG00000270210,18.320881562617487
ENSG00000227938,NaN
ENSG00000163803,-0.8444570682869462
ENSG00000230730,0.8513300459031109
ENSG00000226833,-1.5303091771998887
ENSG00000213639,-0.18648123847280684
ENSG00000163806,-0.15734681440022336
ENSG00000171103,0.4380296136621695
ENSG00000163811,-0.3505345853392546
ENSG00000189350,0.7447490014608544
ENSG00000115295,0.421370880155266
ENSG00000171094,-0.3047682610984419
ENSG00000286963,NaN
ENSG00000233862,-0.37967130991655446
ENSG00000119801,0.5954084425736141
ENSG00000213626,3.0068892266742795
ENSG00000235997,NaN
ENSG00000172954,1.0736533192804647
ENSG00000158089,3.6024697680218374
ENSG00000214711,0.08470323239141503
ENSG00000013016,18.57865966103283
ENSG00000158125,NaN
ENSG00000228563,NaN
ENSG00000223647,NaN
ENSG00000273165,-1.526018536804194
ENSG00000162959,-0.23046084652633125
ENSG00000162961,-1.831146166686755
ENSG00000271228,NaN
ENSG00000288937,-1.1357271778918328
ENSG00000021574,1.1434564746290516
ENSG00000272716,-0.9553469855220704
ENSG00000152683,0.2256239492311478
ENSG00000091106,2.134177448357191
ENSG00000289727,1.603954867135587
ENSG00000119820,-0.9812858910629496
ENSG00000272754,-1.5516709463488934
ENSG00000115760,-1.109130368809015
ENSG00000230046,NaN
ENSG00000276334,-1.2347918695525508
ENSG00000276517,-1.477288268475721
ENSG00000290864,-0.858647693217013
ENSG00000018699,0.6714765816046788
ENSG00000230876,-1.3939360566846801
ENSG00000049323,28.526009197207635
ENSG00000152689,8.682648152325573
ENSG00000119812,-0.3626996253880826
ENSG00000286415,-0.008371034140307052
ENSG00000228262,-1.4076044785387305
ENSG00000226994,0.9763107984206206
ENSG00000260025,NaN
ENSG00000150938,0.6808820409528027
ENSG00000273090,NaN
ENSG00000171055,-0.2765602130389163
ENSG00000205221,-0.15193936092951776
ENSG00000115808,0.17896176880997475
ENSG00000008869,0.19359000931950218
ENSG00000152133,-0.05615294823071111
ENSG00000055332,1.5125206213726001
ENSG00000218739,-0.2527378606185293
ENSG00000115816,-0.543247278403142
ENSG00000272054,-1.6229443386390492
ENSG00000003509,-0.39077056804655896
ENSG00000115825,0.23564216352848605
ENSG00000232028,0.066783537245071
ENSG00000115828,0.1326997271355814
ENSG00000289545,0.29840318510640634
ENSG00000236213,2.6568962034262684
ENSG00000290100,0.23516517281679097
ENSG00000163171,1.3934686801724245
ENSG00000236572,NaN
ENSG00000237803,0.20667124522543076
ENSG00000115841,1.1216965888302792
ENSG00000235848,-1.8413280765542586
ENSG00000138061,7.8644490946829055
ENSG00000232973,2.7975853367787695
ENSG00000229160,NaN
ENSG00000119787,-0.566332166291554
ENSG00000288994,0.8201775142899703
ENSG00000231367,2.0051410769553866
ENSG00000143889,6.8922215635362765
ENSG00000143891,6.376639684383933
ENSG00000232518,NaN
ENSG00000115875,0.01891873033968406
ENSG00000152147,-1.1839824174522136
ENSG00000163214,2.6755297472848447
ENSG00000188010,-1.8670510464655867
ENSG00000214694,NaN
ENSG00000269210,-2.079110793243454
ENSG00000115904,0.49232459115168903
ENSG00000205111,0.8564483342448631
ENSG00000011566,1.353762209881114
ENSG00000273035,NaN
ENSG00000231312,2.3784824695375013
ENSG00000289003,-6.350752714101583
ENSG00000138050,4.527646360166909
ENSG00000227028,0.543632647783221
ENSG00000183023,8.743231720377722
ENSG00000289013,2.552376801307312
ENSG00000288992,-2.4048103285541105
ENSG00000287255,-1.6161718681394153
ENSG00000214691,NaN
ENSG00000226398,NaN
ENSG00000162878,NaN
ENSG00000224875,0.09683087821047276
ENSG00000143924,0.6474305031127052
ENSG00000115944,-1.8158257322092044
ENSG00000171126,2.3018052300539975
ENSG00000057935,0.95327716889296
ENSG00000162881,-3.080846446789817
ENSG00000162882,1.256156115871989
ENSG00000288886,-0.9540578135227266
ENSG00000289082,-0.9997192825275387
ENSG00000231826,4.155267850131604
ENSG00000233978,NaN
ENSG00000230587,3.9809495361124543
ENSG00000286796,-2.3657524373761083
ENSG00000287387,-0.325966498473096
ENSG00000152518,-0.32089899586218795
ENSG00000279873,-0.7829805342115496
ENSG00000234936,3.9575270132108598
ENSG00000115970,-0.3745722038398363
ENSG00000152527,1.4335827826210843
ENSG00000138036,-0.7674146501684156
ENSG00000138075,NaN
ENSG00000143921,1.347895060302569
ENSG00000138095,-0.7076862554207978
ENSG00000288707,0.6993205678915418
ENSG00000273106,3.4954138896130957
ENSG00000138032,-0.9712423395472947
ENSG00000289272,-1.2895618157291657
ENSG00000138079,-0.9398396486967903
ENSG00000138078,3.020978225584543
ENSG00000143919,2.4837015548707586
ENSG00000205054,NaN
ENSG00000068784,1.709448587738205
ENSG00000171132,3.597519717158356
ENSG00000228481,NaN
ENSG00000116016,-0.26941815252439744
ENSG00000253515,6.815503502848494
ENSG00000250565,-0.9593331005904814
ENSG00000119729,-0.0662145277759273
ENSG00000250116,1.662218364622915
ENSG00000151665,-0.2277167804800066
ENSG00000119878,-0.6661826780652962
ENSG00000222005,2.029245137290757
ENSG00000171150,-0.9325534809913805
ENSG00000239332,0.32259024334688924
ENSG00000226548,NaN
ENSG00000228925,1.9144514463828595
ENSG00000180398,0.7771273446855816
ENSG00000068724,0.8052179040433366
ENSG00000233845,-0.3991566451979983
ENSG00000239605,-0.47874697249557363
ENSG00000225187,-0.5336032900260468
ENSG00000143933,-0.9992574162150132
ENSG00000234690,-0.9310378081272345
ENSG00000119888,0.6193914398370245
ENSG00000095002,0.8248152116588939
ENSG00000184261,3.9566294929859427
ENSG00000116062,-0.7288935451334383
ENSG00000138081,0.018001276218965325
ENSG00000233230,0.5137536911490814
ENSG00000230773,6.018551285986875
ENSG00000170802,0.5750136547039293
ENSG00000272663,-1.7091121444712456
ENSG00000162869,0.6116223069116284
ENSG00000243244,4.409066311107627
ENSG00000242441,NaN
ENSG00000282890,NaN
ENSG00000170820,NaN
ENSG00000282828,NaN
ENSG00000179915,2.702148300296785
ENSG00000231918,-0.6300347914853178
ENSG00000287344,NaN
ENSG00000228033,25.869001916417652
ENSG00000115239,-0.016313558954827178
ENSG00000143942,-1.1295376216116975
ENSG00000068912,-0.9053463988603446
ENSG00000119737,-0.39671035528713516
ENSG00000068878,-0.0952777502935423
ENSG00000170634,2.5737001409562628
ENSG00000272156,-1.1826517621982369
ENSG00000289065,-1.5222433724236148
ENSG00000115306,1.9756204822847416
ENSG00000228108,NaN
ENSG00000289627,0.5181846229758401
ENSG00000238018,-0.12245948313769923
ENSG00000214595,5.8925838673171755
ENSG00000285519,0.2575639159471356
ENSG00000115310,0.3226210200474971
ENSG00000162994,-0.16766325256935538
ENSG00000203327,NaN
ENSG00000143947,-0.9348324234774653
ENSG00000289606,-1.4487465566480304
ENSG00000085760,-0.7303453104561283
ENSG00000240401,-0.21039351657139857
ENSG00000115355,3.908898477357616
ENSG00000163001,1.238326235251024
ENSG00000275052,0.08742491918774335
ENSG00000272606,0.5085218987154199
ENSG00000138035,-0.29961150514863083
ENSG00000115380,NaN
ENSG00000226702,NaN
ENSG00000055813,-0.07692957256380778
ENSG00000285755,4.699073404037903
ENSG00000028116,0.8070141223205591
ENSG00000287875,0.8475599155166005
ENSG00000115392,1.714679584629336
ENSG00000233723,10.331765127978741
ENSG00000289529,NaN
ENSG00000271955,7.079807257582861
ENSG00000228590,3.8850013489659814
ENSG00000287640,1.7986889960033399
ENSG00000119866,11.30831560498761
ENSG00000115421,0.3946713298218273
ENSG00000228414,0.06600029747921157
ENSG00000162924,0.0015049159573263177
ENSG00000162927,1.3184062339069076
ENSG00000162928,0.7232162153540486
ENSG00000162929,-0.14018532873818287
ENSG00000212978,-0.15224579735439864
ENSG00000237651,-1.1850077969281383
ENSG00000271889,2.7332640268488992
ENSG00000115464,-0.9716279107460372
ENSG00000273302,NaN
ENSG00000270820,-0.0479916454887405
ENSG00000082898,-0.3027216068021908
ENSG00000285857,NaN
ENSG00000289410,0.9010011679901052
ENSG00000289855,-0.27922751806204116
ENSG00000170264,0.12343079682293945
ENSG00000289247,NaN
ENSG00000115484,-1.5789335170828578
ENSG00000236498,-0.7151175359630285
ENSG00000173163,2.2808305360873273
ENSG00000229839,-0.028028746920238993
ENSG00000170340,-1.056168061331131
ENSG00000228541,4.1101723459022255
ENSG00000186889,NaN
ENSG00000226622,NaN
ENSG00000115504,1.5602470997184263
ENSG00000226605,-0.07979370276771033
ENSG00000231609,2.885988651556167
ENSG00000286480,0.49403298608324436
ENSG00000143951,1.901088123267864
ENSG00000014641,-1.7575836578857298
ENSG00000289943,-0.9859658645915885
ENSG00000169764,-1.2525416573717418
ENSG00000143952,0.9011312635892498
ENSG00000197329,2.8680764053538184
ENSG00000225889,-0.4564180910112494
ENSG00000230923,0.16510749981118833
ENSG00000288932,-1.9649243104535783
ENSG00000289176,55.94952919655274
ENSG00000238201,NaN
ENSG00000223935,NaN
ENSG00000119862,43.04470202434592
ENSG00000260101,-1.5163443883511778
ENSG00000119844,-0.30767722478077164
ENSG00000233694,1.4167769257347849
ENSG00000179833,0.10160345829848015
ENSG00000226756,-2.1426293118012816
ENSG00000288986,0.087277501501367
ENSG00000287123,-2.1973425858494653
ENSG00000234572,1.3216868531578836
ENSG00000237638,6.58227747075057
ENSG00000115902,-1.2385194739441667
ENSG00000232613,0.599422487933777
ENSG00000011523,0.32570323685754976
ENSG00000138069,-0.046637813516446885
ENSG00000138071,-0.8337670361024123
ENSG00000198369,1.460540238168731
ENSG00000232693,NaN
ENSG00000204929,0.0785578436434582
ENSG00000235725,NaN
ENSG00000281920,NaN
ENSG00000232164,NaN
ENSG00000226819,NaN
ENSG00000143995,27.725023429582308
ENSG00000230749,NaN
ENSG00000232046,-1.2876092991024746
ENSG00000235885,0.6898682717716569
ENSG00000236780,3.738353064667142
ENSG00000143971,-0.3375308381129228
ENSG00000224173,NaN
ENSG00000197223,-1.0276181827165525
ENSG00000243667,-0.41712805126197144
ENSG00000115946,-1.0980625299164282
ENSG00000221823,0.45078429174883383
ENSG00000273275,-1.690982103930143
ENSG00000289156,2.7559380024156623
ENSG00000273064,-1.749577594768768
ENSG00000119865,-2.045244988705346
ENSG00000203395,22.002369639014688
ENSG00000115956,3.104796986444675
ENSG00000204923,-1.213230689905275
ENSG00000169621,1.697125027019144
ENSG00000163219,0.6188112146786754
ENSG00000228329,-0.003767515406773954
ENSG00000237576,-1.3008072973428533
ENSG00000169604,NaN
ENSG00000198380,0.6597365285009881
ENSG00000169599,0.22657276844657973
ENSG00000115977,2.154999529082059
ENSG00000196975,2.764407346945777
ENSG00000289250,0.31891499868761086
ENSG00000231024,NaN
ENSG00000288869,61.38866914684919
ENSG00000087338,1.6814031997822325
ENSG00000124380,-0.7215688603251573
ENSG00000059728,0.8240700074074891
ENSG00000244617,NaN
ENSG00000179818,0.46941380708463654
ENSG00000169564,-1.1974644772840775
ENSG00000233060,28.346924398402617
ENSG00000231327,9.060797924647797
ENSG00000115998,3.347272089996317
ENSG00000116001,1.650628328391169
ENSG00000116005,-0.3892407358859028
ENSG00000143977,-1.7946489122433673
ENSG00000035141,-1.2507790781961248
ENSG00000163235,1.3822334720077742
ENSG00000075340,0.5289444620084642
ENSG00000286979,NaN
ENSG00000116039,NaN
ENSG00000239322,NaN
ENSG00000144043,-0.9563596034180597
ENSG00000144031,3.7614463575334085
ENSG00000228384,NaN
ENSG00000236469,-0.9110218298966062
ENSG00000124357,0.3490819220112132
ENSG00000272735,0.2835308716641199
ENSG00000124370,-0.9024858607565188
ENSG00000288065,1.0162556751813925
ENSG00000124383,-0.6658577880002395
ENSG00000124374,0.779683642602018
ENSG00000075292,-0.5604963936841627
ENSG00000281195,1.9239442520927277
ENSG00000289463,-0.5942109562584893
ENSG00000289327,NaN
ENSG00000135636,5.275812846394622
ENSG00000144036,2.138737890517215
ENSG00000116096,-2.3879156728979742
ENSG00000144040,-0.3788250503938142
ENSG00000135631,-0.6698831024579649
ENSG00000272702,NaN
ENSG00000135632,-1.1044810479075384
ENSG00000135617,-1.464244532093983
ENSG00000135624,-1.714514867662477
ENSG00000163013,-0.4114280279326152
ENSG00000135625,1.0632788182983048
ENSG00000285068,0.8197412605688253
ENSG00000116127,0.25948237861243345
ENSG00000230002,0.7495030948671325
ENSG00000284902,NaN
ENSG00000290727,-0.42620611483731174
ENSG00000204872,31.97533607205274
ENSG00000144034,-0.6345335597190932
ENSG00000144048,-0.7419476990114146
ENSG00000287250,2.092803311342383
ENSG00000124356,0.5853040421721234
ENSG00000286244,0.01036071656587559
ENSG00000114956,-0.6880200771261982
ENSG00000237883,3.1215433418522496
ENSG00000187605,0.9377817614841965
ENSG00000217702,-0.17322657258529087
ENSG00000163170,-0.9785048657240412
ENSG00000225439,-0.019366572622451058
ENSG00000114978,-0.4941025158961397
ENSG00000065911,1.6260808263115976
ENSG00000279070,-0.06167951417130929
ENSG00000188687,2.8579474187216842
ENSG00000204843,-0.8544916401390249
ENSG00000284308,0.308128713631182
ENSG00000286623,0.7033163276330622
ENSG00000005448,-0.43694699856515246
ENSG00000114993,2.818747708269697
ENSG00000115274,-0.451264633483171
ENSG00000239779,0.3930971373722062
ENSG00000115275,-1.0565355333584285
ENSG00000286883,-0.002241543043907089
ENSG00000204822,-1.6884461485735371
ENSG00000135637,-1.2155970871010988
ENSG00000115282,-0.6952861011957938
ENSG00000179528,-2.580408854216433
ENSG00000272183,1.254021984117915
ENSG00000257702,-1.155485003287354
ENSG00000115289,-1.724068068094147
ENSG00000144045,NaN
ENSG00000115307,-1.171745690680724
ENSG00000115317,-0.13733871277289275
ENSG00000115318,0.007341708538168333
ENSG00000115325,3.490524693065925
ENSG00000159374,-1.900821015200834
ENSG00000135622,-0.4046350964394075
ENSG00000286739,0.24951335031645155
ENSG00000287687,-1.6485587267369268
ENSG00000272711,-1.6820892265447172
ENSG00000159399,2.2829666632450474
ENSG00000204792,NaN
ENSG00000230836,NaN
ENSG00000115350,-1.1438284110194228
ENSG00000115353,1.0047197084265806
ENSG00000270571,3.9042880545768517
ENSG00000115363,-1.5980969406132721
ENSG00000231172,-0.45110369315423293
ENSG00000115364,-0.7866409259985944
ENSG00000005436,0.720364008712072
ENSG00000271452,0.9353841299051044
ENSG00000286045,2.7994975797324932
ENSG00000270996,NaN
ENSG00000287474,-0.5076043357197617
ENSG00000287172,NaN
ENSG00000287749,NaN
ENSG00000287026,NaN
ENSG00000176204,-0.2859597523733823
ENSG00000227088,NaN
ENSG00000229494,NaN
ENSG00000286260,NaN
ENSG00000066032,-0.14230540334868386
ENSG00000286227,NaN
ENSG00000237498,NaN
ENSG00000286211,NaN
ENSG00000163541,-0.8846161405470135
ENSG00000289076,NaN
ENSG00000115423,0.9601663163581028
ENSG00000186854,5.243846845193721
ENSG00000034510,-1.2006498131583405
ENSG00000287625,2.5757743983
ENSG00000290085,-1.8535811382261271
ENSG00000176407,-0.44934576544252935
ENSG00000260840,NaN
ENSG00000152284,3.0798097442791414
ENSG00000152291,-0.8637440449037461
ENSG00000290110,-0.7315264040900947
ENSG00000042445,-1.3412922023644385
ENSG00000115459,0.8768494128736063
ENSG00000273196,NaN
ENSG00000042493,0.11061980874945249
ENSG00000152292,NaN
ENSG00000286532,-0.5771439456850563
ENSG00000168906,-1.1403726583148237
ENSG00000115486,-1.2635097644084452
ENSG00000118640,-1.494517511904906
ENSG00000168899,-0.934282669017945
ENSG00000288858,-0.7448859678468178
ENSG00000168894,-1.3383685376958392
ENSG00000168890,-1.3247955294811804
ENSG00000168883,0.4446231422883642
ENSG00000168887,-0.4839791330434332
ENSG00000115523,49.77117211904018
ENSG00000168874,-1.3456551171352191
ENSG00000229498,NaN
ENSG00000115525,0.42643069831276764
ENSG00000232504,3.0621046608837874
ENSG00000272564,0.2335723269618655
ENSG00000287628,NaN
ENSG00000068654,-0.18684928284128532
ENSG00000132300,-0.8385724558715623
ENSG00000132305,-0.6226315335046839
ENSG00000273080,-0.40938679937939626
ENSG00000132313,-0.6983819188310196
ENSG00000068615,-0.4558949706860004
ENSG00000115548,-0.17963449366817313
ENSG00000115561,0.35614119697942825
ENSG00000228363,2.230327216191233
ENSG00000239305,-0.2517007500673316
ENSG00000153561,-0.3906154294980633
ENSG00000153563,8.965347555003984
ENSG00000172116,11.50018203773126
ENSG00000291013,3.068996714327311
ENSG00000187627,-0.025929156056508588
ENSG00000183281,-0.5094498029220896
ENSG00000287931,2.73292297635006
ENSG00000287763,NaN
ENSG00000280721,-0.36006123020501746
ENSG00000222041,6.154279521831851
ENSG00000273445,1.368944994014217
ENSG00000289429,1.399335189945175
ENSG00000185304,0.7452890843309464
ENSG00000287670,NaN
ENSG00000172086,-0.6434796813548691
ENSG00000144115,3.340516769007454
ENSG00000225420,0.3349330794157375
ENSG00000172071,3.1132733534626573
ENSG00000234028,0.3140246316104034
ENSG00000153574,-1.3738218234909592
ENSG00000291127,11.280949850705182
ENSG00000290802,NaN
ENSG00000211592,234.73255669918316
ENSG00000211593,NaN
ENSG00000211596,NaN
ENSG00000290104,1.204901470891294
ENSG00000211598,4.030154600365254
ENSG00000243466,NaN
ENSG00000241351,8.711435364092596
ENSG00000244437,1.3722028458051925
ENSG00000239951,NaN
ENSG00000254098,4.704858572125534
ENSG00000253998,NaN
ENSG00000243238,NaN
ENSG00000290846,3.101553395637557
ENSG00000291150,-1.0759105025048195
ENSG00000286698,NaN
ENSG00000291142,-0.9167927411038177
ENSG00000290941,NaN
ENSG00000233850,18.577284049976253
ENSG00000172005,4.824449285142426
ENSG00000287362,-0.4869737377215683
ENSG00000288960,3.5458839052092492
ENSG00000144029,-1.1118460411617221
ENSG00000144026,-0.7370536936462961
ENSG00000275111,6.2578078738336265
ENSG00000289370,-1.0705286610184326
ENSG00000233757,-0.08671933739614106
ENSG00000115042,-0.26247124821511514
ENSG00000272913,-0.919136055275196
ENSG00000291126,0.9202270279008216
ENSG00000232931,6.042494467600888
ENSG00000174501,0.3010696186599437
ENSG00000291176,-0.015330500180980556
ENSG00000186281,-1.142232102178619
ENSG00000274286,NaN
ENSG00000188886,6.633880927782096
ENSG00000158050,8.092925143439047
ENSG00000228873,0.7648401983420499
ENSG00000084090,-0.52190834888661
ENSG00000204685,-0.8314324459589632
ENSG00000135956,-0.38636914881111417
ENSG00000144021,-1.4081647412520806
ENSG00000144028,-0.7763976845999028
ENSG00000230747,2.503717774556828
ENSG00000198885,3.2900772498740447
ENSG00000121152,-0.8715911593291905
ENSG00000235480,4.696274516700854
ENSG00000196843,-0.2604306332288931
ENSG00000114982,0.054896978492868995
ENSG00000249715,1.5272778398340172
ENSG00000114988,-0.9275522591287987
ENSG00000158158,0.2758091996790166
ENSG00000273265,-0.9291089265093913
ENSG00000289135,-0.5360415149787949
ENSG00000168763,-0.7392792889409312
ENSG00000163126,0.06455737793179432
ENSG00000213337,-1.5622489036765486
ENSG00000168758,1.1452293599848156
ENSG00000168754,-1.3559763516457644
ENSG00000144199,0.15335650724972832
ENSG00000135976,0.31912690210780686
ENSG00000277701,0.1583353924406913
ENSG00000230606,18.90025751922945
ENSG00000278766,NaN
ENSG00000196912,0.2317607959084637
ENSG00000135940,-1.4733432155120447
ENSG00000115073,-0.4296000031863726
ENSG00000228486,10.677948632945887
ENSG00000115085,5.081055635092432
ENSG00000075568,-0.5794915624859831
ENSG00000168658,0.2661409850362691
ENSG00000040933,1.0122543855743795
ENSG00000183513,-1.6904443681357906
ENSG00000115446,-1.3153440995448997
ENSG00000071073,1.8507878877073625
ENSG00000226791,-0.9735976596013756
ENSG00000196872,0.8219069555032961
ENSG00000135951,3.2139216490631184
ENSG00000273045,9.812240053999822
ENSG00000144182,-0.09685834093891958
ENSG00000158411,1
ENSG00000185414,0.015696814785704307
ENSG00000185674,3.08947885331763
ENSG00000144214,7.640777026624973
ENSG00000115514,-0.8695508399320605
ENSG00000158417,-0.9115955658368423
ENSG00000135945,-0.09984724749228584
ENSG00000273306,2.37534896136097
ENSG00000144218,11.90897273101291
ENSG00000230393,NaN
ENSG00000232084,NaN
ENSG00000170500,NaN
ENSG00000115526,-1.2107871891421675
ENSG00000115539,-1.59373248389358
ENSG00000170485,8.700418079068152
ENSG00000223947,NaN
ENSG00000071082,-1.1856300634586485
ENSG00000204634,5.6646265405566805
ENSG00000272902,3.937204164868107
ENSG00000158435,-0.1611790981746454
ENSG00000163162,0.12659487847372464
ENSG00000175874,-0.2525990502555037
ENSG00000196460,0.607387566735141
ENSG00000223826,NaN
ENSG00000286101,NaN
ENSG00000071054,0.06031539978536053
ENSG00000288948,-1.0416511398238717
ENSG00000289167,NaN
ENSG00000281162,-1.6046225195862276
ENSG00000115590,-1.5491892470461603
ENSG00000287771,0.5078161323167332
ENSG00000115594,2.6719801777328183
ENSG00000115598,3.1415554518014264
ENSG00000115604,2.3198168864597495
ENSG00000115607,3.162987209763074
ENSG00000236525,2.274940151160287
ENSG00000234389,0.3681168057220024
ENSG00000115616,-0.5236692698836306
ENSG00000135953,0.03441755889959451
ENSG00000170417,3.933608962341445
ENSG00000277527,NaN
ENSG00000286290,NaN
ENSG00000235597,NaN
ENSG00000288565,NaN
ENSG00000233639,NaN
ENSG00000224509,3.1508181783962823
ENSG00000135972,0.49046746131393965
ENSG00000231851,0.15979821672253564
ENSG00000226508,NaN
ENSG00000272861,-2.250468585625181
ENSG00000135966,-0.7557794593609408
ENSG00000235319,0.34960197444284113
ENSG00000272994,-0.22340697993163167
ENSG00000135974,-1.177440471915524
ENSG00000115641,31.489157960642135
ENSG00000238273,1.8320735702345563
ENSG00000071051,5.51809616359899
ENSG00000290119,-0.6815625363496614
ENSG00000235522,-0.699874868383588
ENSG00000234162,-0.9716579701947511
ENSG00000119147,-0.4970218219483075
ENSG00000115652,1.2489314780297525
ENSG00000233339,-1.0578893900879602
ENSG00000153165,NaN
ENSG00000254126,NaN
ENSG00000231505,NaN
ENSG00000286218,NaN
ENSG00000225588,NaN
ENSG00000237880,NaN
ENSG00000196862,1.3009972835013068
ENSG00000196228,NaN
ENSG00000290794,2.4810437484835433
ENSG00000198075,-1.0375555459184522
ENSG00000135968,-0.14425338139010935
ENSG00000214184,2.18961919497976
ENSG00000169756,14.681392566745886
ENSG00000153201,-0.41502254305051184
ENSG00000163006,5.294738556303864
ENSG00000135960,2.1679391964578025
ENSG00000172985,7.695746936525066
ENSG00000186522,-0.7585749785735688
ENSG00000198142,-2.009513182425261
ENSG00000015568,0.032423605661309265
ENSG00000144061,-0.09610649922235362
ENSG00000175701,-1.5027285149199603
ENSG00000175772,NaN
ENSG00000183054,NaN
ENSG00000169679,-0.6202111754086131
ENSG00000289202,-0.25886220287628514
ENSG00000153093,1.9908096829932564
ENSG00000172965,3.182788087027287
ENSG00000204581,NaN
ENSG00000153094,0.7423023315602474
ENSG00000271590,NaN
ENSG00000229118,NaN
ENSG00000270190,-0.6520053910882508
ENSG00000285016,NaN
ENSG00000280878,1.911076293334518
ENSG00000153107,-0.14914197906812202
ENSG00000153208,6.578353439928907
ENSG00000286904,1.3650471275421212
ENSG00000153214,0.5782097863448243
ENSG00000144152,3.2804681572735297
ENSG00000144161,-0.2159849034275793
ENSG00000286545,1.2531047681443013
ENSG00000188177,0.40188527409984426
ENSG00000169629,-0.42570161800031114
ENSG00000114999,2.1502826766328744
ENSG00000125630,2.2586644688112925
ENSG00000125611,-1.816366898296904
ENSG00000243389,-0.6635167442798808
ENSG00000237753,-0.9007987151118879
ENSG00000144136,0.609465036820956
ENSG00000144130,NaN
ENSG00000169607,6.632520766612182
ENSG00000115008,4.674340197038606
ENSG00000287937,NaN
ENSG00000125538,20.244777000242234
ENSG00000136689,3.2551974640456827
ENSG00000125637,0.8355946919370353
ENSG00000189223,-0.11475997739219103
ENSG00000125618,-0.6456063234446028
ENSG00000234997,-1.5070950529908167
ENSG00000289035,-1.30967139328655
ENSG00000272563,-1.2040430411913408
ENSG00000136682,-1.3229170532721406
ENSG00000287165,NaN
ENSG00000291134,-0.7408582725442703
ENSG00000144134,-0.6809821335535349
ENSG00000227359,-0.886083675627722
ENSG00000115084,-0.30764518086441417
ENSG00000244063,2.893078918127551
ENSG00000228857,7.383428564863678
ENSG00000270019,9.147594916614203
ENSG00000115091,-1.1680312678620055
ENSG00000234199,1.3063330512650284
ENSG00000175497,-0.8680017960396147
ENSG00000231538,NaN
ENSG00000286776,NaN
ENSG00000287451,NaN
ENSG00000238207,NaN
ENSG00000088205,-1.5384418200915957
ENSG00000236255,2.069204570727462
ENSG00000290590,-0.5465777408747962
ENSG00000125633,-0.009944520353069987
ENSG00000235066,-0.6378545048951856
ENSG00000125629,-0.9279573716989561
ENSG00000226856,2.830310701456478
ENSG00000019169,-0.09840440273867171
ENSG00000115107,-2.505949498077743
ENSG00000229867,-0.04805630974502538
ENSG00000186132,-0.828627660238081
ENSG00000155368,-1.2220820850997116
ENSG00000080293,NaN
ENSG00000144120,-1.085963265135864
ENSG00000088179,1.171925765676421
ENSG00000115109,2.3471831616140326
ENSG00000224789,-0.02263943605358247
ENSG00000226479,-1.2654198298931238
ENSG00000144118,-0.6693379139278673
ENSG00000289091,NaN
ENSG00000235840,1.10232823317241
ENSG00000074047,NaN
ENSG00000234455,NaN
ENSG00000115112,-1.3316499738525363
ENSG00000074054,-0.7957407112678466
ENSG00000265451,3.8066678422546323
ENSG00000236859,0.741510012771173
ENSG00000155438,-0.6104690686642246
ENSG00000211460,-1.710427357490013
ENSG00000224655,NaN
ENSG00000286481,4.158214430191233
ENSG00000226708,NaN
ENSG00000155052,-0.9708690854894871
ENSG00000286206,NaN
ENSG00000235491,NaN
ENSG00000286515,NaN
ENSG00000290113,NaN
ENSG00000288524,NaN
ENSG00000136732,-0.07214088893482896
ENSG00000260163,NaN
ENSG00000136717,-0.9508721736477643
ENSG00000186684,NaN
ENSG00000163161,0.06874342092147229
ENSG00000286145,-0.19449518276501185
ENSG00000169967,-0.13048299111331593
ENSG00000236682,-1.1567969495701245
ENSG00000287742,NaN
ENSG00000115718,-2.4535544070003663
ENSG00000163166,-0.4379372024763285
ENSG00000231731,-0.45025166365505026
ENSG00000169994,-1.250126681918591
ENSG00000272789,NaN
ENSG00000072163,-0.5671571840713142
ENSG00000136709,-0.13274517061763658
ENSG00000173349,-1.2406876997719314
ENSG00000144231,-0.8251053657724162
ENSG00000144233,-0.9974415180490286
ENSG00000272667,1.5709866440122335
ENSG00000286873,4.030073650968123
ENSG00000136715,0.45436712673809576
ENSG00000289982,-0.1514011959060488
ENSG00000136731,-0.6701663609278619
ENSG00000136720,0.13319249325502364
ENSG00000229536,0.7530380332056434
ENSG00000237574,NaN
ENSG00000290615,NaN
ENSG00000136699,-0.41300666835454436
ENSG00000152082,-1.211825870863973
ENSG00000136710,-1.2354351442418263
ENSG00000136718,-1.1742208962320975
ENSG00000072135,16.097830111149324
ENSG00000290596,NaN
ENSG00000290614,NaN
ENSG00000232408,9.681544550461181
ENSG00000136002,0.014986060712240453
ENSG00000152102,-0.4123017231429422
ENSG00000115762,-0.9000417235942473
ENSG00000233087,NaN
ENSG00000273073,NaN
ENSG00000173272,-1.0729452469798817
ENSG00000075886,NaN
ENSG00000163040,NaN
ENSG00000287151,0.8799038261249101
ENSG00000290616,NaN
ENSG00000236485,NaN
ENSG00000163046,19.322127723398516
ENSG00000286833,NaN
ENSG00000183840,0.8845597746445603
ENSG00000176771,13.10261297419652
ENSG00000286068,NaN
ENSG00000226953,NaN
ENSG00000152127,2.9105015694734155
ENSG00000289534,-0.8552954043494788
ENSG00000152128,4.840953066282053
ENSG00000224043,1.3782156922103677
ENSG00000153086,-0.8627041191816969
ENSG00000082258,-0.3126028430019889
ENSG00000176601,-0.610714207120885
ENSG00000115839,-0.2639181664483696
ENSG00000121988,3.064547878112872
ENSG00000048991,0.6258123574460803
ENSG00000144224,-1.720980082464742
ENSG00000115850,NaN
ENSG00000076003,6.266617310814749
ENSG00000115866,-1.0293003865159913
ENSG00000231890,17.26174808146279
ENSG00000121966,1.4671290015986038
ENSG00000289974,-0.03246118332129189
ENSG00000144229,1.0494646315032035
ENSG00000150540,1.4782551088007787
ENSG00000228043,1.6473937286893587
ENSG00000230569,NaN
ENSG00000144228,1.3381017332082665
ENSG00000241772,-0.99279230255012
ENSG00000237772,-1.1410978297622474
ENSG00000168702,-0.7253278141875885
ENSG00000115919,3.4018945983530937
ENSG00000075884,0.04098039467196184
ENSG00000257284,0.48694276800890923
ENSG00000228655,1.2054494291281839
ENSG00000283994,-0.9440862689438839
ENSG00000231758,-0.5963134910280865
ENSG00000257277,0.6535884957234085
ENSG00000232377,NaN
ENSG00000121964,3.054788129251191
ENSG00000169554,3.4964018989081382
ENSG00000283118,-0.5604442718077939
ENSG00000238057,-1.7890771234031664
ENSG00000232606,-0.5237167154727901
ENSG00000287115,-2.301282382264738
ENSG00000226674,0.6401190916607352
ENSG00000286225,NaN
ENSG00000121989,1.6755363273790005
ENSG00000115947,-0.07853733693059878
ENSG00000204406,0.879514461756639
ENSG00000135999,-0.07349573981384831
ENSG00000231079,1.0535988965539067
ENSG00000168280,1.8587968169935252
ENSG00000289474,4.7766612028549655
ENSG00000286167,0.33347340120686253
ENSG00000150556,27.635088168094494
ENSG00000187123,NaN
ENSG00000168288,-1.290456490370114
ENSG00000231969,6.4344844329962685
ENSG00000162947,1.321246922090651
ENSG00000230645,NaN
ENSG00000115963,NaN
ENSG00000222031,NaN
ENSG00000184898,-0.00932838223725832
ENSG00000123609,-1.5663670936469574
ENSG00000123610,4.105250187668798
ENSG00000080345,0.25798242963931384
ENSG00000183091,1.665780024391998
ENSG00000162980,-1.176722742797138
ENSG00000288066,-0.9126947838535061
ENSG00000182389,3.1382665757537596
ENSG00000225214,-0.27513826759554033
ENSG00000115145,0.7160305168557906
ENSG00000286234,-0.37241750337269663
ENSG00000157827,17.94174728595319
ENSG00000287085,NaN
ENSG00000286207,NaN
ENSG00000196504,-1.4010607150790384
ENSG00000177917,0.9582860867503166
ENSG00000227400,NaN
ENSG00000144278,-0.002333932364305113
ENSG00000224675,NaN
ENSG00000286679,-0.4149405391645314
ENSG00000226383,7.747792376201372
ENSG00000282440,-0.7951549365625911
ENSG00000153234,1.1766530940443614
ENSG00000115159,1.428797686337578
ENSG00000283436,NaN
ENSG00000286530,NaN
ENSG00000136542,NaN
ENSG00000136541,-0.925572565838069
ENSG00000115165,-0.2659634410082141
ENSG00000123612,2.095976599488775
ENSG00000234584,NaN
ENSG00000115170,1.7788911852228946
ENSG00000007001,4.813188354100394
ENSG00000270557,3.719451273974452
ENSG00000271320,-0.5904383895764252
ENSG00000227480,NaN
ENSG00000153237,1.8544643926848432
ENSG00000144283,1.921106042653368
ENSG00000289488,NaN
ENSG00000163331,-1.006265232932002
ENSG00000115183,3.4026498385817967
ENSG00000196151,-0.031142349486000347
ENSG00000123636,1.503524651444184
ENSG00000223642,NaN
ENSG00000224152,-1.9921609795656612
ENSG00000226266,0.19310731757163935
ENSG00000136536,-0.713101055690265
ENSG00000241399,1.5038598786975261
ENSG00000287091,-1.0636131059976242
ENSG00000054219,0.5430784998989071
ENSG00000153246,NaN
ENSG00000285373,NaN
ENSG00000153250,0.4182673616609398
ENSG00000224467,-0.7590841915762518
ENSG00000136560,-0.010458194096161895
ENSG00000235724,3.1610496736490306
ENSG00000227403,0.9532841255607023
ENSG00000115233,-0.6869257440060742
ENSG00000144290,20.93524370356832
ENSG00000288091,NaN
ENSG00000197635,2.5072198828483745
ENSG00000230918,-0.7466376653508909
ENSG00000078098,NaN
ENSG00000115267,-1.1346549465159308
ENSG00000115271,1.771761826925036
ENSG00000184611,1.0100831274274944
ENSG00000237750,NaN
ENSG00000237844,0.3914642685389092
ENSG00000115290,-0.858466304527795
ENSG00000082438,14.166921773787575
ENSG00000236283,5.765053384981293
ENSG00000169507,18.168143243722167
ENSG00000153253,6.5521547184666815
ENSG00000136531,4.746609533261529
ENSG00000178662,0.3896417133414498
ENSG00000115339,0.2638253110285311
ENSG00000235192,0.8523137180250595
ENSG00000229195,2.776776381213122
ENSG00000123607,-0.2638960189157392
ENSG00000224490,NaN
ENSG00000236107,10.711744917179699
ENSG00000144285,0.9801786951120541
ENSG00000169432,6.5502210229108755
ENSG00000136546,5.2563821160234845
ENSG00000163092,-0.5683475751566887
ENSG00000172318,1.352214265537124
ENSG00000235335,-0.056387447130474624
ENSG00000198648,1.5661643269314636
ENSG00000172292,1.262415778530284
ENSG00000163072,-0.47102749010085726
ENSG00000152253,-4.785141151150544
ENSG00000073734,NaN
ENSG00000073737,0.8302997514173572
ENSG00000081479,NaN
ENSG00000163093,0.0767762403648395
ENSG00000239474,NaN
ENSG00000138399,2.638281622987071
ENSG00000138398,-1.1430050411710189
ENSG00000154479,2.405145480076349
ENSG00000144362,-1.103176624282812
ENSG00000213160,1.4129830887510595
ENSG00000138385,-1.4426331378806387
ENSG00000138382,-1.8613368058031703
ENSG00000144357,-0.41607390091400603
ENSG00000071909,4.646790682920454
ENSG00000231898,NaN
ENSG00000213981,NaN
ENSG00000234350,NaN
ENSG00000128683,NaN
ENSG00000286115,NaN
ENSG00000115806,-0.8275875134914976
ENSG00000198586,0.7951392928210397
ENSG00000123600,3.55748778690175
ENSG00000115827,0.6760217621444258
ENSG00000071967,0.7656130428650886
ENSG00000077380,-1.4007614258174275
ENSG00000115840,0.23219789523418788
ENSG00000128708,0.05420513673996807
ENSG00000172878,0.022698288769631893
ENSG00000115844,NaN
ENSG00000232555,1.8629045377128137
ENSG00000091409,5.944964117477034
ENSG00000232788,13.866881595082202
ENSG00000225205,0.4507322141685586
ENSG00000152256,3.424018373345881
ENSG00000228016,NaN
ENSG00000091428,4.271437482148518
ENSG00000091436,1.8894768679756113
ENSG00000238133,-1.4342079544224318
ENSG00000144354,0.015305116753601708
ENSG00000172845,-0.5886934830475484
ENSG00000289296,-1.1623332574851395
ENSG00000271151,-0.43718738825557424
ENSG00000273258,NaN
ENSG00000260868,NaN
ENSG00000138430,0.1667899293138743
ENSG00000138433,-1.263235721923245
ENSG00000144306,-0.5052763259110999
ENSG00000163328,1.9015439936284926
ENSG00000226853,-0.775787147748439
ENSG00000236449,0.32370890624720844
ENSG00000115935,-0.8245681406823001
ENSG00000290018,0.7703267934662456
ENSG00000138435,0.7882715368235705
ENSG00000128656,3.4272000358820787
ENSG00000115966,-0.5071501440856501
ENSG00000229750,NaN
ENSG00000154518,-1.4553277022081668
ENSG00000229066,NaN
ENSG00000289349,1.0090470298718794
ENSG00000144320,0.16895652978895223
ENSG00000224189,NaN
ENSG00000128654,2.721877598385757
ENSG00000224577,-0.43809269721236116
ENSG00000163364,-0.7710840815187046
ENSG00000230552,NaN
ENSG00000236501,NaN
ENSG00000229337,3.062291623475981
ENSG00000170144,-1.0492340507700695
ENSG00000116044,-0.5700781393708436
ENSG00000222043,2.622707506120185
ENSG00000213963,-1.3256346897434583
ENSG00000271825,NaN
ENSG00000271996,NaN
ENSG00000018510,0.06550089734148105
ENSG00000196659,4.0390015438051075
ENSG00000197557,-1.7499170675511588
ENSG00000128655,-0.7872889251216789
ENSG00000155636,3.182704474522254
ENSG00000079156,2.9147449395724063
ENSG00000223960,-0.49851092199964614
ENSG00000180228,-1.0778542971221052
ENSG00000204311,27.037623701191983
ENSG00000079150,-0.5160038256895635
ENSG00000116095,-0.6939803808405373
ENSG00000237298,-0.25178856820862794
ENSG00000155657,26.069016851886893
ENSG00000270956,-1.4264044517757264
ENSG00000270277,-1.4908126610690642
ENSG00000271011,-1.0461095736033252
ENSG00000270574,-1.3091413259072893
ENSG00000271141,NaN
ENSG00000271401,NaN
ENSG00000287149,-0.550996561379024
ENSG00000163492,4.201994807553758
ENSG00000187231,1.3992833522389965
ENSG00000144331,-0.5869106009542245
ENSG00000163510,2.1260313045967982
ENSG00000281131,NaN
ENSG00000170035,0.42240624810911065
ENSG00000238171,NaN
ENSG00000234663,8.74525103115839
ENSG00000289389,0.4422434732227004
ENSG00000115232,1.2637672737716665
ENSG00000188452,1.5139610007263447
ENSG00000260742,-2.964329080687337
ENSG00000138434,-0.7731074995956692
ENSG00000115252,1.1971605743149816
ENSG00000077232,-0.47791341895854106
ENSG00000061676,0.4907643133058307
ENSG00000162999,-0.47299998886806655
ENSG00000224643,NaN
ENSG00000163002,1.3912058368257814
ENSG00000272800,-0.11378936691900941
ENSG00000287621,3.4120768844402636
ENSG00000286152,NaN
ENSG00000286980,NaN
ENSG00000283839,-0.8894024368502244
ENSG00000170396,9.757100082599463
ENSG00000286797,2.9793121627035184
ENSG00000231646,3.4069315018155475
ENSG00000188738,2.131403945899351
ENSG00000287129,-0.4666813212100941
ENSG00000237877,5.705466017408416
ENSG00000259915,-0.9323291295371626
ENSG00000065548,-1.445592874738982
ENSG00000138448,0.960593150270069
ENSG00000227227,-0.2154712875743201
ENSG00000144369,-0.8490568962645907
ENSG00000163012,NaN
ENSG00000224063,7.632840630429813
ENSG00000064989,3.162561931542837
ENSG00000003436,37.59843772721858
ENSG00000231689,-0.74820959653282
ENSG00000223523,3.9860367644296595
ENSG00000204262,1.8843156300015234
ENSG00000288866,NaN
ENSG00000115368,-1.4768019147942235
ENSG00000138449,65.79469655832308
ENSG00000138381,-1.2879649730612475
ENSG00000151687,1.23917874670759
ENSG00000128694,-0.599394709368515
ENSG00000253559,0.1833924506975492
ENSG00000273240,-0.982081388031829
ENSG00000128699,-1.9590543677657075
ENSG00000064933,1.496051616309584
ENSG00000187699,38.427742654331404
ENSG00000198130,1.117870630442669
ENSG00000151689,0.38579069210385925
ENSG00000151690,0.9110697821780227
ENSG00000272979,-0.11330960169972569
ENSG00000189362,-0.5029007713607739
ENSG00000233654,0.6205221438306677
ENSG00000284052,0.07238446301749829
ENSG00000138386,-0.8924485729964818
ENSG00000228509,0.6635849326799904
ENSG00000235852,1.9500699649436548
ENSG00000115419,-0.14459456033382354
ENSG00000115415,2.7960095421275115
ENSG00000231858,0.8830985530081598
ENSG00000138378,5.257073446094147
ENSG00000288064,-0.24231180883230752
ENSG00000128641,1.3215592020954101
ENSG00000288900,-1.6869941241866366
ENSG00000173559,1.0758699851090567
ENSG00000168497,201.66512840613385
ENSG00000233766,-0.9128217260062919
ENSG00000144339,NaN
ENSG00000225539,NaN
ENSG00000235056,-0.10912083976291419
ENSG00000224099,0.5458895305408855
ENSG00000271893,13.38725001833096
ENSG00000223466,1.3737528019438723
ENSG00000234919,NaN
ENSG00000196950,1.973129606246871
ENSG00000118997,43.354098617984626
ENSG00000081320,-0.8229490392314471
ENSG00000272211,0.07594160947599791
ENSG00000138411,1.010015024336781
ENSG00000229056,-0.5127307389800133
ENSG00000144395,-0.6265403051601917
ENSG00000119041,-0.7634569451851774
ENSG00000197121,1
ENSG00000065413,-0.7342192164652788
ENSG00000231621,0.324016418757742
ENSG00000236977,-1.2142976065213358
ENSG00000225979,-0.8541723538394557
ENSG00000115524,-1.2009927432539342
ENSG00000115520,-0.46406914931010834
ENSG00000144381,-0.993369095559823
ENSG00000115541,-1.937402909766598
ENSG00000115540,-1.4482080090079388
ENSG00000162944,-1.032430390411549
ENSG00000287858,NaN
ENSG00000222017,1.1681152612525032
ENSG00000247626,-0.3469148012879062
ENSG00000152430,NaN
ENSG00000115896,7.375286750400137
ENSG00000286020,NaN
ENSG00000225421,NaN
ENSG00000231557,NaN
ENSG00000119042,-0.5257488096850963
ENSG00000225953,-3.7632788173856753
ENSG00000238217,-0.06535694910580701
ENSG00000226124,0.21162721125890616
ENSG00000232732,0.27140854173873424
ENSG00000178074,1.082202911914537
ENSG00000162971,-0.21931783344165817
ENSG00000162972,2.1295636436148038
ENSG00000196141,3.4788328356979283
ENSG00000287299,-0.8396398995446603
ENSG00000155729,-0.44365467193209
ENSG00000163535,0.16039970380265475
ENSG00000138356,NaN
ENSG00000290905,-0.6426028296172935
ENSG00000237166,7.914153205088783
ENSG00000291279,NaN
ENSG00000290906,-1.4360505023091386
ENSG00000230408,NaN
ENSG00000082153,-1.0126169777638865
ENSG00000013441,-1.223582933882726
ENSG00000240344,0.5968543870039805
ENSG00000196290,0.9416519050804841
ENSG00000115942,0.6747267449875956
ENSG00000183308,1.8225055546462001
ENSG00000155744,0.27626864054826283
ENSG00000119013,-2.252644523329526
ENSG00000232719,NaN
ENSG00000003402,-0.24615307309914755
ENSG00000226312,-0.8175186924329262
ENSG00000003400,-1.19077779202735
ENSG00000064012,-0.004599068210113026
ENSG00000289698,-0.7168153445941379
ENSG00000155749,1.346827833936889
ENSG00000115993,0.7573635973846177
ENSG00000082146,3.357996827486676
ENSG00000155754,0.42725336397961494
ENSG00000155755,-0.5252347662276667
ENSG00000287133,-2.79609112848828
ENSG00000082126,0.3886036104035597
ENSG00000003393,0.2618684478215208
ENSG00000155760,0.06750463817108882
ENSG00000182329,-0.6906994177711109
ENSG00000222035,NaN
ENSG00000287041,NaN
ENSG00000231903,NaN
ENSG00000116030,-1.772546336589213
ENSG00000055044,-0.2249158775012056
ENSG00000286223,-1.1249278710970547
ENSG00000272966,0.5338052338728171
ENSG00000273456,-0.9272023778023122
ENSG00000204217,1.7668335761128593
ENSG00000138439,1.5638651196733395
ENSG00000163596,1.43016265082304
ENSG00000138442,-0.46957716252949616
ENSG00000138380,1.2844659326013992
ENSG00000144426,0.4403249798651018
ENSG00000289294,-0.0008704275172553586
ENSG00000119004,-0.5058539820902626
ENSG00000138443,3.920286541549242
ENSG00000173166,0.8371288558767486
ENSG00000178562,3.4730686974158047
ENSG00000163599,0.35251429037995974
ENSG00000163600,12.203237964959701
ENSG00000237843,NaN
ENSG00000116117,7.562136408046257
ENSG00000118257,-0.37849149586300684
ENSG00000225610,NaN
ENSG00000114933,1.5774936097869627
ENSG00000227946,-1.029757137914407
ENSG00000023228,0.3179472837758108
ENSG00000231955,0.9359760831296278
ENSG00000114942,-0.7032344232550789
ENSG00000183671,-0.5156377174481085
ENSG00000279220,NaN
ENSG00000204186,0.6072725685122896
ENSG00000114948,10.583359426665844
ENSG00000232125,7.626583982813787
ENSG00000138400,-0.4634515802526375
ENSG00000118246,-1.0339370742855143
ENSG00000229321,5.885265612679335
ENSG00000118263,0.23109365744373184
ENSG00000237892,-2.295377074278992
ENSG00000229647,8.96645573932477
ENSG00000234902,3.089623915502985
ENSG00000223725,4.129275768302396
ENSG00000225064,NaN
ENSG00000118260,-0.3363435663448639
ENSG00000144401,0.4151732605136071
ENSG00000224137,3.5512689526464913
ENSG00000163249,-0.5571045038067811
ENSG00000272851,NaN
ENSG00000163251,-0.908182862145832
ENSG00000178385,0.521242696341231
ENSG00000289422,NaN
ENSG00000118231,5.582309917562187
ENSG00000138413,-0.7736672536314949
ENSG00000231908,-1.2707536549643388
ENSG00000115020,0.7102219634909512
ENSG00000144407,-0.15092787892858928
ENSG00000286249,NaN
ENSG00000078018,25.520787717387847
ENSG00000144406,NaN
ENSG00000197713,0.17588213998084154
ENSG00000144445,1.7026284675755137
ENSG00000272807,1.301067507070121
ENSG00000229127,-0.33301907239025175
ENSG00000279317,-0.1714184241169047
ENSG00000234281,-0.28595048768325837
ENSG00000115365,0.3198376352463539
ENSG00000021826,-0.8900511218886902
ENSG00000178568,-0.12829272711563525
ENSG00000273118,12.20434794932864
ENSG00000286965,-0.09055136053070025
ENSG00000030419,15.476829254604691
ENSG00000270659,-0.15189000243015255
ENSG00000236193,0.8449488800874344
ENSG00000196096,NaN
ENSG00000144451,0.32192119665488395
ENSG00000197585,5.863796174165009
ENSG00000174453,7.515195790026796
ENSG00000138376,1.4560643280391115
ENSG00000229267,0.554577894333609
ENSG00000144452,3.2127369644763224
ENSG00000227769,3.56041997256776
ENSG00000286836,0.9198062962773716
ENSG00000138363,-1.4918719020254807
ENSG00000115414,-0.07908315595965533
ENSG00000225166,NaN
ENSG00000237525,-0.4619799526740806
ENSG00000235770,-2.0001167007840763
ENSG00000230838,NaN
ENSG00000226276,NaN
ENSG00000118242,0.3876876522095157
ENSG00000115425,1.5011766741852555
ENSG00000163449,-0.8307801194914527
ENSG00000079246,-1.1544307963243476
ENSG00000260804,0.24211294958493007
ENSG00000144583,0.2406517061103333
ENSG00000233581,NaN
ENSG00000235042,NaN
ENSG00000138375,0.2013238129582715
ENSG00000232485,0.13823842602834716
ENSG00000197756,-1.0618882939772916
ENSG00000115457,68.57475805792028
ENSG00000233143,1.2663851824326224
ENSG00000231672,6.024369081160339
ENSG00000079308,0.577722105956927
ENSG00000188282,2.897512348150067
ENSG00000291236,56.5495892676419
ENSG00000180871,1.2730351852942479
ENSG00000163464,3.056804425399645
ENSG00000163466,-0.9743722385336852
ENSG00000261338,-0.37794295214717943
ENSG00000179921,-0.6569853889540276
ENSG00000127837,-0.16660899056459982
ENSG00000127838,-1.3730411069489628
ENSG00000135926,7.560559860422978
ENSG00000237281,-0.4435538076260009
ENSG00000158428,-0.7800721485090516
ENSG00000225062,-0.6784611034297118
ENSG00000288819,5.5792154850908044
ENSG00000018280,4.68671035122668
ENSG00000144579,-1.2645465615952722
ENSG00000273361,-1.4530803392978218
ENSG00000127831,10.82375267308369
ENSG00000135913,1.1192044456521046
ENSG00000144580,-0.11537026939648565
ENSG00000115556,0.26980969987467357
ENSG00000115568,-0.7431857235840023
ENSG00000074582,3.638091938249787
ENSG00000163481,-0.9225852698004529
ENSG00000163482,-1.6559273147514393
ENSG00000135912,0.21560254676519258
ENSG00000135929,1.3428654284640946
ENSG00000286154,-1.0927061016911204
ENSG00000272555,1.8560723820291958
ENSG00000115596,0.6027289673273757
ENSG00000135925,-0.40900212182610635
ENSG00000228135,NaN
ENSG00000288898,-0.35504173553364965
ENSG00000181378,NaN
ENSG00000286606,0.2986599656536668
ENSG00000187736,0.8251094237191706
ENSG00000213901,-0.8439658174972297
ENSG00000115649,-0.8180588360922618
ENSG00000144567,-0.22297731781125094
ENSG00000290093,0.6880758154580172
ENSG00000158552,0.011666105268147212
ENSG00000287529,NaN
ENSG00000115657,12.33718789173032
ENSG00000198925,-1.0479371256604926
ENSG00000163516,-0.9112687492156922
ENSG00000163521,0.08603802081541748
ENSG00000115661,-1.7159567648775296
ENSG00000127824,59.96427645410943
ENSG00000243910,0.3140842451879123
ENSG00000135924,2.000231644081613
ENSG00000054356,10.226713219158281
ENSG00000123992,-1.3163235212549245
ENSG00000229525,4.337004231702952
ENSG00000175084,-0.0711228453654058
ENSG00000072195,-0.9542803509933862
ENSG00000227432,NaN
ENSG00000286095,1.301472954554043
ENSG00000268603,NaN
ENSG00000144591,-1.6545714776118219
ENSG00000072182,3.487537605633038
ENSG00000123989,-0.5246981062548945
ENSG00000188760,NaN
ENSG00000124006,-0.975542260938403
ENSG00000123999,NaN
ENSG00000144589,-0.9514606437067126
ENSG00000114923,-1.2311633559160282
ENSG00000227308,NaN
ENSG00000288902,-0.5465194699675365
ENSG00000239498,NaN
ENSG00000236451,-0.8721392384004271
ENSG00000224819,0.09372894451581484
ENSG00000286272,NaN
ENSG00000116106,6.103892659078999
ENSG00000272944,NaN
ENSG00000234446,0.9456622209218496
ENSG00000135903,NaN
ENSG00000291155,5.908467691866158
ENSG00000163082,1.9257054653411099
ENSG00000116120,-0.9221397167279841
ENSG00000124003,1.243452163239539
ENSG00000123983,0.2768963349770131
ENSG00000152049,-1.0911643804115265
ENSG00000231189,NaN
ENSG00000171951,17.449378755352928
ENSG00000152056,2.2846236548396255
ENSG00000085449,0.5381794567173847
ENSG00000135900,-1.6471423124990752
ENSG00000228802,NaN
ENSG00000135919,6.777356801709024
ENSG00000124019,-3.0008562164242325
ENSG00000274629,-0.5131105245048941
ENSG00000036257,-0.6951891227666285
ENSG00000135905,0.3872385628172169
ENSG00000144460,1.2370679472386792
ENSG00000289265,NaN
ENSG00000235070,NaN
ENSG00000169047,0.9960702504581777
ENSG00000272622,NaN
ENSG00000290086,0.836379287822235
ENSG00000144468,2.178033538059397
ENSG00000081052,1.5394824353052816
ENSG00000169031,3.482928992561636
ENSG00000236432,-0.11842672159065253
ENSG00000168958,-1.2239192647622321
ENSG00000168955,-1.5936604389086741
ENSG00000173744,0.09502096717037993
ENSG00000284631,NaN
ENSG00000135917,NaN
ENSG00000115009,0.35593817370350667
ENSG00000153820,NaN
ENSG00000232023,2.046972091462428
ENSG00000153823,13.179343756498096
ENSG00000290097,NaN
ENSG00000187957,0.013164835183073851
ENSG00000153827,-1.0421779680104795
ENSG00000153832,2.3281603860230544
ENSG00000163053,-0.8706449033980919
ENSG00000225963,-0.6476604905410722
ENSG00000135899,-0.028835919624926546
ENSG00000079263,2.4475789831564563
ENSG00000185404,0.9656319844994172
ENSG00000067066,-0.03752782132318884
ENSG00000235419,-0.04229167312013192
ENSG00000135932,0.968330618447384
ENSG00000135916,14.693718625641804
ENSG00000135898,0.8595108878352069
ENSG00000283164,48.67655477762219
ENSG00000238062,NaN
ENSG00000173699,-0.8474903865562213
ENSG00000204128,NaN
ENSG00000173692,0.42314758253217466
ENSG00000135914,0.005406490255326903
ENSG00000135931,-0.8936325253217398
ENSG00000224376,-0.9842129382529173
ENSG00000156966,4.187096955822422
ENSG00000233538,-1.2362124079076215
ENSG00000115053,-0.9901990353136831
ENSG00000181798,0.1896670820134839
ENSG00000286942,1.0546087099370878
ENSG00000171596,2.582675038897736
ENSG00000286399,NaN
ENSG00000289018,0.40163238990505207
ENSG00000187514,-1.324735563521079
ENSG00000156973,1.243956466562866
ENSG00000144524,-0.6388588878755597
ENSG00000261096,3.4718053307614785
ENSG00000163273,NaN
ENSG00000144535,0.19215675429564408
ENSG00000227033,10.340088981014857
ENSG00000135902,NaN
ENSG00000196811,NaN
ENSG00000221944,-0.07616203635767034
ENSG00000135930,-1.0519718388278325
ENSG00000237126,0.9632089058509438
ENSG00000115468,3.6343877501173183
ENSG00000204120,0.5965532505259111
ENSG00000241409,-0.5661353228364512
ENSG00000115474,-0.6620833412559147
ENSG00000182600,-0.09206958957176681
ENSG00000066248,NaN
ENSG00000168918,-0.5885130774469879
ENSG00000289129,-0.16739191793110456
ENSG00000085978,0.195539081169672
ENSG00000130561,-2.3083371555918624
ENSG00000259793,0.5556605927398028
ENSG00000077044,1.739620759661728
ENSG00000085982,0.2119847629430421
ENSG00000123485,NaN
ENSG00000144481,0.5694711604449593
ENSG00000288040,NaN
ENSG00000228162,0.5380590558439916
ENSG00000231682,6.275151114948437
ENSG00000188042,2.3697724337427934
ENSG00000280744,NaN
ENSG00000235726,-0.24719326526429006
ENSG00000130147,-0.671854401238664
ENSG00000157985,9.173411138591211
ENSG00000233611,NaN
ENSG00000182177,NaN
ENSG00000132321,3.419950596011688
ENSG00000144476,-0.14723601761779131
ENSG00000227252,2.5008014297362817
ENSG00000198612,0.4217882490474348
ENSG00000163359,-0.714454311036437
ENSG00000222032,1.2370829132152672
ENSG00000124839,-2.673300738397274
ENSG00000227107,NaN
ENSG00000124831,0.1187410855703759
ENSG00000286864,-0.4019579828508518
ENSG00000177483,-0.9228684015859673
ENSG00000132329,12.52069181101238
ENSG00000288857,NaN
ENSG00000184182,0.49359401182886165
ENSG00000132330,1.1075809461069408
ENSG00000144488,NaN
ENSG00000168427,NaN
ENSG00000178752,-0.6014695382675641
ENSG00000132323,-1.146452618364979
ENSG00000186235,0.4030693973694488
ENSG00000225057,NaN
ENSG00000144485,13.36629644396617
ENSG00000132326,-1.0162707731386127
ENSG00000283635,-0.22454858430132488
ENSG00000232306,NaN
ENSG00000204104,-0.45038076567252583
ENSG00000065802,2.5949334574709084
ENSG00000225493,NaN
ENSG00000234279,NaN
ENSG00000233608,-3.039562949931652
ENSG00000068024,-0.10953029918482203
ENSG00000286307,-1.0593195306996168
ENSG00000222020,-1.0565388619097604
ENSG00000286525,0.6005385564486498
ENSG00000288082,NaN
ENSG00000220256,-0.6044891835587578
ENSG00000130414,-1.8931458311047016
ENSG00000172428,-1.7122983052339524
ENSG00000063660,1.7789770943279364
ENSG00000144504,0.8931408674109592
ENSG00000188542,3.154627835732312
ENSG00000142327,-0.09458519875354121
ENSG00000260942,-1.4395631154414932
ENSG00000142330,-0.7542103715076701
ENSG00000178623,-1.41040964971559
ENSG00000226321,0.05411656108490345
ENSG00000233392,10.111957139967483
ENSG00000162804,7.415466249533247
ENSG00000225521,0.4337883750173152
ENSG00000122085,-0.8529723906537636
ENSG00000289253,1.6494601115865486
ENSG00000115687,2.8300318379472684
ENSG00000115685,-1.8717227579899967
ENSG00000146205,1.1902832090827853
ENSG00000115677,-0.8451794777892447
ENSG00000168385,-0.7250998919028628
ENSG00000006607,0.3195053759431167
ENSG00000288080,7.579339321551532
ENSG00000115694,0.26586669187597656
ENSG00000234235,-0.8041360364008461
ENSG00000176720,1.293829236472064
ENSG00000176946,-0.6215065297819378
ENSG00000168397,0.5542843880288827
ENSG00000168393,-1.202648766417629
ENSG00000168395,2.8584332059013824
ENSG00000180902,-0.08169511196763186
ENSG00000234793,NaN
ENSG00000154252,-1.6226396314076736
ENSG00000204099,0.008803316160797579
ENSG00000188389,18.23524702731735
ENSG00000188011,NaN
ENSG00000233806,3.8089410972615454
ENSG00000216921,NaN
ENSG00000237940,-1.0592759944398171
ENSG00000232002,NaN
ENSG00000289556,NaN
ENSG00000261186,-2.8032757447824315
ENSG00000291147,-1.4651718771962434
ENSG00000224318,NaN
ENSG00000134121,1.1717208397698882
ENSG00000234661,NaN
ENSG00000287505,NaN
ENSG00000224957,4.954528783789195
ENSG00000134115,0.6878302455650285
ENSG00000144619,0.12646244918997915
ENSG00000237990,NaN
ENSG00000091181,-0.3618015094286653
ENSG00000072756,0.5606927314926249
ENSG00000113851,-0.6037817080885752
ENSG00000223727,7.9753779230519894
ENSG00000144455,1.2955596084880054
ENSG00000175928,0.8168613246162594
ENSG00000287720,-0.2793003929648574
ENSG00000170364,-1.0603507794384426
ENSG00000231249,0.563295567694246
ENSG00000150995,3.782896192908951
ENSG00000235947,0.1433506943914716
ENSG00000235978,1.0245403760035459
ENSG00000235831,2.6261906766354803
ENSG00000134107,1.6118929237387716
ENSG00000134108,-0.4250698405217819
ENSG00000233912,-0.0536818289124501
ENSG00000268509,NaN
ENSG00000134109,-1.2789410628686242
ENSG00000229642,NaN
ENSG00000226022,NaN
ENSG00000189229,21.791568454297803
ENSG00000226258,-1.3834506285525452
ENSG00000196277,0.6770450797989312
ENSG00000236202,2.5571937531374793
ENSG00000270207,5.0567360069184035
ENSG00000227110,5.483828923051239
ENSG00000231401,NaN
ENSG00000071282,-0.7382120798503307
ENSG00000125046,-0.5124926482451322
ENSG00000182533,4.750800428447357
ENSG00000180914,5.531691511428747
ENSG00000070950,1.7889896177230515
ENSG00000196220,0.2487627812901779
ENSG00000254485,NaN
ENSG00000206573,-0.17455400869135845
ENSG00000134077,-0.7112628521072808
ENSG00000168137,-0.1860557036289631
ENSG00000156959,-0.7714207108967237
ENSG00000163719,-1.1269014498767902
ENSG00000287878,-0.4357814843516675
ENSG00000144550,-1.2204377367931705
ENSG00000156983,-0.4026500295859347
ENSG00000114026,1.9443201124983234
ENSG00000134072,-0.16616416468352171
ENSG00000171148,8.341555760583969
ENSG00000241553,-0.1459673756456158
ENSG00000214021,-0.33272549981433086
ENSG00000269886,1.862340888033275
ENSG00000156990,-0.7526922343208378
ENSG00000187288,-8.315984693580836
ENSG00000171135,-1.7238548755852168
ENSG00000163701,-0.22290393064937877
ENSG00000163702,-1.3684292323656801
ENSG00000163703,-0.8657313816677316
ENSG00000163704,-0.27657085062621445
ENSG00000230082,0.3546911816316191
ENSG00000269982,1.257099671808237
ENSG00000125037,18.18019301457295
ENSG00000291224,0.7023618958529599
ENSG00000206567,1.853947374443288
ENSG00000291078,5.158017909490044
ENSG00000144554,1.754034039395989
ENSG00000163705,0.05069396697597282
ENSG00000254999,-1.993468790611338
ENSG00000134086,-1.1730872747461094
ENSG00000134070,1.9669737051049725
ENSG00000157014,-1.177339210102924
ENSG00000231177,-0.5155295000981752
ENSG00000157017,-1.5530406269808783
ENSG00000240288,1.116823710908425
ENSG00000157020,-1.9072744198793194
ENSG00000157087,NaN
ENSG00000132164,1.2834530158545425
ENSG00000157103,NaN
ENSG00000287964,NaN
ENSG00000196639,-1.353781350909431
ENSG00000285906,-1.1953697437442492
ENSG00000197548,1.3809807129193716
ENSG00000144560,1.2441034268688522
ENSG00000271716,-0.6323538702211734
ENSG00000144559,-0.2767976514933113
ENSG00000157152,-1.017834037712595
ENSG00000288952,NaN
ENSG00000132170,3.1596112818524325
ENSG00000154743,0.4867763189145131
ENSG00000225526,0.14790970952449764
ENSG00000075975,-1.1674065171743218
ENSG00000132155,-0.4400356787719012
ENSG00000290072,-0.2322939087903527
ENSG00000088726,97.5844996139558
ENSG00000144712,0.06264948640397835
ENSG00000144713,-0.8585119903182653
ENSG00000232746,NaN
ENSG00000144711,0.2718009286527834
ENSG00000132182,1.4049458308338547
ENSG00000244502,-0.5334152965300989
ENSG00000163517,-0.5220354984898997
ENSG00000163520,-0.7368530549705716
ENSG00000224514,NaN
ENSG00000154764,0.061774862091698024
ENSG00000290338,NaN
ENSG00000163528,-1.439821265496258
ENSG00000170876,-1.4963690742553417
ENSG00000290044,-0.15720287195207408
ENSG00000228242,-0.6226518085077837
ENSG00000154767,-0.6421993041794859
ENSG00000170860,-2.222527812798919
ENSG00000131389,1.4473676316874249
ENSG00000144596,1.4334409737067861
ENSG00000283392,NaN
ENSG00000154781,-0.31927126953286117
ENSG00000131379,-0.023243620713709567
ENSG00000154783,NaN
ENSG00000225733,2.0958527088914067
ENSG00000177463,0.6491940170987186
ENSG00000131368,0
ENSG00000131381,-0.8947390818596554
ENSG00000291281,-0.8174577362729257
ENSG00000131375,-0.5088122999393729
ENSG00000224660,0.7850444189637823
ENSG00000131370,0.20325833799646845
ENSG00000206562,1.204291407119868
ENSG00000144597,0.42751825160352797
ENSG00000249786,2.915982553301192
ENSG00000206561,9.641850083588697
ENSG00000131373,1.3000421733593628
ENSG00000169814,2.5702271775076793
ENSG00000206560,2.739321485828464
ENSG00000290787,NaN
ENSG00000287042,5.894643839943512
ENSG00000286689,NaN
ENSG00000131386,NaN
ENSG00000154813,-1.5053936823984695
ENSG00000154814,1.9637458225250304
ENSG00000131378,1.0289973169475763
ENSG00000271964,-1.1849953443902563
ENSG00000272498,-0.2654023296002672
ENSG00000272529,-0.7061262592737398
ENSG00000287377,1.1686680962230223
ENSG00000288050,NaN
ENSG00000092345,4.276656506780318
ENSG00000229271,2.481284423105982
ENSG00000154822,-0.2790657564474243
ENSG00000226441,NaN
ENSG00000285731,-0.23761966138206722
ENSG00000131374,-0.21877345658994574
ENSG00000286352,NaN
ENSG00000182568,-0.23412213076541577
ENSG00000272477,0.3142299284345243
ENSG00000228956,2.580918437558032
ENSG00000183960,12.446962508719201
ENSG00000287069,9.376491484987719
ENSG00000163576,-0.9354700616134329
ENSG00000144566,-1.0650089895018373
ENSG00000289138,-1.5470831217642176
ENSG00000183977,-0.9941689564364742
ENSG00000114166,2.9945685092403793
ENSG00000129810,-0.7056917601465688
ENSG00000231304,12.60929992966326
ENSG00000261734,2.6530632093707376
ENSG00000282987,NaN
ENSG00000151789,24.341696891696934
ENSG00000225542,0.5250023186468299
ENSG00000223351,NaN
ENSG00000182247,3.408595781918883
ENSG00000223791,-1.0885798646937346
ENSG00000170142,0
ENSG00000197885,-0.6191536593313781
ENSG00000174748,-1.2624958964325037
ENSG00000174738,0.08053331826352661
ENSG00000151090,5.268287013730962
ENSG00000289130,30.965545755073627
ENSG00000228791,NaN
ENSG00000077092,8.515639756590176
ENSG00000077097,-1.1959145481124678
ENSG00000151092,-0.45803387778992755
ENSG00000151093,-0.9878942271960937
ENSG00000230891,-0.008355841479093943
ENSG00000163491,4.044309032262259
ENSG00000287348,NaN
ENSG00000033867,1.7804989442586254
ENSG00000272282,-0.1072017193182033
ENSG00000163508,2.58597948668093
ENSG00000225548,1.5279868383078057
ENSG00000235493,3.4964994026834355
ENSG00000187118,5.87303639941177
ENSG00000163512,-0.696384600772324
ENSG00000206559,-0.7891949597025422
ENSG00000144642,12.57638909157839
ENSG00000235904,0.11501471295723091
ENSG00000203506,0.8607423194770328
ENSG00000235593,NaN
ENSG00000287774,NaN
ENSG00000289450,NaN
ENSG00000227260,NaN
ENSG00000163513,0.16763064866524255
ENSG00000261468,-1.4155763524978253
ENSG00000144644,NaN
ENSG00000288926,-1.257472572993191
ENSG00000163527,0.24309343050916302
ENSG00000144645,16.02193945271858
ENSG00000232490,0.09978675448858054
ENSG00000197385,-0.3177568885440299
ENSG00000152642,0.09976981856629794
ENSG00000261572,NaN
ENSG00000170293,4.935823816989774
ENSG00000153551,-0.4042581034319716
ENSG00000091317,1.249541328864649
ENSG00000144635,-1.430981379630053
ENSG00000182973,-0.49405019644520093
ENSG00000251224,NaN
ENSG00000206557,-1.3221967578083411
ENSG00000183813,0.13287771066233783
ENSG00000170266,-0.16658746925776108
ENSG00000188167,-0.7451496461152023
ENSG00000170275,0.13124792062354604
ENSG00000173705,0.08467697242988173
ENSG00000153558,0.288168631630682
ENSG00000153560,0.03225657750263375
ENSG00000163539,-0.12557041283903456
ENSG00000271643,-2.6010265763736484
ENSG00000170248,-0.8532647151984539
ENSG00000226320,8.17450950672596
ENSG00000227498,NaN
ENSG00000172995,3.3448370239033443
ENSG00000144681,-1.1614364273882989
ENSG00000279727,-0.7847233084570409
ENSG00000168016,2.026602316938569
ENSG00000272334,2.8067083692794634
ENSG00000178567,-0.8873309344433796
ENSG00000076242,-1.1291372562635764
ENSG00000093167,1.3362193189306855
ENSG00000290046,0.37741897746315467
ENSG00000271993,NaN
ENSG00000270194,NaN
ENSG00000144674,0.04834392697678087
ENSG00000198590,0.7752726553751641
ENSG00000144668,0.8396309307284262
ENSG00000235257,24.74197160804288
ENSG00000144677,9.601790438473357
ENSG00000290076,NaN
ENSG00000136059,0.5486014273531268
ENSG00000187091,2.637413710311756
ENSG00000008226,-0.7794343177079995
ENSG00000060971,-1.100269567179432
ENSG00000172936,-0.7890172372868618
ENSG00000172939,-0.48487438801524685
ENSG00000144671,-0.16069410971609202
ENSG00000093217,-0.3081455842562253
ENSG00000229589,NaN
ENSG00000114739,1.208534175690185
ENSG00000157036,1.4016025961214165
ENSG00000183873,6.302605525237633
ENSG00000168356,-0.804317007579981
ENSG00000114742,-0.3886652663326004
ENSG00000114745,-1.571691153289043
ENSG00000168026,0.12821603411254934
ENSG00000144655,-0.5384054742637963
ENSG00000284669,0.20557013966926388
ENSG00000283849,-1.6862802069581826
ENSG00000287620,-1.0543413732784088
ENSG00000287958,2.113628592564931
ENSG00000168329,2.8998974993054722
ENSG00000287780,0.06326382575875018
ENSG00000179934,NaN
ENSG00000144659,-1.0016109850041865
ENSG00000168028,-0.48899977443995113
ENSG00000286781,0.5973861101917749
ENSG00000168314,NaN
ENSG00000170011,-0.40330473346100093
ENSG00000280739,2.828903863922791
ENSG00000114784,-1.1720161989529645
ENSG00000223797,6.498318095413034
ENSG00000168032,3.3369004134772635
ENSG00000188846,-1.06817863244418
ENSG00000177873,-1.5387240112093066
ENSG00000177842,-0.4883487328854476
ENSG00000172888,-0.5711265591697261
ENSG00000289169,2.0093993811673743
ENSG00000231873,3.7759980256958285
ENSG00000287415,NaN
ENSG00000168036,1.2949338135398856
ENSG00000168038,0.8648077710901925
ENSG00000182606,0.9088351376042944
ENSG00000157093,NaN
ENSG00000114812,-1.3047617937318918
ENSG00000232354,0.7405739289870347
ENSG00000093183,-0.428931801391208
ENSG00000008324,-1.7069520564273044
ENSG00000289558,4.527574177935305
ENSG00000114857,1.1146181266566197
ENSG00000230084,0.7131586850553586
ENSG00000114853,-1.6450137201222552
ENSG00000244607,-1.0156859924365718
ENSG00000173811,NaN
ENSG00000225611,-2.369057937542904
ENSG00000181061,6.877928882325743
ENSG00000235288,18.383189826008884
ENSG00000144648,-0.9011106810497672
ENSG00000182983,2.1672280907528516
ENSG00000240747,-1.4401227819160984
ENSG00000144649,-2.071944745585251
ENSG00000144647,-0.48177869467542933
ENSG00000163788,0.021456745244378534
ENSG00000234617,1.2165648208368676
ENSG00000160746,2.811884637204943
ENSG00000011198,3.6504467876339923
ENSG00000261786,3.6147294063938187
ENSG00000271937,-0.6409191438793931
ENSG00000179152,1.9644176672939506
ENSG00000283036,NaN
ENSG00000185219,-0.10825179562695904
ENSG00000178917,7.060335042530139
ENSG00000196345,1.5594075332320179
ENSG00000236869,2.5642875139296835
ENSG00000144792,-0.1583375860392424
ENSG00000186448,-0.042207361341642734
ENSG00000169981,-1.0762392543150228
ENSG00000272077,0.2778585690223128
ENSG00000196653,0.6138957058756712
ENSG00000186446,-0.37636842966652095
ENSG00000163807,-0.6441249455469445
ENSG00000163808,1.1010621245907577
ENSG00000169964,-0.9218378395462754
ENSG00000163810,NaN
ENSG00000163812,-1.1584169351023548
ENSG00000075914,-1.362057660353101
ENSG00000163815,0.036254462128907636
ENSG00000163814,-0.43893326636411584
ENSG00000249992,49.89634840112826
ENSG00000011376,0.9897282463394952
ENSG00000232455,4.650442524880684
ENSG00000144791,0.7138226723191347
ENSG00000230530,-0.22663629123786683
ENSG00000211456,-0.5373182954768737
ENSG00000163817,0.9450471023264942
ENSG00000288720,1.1125560151959533
ENSG00000163818,0.8273923243054088
ENSG00000173585,-1.2179740415231646
ENSG00000163820,-0.22247487660162932
ENSG00000172215,1.5275404768987355
ENSG00000288717,-0.6879262184611347
ENSG00000173578,-0.6559125434559592
ENSG00000288703,3.4722581976450746
ENSG00000183625,10.131273684636865
ENSG00000163823,0.36395605072737613
ENSG00000288724,NaN
ENSG00000121807,-0.5145822402982368
ENSG00000223552,-2.317006054670815
ENSG00000160791,2.7237876316531744
ENSG00000121797,-1.1628463879185416
ENSG00000012223,NaN
ENSG00000163825,NaN
ENSG00000163827,1.1906161924827032
ENSG00000286570,NaN
ENSG00000178038,-0.5986830347905308
ENSG00000181585,-0.5612726924460709
ENSG00000160801,0.9486665976521097
ENSG00000160799,-0.6335983066910413
ENSG00000160796,1.2029272097358232
ENSG00000181555,-0.3056733401156379
ENSG00000227398,2.4791570255593953
ENSG00000088727,0.520789024053996
ENSG00000114648,0.5774482663212204
ENSG00000289507,-1.5565973039580796
ENSG00000260236,-0.9886160647799799
ENSG00000076201,-0.3648039589942423
ENSG00000114650,0.2807720649700507
ENSG00000163832,-0.23142405285825807
ENSG00000114646,1.7157227969476694
ENSG00000173473,-0.23825437816578454
ENSG00000214773,0.001977225088367691
ENSG00000132153,-0.41656056005456205
ENSG00000047849,0.9800635101071198
ENSG00000164045,-25.34216533823348
ENSG00000164047,-1.2934929230163719
ENSG00000164048,-0.3529360132008808
ENSG00000172113,-1.0309247957601013
ENSG00000289043,-0.9741635662696613
ENSG00000229453,-0.3183918151337511
ENSG00000164050,1.0854425356017756
ENSG00000164051,0.09863477291228642
ENSG00000232112,-1.4355664618734552
ENSG00000244380,-0.9205043786436973
ENSG00000164053,-0.2995274154822545
ENSG00000164054,-1.2732638588765264
ENSG00000114268,0.3137428289612488
ENSG00000010256,-1.1688504105832591
ENSG00000225697,-1.209758533238225
ENSG00000008300,1.683556642719946
ENSG00000228350,0.24536811075044018
ENSG00000213672,2.123542657605586
ENSG00000068745,-0.0817828832144843
ENSG00000114302,0.7721623432867294
ENSG00000224424,16.739402076644758
ENSG00000178537,-0.2461936401847481
ENSG00000221883,-0.8240786202425101
ENSG00000177479,-0.08853851387583028
ENSG00000235236,1.0454984894715051
ENSG00000223343,NaN
ENSG00000273211,NaN
ENSG00000178467,-1.3178501036921573
ENSG00000178252,-1.102224298329162
ENSG00000178149,-0.6704558203701777
ENSG00000178057,9.888965371495017
ENSG00000178035,-1.4480035242465361
ENSG00000272434,-1.0614161233305206
ENSG00000198218,0.030461032590150074
ENSG00000172053,-1.971488025256293
ENSG00000172046,-1.2101784357470045
ENSG00000172037,-1.6049770039833684
ENSG00000177352,-0.665992259450135
ENSG00000185909,-2.373765892016872
ENSG00000173421,-0.4707503315992268
ENSG00000188315,-1.0031944794096286
ENSG00000114316,-0.5560010971992215
ENSG00000233276,32.47232452572507
ENSG00000067560,-0.9834302335143632
ENSG00000235908,11.257836369819612
ENSG00000145022,-0.5726623765054798
ENSG00000145020,-1.0643098812276977
ENSG00000145029,-1.0834480997758413
ENSG00000173402,-0.2802130690365875
ENSG00000164061,NaN
ENSG00000164062,-1.6474621184337879
ENSG00000173531,0.26124781376751177
ENSG00000164068,-0.7913902189344332
ENSG00000173540,-0.9949516537831198
ENSG00000176095,-0.021875752884922196
ENSG00000187492,6.07448456770296
ENSG00000185614,35.70135571917266
ENSG00000182179,4.726402412191367
ENSG00000183763,-1.1076055579001622
ENSG00000164078,NaN
ENSG00000228008,NaN
ENSG00000164077,-1.2454416815125597
ENSG00000004534,-0.33018525403263577
ENSG00000003756,-1.2785362647394976
ENSG00000281691,-0.49554448894893416
ENSG00000235016,-0.953255086380144
ENSG00000114353,-0.7703107628623173
ENSG00000213600,-1.6982121628235836
ENSG00000230454,-1.0117471524108483
ENSG00000012171,0.024682633625709383
ENSG00000179564,0.7734801457408493
ENSG00000214706,-1.2192915189808002
ENSG00000186792,-0.14559233070519076
ENSG00000243477,-1.0221115722577787
ENSG00000114378,-0.08127901253025988
ENSG00000068001,-1.066284470350448
ENSG00000114383,3.023624458886672
ENSG00000068028,-0.25514849718353294
ENSG00000281358,-1.204621672909897
ENSG00000235058,NaN
ENSG00000004838,0.6796804458076592
ENSG00000114388,-0.3797883177862991
ENSG00000114395,-1.4339984502482834
ENSG00000126062,2.489864338039627
ENSG00000007402,-0.14230285851147031
ENSG00000271858,0.18683852160753314
ENSG00000088543,-1.048651816495878
ENSG00000114735,-1.0081720086269934
ENSG00000114737,3.662684568023075
ENSG00000114738,-1.114067049988636
ENSG00000289504,-0.6797759428667765
ENSG00000273356,-0.9832617792102283
ENSG00000088538,6.118635185204084
ENSG00000288988,-1.2739440672694469
ENSG00000145050,0.34311753798938177
ENSG00000259956,-1.698439315574355
ENSG00000145041,0.37581091791804655
ENSG00000164080,1.1507432772284545
ENSG00000164081,-1.6875883523859836
ENSG00000164082,2.542715966821817
ENSG00000287707,NaN
ENSG00000114767,-0.9420321085454451
ENSG00000041880,-1.4027398703007343
ENSG00000090097,-0.5115895591033132
ENSG00000114779,-1.4106138138520536
ENSG00000248487,-1.1306450940536104
ENSG00000243989,-0.928246020348723
ENSG00000162244,-1.1470289757567944
ENSG00000164086,-1.0922741621691268
ENSG00000164087,0.09783343060256722
ENSG00000023330,-1.002382451205488
ENSG00000239732,-0.7571578206279658
ENSG00000247596,1.0412670014667116
ENSG00000243224,-1.201785174573519
ENSG00000164088,2.9818215566398663
ENSG00000164091,-1.5415511128235815
ENSG00000168237,-0.6102379121017083
ENSG00000242797,-0.6380445836209429
ENSG00000114841,3.928215500517053
ENSG00000163930,-0.9033519515605704
ENSG00000010318,0.28710394178749854
ENSG00000010319,0.4788301917734761
ENSG00000114854,0.2017200768211025
ENSG00000010322,1.2936052101148128
ENSG00000010327,0.5426827765518801
ENSG00000168268,-1.7680097661241811
ENSG00000168273,-0.5140035122486396
ENSG00000163939,-0.8722227568719365
ENSG00000163938,-0.7483424609673118
ENSG00000016864,0.8798727723443909
ENSG00000114902,-1.233841665147943
ENSG00000114904,-0.18391554426701606
ENSG00000055957,-1.826778189139518
ENSG00000055955,-0.9571895574799103
ENSG00000272573,0.23054776675906175
ENSG00000213533,-0.7441255760249144
ENSG00000289519,-0.6767517802503821
ENSG00000163935,2.031344879295307
ENSG00000163933,-0.8498940835516794
ENSG00000163932,0.741093330387219
ENSG00000286531,NaN
ENSG00000163931,1.7691439777265694
ENSG00000272886,-0.40770492688371046
ENSG00000157388,2.0464652706400113
ENSG00000016391,1.1068117130354125
ENSG00000056736,NaN
ENSG00000271976,0.8429736335171583
ENSG00000113812,-1.2985789839874604
ENSG00000113811,-2.1534748271777335
ENSG00000289063,2.025109084778952
ENSG00000286353,NaN
ENSG00000157445,1.6309663071462903
ENSG00000240708,NaN
ENSG00000242317,NaN
ENSG00000187672,0.3863219171191653
ENSG00000180376,-0.15590355392832825
ENSG00000163946,-0.4840158372894549
ENSG00000163947,3.9094887063196277
ENSG00000240198,NaN
ENSG00000186451,NaN
ENSG00000144730,NaN
ENSG00000163666,1.724235536455091
ENSG00000157500,-0.08683250477993526
ENSG00000239388,-0.41830977223903937
ENSG00000286952,-0.7720015273470574
ENSG00000174844,3.7984143580807648
ENSG00000287502,-3.708888661297411
ENSG00000174840,0.54912515339026
ENSG00000168374,-0.9450876144929936
ENSG00000272146,0.17780284128705673
ENSG00000174839,-0.254521964983564
ENSG00000239801,0.3241415112095805
ENSG00000241933,-1.2500671705349005
ENSG00000163681,0.206723036012733
ENSG00000136068,3.413765647963048
ENSG00000163687,5.835643345978164
ENSG00000163686,0.413357673414741
ENSG00000163684,-1.2905515665751097
ENSG00000255154,NaN
ENSG00000273493,NaN
ENSG00000168297,1.0827531410692313
ENSG00000168291,0.9487815231874285
ENSG00000272182,-1.135948487363485
ENSG00000272360,0.1736942829106551
ENSG00000168301,-1.3587986372421414
ENSG00000168306,-2.5224469834105596
ENSG00000168309,NaN
ENSG00000243384,NaN
ENSG00000198643,-1.7658146890854587
ENSG00000163689,1.2576960115318003
ENSG00000242428,0.7025619310675627
ENSG00000243295,0.6608879198142595
ENSG00000242545,NaN
ENSG00000189283,7.366539787149224
ENSG00000144724,1.9969798707944948
ENSG00000241472,0.8420207377664629
ENSG00000114405,-2.051551865153522
ENSG00000163618,4.201276089795628
ENSG00000163630,-4.081697735645188
ENSG00000241359,NaN
ENSG00000188817,1.421549143927561
ENSG00000163632,NaN
ENSG00000163634,-0.826823761638372
ENSG00000163635,-0.6710363669005013
ENSG00000280620,0.014144935287727929
ENSG00000239653,2.43843445639826
ENSG00000271843,NaN
ENSG00000163636,-0.8955317130244698
ENSG00000243410,-1.3660326093317605
ENSG00000272181,15.748840980602067
ENSG00000163637,3.041021809669959
ENSG00000241684,0.912556658260017
ENSG00000151276,-0.6843241692270696
ENSG00000144741,0.24992324002613334
ENSG00000144749,2.8794486811489195
ENSG00000288039,0.6803566966167397
ENSG00000287873,NaN
ENSG00000163376,1.1621233735673553
ENSG00000172340,-0.2472175800655459
ENSG00000241316,4.2395349055484886
ENSG00000183662,14.088493055723346
ENSG00000286967,NaN
ENSG00000163378,2.641718873480522
ENSG00000244513,-0.1572515450504735
ENSG00000144747,-0.535480586536693
ENSG00000144744,-1.3009268635455733
ENSG00000144746,0.10159522884809019
ENSG00000163380,-0.22446663540458375
ENSG00000114541,3.1697167593605715
ENSG00000187098,1.7364285082860351
ENSG00000240405,-0.7941979951876724
ENSG00000242120,NaN
ENSG00000114861,-0.3862851041973261
ENSG00000244203,-0.5830493500759213
ENSG00000290077,-0.9320412788124133
ENSG00000274387,0.5791940682069804
ENSG00000242094,-0.5363887513093359
ENSG00000277855,-0.2650659446641167
ENSG00000270562,-0.9695201368016129
ENSG00000163412,0.6529626967459692
ENSG00000170837,4.266740514701323
ENSG00000163421,1.0541920515881242
ENSG00000287131,NaN
ENSG00000241163,4.847789709834941
ENSG00000287882,NaN
ENSG00000163602,0.9752461303890808
ENSG00000244345,NaN
ENSG00000287595,-1.1407770006524283
ENSG00000144736,0.7988820112700298
ENSG00000172986,6.1098184079473326
ENSG00000163605,-0.6666909201708757
ENSG00000255423,-1.3538994795594474
ENSG00000121440,0.07198891848851739
ENSG00000113805,NaN
ENSG00000291223,0.6463386610720593
ENSG00000272690,15.005602441314641
ENSG00000290410,1.9946902602465189
ENSG00000242516,-0.3748056387247366
ENSG00000227124,0.02037543222432839
ENSG00000185008,-1.0143169018065088
ENSG00000169855,3.91854671964396
ENSG00000288105,NaN
ENSG00000286329,1.0789169174982647
ENSG00000114480,0.940431548540235
ENSG00000239440,4.089844044648486
ENSG00000242641,0.7963580169052061
ENSG00000175161,0.11014942615774943
ENSG00000281392,-4.428610606700326
ENSG00000083937,-0.8335075183383629
ENSG00000239572,22.53945235615286
ENSG00000179097,22.71549895898565
ENSG00000288780,-0.03672920097687125
ENSG00000163320,-0.05053859687192849
ENSG00000175105,2.6186388596016155
ENSG00000179021,-0.5989088317510547
ENSG00000283434,NaN
ENSG00000044524,-0.7112893068421958
ENSG00000184500,12.944980276052439
ENSG00000169379,1.33966057665339
ENSG00000178750,0.25652771188790785
ENSG00000178700,0.02932147576180975
ENSG00000178694,0.03130496228901854
ENSG00000080224,0.9365097401160024
ENSG00000113966,1.2513952695752313
ENSG00000282527,NaN
ENSG00000080200,-0.9508837909606653
ENSG00000170854,-0.563618375446363
ENSG00000236032,-0.5710736497268324
ENSG00000251088,1.3493130473038901
ENSG00000080822,0.07259934133192295
ENSG00000248839,NaN
ENSG00000154165,1.175529680423577
ENSG00000286602,3.223562182820582
ENSG00000080819,-0.4459374260430082
ENSG00000239445,9.425654901188878
ENSG00000064225,4.525569317281688
ENSG00000057019,2.332023763503251
ENSG00000239462,-0.49618068204779525
ENSG00000144810,NaN
ENSG00000184220,3.1221995432761833
ENSG00000168386,1.3695355305306591
ENSG00000287378,-0.682690274830686
ENSG00000036054,-0.04693768471272203
ENSG00000114021,-1.1835920076560547
ENSG00000154174,2.03896346396856
ENSG00000206535,0.14218180824535412
ENSG00000181458,2.1073952044569557
ENSG00000114354,-0.8339559320567954
ENSG00000154175,2.0298293113504324
ENSG00000081148,0.803423698622625
ENSG00000138468,0.2845753969929815
ENSG00000174173,-0.7374699370100525
ENSG00000081154,-1.7425224064820448
ENSG00000289629,-0.5389590551963763
ENSG00000066422,0.32520154433179543
ENSG00000256628,2.5731907014317117
ENSG00000114391,-1.3075805732474524
ENSG00000182504,4.4812776565217165
ENSG00000144815,0.5660817903851428
ENSG00000144802,1.817091186961119
ENSG00000287682,4.733176666787133
ENSG00000214407,4.058781642491561
ENSG00000241280,-0.16875791554948905
ENSG00000170044,9.470645561540161
ENSG00000170017,5.596302178166003
ENSG00000114423,2.765741372820545
ENSG00000288848,NaN
ENSG00000287421,1.8855028604751285
ENSG00000242759,-1.0210228445918847
ENSG00000243701,40.3258410251504
ENSG00000239828,-0.6948109642668515
ENSG00000273125,0.24890825011823114
ENSG00000114439,-0.26814991745523303
ENSG00000240423,NaN
ENSG00000241469,NaN
ENSG00000279277,-0.09088244306119744
ENSG00000196776,-0.108933499773488
ENSG00000271856,1.0694244254949852
ENSG00000114446,1.5724367062430682
ENSG00000114455,1.6328581867344443
ENSG00000144821,3.9226444464410206
ENSG00000163507,2.4797602531230596
ENSG00000198919,2.257856323149538
ENSG00000163515,NaN
ENSG00000163519,2.9628942471692894
ENSG00000138472,NaN
ENSG00000114487,28.613442262115367
ENSG00000214381,-0.4338801304499906
ENSG00000121570,-1.0363176638849934
ENSG00000289358,NaN
ENSG00000228980,0.8225529814438328
ENSG00000242029,3.6693070282142894
ENSG00000242242,-1
ENSG00000177707,3.827718159798355
ENSG00000153283,4.051149846606713
ENSG00000177494,-0.22265334586116617
ENSG00000240891,6.3872138004500885
ENSG00000144824,2.994478718829329
ENSG00000286492,NaN
ENSG00000144827,-0.7658415006055899
ENSG00000114529,-0.043943952180461175
ENSG00000174500,-0.7570563514347379
ENSG00000172139,10.096799952559428
ENSG00000091972,1.4215780157985314
ENSG00000243081,2.179037714368636
ENSG00000186265,3.051794856018694
ENSG00000144848,-1.1931977374762586
ENSG00000138459,-0.41924570086291363
ENSG00000091986,-1.0606559359696055
ENSG00000242770,NaN
ENSG00000163606,0.5317283599756549
ENSG00000272844,-0.9552968772656328
ENSG00000163607,-0.6689388013021955
ENSG00000163608,-0.9843335798190724
ENSG00000240057,4.536568411305967
ENSG00000241219,0.4872518633319949
ENSG00000144857,NaN
ENSG00000206530,2.7697325620057387
ENSG00000243849,0.551857450699613
ENSG00000163611,1.1022868359374174
ENSG00000072858,2.3383500802934996
ENSG00000239453,-0.8103421772189532
ENSG00000176542,0.12865856264997003
ENSG00000121579,-0.23299391958760035
ENSG00000114573,0.02587922861291613
ENSG00000242659,NaN
ENSG00000178075,3.1718285703131825
ENSG00000184307,-0.14172304114784925
ENSG00000163617,4.374595146548962
ENSG00000287805,1.027767392527602
ENSG00000151576,-0.7006539312062126
ENSG00000151577,1.414847591371051
ENSG00000241490,1.4997633847056429
ENSG00000174255,NaN
ENSG00000181847,7.746916446125171
ENSG00000181722,-0.19238182039382698
ENSG00000241560,1.3990830560605887
ENSG00000242290,2.7671268957950486
ENSG00000241295,-0.6235447333416658
ENSG00000239946,NaN
ENSG00000242880,5.35898798231302
ENSG00000288896,-1.2469525781754303
ENSG00000287795,NaN
ENSG00000172020,NaN
ENSG00000289153,0.8784420006456821
ENSG00000185565,-0.36128116090089085
ENSG00000240922,NaN
ENSG00000239268,1.371163096987833
ENSG00000243276,0.974029028401568
ENSG00000144847,0.5161307455814617
ENSG00000114638,0.18639246578194152
ENSG00000121578,0.13922908569138484
ENSG00000240254,0.7307427777372346
ENSG00000031081,0.35892571381328775
ENSG00000241155,-1.2396053046187936
ENSG00000176142,-0.8190779935861969
ENSG00000163389,-1.0378898586021483
ENSG00000272662,0.5854537572552724
ENSG00000113845,-1.5031548300683821
ENSG00000121594,2.6338226823490487
ENSG00000272967,-3.6227419528250553
ENSG00000144843,0.22920654075842592
ENSG00000144837,0.6226682539102791
ENSG00000121577,-1.0033187625749518
ENSG00000138495,0.7432132438823151
ENSG00000286584,NaN
ENSG00000183833,0.5251817131688455
ENSG00000144852,NaN
ENSG00000082701,-0.6185426263163055
ENSG00000242622,1.1072702631498064
ENSG00000175697,2.9870094587123814
ENSG00000163428,-1.1814181384256468
ENSG00000163430,26.120779466282666
ENSG00000286735,NaN
ENSG00000065518,-1.0744238159611348
ENSG00000113924,45.40593091130204
ENSG00000144840,0.28795778007668726
ENSG00000153767,-0.5594468930999378
ENSG00000286827,NaN
ENSG00000145087,-0.42233095761483136
ENSG00000287022,NaN
ENSG00000051341,8.564540861982886
ENSG00000186103,-1.5061520649934932
ENSG00000163833,NaN
ENSG00000180353,-1.1474672297285546
ENSG00000173230,0.6460754164066024
ENSG00000288868,-0.528654484492374
ENSG00000173226,0.36697621678878517
ENSG00000145088,2.8916411990250253
ENSG00000163406,1.8430599763647464
ENSG00000145103,0.5373354562086501
ENSG00000114013,1.61638616343292
ENSG00000036828,1.455053244854606
ENSG00000121552,4.02286674253127
ENSG00000160124,-0.6934121093252986
ENSG00000114023,-1.1254999188006414
ENSG00000196981,-1.042153659436357
ENSG00000272758,-0.09183651887701111
ENSG00000114030,-1.1272590198745387
ENSG00000287207,28.80098262512444
ENSG00000138496,0.4065623956685579
ENSG00000163840,0.054530399683731676
ENSG00000173200,2.488240426963804
ENSG00000173193,0.3725501309952175
ENSG00000169087,0.298723636482176
ENSG00000138463,1.3977063394302869
ENSG00000273033,-1.1087312498601487
ENSG00000082684,NaN
ENSG00000065485,1.4339003216081057
ENSG00000121542,1.5409856788331182
ENSG00000273454,NaN
ENSG00000173175,NaN
ENSG00000206527,0.38454171078357063
ENSG00000239523,0.6305782822183026
ENSG00000065534,28.408439976977128
ENSG00000288806,18.091259959854273
ENSG00000273123,NaN
ENSG00000175455,1.0614658222819253
ENSG00000160145,13.34460951486094
ENSG00000288713,NaN
ENSG00000114491,-1.5508356882274863
ENSG00000082781,32.40449886007262
ENSG00000173702,12.802211746845654
ENSG00000173706,2.4072243327355314
ENSG00000221955,-0.20972738040280722
ENSG00000163848,-0.31532652578935727
ENSG00000289324,-0.37491140718234234
ENSG00000114520,0.7770668143632264
ENSG00000144909,-0.058227930672423586
ENSG00000284624,6.401928357763732
ENSG00000241288,1.7434188797383103
ENSG00000248787,0.09647179212517609
ENSG00000291071,3.209212154886601
ENSG00000291096,0.38943135622234615
ENSG00000114544,-0.2158262625702191
ENSG00000250012,NaN
ENSG00000163884,NaN
ENSG00000163885,0.8119191938979679
ENSG00000070476,-0.6311530530336631
ENSG00000159650,NaN
ENSG00000180767,-1.2508947262724548
ENSG00000197763,0.8418385796292179
ENSG00000159685,2.119861279382305
ENSG00000114554,-0.9256730514557303
ENSG00000290035,0.8302666062543442
ENSG00000163870,-0.8397592906728103
ENSG00000073111,-0.4838793642229595
ENSG00000114631,-0.25573772501692094
ENSG00000114626,15.093317283766254
ENSG00000074416,27.32267192890311
ENSG00000287143,4.230468225401578
ENSG00000187715,-0.7917388570336685
ENSG00000058262,-1.071068786219546
ENSG00000175792,-1.0462632307968802
ENSG00000239608,-1.408182647299125
ENSG00000132394,0.7165853288431902
ENSG00000285619,1.1207958295498817
ENSG00000179348,12.589948274327734
ENSG00000244300,NaN
ENSG00000163902,-1.005394274961545
ENSG00000075785,-0.7616377903047371
ENSG00000290241,0.8274110919142738
ENSG00000290242,NaN
ENSG00000231305,9.060665915271295
ENSG00000287110,-0.941695972595622
ENSG00000177646,-0.515893631999724
ENSG00000114656,0.08049574129401002
ENSG00000114654,1.2115546263383756
ENSG00000169704,132.90750293150288
ENSG00000172780,-1.1143718915835716
ENSG00000273174,0.441354330605173
ENSG00000240682,-1.5592136556397647
ENSG00000288996,-0.8897354696170361
ENSG00000273437,1.1912877613915078
ENSG00000169714,-1.5520450600850404
ENSG00000289469,-0.008678260827739795
ENSG00000289351,-0.09397118927492568
ENSG00000181789,-0.9269928558725704
ENSG00000286729,-0.5141875113818305
ENSG00000183624,-0.16863210561541264
ENSG00000184897,1.393431432429228
ENSG00000206417,-0.923569888460912
ENSG00000290993,-1.0543443384952387
ENSG00000172771,3.4581102676902105
ENSG00000163913,0.7031468898834679
ENSG00000129071,-1.2490064947860435
ENSG00000004399,-0.6264765897155845
ENSG00000172765,2.1069898442500747
ENSG00000203644,-1.350304931325817
ENSG00000271270,4.92538400848454
ENSG00000251287,9.849411903692287
ENSG00000291081,-0.5894832919830774
ENSG00000249846,-0.8905133049464067
ENSG00000206384,1.2794879722934864
ENSG00000196455,0.19000326908963824
ENSG00000017260,0.5094722385713107
ENSG00000250592,-0.9688800018344333
ENSG00000034533,-0.5571123402692846
ENSG00000114670,0.548819507994208
ENSG00000250129,NaN
ENSG00000250608,0.31100786951305726
ENSG00000198585,-1.4613582869032578
ENSG00000261167,-2.25309421926693
ENSG00000114686,-1.7963341607034664
ENSG00000248468,1.1148025191716586
ENSG00000196353,-0.7460706975567063
ENSG00000014257,-0.2848139320515628
ENSG00000138246,-0.7679521561255148
ENSG00000240303,2.909784926130367
ENSG00000129048,3.476844806265361
ENSG00000081307,-1.3074989082372837
ENSG00000113971,-0.3090472528874554
ENSG00000248724,6.86957140105619
ENSG00000144868,-1.6341742156344847
ENSG00000170819,3.7173864977259425
ENSG00000249993,10.040912040158462
ENSG00000272832,NaN
ENSG00000091527,-1.7173087793497455
ENSG00000163781,-1.0149332795248478
ENSG00000291042,2.3560934208517903
ENSG00000091513,-0.7729580866300219
ENSG00000144867,1.05854152460506
ENSG00000285908,1.011992627900539
ENSG00000154917,7.839940867040083
ENSG00000163785,-0.0846322464026837
ENSG00000129055,-0.8974862539338364
ENSG00000182923,0.12481207498633781
ENSG00000288700,-1.4340562340521894
ENSG00000286982,NaN
ENSG00000154928,4.694216742374924
ENSG00000240086,-0.12370668668780888
ENSG00000073711,0.010502855998472671
ENSG00000174579,0.603245456380952
ENSG00000114054,-0.2759849228297529
ENSG00000118007,-0.5351039464485597
ENSG00000261758,-0.6846610918242441
ENSG00000286915,NaN
ENSG00000168917,0.1549841318575762
ENSG00000239213,-0.7650678876824545
ENSG00000273486,-1.312328355683453
ENSG00000158092,-0.6546913115508364
ENSG00000174564,-0.5432020226681898
ENSG00000249407,-0.7498864007872592
ENSG00000272609,NaN
ENSG00000158163,-1.0978786367039313
ENSG00000138231,-1.3254939220706394
ENSG00000114098,-0.2862149331563253
ENSG00000181322,2.02390414181336
ENSG00000158186,-1.4962007305286285
ENSG00000158220,NaN
ENSG00000114107,0.7426355891774525
ENSG00000158234,-0.10724031206564152
ENSG00000051382,0.45809398391914996
ENSG00000206260,NaN
ENSG00000175110,-1.3005447385058317
ENSG00000272656,-1.5115609271036337
ENSG00000184432,-1.5147811190840024
ENSG00000248932,2.252131745123153
ENSG00000114113,-0.27449870018581296
ENSG00000163864,3.2837119775059547
ENSG00000158258,3.905170911502923
ENSG00000289632,NaN
ENSG00000114120,0.42403614036001447
ENSG00000175093,NaN
ENSG00000155893,3.1000245849698658
ENSG00000287155,NaN
ENSG00000249417,1.2573070255980279
ENSG00000177311,0.4242662264910592
ENSG00000288585,NaN
ENSG00000155903,0.2883076324017875
ENSG00000250170,-0.31567198293854476
ENSG00000114125,-1.865534299064719
ENSG00000114124,0.9202087526142024
ENSG00000286822,NaN
ENSG00000069849,0.07852904872587499
ENSG00000244124,NaN
ENSG00000114126,7.178628713115179
ENSG00000175066,1.1671397887433461
ENSG00000114127,-0.576166532884288
ENSG00000175054,0.3777207289069137
ENSG00000244327,2.778353048162431
ENSG00000120756,3.541238965781656
ENSG00000144935,1.3961370151846784
ENSG00000163710,-1.2399041182759751
ENSG00000243818,NaN
ENSG00000163714,-1.276516044134447
ENSG00000268129,-1.676170516917832
ENSG00000175040,0.1993954385463442
ENSG00000241679,0.15402074402712568
ENSG00000181804,0.6899291763214328
ENSG00000240012,NaN
ENSG00000181744,1.4804758592135037
ENSG00000289986,2.607607232519801
ENSG00000152952,1.2318075263138544
ENSG00000114698,NaN
ENSG00000163746,9.116393069148693
ENSG00000188313,-0.07726203449741569
ENSG00000243620,NaN
ENSG00000289451,NaN
ENSG00000239922,NaN
ENSG00000285798,NaN
ENSG00000244650,NaN
ENSG00000285557,NaN
ENSG00000153002,NaN
ENSG00000240521,-2.296885356986179
ENSG00000163751,16.726035020252954
ENSG00000287198,7.30638261758083
ENSG00000163754,-0.4502183218067206
ENSG00000071794,0.01678670629936555
ENSG00000239718,NaN
ENSG00000163755,-0.8217579381669636
ENSG00000047457,-0.10677958430809179
ENSG00000286714,NaN
ENSG00000163762,NaN
ENSG00000018408,5.625206836263905
ENSG00000241313,NaN
ENSG00000114744,-0.761692438230231
ENSG00000206199,-0.00837793822680964
ENSG00000082996,0.23284298249471988
ENSG00000070087,-0.7353801590593839
ENSG00000242791,-0.49087504081699224
ENSG00000243944,NaN
ENSG00000243550,NaN
ENSG00000286501,NaN
ENSG00000196428,0.8134910159852072
ENSG00000120742,-1.0796343132322335
ENSG00000144895,-1.810068826141791
ENSG00000198843,0.10239759801024571
ENSG00000163645,0.5075205865528438
ENSG00000240137,6.83025921053991
ENSG00000287688,-3.28125461401727
ENSG00000181788,0.437389701899777
ENSG00000244265,2.8068409912637993
ENSG00000289005,-0.274475258608089
ENSG00000239265,NaN
ENSG00000214237,-1.0024593850718284
ENSG00000243273,-0.4531544448307929
ENSG00000144893,17.177711923299565
ENSG00000174946,-0.06452958108514126
ENSG00000174944,10.626087421797399
ENSG00000181631,0.7477811432929148
ENSG00000169313,6.425142488081843
ENSG00000152580,NaN
ENSG00000242908,-0.1301433669903463
ENSG00000198829,-2.2508774350467315
ENSG00000239941,1.792444748568211
ENSG00000289315,-0.4357776088366324
ENSG00000152601,-1.0622159876065904
ENSG00000229619,7.008446135425009
ENSG00000243305,1.3289007366606211
ENSG00000169860,-2.454357599703908
ENSG00000244268,-2.213416311577538
ENSG00000289885,NaN
ENSG00000181467,1.880734962065624
ENSG00000290079,-1.1581286289166464
ENSG00000241220,NaN
ENSG00000238755,1.5271383330904378
ENSG00000237787,NaN
ENSG00000243486,NaN
ENSG00000243069,NaN
ENSG00000114790,-0.15356537237598822
ENSG00000174953,-0.10894453246252378
ENSG00000243969,NaN
ENSG00000196549,21.267128841323554
ENSG00000240045,NaN
ENSG00000114805,3.632705160798688
ENSG00000174928,-0.5847269016735185
ENSG00000169359,1.1502631925901317
ENSG00000286585,0.5794046757624046
ENSG00000163655,-0.22053026129836562
ENSG00000288032,-2.021679974215654
ENSG00000169282,0.1488233915059345
ENSG00000287916,-1.1421400693572048
ENSG00000272990,-0.7290755190461404
ENSG00000114850,-1.3196888054292717
ENSG00000243926,-1.061582894016067
ENSG00000163659,2.4735560865053063
ENSG00000240875,2.3885972672157973
ENSG00000197980,0.8521597082029759
ENSG00000243629,0.26265444471831123
ENSG00000241544,1.5995147307723934
ENSG00000289409,NaN
ENSG00000241135,-2.149763895738508
ENSG00000163660,-0.1631175129839978
ENSG00000241770,4.871078893307785
ENSG00000243176,3.3478176487800333
ENSG00000197415,2.0617171815145867
ENSG00000163661,1.5581469881795171
ENSG00000242536,0.9893315831638566
ENSG00000168779,NaN
ENSG00000174891,0.6217901242451949
ENSG00000243150,0.3292644537329135
ENSG00000178053,3.8530907349549257
ENSG00000168827,-0.06270072772444926
ENSG00000079257,-0.8155511615921812
ENSG00000118849,-0.4309071841779339
ENSG00000118855,11.340919780125102
ENSG00000240207,NaN
ENSG00000272247,-2.110614843296428
ENSG00000151967,-1.519471724148205
ENSG00000244040,0.2693529847398786
ENSG00000168811,-0.7200365155429073
ENSG00000180044,NaN
ENSG00000068885,2.006923477335654
ENSG00000113810,0.16735646450301778
ENSG00000213186,-0.7907466694524742
ENSG00000186432,-0.6241834409798218
ENSG00000260572,2.6314456512511484
ENSG00000163590,5.666367604706632
ENSG00000169255,-0.7100389646288593
ENSG00000169251,-1.184200374340806
ENSG00000196542,3.523658685824748
ENSG00000240567,NaN
ENSG00000288087,NaN
ENSG00000241168,NaN
ENSG00000241369,-1.3155447140863867
ENSG00000289884,NaN
ENSG00000090402,NaN
ENSG00000244128,-0.8303049785067935
ENSG00000114200,4.808712812236766
ENSG00000114204,0.2881248686370375
ENSG00000174776,-0.24738280645011557
ENSG00000114209,-0.8860878864956757
ENSG00000163536,0.7312224904606327
ENSG00000244706,NaN
ENSG00000173905,-0.38885060824400086
ENSG00000286994,NaN
ENSG00000241383,NaN
ENSG00000085276,-0.8741949103675556
ENSG00000270141,-0.8237965035049972
ENSG00000269889,NaN
ENSG00000085274,0.751512588993193
ENSG00000269984,NaN
ENSG00000171757,-0.7113330465379158
ENSG00000270096,-1.311277801749329
ENSG00000188306,NaN
ENSG00000187033,NaN
ENSG00000239219,-1.252384657155006
ENSG00000008952,-0.07166321239250742
ENSG00000173890,0.9556402590369648
ENSG00000173889,-0.10124873631992312
ENSG00000163558,1.1400409380935346
ENSG00000239628,0.3470329682918181
ENSG00000136603,0.8279798782901345
ENSG00000013297,1.6534826366448931
ENSG00000285051,-1.7746335984667017
ENSG00000013293,-1.4442206088109453
ENSG00000286695,0.6276205914372891
ENSG00000163584,-0.9177176911155304
ENSG00000163577,1.1792259648279195
ENSG00000286856,-0.5571899992987878
ENSG00000154310,4.002028533267871
ENSG00000240497,21.946631856174285
ENSG00000075651,3.3476671220579437
ENSG00000234717,NaN
ENSG00000287899,NaN
ENSG00000075420,2.5433555009532083
ENSG00000121858,0.9371021149049304
ENSG00000223387,-0.23812005252062216
ENSG00000144959,2.358600253000803
ENSG00000114346,-0.6758694886049074
ENSG00000144962,NaN
ENSG00000237473,8.61001045497188
ENSG00000169760,-0.19602872819786668
ENSG00000177694,3.5828262853923705
ENSG00000226779,NaN
ENSG00000223715,6.792584027443222
ENSG00000228308,NaN
ENSG00000177565,0.324516180119681
ENSG00000231310,1.0864183629159267
ENSG00000203645,2.5596507496572634
ENSG00000226782,NaN
ENSG00000228221,-0.37142787028209606
ENSG00000231574,NaN
ENSG00000223930,NaN
ENSG00000197584,14.74480793558725
ENSG00000237978,7.68768190589022
ENSG00000172667,0.40778283773832746
ENSG00000229102,-0.6802037072293317
ENSG00000121879,0.8608626993798066
ENSG00000171121,-0.12828788892777224
ENSG00000121864,-0.8398917676264099
ENSG00000260743,NaN
ENSG00000171109,-0.9125559947845833
ENSG00000289574,2.340505804509399
ENSG00000114450,-0.4102186445015077
ENSG00000242539,1.933573277487067
ENSG00000136518,-0.7208043912976865
ENSG00000272660,NaN
ENSG00000136522,-1.7512222644033992
ENSG00000136521,-2.324850414838063
ENSG00000058056,2.1147224686148762
ENSG00000114757,0.6228152664570378
ENSG00000239774,NaN
ENSG00000163728,-0.15413160552683858
ENSG00000284862,0.11558567815638518
ENSG00000285336,0.24604579121312073
ENSG00000114416,-0.989397958213166
ENSG00000205981,-1.2403254385940794
ENSG00000242808,14.797653368276164
ENSG00000241231,NaN
ENSG00000239381,-0.5739464264985418
ENSG00000242512,NaN
ENSG00000241098,NaN
ENSG00000240063,0.6228617256000054
ENSG00000058063,-0.5112450806113378
ENSG00000273261,NaN
ENSG00000043093,1.5972746921643166
ENSG00000078070,0.764900574993397
ENSG00000243368,0.8812428413402459
ENSG00000078081,1.5977350655407956
ENSG00000053524,3.131670501780366
ENSG00000176597,0.8361380986365293
ENSG00000289859,NaN
ENSG00000291106,-1.6371659509095204
ENSG00000172578,-0.5359795651909528
ENSG00000242522,0.08992332465521104
ENSG00000114796,-0.9097782384305577
ENSG00000163872,0.6550335111079293
ENSG00000233885,-0.8324481716250537
ENSG00000180834,-1.18799959501187
ENSG00000175193,-0.876821884421013
ENSG00000114770,0.13398370223900335
ENSG00000223882,NaN
ENSG00000186038,NaN
ENSG00000272721,0.8866254865480072
ENSG00000145191,-1.2466504060635737
ENSG00000161202,-1.3154642632608033
ENSG00000161203,6.686665484755826
ENSG00000161204,-1.3740389058255609
ENSG00000214160,-1.3407906780953773
ENSG00000284753,-1.746370433777698
ENSG00000175166,2.2786984769960217
ENSG00000114867,-0.8986662460397654
ENSG00000175182,-0.030314464376028676
ENSG00000114859,-0.4779775605005039
ENSG00000163882,-1
ENSG00000090534,NaN
ENSG00000224153,NaN
ENSG00000230215,-0.10514178062733484
ENSG00000182580,-1.4800706614637418
ENSG00000177383,-1.0052756992563183
ENSG00000272970,NaN
ENSG00000229433,-7.55566571824642
ENSG00000272922,NaN
ENSG00000156931,-0.07834632207472367
ENSG00000187068,NaN
ENSG00000113790,0.28230360599115284
ENSG00000073803,0.2679537528068242
ENSG00000163900,0.07710374003489116
ENSG00000286086,0.7089685313865667
ENSG00000163898,2.0386602427818943
ENSG00000163904,-0.046584012173714544
ENSG00000073792,1.380166785650833
ENSG00000163915,NaN
ENSG00000136527,-1.0486027659159483
ENSG00000290862,NaN
ENSG00000244405,-1.5602072856919769
ENSG00000058866,4.695945035904406
ENSG00000224406,NaN
ENSG00000213139,-1.2156996994071503
ENSG00000113838,-0.5360241149483297
ENSG00000090520,-0.04420180728056363
ENSG00000197099,1.9023552273930309
ENSG00000113889,1.036904241120082
ENSG00000263826,8.716802224499691
ENSG00000156976,-1.084717514574977
ENSG00000163918,-1.2498374038032445
ENSG00000231724,2.802941219981509
ENSG00000232233,0.4439766503976113
ENSG00000289971,NaN
ENSG00000073849,1.389446673108384
ENSG00000163923,-0.9535349810471665
ENSG00000198491,NaN
ENSG00000136514,-1.2331236834608008
ENSG00000228804,NaN
ENSG00000113916,2.794692726254215
ENSG00000285938,0.26237058097349236
ENSG00000290021,-1.1741649713632485
ENSG00000289331,-0.3026293761621157
ENSG00000234238,-0.1538380529878826
ENSG00000270959,-1.6742403681028626
ENSG00000145012,0.01866741791253843
ENSG00000288794,0.18600399512034016
ENSG00000224563,NaN
ENSG00000234076,-0.8053540327782974
ENSG00000188001,5.788434914878854
ENSG00000073282,1.2429420607990311
ENSG00000090530,4.059116274891359
ENSG00000225764,1.1155217448953407
ENSG00000196083,1.9232752712254115
ENSG00000205835,NaN
ENSG00000188729,0.9956297810246864
ENSG00000233308,2.6040964947188807
ENSG00000188958,-3.1270444346412707
ENSG00000152492,9.97668937216042
ENSG00000223812,NaN
ENSG00000114279,-1.3319640046935997
ENSG00000180611,3.94560289568847
ENSG00000232130,-1.6513355172425137
ENSG00000127252,NaN
ENSG00000127249,0.005797978227170265
ENSG00000198836,-0.9862999373442474
ENSG00000224855,-0.8596118184016763
ENSG00000214146,-1.4138949262959035
ENSG00000238043,NaN
ENSG00000230102,NaN
ENSG00000276407,0.5664892859580358
ENSG00000229964,NaN
ENSG00000232874,0.5372023247578053
ENSG00000289385,-1.5914731217422833
ENSG00000114315,1.0136513264253517
ENSG00000225742,NaN
ENSG00000214145,3.2646633731921453
ENSG00000178732,24.877155275769603
ENSG00000133657,0.16778336544580694
ENSG00000233058,0.00217011338575546
ENSG00000231770,-0.35332716959843974
ENSG00000288979,NaN
ENSG00000145014,1.7405904005296335
ENSG00000229334,-0.2693960023734545
ENSG00000272707,NaN
ENSG00000041802,-1.331052200766023
ENSG00000185112,0.957368974713768
ENSG00000237222,0.24495308832282114
ENSG00000230401,NaN
ENSG00000173950,1.3569181015276426
ENSG00000230266,0.8301977181298815
ENSG00000287005,2.3957677148931866
ENSG00000114331,-0.5887631377882158
ENSG00000184203,-0.27251474151794725
ENSG00000223711,0.10496984740631199
ENSG00000189058,NaN
ENSG00000289929,-1.0767869170394548
ENSG00000229178,0.9936555214455844
ENSG00000176945,-1.0118006437774885
ENSG00000145113,NaN
ENSG00000223783,4.953997995754816
ENSG00000061938,0.2994700520349187
ENSG00000286004,-0.8437309728136596
ENSG00000224614,-0.2905245832821052
ENSG00000290762,0.2154941561947624
ENSG00000290763,-1.4356912045852042
ENSG00000286168,NaN
ENSG00000072274,2.8200663264080794
ENSG00000224652,NaN
ENSG00000163958,4.700840120748943
ENSG00000163959,-0.337329144201095
ENSG00000161217,1.1807222134114286
ENSG00000213123,-0.479519291764786
ENSG00000235897,0.27478457053274175
ENSG00000145107,1.290377913778704
ENSG00000163960,-0.38500473574311844
ENSG00000225822,NaN
ENSG00000163961,1.5219921494399382
ENSG00000214097,NaN
ENSG00000185798,1.1954623089731167
ENSG00000174013,-1.5617274176661544
ENSG00000286661,NaN
ENSG00000232065,-0.9790733264747913
ENSG00000288990,-0.23257982896271245
ENSG00000174004,-1.8339772304702475
ENSG00000163964,0.6513480156654274
ENSG00000290054,-1.5821884674529314
ENSG00000174007,-0.9064158803633754
ENSG00000180370,-0.5195320389043464
ENSG00000289446,0.27050178229368155
ENSG00000119231,0.492467571376443
ENSG00000230732,0.1658275822158666
ENSG00000114503,-1.5621745784384848
ENSG00000225578,NaN
ENSG00000270170,-1.1911531406168085
ENSG00000119227,-1.3554207130519549
ENSG00000286017,0.669860111725727
ENSG00000163975,-1.9192631935065199
ENSG00000228109,0.35542400105833366
ENSG00000075711,0.2751471353967496
ENSG00000289396,-0.9864542301092866
ENSG00000289828,2.898259492312634
ENSG00000272989,NaN
ENSG00000161267,0.0650321357226743
ENSG00000291091,0.13558098654325465
ENSG00000286909,3.782798838609679
ENSG00000236833,NaN
ENSG00000287286,-0.5880956314711931
ENSG00000145016,-0.006696497190704327
ENSG00000122068,-1.2759045814212642
ENSG00000273375,8.011094366484096
ENSG00000186001,-0.015259659040414288
ENSG00000114473,-0.21777914985836733
ENSG00000182899,-1.064797252711389
ENSG00000185621,2.0185378747072984
ENSG00000286755,-0.5747899029091652
ENSG00000291192,0.24888664181873835
ENSG00000290937,-1.3443072165637455
ENSG00000272602,0.9387142360038874
ENSG00000289361,NaN
ENSG00000250312,0.19670723174138013
ENSG00000275426,-0.4815161730218141
ENSG00000290382,-0.24422896148346482
ENSG00000186777,NaN
ENSG00000286705,1.6576385448567024
ENSG00000131127,-0.8619976215548406
ENSG00000281016,-0.10572216874735353
ENSG00000272885,NaN
ENSG00000182903,0.09288739303575327
ENSG00000174227,-0.4133677847940799
ENSG00000133256,-1.2636363894733778
ENSG00000242686,NaN
ENSG00000272927,-1.1889896492618723
ENSG00000169020,-1.5766405464534057
ENSG00000215375,-0.6438413370524313
ENSG00000169026,3.102200393684021
ENSG00000185619,-0.47217049815781914
ENSG00000272588,-0.5453671984275671
ENSG00000249592,0.19499854175713782
ENSG00000168993,-1.1989284605246837
ENSG00000286205,NaN
ENSG00000178950,3.437823866439106
ENSG00000127419,7.943808128288619
ENSG00000145214,0.02101362662362496
ENSG00000145217,-0.020403876777767015
ENSG00000127415,-0.9343091144419337
ENSG00000127418,1.3062517353960923
ENSG00000178222,0.11086964734635933
ENSG00000251652,0.4351061471150111
ENSG00000227189,-0.07508324426676913
ENSG00000159674,27.747930833624995
ENSG00000280927,-0.2731933310808601
ENSG00000159692,-0.7539386875002954
ENSG00000196810,-0.1640997767277449
ENSG00000090316,-1.4680817613722943
ENSG00000163945,2.3478050894484213
ENSG00000272783,0.3635923005385026
ENSG00000244459,-0.8840905619829602
ENSG00000174137,0.21567885692099675
ENSG00000163950,-0.39139101856078584
ENSG00000013810,6.419581765833907
ENSG00000168936,-1.0870813469444347
ENSG00000168924,-0.4540191952507493
ENSG00000109685,1.8846870244467224
ENSG00000185049,-1.1997659424981753
ENSG00000243449,-0.6305799092971847
ENSG00000185818,-2.2353544188953567
ENSG00000130997,7.090034341879229
ENSG00000214367,-0.7228283865586607
ENSG00000123933,2.99640600728824
ENSG00000159733,2.3550045751886963
ENSG00000251148,-0.9579663151889656
ENSG00000206113,-1.2060071452135002
ENSG00000063978,-0.8779970205989015
ENSG00000125386,-0.275944034525902
ENSG00000168884,-1.7975895702853106
ENSG00000087266,0.7193010914772665
ENSG00000087274,-0.6101627715461125
ENSG00000109736,-0.010035740748422058
ENSG00000249673,-1.23096644075305
ENSG00000087269,-0.5301001980856366
ENSG00000125388,-0.4783453876075741
ENSG00000197386,-0.9530292191470126
ENSG00000251075,0.4568155029867053
ENSG00000188981,1.5186578610462806
ENSG00000159788,0.6220082511326825
ENSG00000175920,-0.6722258326070888
ENSG00000163956,-1.9400095357356892
ENSG00000290374,0.345439413402763
ENSG00000290888,-0.9141480220506425
ENSG00000132406,-1.1638331445334096
ENSG00000289032,4.966648058682819
ENSG00000145220,2.761241439697458
ENSG00000168826,1.3530648707057686
ENSG00000168824,0.821646480041566
ENSG00000168818,-0.31090434758139135
ENSG00000248221,NaN
ENSG00000247708,2.5571017983807263
ENSG00000273396,NaN
ENSG00000163132,NaN
ENSG00000170891,6.221816875083205
ENSG00000152953,-0.9195861504872002
ENSG00000082929,NaN
ENSG00000173040,1.0238380466058608
ENSG00000072840,0.7758097470573657
ENSG00000072832,-1.1799154397952771
ENSG00000181215,22.85409647194431
ENSG00000152969,-0.43593551248413226
ENSG00000287786,0.974583834426492
ENSG00000290803,3.5980422452938954
ENSG00000251408,18.37713957794962
ENSG00000109501,-1.1865712503161672
ENSG00000074211,-0.855894491390249
ENSG00000013288,-1.242261318342068
ENSG00000179010,-1.0598487502349279
ENSG00000251580,-1.4227568812066582
ENSG00000170846,-0.8620362750546916
ENSG00000246526,0.5962040388374424
ENSG00000163993,0.6665742814722442
ENSG00000178988,-1.4010993030797325
ENSG00000186222,-1.6970059730891347
ENSG00000170871,-0.6318071616999532
ENSG00000132405,-0.2511925566750569
ENSG00000287104,-1.1772666236305396
ENSG00000187904,NaN
ENSG00000245748,-0.2340100840751499
ENSG00000173013,-1.2840189520500005
ENSG00000173011,-1.0932843786333815
ENSG00000109519,-0.36209480516789966
ENSG00000245468,-1.825011826418108
ENSG00000184985,-1.073978734026113
ENSG00000196526,4.675369531218304
ENSG00000287164,-0.5748119330412239
ENSG00000228919,NaN
ENSG00000163995,1.8656455061912396
ENSG00000290015,-0.5411817540210588
ENSG00000125089,-0.16861712003827523
ENSG00000170801,NaN
ENSG00000251615,-0.7327283646619926
ENSG00000087008,-0.21427889306987966
ENSG00000155275,2.1519505573833317
ENSG00000205959,-1.8948165977115072
ENSG00000215612,NaN
ENSG00000288075,0.44335964419141655
ENSG00000287972,-1.1649642353673273
ENSG00000287117,1.545752313196341
ENSG00000109667,2.0491083164480117
ENSG00000071127,8.728109527317388
ENSG00000289865,0.4984990732476156
ENSG00000178163,5.715333491452159
ENSG00000287154,1.810711532269483
ENSG00000109684,22.39024109823991
ENSG00000002587,2.1299784206880554
ENSG00000287778,2.3295720167466483
ENSG00000251152,2.01625128197122
ENSG00000249631,6.156300606133135
ENSG00000250371,2.9462132969943986
ENSG00000157869,0.367541718702311
ENSG00000038219,-0.8053746154445858
ENSG00000250634,1.7312485784794058
ENSG00000249988,4.768645449834613
ENSG00000248360,4.041898089896397
ENSG00000247624,0.6918738654849984
ENSG00000137449,0.7524262673533861
ENSG00000249252,5.554561991227453
ENSG00000163145,0.7390527187845098
ENSG00000251379,-0.5483887352152091
ENSG00000048342,1.2817965654004815
ENSG00000273133,NaN
ENSG00000118564,2.3547899231059195
ENSG00000237765,0.6676548038062354
ENSG00000109743,3.201528175152498
ENSG00000004468,4.044952777606424
ENSG00000137441,26.573763734760437
ENSG00000007062,NaN
ENSG00000169762,3.5111332197125042
ENSG00000249234,-0.10103858292431916
ENSG00000263327,4.445565539618403
ENSG00000248138,10.282063097547992
ENSG00000169744,14.06806348979941
ENSG00000287081,NaN
ENSG00000249998,NaN
ENSG00000250819,1.5455061059117383
ENSG00000151552,-0.9357276824448506
ENSG00000249581,NaN
ENSG00000002549,-0.4205324365426282
ENSG00000249502,-0.04443167844153558
ENSG00000118579,-1.9782463587883605
ENSG00000047662,-0.8272454747902492
ENSG00000163257,-1.2288751248935121
ENSG00000109805,1.9546035705137423
ENSG00000178177,-0.12057806710516081
ENSG00000286046,-1.7756706800073048
ENSG00000248515,11.157084679494341
ENSG00000145147,3.5034730381939307
ENSG00000163138,1.0661164651432433
ENSG00000185774,22.513212776149597
ENSG00000286318,NaN
ENSG00000250092,NaN
ENSG00000280650,NaN
ENSG00000250039,0.13449332299421504
ENSG00000289849,NaN
ENSG00000152990,3.0657277326307972
ENSG00000249948,-1.0107660643708418
ENSG00000248837,NaN
ENSG00000249547,NaN
ENSG00000250137,NaN
ENSG00000109819,NaN
ENSG00000109606,-1.1151107899320447
ENSG00000181982,2.1663388779628114
ENSG00000153012,NaN
ENSG00000109618,-0.5534219998554063
ENSG00000281501,-0.8687994840078667
ENSG00000038210,0.11671826744812372
ENSG00000168228,-0.24116381261908235
ENSG00000053900,1.3621113008459533
ENSG00000248545,-0.4233920940480311
ENSG00000157765,NaN
ENSG00000091490,6.142376344129478
ENSG00000250541,-0.4059473693536009
ENSG00000250317,-1.2443206854865838
ENSG00000251009,NaN
ENSG00000283314,1.4868282931070442
ENSG00000168214,0.6263192376195391
ENSG00000109680,2.9012568413275717
ENSG00000109689,1.2879379189590652
ENSG00000240005,-0.21119998691107927
ENSG00000249699,NaN
ENSG00000287389,-2.7536707222632955
ENSG00000251410,NaN
ENSG00000169851,NaN
ENSG00000251182,NaN
ENSG00000251129,11.559704445991978
ENSG00000286784,NaN
ENSG00000288321,NaN
ENSG00000250723,NaN
ENSG00000248685,NaN
ENSG00000047365,2.3274735894893026
ENSG00000247193,1.0631512406529622
ENSG00000197057,11.06789842394094
ENSG00000251438,-0.3235087654523323
ENSG00000247810,NaN
ENSG00000174145,NaN
ENSG00000154274,2.603635099138766
ENSG00000288073,NaN
ENSG00000248936,NaN
ENSG00000181826,0.10697884667665408
ENSG00000169299,-1.096266306280782
ENSG00000065882,0.9657199376879112
ENSG00000250254,-2.219928679873917
ENSG00000248227,-0.35324321487036214
ENSG00000249534,0.4360549899654865
ENSG00000249667,1.0065411064089524
ENSG00000231160,1.359076446004549
ENSG00000109787,0.9708073498279256
ENSG00000174123,1.7808630954163185
ENSG00000174125,-0.9548782997135109
ENSG00000174130,-1.1117337619766612
ENSG00000197712,1.1717422409857905
ENSG00000121895,4.604788507349977
ENSG00000109790,1.2879767186273057
ENSG00000249207,0.3062975005112829
ENSG00000249685,NaN
ENSG00000157796,3.6694439214172165
ENSG00000035928,-0.6589133101238804
ENSG00000134962,-0.7958321468432452
ENSG00000163682,-1.0830710183153291
ENSG00000121897,-0.0619482414655619
ENSG00000109814,-0.7635302859547007
ENSG00000249348,0.2411589696240235
ENSG00000287262,-0.09107451710649164
ENSG00000163683,1.4565889642958825
ENSG00000286349,-0.4728276597758964
ENSG00000255458,5.234628340694533
ENSG00000078140,-0.4806753571887423
ENSG00000121892,-0.5289667630583902
ENSG00000078177,0
ENSG00000260296,-0.34360180222105124
ENSG00000286089,1.7205926437933794
ENSG00000168421,2.7094307064844627
ENSG00000250338,NaN
ENSG00000249241,-1.272255713938281
ENSG00000174343,NaN
ENSG00000163694,6.391581093316061
ENSG00000179299,1.8375827516233814
ENSG00000163697,1.7139601323718436
ENSG00000250906,1.3355446865549578
ENSG00000251173,NaN
ENSG00000154277,-10.95115677483135
ENSG00000064042,0.8051016317404587
ENSG00000250467,NaN
ENSG00000245870,NaN
ENSG00000249771,-1.991201841699423
ENSG00000109133,-1.1848040446380137
ENSG00000182308,0.7160870958405432
ENSG00000272862,NaN
ENSG00000014824,0.03240051707853782
ENSG00000188848,0.009616111369790733
ENSG00000285454,2.0483787026181823
ENSG00000250781,0.05699703492199415
ENSG00000124406,1.3861222202922672
ENSG00000260519,NaN
ENSG00000215203,-0.5227021875564927
ENSG00000248939,NaN
ENSG00000286891,8.680354326903874
ENSG00000183783,6.471308630494383
ENSG00000177752,-0.17273053812656913
ENSG00000151806,-0.6333234366372943
ENSG00000163281,-1.293495705093701
ENSG00000272936,4.868087727701249
ENSG00000151834,NaN
ENSG00000109158,NaN
ENSG00000163288,NaN
ENSG00000169019,-1.5417978638020955
ENSG00000286294,3.823442028031497
ENSG00000145246,0.2163336664803213
ENSG00000248254,NaN
ENSG00000145244,4.365260830557607
ENSG00000282917,-0.08010878176879874
ENSG00000259959,-2.3713227272973274
ENSG00000170448,0.22198680669482707
ENSG00000163293,-1.7353046202694435
ENSG00000198515,0.4085724574472261
ENSG00000074966,5.600448721803923
ENSG00000135605,0.9535710557501006
ENSG00000109171,-0.3405915632478949
ENSG00000145248,NaN
ENSG00000075539,-0.3730380939161487
ENSG00000109180,-1.0603276074469001
ENSG00000248256,2.570669973296109
ENSG00000145247,-0.91485097052147
ENSG00000109184,1.9408317361435719
ENSG00000272576,1.538787050915941
ENSG00000188993,0.11246525613549153
ENSG00000163069,-0.17904453754127778
ENSG00000163071,NaN
ENSG00000287999,-1.246754663720786
ENSG00000109189,2.823438592263657
ENSG00000248866,-2.015589117877141
ENSG00000226950,-0.18746742727753948
ENSG00000250302,6.655956704130787
ENSG00000286161,0.7230908392245481
ENSG00000226887,NaN
ENSG00000184178,1.736530096988275
ENSG00000248115,7.183142438180916
ENSG00000145216,-0.8114726101291949
ENSG00000072201,1.6238208988915346
ENSG00000250930,NaN
ENSG00000249706,-2.3291435108236627
ENSG00000272650,0.6060014780528346
ENSG00000109220,0.7144526667854768
ENSG00000269506,NaN
ENSG00000287534,0.5886244704891946
ENSG00000157404,1.032142257971846
ENSG00000250646,NaN
ENSG00000128039,-0.7101770091310464
ENSG00000249700,-0.43988922074396525
ENSG00000273257,-0.7624834016977692
ENSG00000134851,-0.3108868197996913
ENSG00000134852,2.78994469094806
ENSG00000109255,-0.8830319216927848
ENSG00000090989,-0.4464200429377276
ENSG00000286599,-0.4270719012612886
ENSG00000287382,-0.3995016666491409
ENSG00000174799,-0.414402181769466
ENSG00000109265,13.574069562769143
ENSG00000157426,0.07083749091113252
ENSG00000269921,NaN
ENSG00000128059,-0.12635470090724452
ENSG00000270147,3.073515736167799
ENSG00000290817,0.02448178197503335
ENSG00000128050,-0.5818667491377402
ENSG00000289393,-0.6405475963664825
ENSG00000174780,-1.7985608076464275
ENSG00000196503,-0.4406257334032141
ENSG00000249693,-0.07340407254317877
ENSG00000171476,12.762466606035671
ENSG00000128040,3.4691811788741616
ENSG00000084093,-0.39919931354901766
ENSG00000269949,NaN
ENSG00000084092,-1.7969157954476547
ENSG00000047315,0.9643561824685716
ENSG00000163453,5.083655255758906
ENSG00000245067,-1.6723912152443277
ENSG00000251339,NaN
ENSG00000240152,NaN
ENSG00000150471,-0.7856679361754448
ENSG00000205682,NaN
ENSG00000289308,NaN
ENSG00000248692,-1.3647058595748487
ENSG00000288659,NaN
ENSG00000251055,NaN
ENSG00000286664,NaN
ENSG00000250125,8.53786311759414
ENSG00000145242,-1.127322279072371
ENSG00000249413,NaN
ENSG00000287383,NaN
ENSG00000250075,0.8074565017622809
ENSG00000145241,-1.060873765192122
ENSG00000035720,4.948875641297512
ENSG00000033178,-0.9159396165467928
ENSG00000248049,1.7616309592812123
ENSG00000109163,1.3583117275213465
ENSG00000153802,NaN
ENSG00000187054,NaN
ENSG00000291282,NaN
ENSG00000083896,-1.3559278322357795
ENSG00000289942,-0.570461939022922
ENSG00000087128,NaN
ENSG00000197888,0.5945789542743138
ENSG00000196620,NaN
ENSG00000173597,-0.47655460077042716
ENSG00000132464,NaN
ENSG00000286848,-0.41110095792931506
ENSG00000132465,249.5477209201073
ENSG00000132467,-1.6946469233768704
ENSG00000272986,-2.020232701340697
ENSG00000018189,1.1212348770069664
ENSG00000132463,-1.4932212383682868
ENSG00000289019,NaN
ENSG00000173542,1.7499072311494865
ENSG00000156136,-0.5307167144450922
ENSG00000080493,7.802292568146788
ENSG00000156140,NaN
ENSG00000163626,-0.07959632715596356
ENSG00000132466,-0.29346710850382474
ENSG00000250220,1.9922045878108965
ENSG00000163631,4.086929417930189
ENSG00000169435,2.591379675970468
ENSG00000169429,18.127633944585796
ENSG00000109272,64.14458538837276
ENSG00000163739,0
ENSG00000163737,237.1259336873315
ENSG00000163736,270.1620269045065
ENSG00000163735,50.44652401412602
ENSG00000163734,58.313232140354124
ENSG00000081041,7.066156017202387
ENSG00000289241,NaN
ENSG00000163738,2.657777068693764
ENSG00000269559,NaN
ENSG00000182585,NaN
ENSG00000124882,49.252951878322044
ENSG00000109321,4.0287849278158525
ENSG00000174808,NaN
ENSG00000169116,1.2629566550302032
ENSG00000248646,NaN
ENSG00000250735,NaN
ENSG00000163743,-0.17413814203453382
ENSG00000174796,-1.0762172797164429
ENSG00000174792,1.4905265658312852
ENSG00000138769,7.815060373602927
ENSG00000138757,-0.5613441706785055
ENSG00000138768,-0.9927619609553716
ENSG00000229717,8.336613950085571
ENSG00000156194,1.0498213499984457
ENSG00000138744,0.5880153914774021
ENSG00000198301,-0.7648759883349515
ENSG00000245928,0.7515874931528629
ENSG00000138755,9.77816388102942
ENSG00000156219,1.484368975926128
ENSG00000169245,NaN
ENSG00000138750,-0.40406138103247397
ENSG00000286074,-0.5866684325847634
ENSG00000138760,0.25347066324919054
ENSG00000189157,-1.9598574116067498
ENSG00000289515,-0.3653404922823084
ENSG00000118804,-2.2300905483296813
ENSG00000138771,6.943529345348145
ENSG00000289586,0.7091948273127282
ENSG00000138758,2.663156457946865
ENSG00000118816,-1.393012834183819
ENSG00000289443,-0.2743157516218993
ENSG00000288888,NaN
ENSG00000289496,-1.4054606585904572
ENSG00000138764,-0.5627860808588422
ENSG00000249036,1.2120163014825782
ENSG00000156234,4.796750163060083
ENSG00000138767,0.8560777694818366
ENSG00000289379,1.1936666300601533
ENSG00000169288,1.890739969907091
ENSG00000138759,-0.7339435647689817
ENSG00000138772,31.358255968181204
ENSG00000251442,-1.4357836144324034
ENSG00000260278,-0.017309674069781143
ENSG00000138756,2.7293181417050407
ENSG00000163291,-0.07376574225010935
ENSG00000249307,2.8224162803963995
ENSG00000156269,NaN
ENSG00000250334,52.143731214335034
ENSG00000163297,1.3058502303749262
ENSG00000248719,4.351732036577329
ENSG00000152784,2.9941017865413277
ENSG00000197826,7.780041477999548
ENSG00000152785,NaN
ENSG00000138669,0.9110134673111037
ENSG00000138670,0.21985309260857971
ENSG00000273156,0.05653878867797778
ENSG00000289480,NaN
ENSG00000138668,-1.2105258523948115
ENSG00000272677,1.0451255496325293
ENSG00000152795,-1.2934549876079549
ENSG00000145293,-0.26970087924506253
ENSG00000249242,1.9299115579388049
ENSG00000145284,4.913376632924103
ENSG00000138674,-0.5601597244737988
ENSG00000251022,3.0681668281798036
ENSG00000168152,-0.3283059807030582
ENSG00000189308,3.3224101745320676
ENSG00000138663,-1.3646357590390465
ENSG00000286035,0.27494761115387334
ENSG00000145287,1.6617004014062569
ENSG00000250057,-0.2173820769841227
ENSG00000173085,-0.6962134572892582
ENSG00000173083,1.0532864369643171
ENSG00000163312,0.9150552260780205
ENSG00000163319,-1.8878976231973816
ENSG00000163322,-1.203761357646924
ENSG00000138678,0.8242129075199481
ENSG00000249171,NaN
ENSG00000250546,1.3281939753411078
ENSG00000163624,-1.066742948953521
ENSG00000163625,3.613872180327513
ENSG00000180769,-0.5597391048442468
ENSG00000286189,NaN
ENSG00000138639,6.827820522683244
ENSG00000109339,2.1483272060301886
ENSG00000250062,2.2730979927137565
ENSG00000163629,6.4886589953452996
ENSG00000145283,NaN
ENSG00000163633,4.362980781154281
ENSG00000284968,0.6579675164646029
ENSG00000172493,1.759668612591996
ENSG00000145332,-0.32603644535164467
ENSG00000170509,-1.235928186156611
ENSG00000198189,-0.5658549802042928
ENSG00000170502,-0.9716059372619826
ENSG00000152583,1.905373576818213
ENSG00000249001,NaN
ENSG00000118762,2.879149733514985
ENSG00000118777,NaN
ENSG00000163644,0.9053442319507952
ENSG00000246375,4.029486562043954
ENSG00000287181,NaN
ENSG00000138642,3.351840329325254
ENSG00000138646,1.4458512618849584
ENSG00000285122,NaN
ENSG00000138641,0.6118627271215247
ENSG00000177432,-1.1920404505624242
ENSG00000248019,-0.04417809059443624
ENSG00000138640,6.24207484592458
ENSG00000180346,-1.903654120389843
ENSG00000270720,NaN
ENSG00000185477,4.173859101604157
ENSG00000251095,NaN
ENSG00000288563,NaN
ENSG00000145335,37.868133466493994
ENSG00000138722,19.29191291689241
ENSG00000184305,22.92086597723737
ENSG00000248984,NaN
ENSG00000152208,0.5497532236591801
ENSG00000163104,0.24724068701622176
ENSG00000163106,-0.7249069362569224
ENSG00000163110,1.5033935384031927
ENSG00000249951,-0.021366234109060887
ENSG00000138696,1.7692446531073005
ENSG00000182168,0.6018118395881547
ENSG00000248510,-1.2284261833730272
ENSG00000163116,1.575368175300644
ENSG00000251620,NaN
ENSG00000214559,12.100059897236854
ENSG00000289532,0.686830460738939
ENSG00000138698,-0.24898978473788722
ENSG00000168785,7.6567862335559695
ENSG00000251523,-0.6130657283773732
ENSG00000151247,0.9846502547747418
ENSG00000263923,4.016483089566668
ENSG00000164024,0.5436035178527241
ENSG00000272777,-2.099572567599834
ENSG00000197894,-1.9148398995777296
ENSG00000246090,5.887492729998449
ENSG00000198099,NaN
ENSG00000172955,0.8053631751183686
ENSG00000145331,-0.6144069399722759
ENSG00000138823,3.8911626458799153
ENSG00000070190,16.374415299654117
ENSG00000109270,-1.698157290958425
ENSG00000164031,0.056675060147865226
ENSG00000164032,-0.6026179018561452
ENSG00000245322,0.9896009724245604
ENSG00000164035,NaN
ENSG00000138814,0.7530319525614754
ENSG00000254531,0.18548817492319525
ENSG00000153064,15.414588210029349
ENSG00000251309,0.6061321582371373
ENSG00000138821,0.4812315932323243
ENSG00000248161,-0.4337006078550659
ENSG00000260651,0.14816193597089297
ENSG00000109320,-0.00010662438633449979
ENSG00000109323,-0.009497841831646774
ENSG00000109332,-1.042740315971221
ENSG00000286242,-1.296206932161774
ENSG00000246560,0.2889953151774418
ENSG00000145354,-1.0350423298061275
ENSG00000164037,2.457299186206693
ENSG00000164038,1.637611206799997
ENSG00000164039,0.10758457788802431
ENSG00000138778,0.11625104512463016
ENSG00000248740,NaN
ENSG00000169836,NaN
ENSG00000249614,NaN
ENSG00000251170,NaN
ENSG00000168772,NaN
ENSG00000245384,0.9681430474828646
ENSG00000248242,10.610288674075367
ENSG00000248373,-2.3924754630005824
ENSG00000251259,-1.3961779556167342
ENSG00000168769,1.1294448352724913
ENSG00000251586,NaN
ENSG00000138777,-1.183684384429057
ENSG00000236699,0.1961400016982595
ENSG00000138785,0.15954789831747732
ENSG00000138780,1.9804664906186156
ENSG00000249635,7.082460898184605
ENSG00000145348,0.2805349214615186
ENSG00000164022,-1.9515297889220873
ENSG00000286147,1.153596043969193
ENSG00000155011,1.675709599686261
ENSG00000138801,-0.19358316168695666
ENSG00000164023,1.3020226325884046
ENSG00000245293,-1.1416505243084867
ENSG00000155016,0.5991275869849677
ENSG00000249604,NaN
ENSG00000138796,-0.776050979985184
ENSG00000138795,8.635504930351296
ENSG00000232021,9.906107568280808
ENSG00000234492,1.6602017893617018
ENSG00000109475,-1.1204712356844968
ENSG00000198856,-1.0874929124704833
ENSG00000286136,0.7636116901158003
ENSG00000188517,5.995312113433563
ENSG00000247950,-0.7935054325285723
ENSG00000138802,-0.6094102625332968
ENSG00000005059,0.048835088827542575
ENSG00000138794,2.1026057197847168
ENSG00000273447,-0.9919560122953889
ENSG00000123739,13.990138191362934
ENSG00000205403,NaN
ENSG00000272795,-0.7907202758204399
ENSG00000109534,-1.1351356193781907
ENSG00000180245,6.152497773962947
ENSG00000138798,12.524126447028575
ENSG00000170522,8.047093512389287
ENSG00000288913,0.22323746035274644
ENSG00000138792,6.137945292642894
ENSG00000288692,0.16197111942944692
ENSG00000248656,NaN
ENSG00000250855,NaN
ENSG00000249815,NaN
ENSG00000288691,NaN
ENSG00000174749,0.24154050020495046
ENSG00000260526,-1.6112461689195152
ENSG00000138660,0.052089126707725066
ENSG00000145365,-0.7155345108812551
ENSG00000073331,0.4923749152127477
ENSG00000249509,NaN
ENSG00000138658,1.5120638961890691
ENSG00000174720,-0.9730202900910283
ENSG00000145362,1.2974150369415185
ENSG00000145349,1.506206364083148
ENSG00000180801,2.1683193055629824
ENSG00000174607,0.62368507884153
ENSG00000138653,NaN
ENSG00000286637,NaN
ENSG00000224932,NaN
ENSG00000236922,NaN
ENSG00000288921,NaN
ENSG00000164100,NaN
ENSG00000269893,-0.5827373754873244
ENSG00000164099,NaN
ENSG00000291201,-0.8484163196908406
ENSG00000281731,-0.5174805130158354
ENSG00000145388,-0.07106558975493775
ENSG00000150961,-0.4498619817719395
ENSG00000172403,0.5703774779277535
ENSG00000172399,NaN
ENSG00000145390,2.275267947541182
ENSG00000164096,-1.3896926324323733
ENSG00000291202,-0.7783875249563412
ENSG00000291203,0.10165415729878934
ENSG00000250950,1.094253575904872
ENSG00000138735,4.144444029026868
ENSG00000164109,-0.7537964402396388
ENSG00000250938,3.9895189254232
ENSG00000138738,1.9407090903913866
ENSG00000050730,9.704504415908083
ENSG00000186867,NaN
ENSG00000164111,0.5760906877403064
ENSG00000123737,-1.1635766350242165
ENSG00000145386,2.3697164648692035
ENSG00000138686,2.6037920390609726
ENSG00000138741,NaN
ENSG00000138688,0.49866828778222144
ENSG00000109471,NaN
ENSG00000227145,NaN
ENSG00000181004,2.4290204382373526
ENSG00000138685,NaN
ENSG00000273007,NaN
ENSG00000170917,-1.1060212231457875
ENSG00000145375,2.4783410627938243
ENSG00000164056,1.4456678704619148
ENSG00000249464,-0.052895132262176243
ENSG00000249837,NaN
ENSG00000261083,NaN
ENSG00000151458,-1.5666786985574692
ENSG00000196159,2.442176408252874
ENSG00000250149,-1.341733246225598
ENSG00000287021,NaN
ENSG00000164066,23.46680127787454
ENSG00000151475,NaN
ENSG00000164070,1.8573585549475233
ENSG00000261668,NaN
ENSG00000142731,1.9961943267318496
ENSG00000164073,0.5164306262425059
ENSG00000164074,0.5390901294515908
ENSG00000138709,0.7288796166211069
ENSG00000164040,-0.015343825370819401
ENSG00000251432,4.776030918614351
ENSG00000280711,NaN
ENSG00000077684,-0.42704412192153635
ENSG00000151466,1.6446574872429787
ENSG00000151470,-1.193817756938796
ENSG00000246876,NaN
ENSG00000249618,NaN
ENSG00000251326,-1.0251311546802218
ENSG00000251555,6.376664785690958
ENSG00000251598,19.221162139594483
ENSG00000251488,NaN
ENSG00000250241,NaN
ENSG00000251388,NaN
ENSG00000251199,-2.1890142045101557
ENSG00000251291,NaN
ENSG00000249000,NaN
ENSG00000248330,NaN
ENSG00000251567,NaN
ENSG00000248869,-0.3902055322414315
ENSG00000248307,NaN
ENSG00000151012,0.9338044099407291
ENSG00000251372,-0.8316677667323772
ENSG00000250195,4.435837874525284
ENSG00000151014,0.5543652114591079
ENSG00000109381,-0.01495359250343135
ENSG00000288785,-1.3247453161317144
ENSG00000109390,-1.0702179720512344
ENSG00000164134,-1.0105074621335186
ENSG00000273247,2.25081964443333
ENSG00000172007,-0.4180996801025254
ENSG00000145391,-0.5089449997812215
ENSG00000272717,-1.0340683283848133
ENSG00000286896,-0.3806481356504889
ENSG00000085871,-0.18533848387721014
ENSG00000196782,4.6077189688277596
ENSG00000153130,-1.4168682708730245
ENSG00000196951,-0.7469082987879813
ENSG00000205301,NaN
ENSG00000179387,-0.5348587279710842
ENSG00000109424,NaN
ENSG00000109436,2.419169652356408
ENSG00000248335,NaN
ENSG00000273472,-1.0347425034608437
ENSG00000170153,2.2947862013547007
ENSG00000109445,-1.698394173615861
ENSG00000248747,NaN
ENSG00000248810,4.6684784509991575
ENSG00000272632,-2.0295699001100225
ENSG00000250141,NaN
ENSG00000164136,2.4128252171195035
ENSG00000109452,6.179570153039396
ENSG00000249806,8.363960166115945
ENSG00000250326,2.3155953269139444
ENSG00000170185,0.006073742071735754
ENSG00000250969,NaN
ENSG00000109458,3.592803167112838
ENSG00000286771,-1.8223474249953608
ENSG00000245112,NaN
ENSG00000153147,-0.7405334068167123
ENSG00000251600,13.519952299086333
ENSG00000183090,5.203831175528386
ENSG00000197465,1.2819558639366437
ENSG00000250361,NaN
ENSG00000285783,3.730972459797129
ENSG00000248890,1.4718198816864396
ENSG00000164161,0.6604216618629415
ENSG00000164162,-0.6283393477136953
ENSG00000250406,NaN
ENSG00000164163,-1.419144885656119
ENSG00000164164,-0.8439352618052591
ENSG00000170365,-0.8510059479473991
ENSG00000151611,-0.22433065731595364
ENSG00000237136,-0.9730512969834695
ENSG00000151612,2.53546194116058
ENSG00000251687,NaN
ENSG00000260303,NaN
ENSG00000248809,NaN
ENSG00000164167,-1.6577523498639186
ENSG00000250673,1.7954049521257982
ENSG00000120519,0.9564453589456449
ENSG00000288998,0.3357879104066713
ENSG00000151617,NaN
ENSG00000251688,NaN
ENSG00000251298,1.9267049955712092
ENSG00000164168,-0.7092139127973296
ENSG00000164169,1.3538393141076275
ENSG00000071205,3.1629707826880753
ENSG00000151623,3.121000439104143
ENSG00000250354,4.339507488648823
ENSG00000287292,6.680056115631545
ENSG00000249752,NaN
ENSG00000248210,6.274080188096864
ENSG00000234828,NaN
ENSG00000170390,0.10851792581070946
ENSG00000198589,0.3234606472854995
ENSG00000249690,NaN
ENSG00000145425,-1.0039642737225563
ENSG00000109686,1.3826751272765974
ENSG00000270681,-0.7471208638463674
ENSG00000270265,1.029193956473258
ENSG00000251611,NaN
ENSG00000164142,11.42780808617598
ENSG00000059691,-1.1548553924056477
ENSG00000251455,NaN
ENSG00000248991,1.9439127440239883
ENSG00000251249,-0.8776157029524693
ENSG00000245954,0.012898124490827025
ENSG00000250706,8.386604547615464
ENSG00000251377,1.4877004469899116
ENSG00000109670,0.0803817991143888
ENSG00000287555,-0.15360174337770263
ENSG00000268471,0.4036381177752388
ENSG00000170006,0.8945783582031425
ENSG00000248571,-7.003485846845008
ENSG00000169989,2.285197033679535
ENSG00000164144,1.7332196507413726
ENSG00000137460,0.5355810850746118
ENSG00000249022,2.7280351057898025
ENSG00000109654,0.9361375778752472
ENSG00000121211,1.55127996897164
ENSG00000121210,-0.6667584116575267
ENSG00000287216,-1.30704434146636
ENSG00000290441,7.968964513885695
ENSG00000137462,4.437783651643395
ENSG00000145428,1.3875435297946273
ENSG00000249309,-3.3511176275949373
ENSG00000280241,0.07511620777875458
ENSG00000197410,0.5655050336545038
ENSG00000171566,-0.0902494658637598
ENSG00000121207,NaN
ENSG00000151962,NaN
ENSG00000250910,NaN
ENSG00000164114,2.089425540103793
ENSG00000251244,-0.6974870111224227
ENSG00000164116,15.546308195942908
ENSG00000061918,27.60241113037248
ENSG00000151790,NaN
ENSG00000256043,-1.3275438352039721
ENSG00000289320,56.6384258400331
ENSG00000145431,1.8906304227543205
ENSG00000248629,NaN
ENSG00000120251,NaN
ENSG00000286133,-0.3298327465783287
ENSG00000287226,-0.8331438609825016
ENSG00000164125,2.9359157768188138
ENSG00000248429,1.4589956677017826
ENSG00000287822,NaN
ENSG00000250604,-2.2737906906407277
ENSG00000164124,3.9920597296700966
ENSG00000286558,-3.6527742282727482
ENSG00000171509,4.196987299285386
ENSG00000205208,-0.5345426529683122
ENSG00000171503,2.147338139855735
ENSG00000171497,-1.78498676457186
ENSG00000052795,-0.09299161051545234
ENSG00000164123,0.4699410744763827
ENSG00000109756,1.1757391089012788
ENSG00000250488,NaN
ENSG00000249425,NaN
ENSG00000168843,-1.6696096652070045
ENSG00000287072,NaN
ENSG00000250027,NaN
ENSG00000145414,-0.7128781078049435
ENSG00000198498,-1.1788399634998192
ENSG00000145416,2.724851326104427
ENSG00000273449,-1.9744344453501579
ENSG00000248771,0.7052225122013838
ENSG00000248329,NaN
ENSG00000183439,-0.7073500097861195
ENSG00000250486,NaN
ENSG00000176979,0.5751068761306489
ENSG00000250374,NaN
ENSG00000170088,0.1826255098962982
ENSG00000109466,0.28502720997994757
ENSG00000052802,0.6820787456395004
ENSG00000109472,NaN
ENSG00000038295,2.5931748766278413
ENSG00000249675,NaN
ENSG00000196104,4.463627264994396
ENSG00000248601,NaN
ENSG00000109511,NaN
ENSG00000287188,NaN
ENSG00000137628,1.6824054736943612
ENSG00000181381,0.8443599107087353
ENSG00000129116,4.953082023007642
ENSG00000145439,1.1147544941176861
ENSG00000154447,5.1486192800985755
ENSG00000251171,NaN
ENSG00000137601,0.23926609049045397
ENSG00000286302,0.7223519861794842
ENSG00000109572,2.690832220437873
ENSG00000056050,-1.0530245181456834
ENSG00000248319,0.5994084405469223
ENSG00000198948,35.354636751581765
ENSG00000109576,NaN
ENSG00000250266,NaN
ENSG00000174473,0.2633716952319171
ENSG00000245213,-1.330093255638782
ENSG00000109586,1.397869338671717
ENSG00000290017,0.7842930773973149
ENSG00000248774,2.450050421367467
ENSG00000164104,2.394514117959095
ENSG00000288728,NaN
ENSG00000272870,2.2812607351222423
ENSG00000164105,-1.4056794518647675
ENSG00000164106,-2.333464612250749
ENSG00000288025,-1.3943286580063308
ENSG00000286226,-0.4902842776999039
ENSG00000237125,-0.06985945457561404
ENSG00000250708,NaN
ENSG00000251216,NaN
ENSG00000248174,2.0317643258777065
ENSG00000289210,0.03548134210527445
ENSG00000164117,1.184027080121388
ENSG00000164118,1.0701717677171128
ENSG00000249875,NaN
ENSG00000164120,4.510258296248272
ENSG00000251584,3.3928628753532077
ENSG00000145451,5.956693423691757
ENSG00000168594,NaN
ENSG00000286494,0.5572355149502125
ENSG00000150625,24.19256038650606
ENSG00000150627,0.0990263932177786
ENSG00000164122,NaN
ENSG00000248980,-0.2974168245110973
ENSG00000289149,-0.9120245753774628
ENSG00000129128,-1.4528943100875893
ENSG00000289520,-0.03538812763917158
ENSG00000150630,6.3893931274876214
ENSG00000287544,0.30718322336284054
ENSG00000109674,-10.158379728261027
ENSG00000249084,NaN
ENSG00000038002,-1.3141473322619133
ENSG00000250131,3.9140082083585264
ENSG00000231171,-0.4045170315199373
ENSG00000251504,NaN
ENSG00000250993,NaN
ENSG00000249883,NaN
ENSG00000248197,NaN
ENSG00000177822,0.0596968415648442
ENSG00000218336,0.33466393501549335
ENSG00000129187,-0.4502256279079798
ENSG00000251359,1.3076112854767301
ENSG00000151718,2.2049977801982785
ENSG00000168564,-0.22409851241355444
ENSG00000232648,1.57955086473167
ENSG00000168556,-1.2594911521611039
ENSG00000272744,NaN
ENSG00000182552,-1.2627790624331425
ENSG00000168538,-0.20892827044549256
ENSG00000173320,NaN
ENSG00000164303,-0.12056808830574275
ENSG00000180712,1.079520006390482
ENSG00000249096,-0.1166068562388418
ENSG00000168310,-0.81820330174817
ENSG00000270426,-1.3909495813562422
ENSG00000271646,0.23710466333536223
ENSG00000286292,0.33559653988908367
ENSG00000271538,-0.24674908954599686
ENSG00000254233,NaN
ENSG00000164305,0.497588157932229
ENSG00000164306,1.5926524196851384
ENSG00000151725,1.7722774508531036
ENSG00000151726,14.949751102282226
ENSG00000251139,3.932269579017686
ENSG00000286256,-1.1522874588890892
ENSG00000251230,0.5570558500562315
ENSG00000289139,-0.36246772565660984
ENSG00000289197,-0.7645727048145601
ENSG00000250754,-1.2175560498853257
ENSG00000151729,-0.4853016049546173
ENSG00000164323,-0.35885099548120364
ENSG00000109762,1.612265524237997
ENSG00000109771,-0.077421976874713
ENSG00000250410,-0.809756625068806
ENSG00000186352,0.8134522365826934
ENSG00000109775,-1.0254959603628275
ENSG00000205129,-0.04524093927243211
ENSG00000168491,0.8538578474090022
ENSG00000249679,-0.8546442749301839
ENSG00000154556,0.08503657803283365
ENSG00000233110,NaN
ENSG00000164342,-0.27064984043716184
ENSG00000109794,-0.7333814624004235
ENSG00000145476,-0.9461316225053883
ENSG00000164344,0.5868403356407083
ENSG00000088926,2.1525344535597912
ENSG00000251165,-0.9542050846113577
ENSG00000168412,0.32715882333840385
ENSG00000249742,NaN
ENSG00000250971,NaN
ENSG00000250658,0.6012381184959892
ENSG00000250620,NaN
ENSG00000250590,NaN
ENSG00000286641,NaN
ENSG00000179046,NaN
ENSG00000247130,NaN
ENSG00000249378,0.7960358749281284
ENSG00000249269,NaN
ENSG00000250626,NaN
ENSG00000249877,NaN
ENSG00000250739,NaN
ENSG00000245685,3.744744312827329
ENSG00000109536,-1.334238795721408
ENSG00000153404,NaN
ENSG00000164366,-1.3973941488107078
ENSG00000073578,-0.21516757662269298
ENSG00000248925,28.177943655918266
ENSG00000249915,-2.081016374948897
ENSG00000063438,0.3382881712026057
ENSG00000221990,-1.2645080112991003
ENSG00000180104,0.21956130373009689
ENSG00000188242,NaN
ENSG00000066230,NaN
ENSG00000225138,13.136310857132974
ENSG00000249650,NaN
ENSG00000112877,0.23368417408047587
ENSG00000171368,-1.2315391385663628
ENSG00000271781,NaN
ENSG00000289088,NaN
ENSG00000206077,2.780325982759754
ENSG00000288930,NaN
ENSG00000188818,1.5633236366127512
ENSG00000028310,-1.0410883288739365
ENSG00000071539,0.06380582250619278
ENSG00000287600,NaN
ENSG00000113504,-0.7424356822053279
ENSG00000174358,NaN
ENSG00000287486,NaN
ENSG00000049656,-1.568199662414128
ENSG00000286388,0.8909516610391429
ENSG00000250584,NaN
ENSG00000153395,1.194916691785478
ENSG00000291055,0.08737872765970023
ENSG00000271119,-0.511524173593711
ENSG00000291079,-0.04365437628366551
ENSG00000171421,-1.463716442021167
ENSG00000145494,-1.892105357013723
ENSG00000248994,NaN
ENSG00000248118,NaN
ENSG00000249830,NaN
ENSG00000248973,1.3584684765921462
ENSG00000145536,-1.0734846780768965
ENSG00000286753,0.21835834327158424
ENSG00000164151,-0.47956415123384416
ENSG00000250490,-0.2963079665099719
ENSG00000133398,-1.48260771530294
ENSG00000287031,-0.33086345894680663
ENSG00000215218,-1.2808871419628243
ENSG00000250056,NaN
ENSG00000037474,-1.123952356591308
ENSG00000145545,-0.1395483488508287
ENSG00000248677,-1.261670585505689
ENSG00000112941,-0.19875626486634235
ENSG00000251365,-0.6061619579750159
ENSG00000250974,-0.48654436335195994
ENSG00000078295,0.7509531900185671
ENSG00000124275,-1.028740280919761
ENSG00000124279,-0.20374475779698833
ENSG00000288002,-0.4349930614184736
ENSG00000245729,NaN
ENSG00000272049,NaN
ENSG00000247516,-0.165813636367737
ENSG00000250619,1.7265893212527492
ENSG00000112902,14.366202261335648
ENSG00000250786,NaN
ENSG00000249781,NaN
ENSG00000249807,NaN
ENSG00000272417,NaN
ENSG00000150756,-0.8975094279904846
ENSG00000150753,-2.2732873018982005
ENSG00000164237,-1.2602605514397287
ENSG00000259802,1.2522894181398596
ENSG00000145495,-1.0428346050982726
ENSG00000145491,-0.813171012811218
ENSG00000246016,NaN
ENSG00000164236,5.103543566329973
ENSG00000112977,-1.3413725508585412
ENSG00000272324,-1.413457033535066
ENSG00000169862,4.4740823461177515
ENSG00000248131,NaN
ENSG00000039139,3.8497566228252063
ENSG00000251423,NaN
ENSG00000038382,2.253603625519187
ENSG00000145569,0.2398766298628395
ENSG00000261360,-1.4772433977953807
ENSG00000154124,-1.065431593279843
ENSG00000154122,1.2870898667360313
ENSG00000286970,-0.9423425735430291
ENSG00000272057,-1.92032689196608
ENSG00000286441,NaN
ENSG00000249332,0.4156366292587594
ENSG00000286377,NaN
ENSG00000183580,-0.6835425546362786
ENSG00000183654,NaN
ENSG00000248150,0.1535775200733893
ENSG00000173545,-1.7997678682810774
ENSG00000289112,0.9663345295719851
ENSG00000154153,2.7981557820158383
ENSG00000246214,0.26186337466646853
ENSG00000250415,0.33346862465650373
ENSG00000145555,0.6760943628327943
ENSG00000176788,3.580094881403886
ENSG00000215196,1.6149032363792142
ENSG00000248455,NaN
ENSG00000248693,1.373015892755768
ENSG00000145526,-0.8549603545110598
ENSG00000249854,NaN
ENSG00000251629,-1.0974705332519847
ENSG00000286751,NaN
ENSG00000291102,0.9411327185705378
ENSG00000253766,9.689362722118213
ENSG00000154162,-1.7856570394522011
ENSG00000248874,3.138242730650228
ENSG00000286134,2.237456833447612
ENSG00000286238,NaN
ENSG00000248605,NaN
ENSG00000250337,NaN
ENSG00000248490,NaN
ENSG00000250453,NaN
ENSG00000259786,-1.8957067781863908
ENSG00000289601,NaN
ENSG00000113360,-0.4271735705658314
ENSG00000082213,-0.41246963484711213
ENSG00000133401,2.5321255988480633
ENSG00000250764,0.4645311554467042
ENSG00000113384,-0.4166117433265748
ENSG00000272086,-0.857595355266885
ENSG00000150712,0.022224013060375098
ENSG00000056097,-0.7939197469291825
ENSG00000113387,-0.17842950888372647
ENSG00000113389,7.798197584463443
ENSG00000250697,-0.7406140848722159
ENSG00000251443,NaN
ENSG00000249572,6.055125739406378
ENSG00000113407,-1.0177322420273112
ENSG00000151388,5.1307002314981895
ENSG00000164175,NaN
ENSG00000242110,-0.30303692619278144
ENSG00000082196,-0.3887808488231955
ENSG00000271771,NaN
ENSG00000290548,0.7079011002337285
ENSG00000286543,1.9109702637728565
ENSG00000039560,1.9212882014713293
ENSG00000272323,NaN
ENSG00000205838,-0.0676421532738965
ENSG00000113456,-0.7217165230423591
ENSG00000113460,-0.8290656902528061
ENSG00000168724,-1.3943432506439268
ENSG00000113492,1.8638623637192717
ENSG00000113494,3.5480121491297054
ENSG00000152582,2.9326836309143864
ENSG00000248969,2.0176909357384623
ENSG00000168685,5.575782570327981
ENSG00000164187,0.23406299845211423
ENSG00000145604,0.7169559286599217
ENSG00000152620,-0.45302076191418994
ENSG00000164188,NaN
ENSG00000079215,0.026436083161747247
ENSG00000250155,-0.9334147293512394
ENSG00000272103,0.03478624115017121
ENSG00000285967,-0.9204930015731977
ENSG00000164190,-0.5563455437525773
ENSG00000197603,0.8239677399816355
ENSG00000286193,-0.6898567640797849
ENSG00000113569,0.48528705759119894
ENSG00000082068,-0.23316148534307796
ENSG00000248587,0.6893212176692357
ENSG00000248461,NaN
ENSG00000164318,NaN
ENSG00000113594,NaN
ENSG00000249740,NaN
ENSG00000145623,-1.08882317407504
ENSG00000164327,-0.3938964781464399
ENSG00000289196,-0.3497958428954324
ENSG00000286809,1.533840120775394
ENSG00000082074,0.7414133531703199
ENSG00000113600,9.75447420533788
ENSG00000153071,32.003921655826
ENSG00000250585,NaN
ENSG00000283286,-1.5624392404979823
ENSG00000285552,0.5683186105560682
ENSG00000285616,2.447932918933702
ENSG00000113638,0.8088323232938769
ENSG00000289540,0.12021836038857676
ENSG00000171522,-0.7049480781909554
ENSG00000132356,-0.5558499867024131
ENSG00000288911,-0.6086083183342103
ENSG00000145592,-0.9347890123992268
ENSG00000132357,-0.24670228060238372
ENSG00000112936,-1.0234614936552575
ENSG00000039537,1.3582580817807746
ENSG00000182836,NaN
ENSG00000083720,0.7913145706071862
ENSG00000286164,NaN
ENSG00000248668,-0.7760361594442444
ENSG00000205765,-1.4546120157261733
ENSG00000151876,0.46770040854795614
ENSG00000112964,-0.14108804803759042
ENSG00000198865,-0.017344076470685706
ENSG00000250722,8.084533672654537
ENSG00000272234,-1.7726365764300434
ENSG00000286271,2.3164915982927266
ENSG00000287263,4.969374403574676
ENSG00000289206,-0.23238140199410662
ENSG00000286656,1.441739656682006
ENSG00000271788,2.921440633597008
ENSG00000177738,-0.4158675069154583
ENSG00000251131,0.6392217222200571
ENSG00000272382,-0.19116573939862053
ENSG00000177721,-0.5860268649338848
ENSG00000215068,-0.11143067571511625
ENSG00000272144,1.2060516165233517
ENSG00000172262,-0.45788382643280345
ENSG00000177453,2.22200515897202
ENSG00000112972,4.721895804492849
ENSG00000151882,0.5547583959965622
ENSG00000151881,0.7132794770925365
ENSG00000249492,0.984495864304209
ENSG00000172244,-0.3439219953729979
ENSG00000248554,4.152107681857927
ENSG00000248240,0.03380489669358755
ENSG00000172239,-0.775463442981236
ENSG00000248092,4.022063876922435
ENSG00000112992,0.17781041624961744
ENSG00000070193,NaN
ENSG00000248464,NaN
ENSG00000251141,2.2259884339898375
ENSG00000112996,-0.9470708998467267
ENSG00000272335,-1.0979762010931418
ENSG00000164588,3.7630049013270392
ENSG00000250122,NaN
ENSG00000170571,0.11320799693425558
ENSG00000151883,0.42458492188406416
ENSG00000289056,-0.4475366810355055
ENSG00000248898,11.49121944305454
ENSG00000152684,-1.4267895939054585
ENSG00000213949,0.6481883040377144
ENSG00000249899,-1.596461197600614
ENSG00000164171,15.165507194279492
ENSG00000272123,NaN
ENSG00000164172,-1.2179439214149483
ENSG00000247796,-0.45361972219458574
ENSG00000164258,-0.987569172216621
ENSG00000272416,1.3078224516306676
ENSG00000185305,0.4494443571052387
ENSG00000287087,1.9652305134117638
ENSG00000288957,0.7712723344779615
ENSG00000249069,17.08620980874994
ENSG00000169271,NaN
ENSG00000178996,-0.43719704627458994
ENSG00000287367,2.0797186767560807
ENSG00000164283,NaN
ENSG00000240535,-0.26006953055499693
ENSG00000113088,20.8005497754697
ENSG00000145649,16.413066132018994
ENSG00000164287,4.501550470355297
ENSG00000251307,0.03076630774121516
ENSG00000067248,-0.17545642115407736
ENSG00000039123,-0.20821317391786082
ENSG00000067113,2.801260976840737
ENSG00000177058,2.446783579481063
ENSG00000152670,NaN
ENSG00000164509,1.2820351843557054
ENSG00000134352,2.7825039698494094
ENSG00000262211,0.21312533325378177
ENSG00000249236,0.9815366125418454
ENSG00000227908,-1.1246058821783467
ENSG00000164512,6.241968221470953
ENSG00000248727,-0.05876755883034365
ENSG00000225940,3.0051007212417664
ENSG00000289709,NaN
ENSG00000095015,0.07903949246613587
ENSG00000237705,-0.34076206528419983
ENSG00000225230,0.7810668877261903
ENSG00000155542,-0.8008163853953105
ENSG00000155545,-1.5803797801915822
ENSG00000271828,NaN
ENSG00000235635,0.5037478107218551
ENSG00000289152,-1.5610803958852917
ENSG00000062194,-0.6299402096818735
ENSG00000249436,-1.550511827252774
ENSG00000145632,-0.7583838972714173
ENSG00000175857,1.1336678186445261
ENSG00000152932,2.883282488653371
ENSG00000248475,NaN
ENSG00000113448,17.326525228323668
ENSG00000247345,37.612322046649126
ENSG00000152931,-0.48167761274708726
ENSG00000035499,1.6652145213860032
ENSG00000164181,43.466353867472215
ENSG00000049167,-0.1461900279486982
ENSG00000164182,1.9619481529315335
ENSG00000188725,-2.039494541471851
ENSG00000251279,3.1092741022690977
ENSG00000288936,-1.7951632653011598
ENSG00000130449,2.0297520029118066
ENSG00000178722,6.959421249006483
ENSG00000068796,1.9175666391298976
ENSG00000086189,0.4022500997622707
ENSG00000086200,2.2629083151590597
ENSG00000164197,NaN
ENSG00000186479,0.7469980780763268
ENSG00000153006,-0.6325336826353789
ENSG00000153015,0.3665213621603914
ENSG00000049192,4.887919211325271
ENSG00000123219,0.6721729319571663
ENSG00000113593,-0.23645448962913526
ENSG00000113595,-0.48351788753591557
ENSG00000113597,0.795418979238264
ENSG00000253251,-0.9908227719654041
ENSG00000197860,0.2968163887000943
ENSG00000123213,0.44995085438526233
ENSG00000112851,-0.6549936267313727
ENSG00000269961,-0.5825095593501461
ENSG00000286314,2.2375099713196125
ENSG00000285999,0.26732040300600407
ENSG00000153914,-0.9562114980406824
ENSG00000251391,7.2912258170213
ENSG00000286062,NaN
ENSG00000069020,5.801405128784842
ENSG00000229666,0.9309144979247267
ENSG00000134061,1.2876852862932546
ENSG00000286647,NaN
ENSG00000249364,1.3229662883309932
ENSG00000249736,NaN
ENSG00000253787,NaN
ENSG00000145675,0.18386630276548555
ENSG00000248884,-3.8963570567965817
ENSG00000250237,NaN
ENSG00000249335,-0.7489836177799615
ENSG00000145740,0.21391889447438836
ENSG00000248664,0.5778191613140834
ENSG00000134057,-1.2462413065617486
ENSG00000153044,-0.4117477339884201
ENSG00000134056,-0.765581939542625
ENSG00000134058,0.29963982817213053
ENSG00000183323,0.20504801594172567
ENSG00000085231,-1.4748410057035373
ENSG00000273841,-2.0220519101956844
ENSG00000152942,-0.5572272057787553
ENSG00000152939,2.958285730388424
ENSG00000249295,NaN
ENSG00000197822,-0.2987653221098384
ENSG00000183474,0.2723615024834446
ENSG00000290556,-1.0733595141690666
ENSG00000290560,-0.6030332195561258
ENSG00000205572,0.62625142794398
ENSG00000205571,0.1565349473075085
ENSG00000291220,-0.377524980736808
ENSG00000291221,-2.2455061865738326
ENSG00000172058,-1.2140877209204652
ENSG00000172062,-0.44146361499836734
ENSG00000249437,-0.023007057718180363
ENSG00000289810,-1.876581521158458
ENSG00000145736,-0.4276022809570217
ENSG00000250387,NaN
ENSG00000145734,-0.21634402193036503
ENSG00000131844,0.6821633694095997
ENSG00000131711,7.2626409817658555
ENSG00000113048,-0.005080572044968372
ENSG00000049883,-0.973545810867035
ENSG00000178175,2.926110611411085
ENSG00000248371,NaN
ENSG00000249085,-2.3585210302876236
ENSG00000083312,-1.0843523162714326
ENSG00000271926,NaN
ENSG00000272081,NaN
ENSG00000157107,0.05805287323163279
ENSG00000157111,-0.2605703330676814
ENSG00000251493,1.3727055858406771
ENSG00000251324,NaN
ENSG00000272525,-0.9221492456873591
ENSG00000145741,-1.4721906257292325
ENSG00000164331,-0.3829754782104088
ENSG00000164338,-1.6516127120757464
ENSG00000214944,5.312545911055348
ENSG00000248673,-2.6765954227377478
ENSG00000288883,NaN
ENSG00000249343,NaN
ENSG00000171617,-1.4620262245496527
ENSG00000049860,-0.6430465042884531
ENSG00000164347,1.5765848890323153
ENSG00000164346,-1.7251379732919994
ENSG00000198780,5.131815531657677
ENSG00000271714,NaN
ENSG00000249856,2.844785321077159
ENSG00000289535,0.410764105930154
ENSG00000176928,3.4970134856755255
ENSG00000145700,1.2936541349661734
ENSG00000247372,2.061221920601619
ENSG00000113161,-0.12715417210187693
ENSG00000113163,0.859553577279022
ENSG00000122008,0.6225650917395397
ENSG00000248881,NaN
ENSG00000189045,0.35875497809618895
ENSG00000152359,1.6618690740139712
ENSG00000122012,0.16432906396748717
ENSG00000250348,31.313934718297915
ENSG00000145703,0.24232108115704595
ENSG00000249713,6.660529467419037
ENSG00000164220,-0.21745337730449316
ENSG00000225407,-0.5602808930833661
ENSG00000181104,104.9012883416702
ENSG00000164251,-0.6041437110854903
ENSG00000171643,4.647387406593839
ENSG00000145708,11.471966421901291
ENSG00000164252,-0.002359123986255634
ENSG00000132846,-0.3889880281172396
ENSG00000250802,-0.5257947148210608
ENSG00000113231,3.527000271029678
ENSG00000164253,-0.08420360387913688
ENSG00000171530,-0.952244223289886
ENSG00000132842,-0.8721843295951973
ENSG00000245556,-0.9992311782064621
ENSG00000085365,0.2355839763542999
ENSG00000145685,4.861174587653211
ENSG00000113273,1.3025795369452788
ENSG00000132837,1.0178943537684646
ENSG00000132840,NaN
ENSG00000145692,NaN
ENSG00000152409,3.83520221689383
ENSG00000152413,3.738672995014458
ENSG00000164329,-0.10979792796697183
ENSG00000164309,2.6110788014830293
ENSG00000250888,NaN
ENSG00000177034,-0.2304390332441712
ENSG00000113296,3.432696757045572
ENSG00000249825,-0.42570775291976354
ENSG00000164300,5.149951860244817
ENSG00000251675,0.8074966157474147
ENSG00000288741,25.419271418005945
ENSG00000289317,-1.1364476395667498
ENSG00000039319,-0.7100331699493171
ENSG00000249042,0.155706387607261
ENSG00000152380,0.2055063498626687
ENSG00000189127,2.534658071724894
ENSG00000251221,3.240711409115289
ENSG00000228716,6.304012406326207
ENSG00000249655,NaN
ENSG00000113318,0.34706514770161023
ENSG00000251450,-0.576949869239916
ENSG00000113319,4.285570044289263
ENSG00000247572,1.008331685034898
ENSG00000131730,-0.8994082946213878
ENSG00000131732,-1.3322928896627995
ENSG00000172497,1.290507051295459
ENSG00000286721,-0.46160918314800603
ENSG00000145687,1.9140197043132285
ENSG00000152348,1.9456235625536453
ENSG00000186468,-1.0424347969433332
ENSG00000281327,16.04934050153906
ENSG00000271862,-0.8241943222293563
ENSG00000174695,-0.945515031606105
ENSG00000152422,2.5905574429859666
ENSG00000038427,8.115877543578087
ENSG00000249835,-1.7219590207044662
ENSG00000164176,0.546400554151722
ENSG00000127184,-1.471423630703052
ENSG00000249061,1.0306175912297313
ENSG00000233828,12.306787523239743
ENSG00000288569,4.066378441815995
ENSG00000145715,0.3711006005699959
ENSG00000134480,-0.1879427383048346
ENSG00000285190,14.59824872985202
ENSG00000248708,NaN
ENSG00000287862,NaN
ENSG00000164180,-0.37740386838132967
ENSG00000247828,0.909228946556009
ENSG00000245526,NaN
ENSG00000245864,0.4762495056506058
ENSG00000250377,4.856968851457688
ENSG00000081189,6.577592334002449
ENSG00000248309,9.036470233281818
ENSG00000288740,-1.4043766713916228
ENSG00000250831,NaN
ENSG00000250437,18.778088140773068
ENSG00000248555,NaN
ENSG00000260871,NaN
ENSG00000153140,0.13516698648261363
ENSG00000255647,0.11380296316307904
ENSG00000176055,0.7966896955516289
ENSG00000113356,-0.08511503979162376
ENSG00000176018,-1.206605066407304
ENSG00000164199,0.8987143622706159
ENSG00000248323,12.587779544400817
ENSG00000113369,0.474564097219601
ENSG00000281357,1.9393459523612804
ENSG00000286121,3.3153560575650176
ENSG00000250049,NaN
ENSG00000249776,NaN
ENSG00000237187,NaN
ENSG00000113391,0.09952173406792879
ENSG00000287180,0.7010858110772669
ENSG00000248483,0.3942457655459059
ENSG00000272406,NaN
ENSG00000287447,-0.19786327975769433
ENSG00000251023,-0.6685010076066008
ENSG00000286577,-1.243802939903005
ENSG00000185261,8.351386066135216
ENSG00000133302,1.4919617377771035
ENSG00000175471,7.276188635823677
ENSG00000249175,-1.7124291832705756
ENSG00000153347,95.16007169174621
ENSG00000198677,1.0935627766166307
ENSG00000164291,-0.12083869335862764
ENSG00000178015,-1.1946052325545873
ENSG00000175449,1.0325524987467605
ENSG00000145757,2.322995760089322
ENSG00000250240,5.22919014752458
ENSG00000164292,1.6960784362199148
ENSG00000173221,-0.3279298467262104
ENSG00000251409,0.7692221918657498
ENSG00000236882,-0.2846157770838364
ENSG00000250362,NaN
ENSG00000118985,1.157335835378368
ENSG00000251314,1.5476137484397632
ENSG00000250955,NaN
ENSG00000153113,-0.588988782078769
ENSG00000249180,NaN
ENSG00000164307,0.0011528338103418412
ENSG00000248734,2.5476223751603624
ENSG00000272109,-0.6390924044873562
ENSG00000247121,1.2071134691687329
ENSG00000164308,-0.44518826093540725
ENSG00000113441,-0.5063452483638922
ENSG00000251513,20.852086607168594
ENSG00000145721,1.6186602504826444
ENSG00000058729,-0.41748838313475156
ENSG00000286828,-1.3526513186023204
ENSG00000248758,-0.5941654083158308
ENSG00000250331,1.915200166716984
ENSG00000286953,NaN
ENSG00000248202,5.486518388513199
ENSG00000174136,-0.25207200168719884
ENSG00000246763,0.3635713763208089
ENSG00000279232,0.6202734278327682
ENSG00000153922,-0.4397823045182883
ENSG00000248489,-1.165375081387585
ENSG00000249787,0.7899245035133245
ENSG00000247877,0.6648003392399805
ENSG00000174132,0.12143817302415974
ENSG00000113532,0.9639725710492923
ENSG00000289912,1.0692034987495718
ENSG00000173930,6.813362158238188
ENSG00000205359,NaN
ENSG00000250958,NaN
ENSG00000250682,NaN
ENSG00000286338,NaN
ENSG00000145730,4.779280655004428
ENSG00000145723,-0.28442367680368846
ENSG00000145725,0.23473757782409974
ENSG00000181751,19.727889833767843
ENSG00000248757,NaN
ENSG00000112874,-1.5449908171398097
ENSG00000251026,NaN
ENSG00000251574,-0.08707863707327144
ENSG00000251027,NaN
ENSG00000184349,1.473145856631123
ENSG00000145743,0.5919684241714541
ENSG00000286503,0.17195029766996156
ENSG00000272523,31.386312838074268
ENSG00000289260,0.0787147824549382
ENSG00000151422,2.330854178643269
ENSG00000250383,2.1844801741350395
ENSG00000286882,NaN
ENSG00000249476,-0.5334647516885254
ENSG00000198961,0.608829915776102
ENSG00000271849,-1.1142680860208316
ENSG00000112893,0.11086174922409366
ENSG00000186952,3.841927062283964
ENSG00000164209,-0.3618970373241013
ENSG00000145777,NaN
ENSG00000134987,-0.5516131875225784
ENSG00000152495,4.503565981531925
ENSG00000288965,0.1496027249732877
ENSG00000249318,3.56410866186559
ENSG00000248268,0.01842633763161597
ENSG00000164211,-0.20656290037928945
ENSG00000246859,1.7574341095855708
ENSG00000134986,4.636470063034168
ENSG00000250095,NaN
ENSG00000129595,3.6706338465296167
ENSG00000224032,-1.3076342774401097
ENSG00000251187,NaN
ENSG00000251076,NaN
ENSG00000278921,NaN
ENSG00000290027,-2.5503313932350467
ENSG00000250358,NaN
ENSG00000134982,1.080742705348
ENSG00000153037,-1.7126408335442058
ENSG00000129625,-1.314417762984102
ENSG00000172795,-0.657232283196037
ENSG00000171444,0.9518989456549821
ENSG00000232633,NaN
ENSG00000047188,-0.5920120017921182
ENSG00000080709,0.35357571379873964
ENSG00000152503,-0.919116876132419
ENSG00000164219,-1.4327511890078402
ENSG00000271797,-0.629686102866608
ENSG00000164221,0.10898473307692468
ENSG00000145780,-0.2403751255038198
ENSG00000243414,-1.3845327373857448
ENSG00000249249,2.4987547268661725
ENSG00000134970,-1.9808662688552048
ENSG00000249021,-0.3395777035620334
ENSG00000129596,NaN
ENSG00000145782,-1.1161332774861605
ENSG00000177879,-1.4296211779449062
ENSG00000172901,NaN
ENSG00000271918,1.343761094667215
ENSG00000145781,1.2864025200841573
ENSG00000250015,1.220791011310189
ENSG00000092421,0.8845984462479458
ENSG00000248445,0.7144206516282492
ENSG00000248663,NaN
ENSG00000250891,NaN
ENSG00000250427,NaN
ENSG00000249128,NaN
ENSG00000249426,3.2503523708972857
ENSG00000169570,2.4414173413538127
ENSG00000249494,1.4568761963447474
ENSG00000172869,1.3098581633922919
ENSG00000145779,-0.022231973590598027
ENSG00000133835,-0.23250064939668785
ENSG00000251293,NaN
ENSG00000261036,NaN
ENSG00000184838,9.436206641884464
ENSG00000229855,0.5821968209943669
ENSG00000151304,-0.7314584414517685
ENSG00000247311,NaN
ENSG00000249916,3.7768588360027224
ENSG00000250328,NaN
ENSG00000251538,-0.3176607829770052
ENSG00000205302,1.2749920522660396
ENSG00000064652,1.9531621338598097
ENSG00000168938,NaN
ENSG00000249996,NaN
ENSG00000168944,-0.500695622112015
ENSG00000288766,NaN
ENSG00000151292,1.416339727772204
ENSG00000288890,0.3126619760185214
ENSG00000253807,0.8967154888309855
ENSG00000248296,NaN
ENSG00000168916,9.021049884368939
ENSG00000249112,1.1518690086225574
ENSG00000260192,-1.3100922640306059
ENSG00000248752,6.949758273200019
ENSG00000155324,1.371815174055958
ENSG00000250602,1.2707496980395199
ENSG00000164904,-0.24932952672557268
ENSG00000164902,-0.8350991415859319
ENSG00000251072,0.36040768258109196
ENSG00000113368,-0.7884616861189049
ENSG00000173926,8.302871305019623
ENSG00000164241,0.5030135971401684
ENSG00000283897,37.635169831546044
ENSG00000286615,NaN
ENSG00000145794,NaN
ENSG00000164244,-0.6127809888449389
ENSG00000230561,1.992774556391897
ENSG00000245937,2.588022997322498
ENSG00000064651,2.206929291675829
ENSG00000138829,3.9497182518790606
ENSG00000113396,2.991665962096858
ENSG00000066583,-0.7137062822161843
ENSG00000286274,NaN
ENSG00000145808,NaN
ENSG00000251680,0.9649343675552379
ENSG00000186367,NaN
ENSG00000198108,13.209358690607209
ENSG00000287390,1.1371625652079003
ENSG00000169567,-1.1449594570226427
ENSG00000186687,-0.8518933027415497
ENSG00000290020,0.7416665337893491
ENSG00000158985,-0.2613674948228818
ENSG00000158987,-0.08002154720042755
ENSG00000217128,0.23163854849851304
ENSG00000239642,1.0947063596876305
ENSG00000234758,-0.627335102455349
ENSG00000164398,2.0063013033785144
ENSG00000072682,-1.7017058847564337
ENSG00000197208,0.23873017185174378
ENSG00000233006,3.019928386534
ENSG00000197375,-0.5073856647621492
ENSG00000197536,0.1345974140343871
ENSG00000238160,-1.902919768901146
ENSG00000125347,0.5292771128120027
ENSG00000113525,NaN
ENSG00000113522,-0.27820524078199976
ENSG00000223442,1.3851811029673002
ENSG00000169194,1.5247368402714705
ENSG00000113520,0.8077675495590343
ENSG00000230612,-0.38382786412086956
ENSG00000131437,0.8775540662864633
ENSG00000205089,-0.5289945357667857
ENSG00000164402,0.6049795299544769
ENSG00000272203,NaN
ENSG00000164403,10.714331854695113
ENSG00000164404,-0.1940762216902619
ENSG00000164405,-1.6872919417151855
ENSG00000164406,-1.0656180628968936
ENSG00000072364,-0.28959139073915396
ENSG00000272023,0.968181433809747
ENSG00000155329,0.23699417441715048
ENSG00000287054,0.1496611439764039
ENSG00000286408,0.24711632251263713
ENSG00000170606,-0.32808052681956223
ENSG00000248245,0.7110442220188379
ENSG00000053108,15.187883537720104
ENSG00000288758,118.89420311939257
ENSG00000249478,NaN
ENSG00000250244,4.657781280876333
ENSG00000113583,-1.299043074479248
ENSG00000213585,-1.7246332862223357
ENSG00000271737,-0.8748727214630364
ENSG00000081059,3.5214689543088955
ENSG00000113558,-1.253332848629979
ENSG00000113575,-1.1107958958699131
ENSG00000270177,-0.04504236237645749
ENSG00000006837,1.7022055318315843
ENSG00000119048,-1.20341682939441
ENSG00000248559,-0.23891648946415417
ENSG00000237190,-1.6523070992301239
ENSG00000250564,2.4275119509590635
ENSG00000250994,-1.4094886240471787
ENSG00000043143,-0.8731154669595027
ENSG00000152700,-0.9795002181339404
ENSG00000113615,-0.09874952154985794
ENSG00000164615,-0.9700163576459282
ENSG00000145833,-0.8888716932373774
ENSG00000181904,-0.9662558884970252
ENSG00000113621,-0.7129172561366908
ENSG00000132570,0.20491561667155148
ENSG00000152705,NaN
ENSG00000224186,2.245761406198148
ENSG00000113648,0.39990067745394825
ENSG00000270021,NaN
ENSG00000255833,-2.8611895927970683
ENSG00000249639,NaN
ENSG00000145832,NaN
ENSG00000120708,2.001682162597633
ENSG00000164621,NaN
ENSG00000113658,4.014335851382857
ENSG00000279240,NaN
ENSG00000152377,3.0187307669691177
ENSG00000146021,1.0855011793432223
ENSG00000177733,-1.8696204972555557
ENSG00000250159,2.2740944751253656
ENSG00000120729,-0.43846913541543103
ENSG00000078795,0.1440706266910499
ENSG00000031003,-0.1997317144726672
ENSG00000246323,-1.3200914388053473
ENSG00000061492,NaN
ENSG00000112981,NaN
ENSG00000112983,3.0708227385564077
ENSG00000112984,-0.8528241424880165
ENSG00000094880,2.535254722498385
ENSG00000146013,NaN
ENSG00000158402,-0.12459393070302066
ENSG00000120709,0.08449040440430239
ENSG00000120733,-0.6260504701644437
ENSG00000132563,NaN
ENSG00000289267,-1.0228333756293968
ENSG00000120738,5.107075702085044
ENSG00000120705,-0.5469938380066571
ENSG00000289155,-0.5238861139789
ENSG00000113013,-0.020391590166557897
ENSG00000044115,0.5066934817201362
ENSG00000146006,NaN
ENSG00000120725,1.6240923750378782
ENSG00000249593,-0.8143121651406482
ENSG00000281398,-0.1914625423029229
ENSG00000015479,-0.9393615817862017
ENSG00000120727,1.127615946201416
ENSG00000272742,-0.0797301793625545
ENSG00000170482,-1.3520809235112135
ENSG00000170476,29.87510113876169
ENSG00000228672,NaN
ENSG00000170469,-0.23268515883701332
ENSG00000170464,0.8520335653353484
ENSG00000249751,1.6690508367097403
ENSG00000283288,NaN
ENSG00000184584,-1.222403960315092
ENSG00000131508,-0.9645989614821039
ENSG00000272255,NaN
ENSG00000171604,0.826248955850084
ENSG00000250635,NaN
ENSG00000249526,0.2389949455237302
ENSG00000249131,NaN
ENSG00000251387,NaN
ENSG00000271792,NaN
ENSG00000146005,NaN
ENSG00000158458,0.12407325921236995
ENSG00000250692,NaN
ENSG00000245146,1.3889441588984925
ENSG00000185129,-0.10607170743857056
ENSG00000182700,-1.1021603362203574
ENSG00000254363,1.9852305576220346
ENSG00000120306,-0.41328462076040556
ENSG00000250069,-1.096495276457258
ENSG00000113068,-0.9858461588463416
ENSG00000113070,1.3572487430942732
ENSG00000253965,NaN
ENSG00000113073,NaN
ENSG00000249637,0.769199311325724
ENSG00000131503,-0.7227676428410631
ENSG00000213523,-1.3936520954300953
ENSG00000243056,-0.8376498079542816
ENSG00000113108,5.606613733508495
ENSG00000176087,-1.5061961687813086
ENSG00000170458,7.06476417134127
ENSG00000131495,-1.6576738831104734
ENSG00000113119,-1.1612603468720624
ENSG00000113141,-1.533666806689931
ENSG00000120314,-0.13663692163712873
ENSG00000256453,1.7638580748128054
ENSG00000170445,-1.1612862407610849
ENSG00000112855,-0.56663704558156
ENSG00000146007,-0.6481972815450431
ENSG00000204970,NaN
ENSG00000171815,NaN
ENSG00000280029,NaN
ENSG00000178913,-0.548766978464957
ENSG00000288095,2.157214587421046
ENSG00000272070,NaN
ENSG00000253485,-0.9764316119095033
ENSG00000253731,NaN
ENSG00000253767,NaN
ENSG00000276547,NaN
ENSG00000253305,NaN
ENSG00000253846,2.2222359143053483
ENSG00000131504,-0.28659060293562133
ENSG00000246422,-1.1855452315784891
ENSG00000228737,0.056738847022425626
ENSG00000171720,-1.1939969389109168
ENSG00000164620,-1.0369126058360838
ENSG00000197948,-0.8539976798743506
ENSG00000120318,-0.42315844875838526
ENSG00000286736,NaN
ENSG00000156453,0.18465939838873419
ENSG00000287726,4.331202107314365
ENSG00000081791,-0.9105317274406375
ENSG00000113555,2.1693424406543533
ENSG00000271871,-0.2441797252444591
ENSG00000013561,0.7344111698017012
ENSG00000254099,2.5827810348768065
ENSG00000113552,-1.4317213555744404
ENSG00000131507,0.5287728976641222
ENSG00000289306,1.0279467509940254
ENSG00000231185,-1.6361469892260003
ENSG00000113578,NaN
ENSG00000145819,2.5281269050383717
ENSG00000226272,-1.1025123419267984
ENSG00000230789,1.171013798901495
ENSG00000113580,0
ENSG00000249429,NaN
ENSG00000251205,NaN
ENSG00000249881,2.862896634803932
ENSG00000158497,NaN
ENSG00000145817,0.006712356609620655
ENSG00000183775,-0.23874963222340992
ENSG00000251031,4.719038952985063
ENSG00000250842,NaN
ENSG00000186314,-0.15861960082246548
ENSG00000156463,4.198129963136519
ENSG00000173261,0.2810262200290649
ENSG00000251556,0.046259182034877694
ENSG00000133706,-0.4652434317383473
ENSG00000091009,-1.080965795738503
ENSG00000250025,NaN
ENSG00000091010,NaN
ENSG00000248842,NaN
ENSG00000113649,-0.8853329399704588
ENSG00000250407,NaN
ENSG00000156475,9.558398301295963
ENSG00000169302,NaN
ENSG00000113657,0.3937174562219423
ENSG00000280780,0.13469664698338651
ENSG00000176049,2.598614378029445
ENSG00000287630,NaN
ENSG00000164265,-0.6577084547089844
ENSG00000247199,2.2095553780013977
ENSG00000145868,-0.2306423336349921
ENSG00000251330,-0.10055040533655656
ENSG00000164270,-0.06832672769410615
ENSG00000169252,0.18261724350040062
ENSG00000289430,0.13733226058563358
ENSG00000169247,6.697769515797212
ENSG00000272411,NaN
ENSG00000173210,32.83961559078699
ENSG00000157510,1.4926027369499228
ENSG00000285736,0.27335792090022426
ENSG00000164284,0.3970795100449342
ENSG00000253618,-0.8160862816800074
ENSG00000145882,-0.9447286307641198
ENSG00000127743,0.12567086093013521
ENSG00000253865,NaN
ENSG00000249669,NaN
ENSG00000113712,-0.6153757883872951
ENSG00000183111,-0.3195686165480797
ENSG00000155846,0.23604984948612254
ENSG00000132915,-0.12599103201930692
ENSG00000155850,0.1435461919550796
ENSG00000164296,-1.1581359486202936
ENSG00000113716,-0.8090736422100416
ENSG00000182578,1.9902696438281646
ENSG00000113721,-4.482005475002661
ENSG00000011083,NaN
ENSG00000070814,1.0658713172199403
ENSG00000019582,5.182148559208074
ENSG00000164587,-0.8674991498122789
ENSG00000254333,-1.3139158715390358
ENSG00000070614,3.5265469422624376
ENSG00000171992,0.8726847689814156
ENSG00000253852,NaN
ENSG00000164591,-3.0820262740410462
ENSG00000086589,-0.5252573809712455
ENSG00000132912,0.025800304163073873
ENSG00000256235,22.720893277124144
ENSG00000237693,0.6403162447471553
ENSG00000145908,0.6530276657133492
ENSG00000211445,-2.3577153699344677
ENSG00000145901,-1.3897736038964765
ENSG00000289970,1.0636236988108976
ENSG00000197043,-0.8232859867324842
ENSG00000198624,-0.3023846843251327
ENSG00000196743,-0.6829244660351715
ENSG00000186334,NaN
ENSG00000123643,-0.9325617555567925
ENSG00000086570,NaN
ENSG00000271795,-0.9367829766000494
ENSG00000113140,135.1501148672184
ENSG00000249035,3.068755928275687
ENSG00000272112,-1.2827914862923386
ENSG00000177556,-0.4738008766936432
ENSG00000253921,2.0122970958406747
ENSG00000275765,-0.24179971545966839
ENSG00000145907,-0.49611860844291045
ENSG00000145888,-0.013098399850557002
ENSG00000254226,1.853087248373944
ENSG00000286749,NaN
ENSG00000249484,0.09261210321888118
ENSG00000155511,NaN
ENSG00000055147,-1.2370412579274426
ENSG00000037749,-0.6986224100723256
ENSG00000164574,0.3835358507282589
ENSG00000245275,1.3318722022139178
ENSG00000287695,NaN
ENSG00000164576,-1.4227219789052563
ENSG00000155506,-0.5583998863703564
ENSG00000170271,64.0833716784988
ENSG00000155508,-1.3148113803157808
ENSG00000082516,1.1654169358991857
ENSG00000082515,-1.542744623115868
ENSG00000287963,NaN
ENSG00000170624,32.78921018373889
ENSG00000145850,1.7455456882323064
ENSG00000113249,3.1192407233397037
ENSG00000135077,-0.383456303039081
ENSG00000254246,-0.4260652278166839
ENSG00000155868,-0.586717377910469
ENSG00000113263,3.5446058889369834
ENSG00000253980,3.12428294216845
ENSG00000253653,0.8018878453352647
ENSG00000055163,0.35579776102355654
ENSG00000248544,-0.02354807816950687
ENSG00000135074,4.533353582714846
ENSG00000172548,3.9953121931583064
ENSG00000253519,-0.9107828319778339
ENSG00000039600,-0.4164305255990283
ENSG00000187658,NaN
ENSG00000290601,NaN
ENSG00000113272,-1.4605092047483512
ENSG00000155858,0.7360190470583423
ENSG00000113282,0.6064525854769406
ENSG00000276778,-0.04246660908729952
ENSG00000254135,NaN
ENSG00000164330,17.31897803696684
ENSG00000253811,17.461208839856518
ENSG00000245812,0.0910393018736018
ENSG00000145860,-0.34611714051382203
ENSG00000253256,0.6414302698882111
ENSG00000288764,0.5101791068610638
ENSG00000164332,-0.6590620974474546
ENSG00000249738,6.090981196723911
ENSG00000283413,NaN
ENSG00000253311,NaN
ENSG00000170214,NaN
ENSG00000113312,-1.062555795320323
ENSG00000170234,-0.1279223410138676
ENSG00000170231,0.8593898168873276
ENSG00000135083,1.7677974635392775
ENSG00000221886,0.35651419084866587
ENSG00000164609,-1.5920784896393985
ENSG00000164611,2.1528368724223577
ENSG00000253522,7.3873223103552075
ENSG00000118322,-0.7322999131055994
ENSG00000253687,NaN
ENSG00000145864,NaN
ENSG00000254186,2.2801138026686445
ENSG00000113328,1.7753029233304112
ENSG00000170584,-1.6255650082358124
ENSG00000072571,1.5821481915790925
ENSG00000038274,-0.7868619470332993
ENSG00000241956,0.6665846525900304
ENSG00000253693,3.3551371875202696
ENSG00000254171,NaN
ENSG00000145934,2.2200187768517043
ENSG00000253978,NaN
ENSG00000113645,4.1082655777238735
ENSG00000113643,1.1498712455483089
ENSG00000188573,NaN
ENSG00000120137,-0.166812855006793
ENSG00000254192,NaN
ENSG00000184347,-0.2636089051091669
ENSG00000248222,NaN
ENSG00000040275,2.879748428507899
ENSG00000134516,-0.6280675930081613
ENSG00000253269,1.8013059148957804
ENSG00000289702,-0.493850838960274
ENSG00000204767,-0.47852434627159685
ENSG00000249601,NaN
ENSG00000234511,0.33435454597010067
ENSG00000043462,-0.14250333789807182
ENSG00000235172,-0.32093842310435
ENSG00000250274,-2.116375174824567
ENSG00000182132,-0.7430241763758286
ENSG00000145936,-2.01384376043651
ENSG00000253348,NaN
ENSG00000094755,0.6388995383238748
ENSG00000204764,5.08256300631993
ENSG00000181163,-0.6223580506424905
ENSG00000156427,2.055344745914656
ENSG00000072803,0.27979679719946815
ENSG00000288799,0.6505137149733816
ENSG00000072786,-0.45125632367876284
ENSG00000214360,NaN
ENSG00000168246,2.376864452725614
ENSG00000174705,-1.1654724065147948
ENSG00000287814,NaN
ENSG00000214357,8.513782182214015
ENSG00000253445,NaN
ENSG00000253295,5.403886007097362
ENSG00000253736,-0.0037936687092137607
ENSG00000120129,2.36772821176565
ENSG00000289170,0.07994738759880905
ENSG00000290019,3.193320095383902
ENSG00000288737,-0.6973964961230184
ENSG00000113719,-0.27763376261763645
ENSG00000204758,-0.5372065806266048
ENSG00000254295,0.7110931463378667
ENSG00000037241,-1.8353627360019902
ENSG00000113732,-1.2607525057992386
ENSG00000164463,-0.7657179128009293
ENSG00000253172,-1.159650948907775
ENSG00000113734,0.524727418592273
ENSG00000183072,NaN
ENSG00000145919,-0.8935781533423394
ENSG00000253686,NaN
ENSG00000287003,NaN
ENSG00000254211,-1.5112464113882924
ENSG00000113742,1.4709515652739318
ENSG00000289085,-0.3094050580735126
ENSG00000185056,NaN
ENSG00000170091,1.0041687389399545
ENSG00000249306,34.533280411266595
ENSG00000251670,1.7062007164642525
ENSG00000164466,3.32216734053172
ENSG00000113749,1.0907992936648954
ENSG00000145920,-0.8930503221619338
ENSG00000250820,-0.8361321807262981
ENSG00000051596,-0.4299519453412961
ENSG00000250801,0.1264266261886491
ENSG00000250992,-0.9041444504770556
ENSG00000248469,NaN
ENSG00000289731,4.051944155243924
ENSG00000283235,NaN
ENSG00000170085,3.110179645911471
ENSG00000122203,-0.5245223407113428
ENSG00000250909,1.0443802208485113
ENSG00000251414,-0.4550564375768515
ENSG00000175414,-0.32023696928793227
ENSG00000048162,3.857064249433901
ENSG00000146066,-1.2200934397775238
ENSG00000175416,-1.8485362494298267
ENSG00000113194,-0.30505297545585486
ENSG00000146083,-0.6573268794211343
ENSG00000074276,0.5652767170166684
ENSG00000169258,-1.2772154894100647
ENSG00000048140,-0.5545751512069101
ENSG00000113763,0.12196168039816135
ENSG00000160883,0.7925124649232175
ENSG00000087206,-0.12799778564422543
ENSG00000113761,1.3499189338970894
ENSG00000251666,27.15161902864154
ENSG00000165671,-0.6223166846195417
ENSG00000286634,-0.7995501386726925
ENSG00000169228,-0.7864504177268469
ENSG00000213347,-1.4018321001674587
ENSG00000169230,-0.5118376069106725
ENSG00000169223,-1.2000084656354217
ENSG00000169220,1.1590569367702748
ENSG00000131187,-1.3536636998785663
ENSG00000198055,-1.3595301065878536
ENSG00000246334,-0.0513637471572934
ENSG00000131188,0.5638663789043068
ENSG00000113758,4.149755364912046
ENSG00000196923,1.3964456305663977
ENSG00000248996,NaN
ENSG00000146094,0.820368444437649
ENSG00000183258,-1.0889844596713931
ENSG00000146067,0.47016031535520064
ENSG00000272459,0.6860537858799589
ENSG00000184840,-1.5895335172590856
ENSG00000027847,-1.2877318080382707
ENSG00000247679,-0.9685058165159496
ENSG00000291283,-0.300663033243045
ENSG00000290968,4.073577876669929
ENSG00000249849,-0.19331639119216953
ENSG00000170074,1.830611627339846
ENSG00000249109,-0.3431684825005803
ENSG00000291113,1.249358783298979
ENSG00000249186,-0.5422077332779374
ENSG00000250101,0.8883454233373476
ENSG00000249684,-0.07869478691400715
ENSG00000280207,4.260191033561516
ENSG00000204677,-0.9003589884282529
ENSG00000145911,-0.19490991084933715
ENSG00000145916,-0.6764691623940832
ENSG00000145912,-1.5893450788106136
ENSG00000289726,1.4725065936746986
ENSG00000289390,-1.9675725483856614
ENSG00000197451,-1.3551461691601092
ENSG00000175309,-0.7605443055748179
ENSG00000050767,9.519390777486157
ENSG00000113240,-1.5549782082946237
ENSG00000169131,13.10701184062422
ENSG00000291019,0.5877446659711502
ENSG00000178338,-1.001526214585503
ENSG00000198939,0.36002979988198147
ENSG00000178187,NaN
ENSG00000113262,1.8859838636346309
ENSG00000234284,0
ENSG00000177932,-0.808754736084963
ENSG00000087116,-1.6293670361787778
ENSG00000253652,19.9326030744925
ENSG00000290043,-0.9909972196805606
ENSG00000176783,14.375298400855678
ENSG00000244945,-0.4139608653871305
ENSG00000169045,-0.9009948568207333
ENSG00000250999,2.3528024653343538
ENSG00000204659,-0.9385354707347877
ENSG00000127022,-1.1016901384415114
ENSG00000161021,0.41685699508663865
ENSG00000213316,-1.314963416105839
ENSG00000161013,14.468376850958549
ENSG00000161011,4.1156988359659445
ENSG00000161010,-0.2167280707096873
ENSG00000245317,0.884862764089843
ENSG00000197226,-1.393416027841474
ENSG00000113269,2.8240204721478235
ENSG00000285865,NaN
ENSG00000146090,1.2406868803814965
ENSG00000050748,0.8484922578956166
ENSG00000248367,0.5206090798374202
ENSG00000131459,4.127119749149291
ENSG00000113300,0.3387285825746453
ENSG00000161055,0.0895740247307072
ENSG00000037280,0.04593731037513651
ENSG00000131446,-0.5231865051324349
ENSG00000278970,-1.6220078484637193
ENSG00000245060,-1.5947134250650723
ENSG00000286128,NaN
ENSG00000196670,1.0690491910414002
ENSG00000113303,NaN
ENSG00000168903,NaN
ENSG00000165810,2.31658111589151
ENSG00000182613,NaN
ENSG00000248473,5.06056841107901
ENSG00000250222,-0.7493639914402891
ENSG00000146054,1.1357190369285435
ENSG00000250900,0.3230003091874534
ENSG00000286644,1.0148728282598496
ENSG00000146063,-0.6831093677174577
ENSG00000204628,-1.3321505186529066
ENSG00000233937,0.7792358338473963
ENSG00000183718,-1.013922945651163
ENSG00000248275,-0.4025385475312183
ENSG00000286310,NaN
ENSG00000248103,NaN
ENSG00000238035,NaN
ENSG00000285578,NaN
ENSG00000287265,-0.4031834017554803
ENSG00000112679,0.7530365582044702
ENSG00000137265,3.9070873740178262
ENSG00000286364,-0.46437298054520076
ENSG00000112685,0.44714490600801776
ENSG00000188996,-0.7665232760281383
ENSG00000271727,14.715680705666603
ENSG00000272463,-1.0765953614826724
ENSG00000287293,NaN
ENSG00000286785,NaN
ENSG00000176515,NaN
ENSG00000272279,3.1153389922419485
ENSG00000280916,NaN
ENSG00000054598,NaN
ENSG00000112699,1.588908196340148
ENSG00000285603,-1.163637592078987
ENSG00000250903,2.281239023217818
ENSG00000286512,-0.593669495877589
ENSG00000145949,-0.4456713787664546
ENSG00000124535,7.491037475188574
ENSG00000021355,1.176617114129509
ENSG00000230438,0.17282328558249507
ENSG00000170542,0.4153213540074783
ENSG00000124570,-0.152641665492599
ENSG00000244041,24.067488320469405
ENSG00000124588,-0.9911447243076431
ENSG00000224846,1.4286560865614837
ENSG00000288612,-0.26470380146251604
ENSG00000137275,-0.24367008223055422
ENSG00000272277,0.9085253678604888
ENSG00000137274,-0.6256653275133952
ENSG00000228170,0.7078883952409983
ENSG00000137267,1.0588296698562967
ENSG00000137285,NaN
ENSG00000180822,-0.6584972709164209
ENSG00000137266,8.372169840189105
ENSG00000228793,1.3501215463498193
ENSG00000168994,4.606828006962081
ENSG00000270504,NaN
ENSG00000233068,NaN
ENSG00000145945,-1.0779062670007349
ENSG00000260604,NaN
ENSG00000288904,-1.051734740874314
ENSG00000272248,-0.6648959048013503
ENSG00000230648,-1.175709222474845
ENSG00000112739,0.028670444376981633
ENSG00000145975,-0.16731454158469938
ENSG00000198721,-0.5814832049499375
ENSG00000234817,NaN
ENSG00000285424,NaN
ENSG00000153046,0.3406039682475835
ENSG00000124787,-0.7386859699095807
ENSG00000272142,-0.8467241029778722
ENSG00000271978,1.167427728340929
ENSG00000288548,NaN
ENSG00000219607,0.49247297742638124
ENSG00000214113,-0.2845553921422768
ENSG00000145982,0.6702963357216477
ENSG00000269985,0.5482721456461074
ENSG00000270174,1.4020596770179452
ENSG00000233064,3.269898542170484
ENSG00000124785,NaN
ENSG00000124491,54.269803023437525
ENSG00000216863,1.2725826432575844
ENSG00000285717,NaN
ENSG00000112799,1.8090648164688747
ENSG00000261211,-0.041049843935988505
ENSG00000226281,4.787122839124209
ENSG00000288046,NaN
ENSG00000203498,NaN
ENSG00000124782,-0.46008775284858944
ENSG00000225092,-2.1303795625888777
ENSG00000124783,-0.7633393686677222
ENSG00000238221,0.429295332325052
ENSG00000164304,-0.6453120521133033
ENSG00000124784,-0.14998039301022284
ENSG00000096696,1.188006676858022
ENSG00000168566,-0.8232915901056591
ENSG00000153162,18.57762524417497
ENSG00000239264,57.12451266018988
ENSG00000188428,3.230758967190094
ENSG00000124802,-1.7326870422887046
ENSG00000232234,-0.28307157543571476
ENSG00000124786,-0.7894650586143568
ENSG00000285219,3.460511893710153
ENSG00000285278,NaN
ENSG00000229401,NaN
ENSG00000111846,3.7615758221836426
ENSG00000285763,NaN
ENSG00000137434,-0.40155765742131744
ENSG00000111845,-1.1510983719328474
ENSG00000111843,-2.1002100375157617
ENSG00000272097,NaN
ENSG00000137210,-0.7883762406004513
ENSG00000111837,0.8990829229239966
ENSG00000235051,7.027624146292305
ENSG00000153157,0.6478430985346508
ENSG00000230314,NaN
ENSG00000224531,-1.0955217127804944
ENSG00000247925,-0.17598589704859544
ENSG00000111859,0.8133788794110285
ENSG00000287920,1.073144657046947
ENSG00000290062,-2.201250074886415
ENSG00000242753,-2.178803971990565
ENSG00000205269,4.35993387706876
ENSG00000111863,4.909262001862371
ENSG00000287593,NaN
ENSG00000225102,NaN
ENSG00000229896,NaN
ENSG00000095951,1.0574031367577152
ENSG00000078401,NaN
ENSG00000112137,2.585529711933101
ENSG00000215022,-0.15570166099885815
ENSG00000145979,-1.5614779745684373
ENSG00000272379,20.831179873666954
ENSG00000289257,0.05764727105913145
ENSG00000145990,9.127094555791441
ENSG00000124523,1.7183218001104779
ENSG00000261071,5.923313663023276
ENSG00000225921,-1.9305537388036798
ENSG00000010017,0.1265628882217662
ENSG00000286316,-0.14424493656995155
ENSG00000050393,5.157340631756992
ENSG00000272209,NaN
ENSG00000180537,NaN
ENSG00000112149,2.790053545061113
ENSG00000285639,0.8333434825362778
ENSG00000286281,NaN
ENSG00000237346,NaN
ENSG00000234540,NaN
ENSG00000286277,0.864860160653601
ENSG00000289958,1.619965896234004
ENSG00000234261,1.8172067575750663
ENSG00000271888,-0.8526483316839981
ENSG00000008083,1.283411237775222
ENSG00000235488,-1.0275355022858967
ENSG00000047579,0.7432586966328399
ENSG00000287626,0.7834790690388974
ENSG00000007944,1.495451521651099
ENSG00000137198,33.936067717480555
ENSG00000124788,1.2832360678295103
ENSG00000229931,-0.8597408183366856
ENSG00000289863,NaN
ENSG00000272341,-0.30790358628811854
ENSG00000287347,NaN
ENSG00000286631,0.3707356583916459
ENSG00000230873,0.5213415229927428
ENSG00000287559,8.992207016835522
ENSG00000112183,9.01605155554966
ENSG00000112186,1.9360976788139244
ENSG00000286885,1.1643205902126819
ENSG00000137414,-0.47726643624170634
ENSG00000124789,-0.5744429965483423
ENSG00000272269,-0.9297454796613641
ENSG00000137177,6.121072096365412
ENSG00000187566,-1.245729272890402
ENSG00000137364,-0.6003697946560836
ENSG00000165097,1.1001796971206728
ENSG00000124795,-1.2402695258109286
ENSG00000137393,4.040936928880405
ENSG00000228412,-1.375583632538315
ENSG00000172197,0.9421746809941572
ENSG00000227803,3.0980370177672136
ENSG00000286590,-0.8476631999413686
ENSG00000287483,NaN
ENSG00000289981,-1.4552425061976042
ENSG00000112242,1.6119059292900724
ENSG00000224707,-1.756886482400554
ENSG00000145996,0.28822293983238945
ENSG00000233848,3.4349556988947305
ENSG00000287404,NaN
ENSG00000280989,1.854965772135315
ENSG00000283480,1.2271727389447113
ENSG00000124766,4.48431960845119
ENSG00000272168,3.786109482925614
ENSG00000260455,NaN
ENSG00000172179,NaN
ENSG00000233358,-1.5856456973977393
ENSG00000146038,NaN
ENSG00000124532,0.9934080734868677
ENSG00000112293,0.7282944676489796
ENSG00000112294,0.4493158784977684
ENSG00000137261,0.6371997932372715
ENSG00000111802,-0.7702411559272723
ENSG00000112304,1.2792736935643958
ENSG00000272345,24.523445562485932
ENSG00000112308,-0.26449227477462717
ENSG00000272402,NaN
ENSG00000288851,1.3626006751010618
ENSG00000224164,-0.3433078070190328
ENSG00000112312,0.3605724557525304
ENSG00000260286,0.3083753750510549
ENSG00000111913,-0.6788275751502635
ENSG00000288887,-1.2515273313467856
ENSG00000286633,NaN
ENSG00000229313,NaN
ENSG00000285801,0.14703160250607994
ENSG00000079691,4.889160670613025
ENSG00000124564,NaN
ENSG00000112343,-0.6929784411475388
ENSG00000272558,48.76806361047071
ENSG00000272462,-0.7461634543988475
ENSG00000272810,NaN
ENSG00000124610,-0.8134708638183769
ENSG00000275714,1.0920928365452118
ENSG00000278637,-0.4679100142443508
ENSG00000278705,-0.8543505054067259
ENSG00000286522,-0.0926717902209511
ENSG00000278463,0.6760868567844439
ENSG00000276410,-1.1971703761267904
ENSG00000187837,13.58732957076857
ENSG00000180596,8.244731242518924
ENSG00000010704,1.2548407874642773
ENSG00000197061,2.908463323961724
ENSG00000187475,NaN
ENSG00000180573,109.74108175500233
ENSG00000168298,-0.6669999413482154
ENSG00000289117,-0.11990074975025998
ENSG00000158373,10.818203575565365
ENSG00000283064,5.140998432401529
ENSG00000274290,1.0618539561546878
ENSG00000277157,4.5469905963226545
ENSG00000197409,-1.1682782002955872
ENSG00000196866,1.833345626924437
ENSG00000277224,0.3537866982894193
ENSG00000276966,1.0029772414364044
ENSG00000273802,40.78552028783014
ENSG00000277075,14.217379335532264
ENSG00000274750,-0.10740850031428484
ENSG00000124575,1.9108113992277354
ENSG00000274618,2.9122760388621702
ENSG00000277775,NaN
ENSG00000275713,3.9763467160505797
ENSG00000278588,-0.5718889030770021
ENSG00000158406,0.7704187708229799
ENSG00000289447,-0.22192037702825737
ENSG00000186470,0.009936240051872294
ENSG00000124508,-1.061074286701703
ENSG00000026950,0.690332027338907
ENSG00000291104,-0.2837640954612209
ENSG00000111801,0.23157696174305026
ENSG00000112763,-0.9504046225638936
ENSG00000290055,36.042190664970796
ENSG00000124557,-3.6944476432769684
ENSG00000228223,-1.5490317611854563
ENSG00000182952,-1.0120282585787985
ENSG00000284607,2.665143740009318
ENSG00000146109,-1.1674143965825505
ENSG00000275846,NaN
ENSG00000181315,-1.0352348195092504
ENSG00000285571,0.22112821629517834
ENSG00000261584,17.713732589548577
ENSG00000291342,NaN
ENSG00000290474,0.21835046748623932
ENSG00000224843,0.3280177530601515
ENSG00000287966,NaN
ENSG00000272468,4.873469843416668
ENSG00000124635,24.78102624337825
ENSG00000196787,2.9972720487426256
ENSG00000290032,8.139151002045207
ENSG00000276180,NaN
ENSG00000197903,0.072126912376276
ENSG00000274997,0.1609229773178547
ENSG00000290009,0.9958617025806881
ENSG00000112812,NaN
ENSG00000291112,0.03652013506414704
ENSG00000124613,0.4479391282446254
ENSG00000096654,-1.041926152983759
ENSG00000285849,NaN
ENSG00000286652,10.802440794588241
ENSG00000285703,0.3222589736987878
ENSG00000281706,0.3394626652050511
ENSG00000287252,-1.6002624246029682
ENSG00000185130,-0.3386682301245678
ENSG00000196747,0.03415054905889224
ENSG00000278828,60.40698565615772
ENSG00000276368,10.390476529727323
ENSG00000273703,0.6149781050778284
ENSG00000197238,0.4209959965696237
ENSG00000273542,-2.2965474957207586
ENSG00000275221,1.2053721726501665
ENSG00000233822,1.2278220317700153
ENSG00000276903,4.449115677003756
ENSG00000184357,1.097524953280302
ENSG00000275379,NaN
ENSG00000197153,10.70769397924128
ENSG00000278677,-0.14505710848591932
ENSG00000274641,-0.08763539551165489
ENSG00000269293,8.55007407354711
ENSG00000272009,1.1192122005128038
ENSG00000197279,-0.7565076270168998
ENSG00000196812,-0.1312087047041818
ENSG00000290891,NaN
ENSG00000261839,NaN
ENSG00000198315,-0.8684950420371103
ENSG00000226314,-1.402858800416643
ENSG00000137185,-0.7137905211250702
ENSG00000187626,-1.7070861020784032
ENSG00000189134,0.8476555680669267
ENSG00000197062,-0.9989054839092794
ENSG00000137338,-1.2237424547706686
ENSG00000235109,-0.8390762937374573
ENSG00000289467,-0.509621585870083
ENSG00000290051,0.7229058470165983
ENSG00000189298,-1.0313290032060787
ENSG00000158691,-1.1319946604492683
ENSG00000187987,1.114499929172677
ENSG00000287804,NaN
ENSG00000286819,NaN
ENSG00000232040,-1.6666267891490816
ENSG00000246350,NaN
ENSG00000224157,-0.5373334143034796
ENSG00000204713,-0.24422509351416272
ENSG00000227214,NaN
ENSG00000197935,NaN
ENSG00000277661,NaN
ENSG00000284656,NaN
ENSG00000204694,NaN
ENSG00000204681,-0.03052486800212066
ENSG00000204657,NaN
ENSG00000204642,-0.7933841098515341
ENSG00000214922,0.659688598435821
ENSG00000272236,1.5827103323684093
ENSG00000285761,-0.30324010713824595
ENSG00000290710,-0.38770931154449617
ENSG00000204632,-1.2585321889349166
ENSG00000290870,-0.2609240288203524
ENSG00000281831,NaN
ENSG00000206503,-1.1556950788868237
ENSG00000204625,NaN
ENSG00000290574,1.2874639666953227
ENSG00000066379,-0.8438250450965015
ENSG00000204619,-0.9471518462812792
ENSG00000204618,0.47013240464728656
ENSG00000234127,-1.207826868386484
ENSG00000270604,1.9263999461000147
ENSG00000291097,0.289546933183184
ENSG00000231074,-0.4104402701317946
ENSG00000204599,1.108699023263782
ENSG00000241370,-1.5920199112249531
ENSG00000288805,NaN
ENSG00000204592,0.18353381416074727
ENSG00000235781,NaN
ENSG00000204590,-0.12591362464341607
ENSG00000204576,3.4198784433057576
ENSG00000290047,-0.024833666293990118
ENSG00000204574,-1.1061590916740331
ENSG00000204569,0.04679500314029358
ENSG00000204568,-1.5110658215274637
ENSG00000137343,1.9080238833890775
ENSG00000204564,-0.7780448151751781
ENSG00000204560,-1.0217681273219876
ENSG00000146112,-1.042028054607962
ENSG00000137404,-1.1723162105148812
ENSG00000137337,4.838653529083951
ENSG00000224328,0.24735058782658087
ENSG00000196230,-0.416698801686397
ENSG00000137312,-0.1919133806759079
ENSG00000272273,0.6695854905577387
ENSG00000137331,3.5581960782142565
ENSG00000228022,-0.08053171427029825
ENSG00000214894,1.712718777198336
ENSG00000204580,-0.19250382366894597
ENSG00000213780,-1.255837502388849
ENSG00000137411,1.865324526674363
ENSG00000196260,5.1722124540048675
ENSG00000168631,NaN
ENSG00000233529,NaN
ENSG00000261272,NaN
ENSG00000204540,NaN
ENSG00000204536,6.365625307716152
ENSG00000137310,10.08513964506168
ENSG00000204531,2.693083338020925
ENSG00000272501,0.28138466621875063
ENSG00000206344,0.4633575142480401
ENSG00000271821,NaN
ENSG00000204525,-1.1428979926839926
ENSG00000288813,0.12230043873397034
ENSG00000234745,-1.3634218505832365
ENSG00000272221,-1.6679138937728244
ENSG00000204520,-0.9813841326787061
ENSG00000206337,-0.7855772005823336
ENSG00000286940,-0.2552569889311275
ENSG00000204516,-0.5703299182813941
ENSG00000198563,-1.3015061166322208
ENSG00000234006,NaN
ENSG00000213760,0.33938158686389774
ENSG00000204498,-0.8121848792888867
ENSG00000289406,2.8953099616744535
ENSG00000226979,-0.017931716964107374
ENSG00000232810,12.99902226043279
ENSG00000227507,2.6943224142767797
ENSG00000204482,6.951623731591306
ENSG00000204475,4.339110288912644
ENSG00000204472,5.075437889645824
ENSG00000289375,27.039068831798602
ENSG00000204469,-0.15886053590287935
ENSG00000204463,-0.6117304315514701
ENSG00000204444,-1.2164126244838427
ENSG00000204439,0.33639472779965995
ENSG00000204438,-0.3297640409235739
ENSG00000204435,-1.894966241160505
ENSG00000240053,-1.2346677719521633
ENSG00000204428,-0.8882418350122898
ENSG00000204427,6.548811786594986
ENSG00000204424,73.5678402250255
ENSG00000204420,101.26940726281325
ENSG00000204421,NaN
ENSG00000213722,7.800725092022885
ENSG00000213719,0.8197947603097537
ENSG00000204410,0.36219152132799565
ENSG00000228727,-1.9224245252080447
ENSG00000235663,-0.268165184191459
ENSG00000204396,0.4646831807453137
ENSG00000204394,-1.2853162266506917
ENSG00000204392,1.7917205579792446
ENSG00000204390,-1.2622346585406024
ENSG00000204389,0.05818416096697557
ENSG00000289637,NaN
ENSG00000289829,NaN
ENSG00000204388,0.4129323801964063
ENSG00000204387,-1.3018556179628156
ENSG00000204386,-0.440182669861248
ENSG00000204385,-0.3206793236400124
ENSG00000237080,-0.0725531182914824
ENSG00000204371,1.8103078531393795
ENSG00000166278,-0.032801191297203956
ENSG00000281756,NaN
ENSG00000204356,-1.613715771268124
ENSG00000204351,0.24215847898502163
ENSG00000204348,-0.5572293329287523
ENSG00000204344,-0.04140628880853725
ENSG00000168477,-0.4677220313808634
ENSG00000286974,4.946420234603048
ENSG00000213676,-1.395100204227406
ENSG00000204315,-0.5265809372086709
ENSG00000204314,0.4094827017140244
ENSG00000284954,-0.283013760880344
ENSG00000221988,0.16604966943088795
ENSG00000241404,-0.862006701191752
ENSG00000204310,15.752134696719688
ENSG00000204308,-0.825378215635568
ENSG00000204305,0.3642127542863191
ENSG00000204304,0.4291055288764496
ENSG00000213654,-1.3114723829804962
ENSG00000204301,1.6741688875494858
ENSG00000225914,6.0034058710988205
ENSG00000204296,0.40734850054550387
ENSG00000204290,NaN
ENSG00000204287,4.266062318443347
ENSG00000198502,3.6285672700235203
ENSG00000290878,3.3380298503527808
ENSG00000196126,5.165359082034757
ENSG00000196735,10.806629421736828
ENSG00000179344,8.257120813432477
ENSG00000237541,3.1041663470584315
ENSG00000232629,-0.6360077494039814
ENSG00000241106,2.019923776268589
ENSG00000204267,0.43928054123821264
ENSG00000204264,-1.4765193614344954
ENSG00000204261,-0.47884999252145977
ENSG00000240065,-1.0081231005453721
ENSG00000168394,-1.2798545584212009
ENSG00000289559,NaN
ENSG00000289047,-0.7821820795380963
ENSG00000242574,2.0249960032581957
ENSG00000204257,0.8244099673489733
ENSG00000204256,-0.7830459118844537
ENSG00000223837,NaN
ENSG00000204252,3.5634956522458943
ENSG00000231389,7.515044022154165
ENSG00000223865,6.7111294565037625
ENSG00000291111,-0.6549619601101986
ENSG00000230313,0.48773400735413003
ENSG00000204248,-0.7811638633092828
ENSG00000204231,0.39263113499798974
ENSG00000112473,-1.4552474365071988
ENSG00000204228,-1.23006778258962
ENSG00000288751,-1.230120906397763
ENSG00000204227,-1.2583217944735552
ENSG00000272217,1.195310994017068
ENSG00000289975,NaN
ENSG00000232940,-0.28194968283086586
ENSG00000223501,0.28816025896119973
ENSG00000231500,-0.6228004566693992
ENSG00000235863,1.7380642181294792
ENSG00000227057,-1.9129096945130322
ENSG00000204220,-1.4295820012777372
ENSG00000237441,-1.2047142947291236
ENSG00000289100,-0.874317074792853
ENSG00000231925,-0.7845139622186876
ENSG00000236104,-1.354481499680846
ENSG00000204209,-0.13919487770906666
ENSG00000286920,NaN
ENSG00000237649,5.5467166924686016
ENSG00000112511,0.7950223713436613
ENSG00000112514,-1.5110501600735846
ENSG00000197283,1.3313364097183826
ENSG00000274259,-0.7296286685336371
ENSG00000213588,-1.294759880351925
ENSG00000030110,-1.0362078825029493
ENSG00000197251,NaN
ENSG00000096433,0.10452488061416622
ENSG00000137288,-1.5469644146292376
ENSG00000161904,-0.5310940387833378
ENSG00000287089,NaN
ENSG00000249346,NaN
ENSG00000124493,6.290136516534889
ENSG00000288879,-1.0903027681167174
ENSG00000137309,-1.3248226702834591
ENSG00000186577,-0.7253530948808582
ENSG00000225339,1.4569459927170658
ENSG00000272325,-0.7415436766734431
ENSG00000124614,-0.9561209326773616
ENSG00000124507,3.9407708811333113
ENSG00000196821,-0.06212942860581662
ENSG00000272288,3.8936562030254933
ENSG00000124562,-1.7285327032541862
ENSG00000065060,1.7921417990170865
ENSG00000064995,-1.0440425126322022
ENSG00000064999,0.876366836878335
ENSG00000286550,-1.2781264318645578
ENSG00000124678,NaN
ENSG00000146197,3.844573264079783
ENSG00000272374,0.25530376250857695
ENSG00000065029,-0.26972193231870123
ENSG00000023892,-1.2802414585500355
ENSG00000112033,-0.00744073373211314
ENSG00000112039,-0.4703074460522783
ENSG00000198755,-0.9257946468580905
ENSG00000007866,-0.32302124171624347
ENSG00000112041,NaN
ENSG00000289456,-0.577657151756044
ENSG00000096060,2.4951686107286903
ENSG00000157343,10.662468678137179
ENSG00000197753,-0.9013025264512201
ENSG00000096063,0.19397445638051944
ENSG00000112053,2.2212355350272746
ENSG00000112062,0.21297407744814098
ENSG00000156711,1.669114828771395
ENSG00000246982,0.357854955740332
ENSG00000096070,-1.3924769652787958
ENSG00000180316,0.6577235118879169
ENSG00000010030,1.6662569248084445
ENSG00000224666,NaN
ENSG00000179165,-1.0202816754007533
ENSG00000112078,0.4224860913487734
ENSG00000112079,-0.43026415928482353
ENSG00000112081,-1.0040452619525697
ENSG00000124762,2.350762911515976
ENSG00000255587,-1.0553483074106835
ENSG00000124772,5.900738864457535
ENSG00000285888,NaN
ENSG00000287891,NaN
ENSG00000137168,2.9318247168134963
ENSG00000198663,-0.5928403750495458
ENSG00000164530,0.1648422472579042
ENSG00000137409,-1.5254063416079489
ENSG00000146192,0.4935799870661103
ENSG00000137193,1.3126776293335298
ENSG00000065491,1.6768396596906856
ENSG00000112130,-1.057963590706348
ENSG00000137200,1.733866223378435
ENSG00000198937,-1.1467374490751987
ENSG00000204110,0.16667741732455124
ENSG00000227920,NaN
ENSG00000112139,-0.1355092752227272
ENSG00000225945,-1.0733991643205545
ENSG00000156639,-0.7240590652576869
ENSG00000183826,0.8665293219307184
ENSG00000124767,-0.8355458748407328
ENSG00000124721,4.99815163160269
ENSG00000231150,-0.908259873358603
ENSG00000112164,3.644047811907331
ENSG00000112167,-1.5140635998269618
ENSG00000164626,4.675675469291826
ENSG00000124780,2.8678981416018297
ENSG00000164627,NaN
ENSG00000124615,-0.6189051771129952
ENSG00000227131,NaN
ENSG00000226070,1.1029018020117618
ENSG00000156564,4.966169833938404
ENSG00000124602,0.24028197716009367
ENSG00000124596,-0.5165667046657663
ENSG00000124701,-0.5487911875566499
ENSG00000001167,-0.6197451366057379
ENSG00000290554,1.2966244525340156
ENSG00000161911,132.29190750060448
ENSG00000290034,38.35559672928153
ENSG00000112195,0.3704279279394048
ENSG00000290563,3.3964852267562833
ENSG00000124731,3.754746091782222
ENSG00000234753,-1.8930917095133843
ENSG00000137166,-0.7549662640083072
ENSG00000112561,-0.17035122760894936
ENSG00000231102,3.0429349121518814
ENSG00000096088,NaN
ENSG00000269387,0.9081976195821693
ENSG00000137218,-0.10161074231860989
ENSG00000278224,NaN
ENSG00000214736,-1.9948747904876862
ENSG00000164663,5.003573483691452
ENSG00000124641,4.527189980071746
ENSG00000112578,-1.3117329987911304
ENSG00000112576,0.6117396684186215
ENSG00000137413,0.13627730237430027
ENSG00000188112,0.5282232852609556
ENSG00000112599,0.583586587191328
ENSG00000289216,-0.5534335412776118
ENSG00000048544,-1.4715727311975737
ENSG00000124496,1.1465958007785884
ENSG00000024048,-0.5125936757494268
ENSG00000112619,0.7774181474823907
ENSG00000124659,0.8685451401509626
ENSG00000112624,-0.12660705423181184
ENSG00000146223,-1.1867668284515431
ENSG00000221821,-1.3250295917814037
ENSG00000288010,NaN
ENSG00000171611,157.67239642180039
ENSG00000287825,-0.31630649604086364
ENSG00000137161,0.4230386223049206
ENSG00000231113,3.1741555616321775
ENSG00000124713,1.6640401465347514
ENSG00000124587,-0.38652775026772884
ENSG00000290049,1.8210342003779112
ENSG00000112640,-1.2045793792193011
ENSG00000124733,-1.6664043039680463
ENSG00000124702,-1.1108882961194888
ENSG00000124541,-1.0917739486187477
ENSG00000272223,NaN
ENSG00000044090,1.426451525200373
ENSG00000137171,1.3732466157161882
ENSG00000112651,-0.8940416115979588
ENSG00000112655,0.5133969769624813
ENSG00000112658,-1.4922485199245725
ENSG00000112659,-1.4579666319522788
ENSG00000245261,-1.2943907122361147
ENSG00000112667,-0.8265579608896206
ENSG00000137204,NaN
ENSG00000146215,1.5550453316582846
ENSG00000171467,0.11601747927837709
ENSG00000287055,0.5530673839142443
ENSG00000124574,2.1694961628455736
ENSG00000171462,NaN
ENSG00000137221,-1.2941891769661604
ENSG00000171453,1.3318683513965939
ENSG00000137207,-1.6502030530438716
ENSG00000271754,-2.113638928962886
ENSG00000124571,0.7888633037669827
ENSG00000170734,0.13352389004062915
ENSG00000203362,0.5559261897808727
ENSG00000172432,7.045897358240884
ENSG00000124688,13.330862556643618
ENSG00000172426,-0.9474502975663887
ENSG00000096080,-1.2381897638061707
ENSG00000112715,-0.8691199791324038
ENSG00000272114,NaN
ENSG00000289313,NaN
ENSG00000237686,46.11255798206956
ENSG00000289609,NaN
ENSG00000231881,-1.3855114041317604
ENSG00000287562,-1.016864015893992
ENSG00000180992,-1.4719470756593838
ENSG00000137216,-0.7710746076048428
ENSG00000137225,NaN
ENSG00000112759,0.9224749041609165
ENSG00000096384,-0.981150556029521
ENSG00000157593,0.29673530609849547
ENSG00000146232,-1.4956760633321573
ENSG00000178233,NaN
ENSG00000146221,-0.6746918767993824
ENSG00000124608,-0.1761882750171809
ENSG00000249481,NaN
ENSG00000096401,-0.802830090017432
ENSG00000286417,3.8054498325456847
ENSG00000196284,2.767492619142701
ENSG00000124813,10.196170783238308
ENSG00000271857,0.5843067234230184
ENSG00000261080,13.168295746053703
ENSG00000112782,0.3519022424244492
ENSG00000231769,-0.17943548280300187
ENSG00000001561,-1.197202492567286
ENSG00000112796,2.3692897639621453
ENSG00000172348,NaN
ENSG00000153291,NaN
ENSG00000242973,NaN
ENSG00000146070,-1.2497164692288956
ENSG00000112818,NaN
ENSG00000069122,NaN
ENSG00000153292,NaN
ENSG00000146072,3.3620963852075003
ENSG00000287485,-1.7086717961671283
ENSG00000270761,-0.47935719059819965
ENSG00000198087,2.4652527098109838
ENSG00000244694,NaN
ENSG00000146085,-0.6258285156308171
ENSG00000031691,0.6879968521914945
ENSG00000112077,NaN
ENSG00000124490,NaN
ENSG00000235122,NaN
ENSG00000124812,NaN
ENSG00000226733,1.5661971281316502
ENSG00000170927,-1.8950211051486423
ENSG00000112116,NaN
ENSG00000112118,-0.8811305035664673
ENSG00000170915,-0.8613666249409266
ENSG00000096093,0.009192217713771477
ENSG00000289276,2.2298200500234704
ENSG00000065308,0.03776095342908739
ENSG00000225791,-1.5749972825584289
ENSG00000291006,4.565556606026047
ENSG00000096092,-0.3686823231114735
ENSG00000243955,NaN
ENSG00000291036,NaN
ENSG00000170899,-0.23018927111079004
ENSG00000112144,-0.05212859523185824
ENSG00000112146,-1.0233536038150213
ENSG00000261745,NaN
ENSG00000137270,NaN
ENSG00000012660,0.12599078847609005
ENSG00000001084,-0.9474194193284369
ENSG00000235899,1.2978737848206485
ENSG00000124743,0.1420758133661079
ENSG00000227885,0.7108535986595648
ENSG00000137269,0.34534834472393683
ENSG00000146147,-0.7693073586129473
ENSG00000146151,1.1128284265758812
ENSG00000124749,NaN
ENSG00000151914,3.0636702346967803
ENSG00000231441,-1.9045699387653072
ENSG00000151917,-3.1252259516708087
ENSG00000168116,-0.9330108732974903
ENSG00000112200,-0.7079323437812167
ENSG00000226803,-0.4219300347468605
ENSG00000112208,-0.5794823411149775
ENSG00000112210,-0.16260894512855228
ENSG00000146143,1.39627926072959
ENSG00000272541,2.2178030110079856
ENSG00000286723,-1.7305588940001257
ENSG00000271761,-0.756737975547306
ENSG00000272316,-0.6949157048578595
ENSG00000290555,-0.9868445833656051
ENSG00000225096,9.973269611570124
ENSG00000290597,1.1406823784601894
ENSG00000250686,1.6468425566670062
ENSG00000112232,15.50119443842623
ENSG00000287679,-0.4815644520106362
ENSG00000198225,1.5841108127976267
ENSG00000289911,0.03876369223011352
ENSG00000112245,0.7803181911586142
ENSG00000266680,-1.1776360141755842
ENSG00000285976,1.1076599739415298
ENSG00000118482,-1.0876810421418763
ENSG00000188107,0.7863762316993497
ENSG00000236345,-0.010083954609367049
ENSG00000214558,NaN
ENSG00000285838,NaN
ENSG00000286564,NaN
ENSG00000288088,NaN
ENSG00000230910,-0.5571180924326735
ENSG00000135298,12.871325676909843
ENSG00000289611,-1.5604450940914185
ENSG00000168216,0.2625316569569321
ENSG00000082293,16.912220545683326
ENSG00000112280,NaN
ENSG00000253809,NaN
ENSG00000224349,1.0050829259330771
ENSG00000082269,0.6067722507177136
ENSG00000154079,-1.0181803461114638
ENSG00000271967,-2.215921221897237
ENSG00000112305,-0.3049262825336648
ENSG00000112309,-0.10672719581818751
ENSG00000233237,4.52602898741783
ENSG00000119900,1.5026587748820226
ENSG00000285963,NaN
ENSG00000079841,0.6490972341047967
ENSG00000185760,12.397923238772288
ENSG00000229154,NaN
ENSG00000135314,1.3790316415995643
ENSG00000229852,1.5308299883174323
ENSG00000203907,-1.3009302171794779
ENSG00000290002,-0.04669112125952368
ENSG00000080007,1.8202797077584776
ENSG00000164430,0.2189658587337903
ENSG00000135297,1.7880166614551825
ENSG00000156508,-1.0938088824336016
ENSG00000229862,1.5240618057222153
ENSG00000119899,1.385004667087263
ENSG00000231652,-7.980807559686883
ENSG00000156535,2.69827483726729
ENSG00000223786,NaN
ENSG00000272243,1.4521696967056614
ENSG00000111799,NaN
ENSG00000112695,-1.4986385874614354
ENSG00000112697,0.5280242214085743
ENSG00000225793,-0.46947552215682187
ENSG00000118407,0.8566853838028041
ENSG00000112701,-0.49438080733065437
ENSG00000196586,1.9205676930720732
ENSG00000112706,NaN
ENSG00000271945,-0.18760806512248904
ENSG00000269964,NaN
ENSG00000229495,NaN
ENSG00000146243,2.0609782213962506
ENSG00000146247,-0.4419963165578336
ENSG00000286340,-0.23806993257204634
ENSG00000118418,-0.7581573806200581
ENSG00000270362,0.7529338112561437
ENSG00000135338,0.5816048331637108
ENSG00000287811,NaN
ENSG00000198478,19.523372183198095
ENSG00000118402,2.7817664457345446
ENSG00000287816,3.86291330088058
ENSG00000112742,-1
ENSG00000288071,NaN
ENSG00000083123,1.5305605845825376
ENSG00000272129,-0.3676538526787282
ENSG00000233967,-1.098058669572431
ENSG00000260645,NaN
ENSG00000112773,2.653012709517965
ENSG00000232031,NaN
ENSG00000226453,NaN
ENSG00000005700,-0.33358376482623614
ENSG00000146242,-1.0017019355608539
ENSG00000118420,2.7213142754980155
ENSG00000227215,NaN
ENSG00000083097,0.5773173306177856
ENSG00000013375,-0.4301336072122141
ENSG00000013392,-1.004696195663832
ENSG00000065833,4.550804704052604
ENSG00000146250,0.6602179218486591
ENSG00000065609,1.2098139398870207
ENSG00000065615,0.7328905623521197
ENSG00000228679,0.934507636855444
ENSG00000230852,NaN
ENSG00000135315,1.9278324686253763
ENSG00000231776,NaN
ENSG00000135318,2.1786752353847847
ENSG00000135317,-0.3828099491818986
ENSG00000135316,-1.5212268977759693
ENSG00000203875,-1.2662135400123335
ENSG00000288021,NaN
ENSG00000272008,3.545973216811332
ENSG00000188994,-0.4488514603208081
ENSG00000164411,0.13565888410589494
ENSG00000111850,1.0964492779278772
ENSG00000203872,NaN
ENSG00000272514,NaN
ENSG00000164414,-0.4818032758579405
ENSG00000146282,0.5453645571395861
ENSG00000135336,0.9416732329050792
ENSG00000135334,0.9320764504128053
ENSG00000118432,-0.7913076124509797
ENSG00000234426,-0.6811236748212591
ENSG00000111880,-0.6357087331927441
ENSG00000271931,0.995348840501114
ENSG00000146278,-1.1445393999125149
ENSG00000154548,1.5676741019478755
ENSG00000288009,-0.5079844491127821
ENSG00000146281,-0.9767151735422012
ENSG00000146276,-0.2982831777902371
ENSG00000111886,-1.656633868084992
ENSG00000198833,1.158991915412397
ENSG00000025039,7.474462143439228
ENSG00000135299,4.018863992765401
ENSG00000083099,-0.4718939105105017
ENSG00000112159,0.07592656089939205
ENSG00000118412,0.6197693490329678
ENSG00000135355,NaN
ENSG00000112182,9.372360431569767
ENSG00000226455,NaN
ENSG00000287789,NaN
ENSG00000260271,2.0525275435607346
ENSG00000289988,0.9166717640921721
ENSG00000135341,0.1662419393551074
ENSG00000288101,-0.4577396316366073
ENSG00000287683,NaN
ENSG00000261366,-0.602118440858648
ENSG00000172469,0.7551473464316113
ENSG00000233797,3.8193572713161923
ENSG00000014123,-0.8427867106849394
ENSG00000112218,2.7176033416116194
ENSG00000123545,0.3107176500006593
ENSG00000186231,3.2604392816230137
ENSG00000146263,2.2025725721485965
ENSG00000271860,7.085357788104989
ENSG00000184486,NaN
ENSG00000112234,-0.06195493278942643
ENSG00000146267,NaN
ENSG00000132423,0.2718199399166884
ENSG00000132424,-0.9218508661518947
ENSG00000228506,-1.0339036543854425
ENSG00000123552,-0.4003471350845319
ENSG00000279170,2.099474008514001
ENSG00000112237,-1.6898883838345087
ENSG00000112238,NaN
ENSG00000152034,NaN
ENSG00000229315,NaN
ENSG00000112246,NaN
ENSG00000112249,0.028486878028201504
ENSG00000260000,-1.124666567003264
ENSG00000164418,4.483563329699555
ENSG00000085382,0.3309806780256306
ENSG00000203809,4.29121065216675
ENSG00000187772,-0.0006102320716838497
ENSG00000203808,3.612368632593873
ENSG00000085377,-0.41417458769599486
ENSG00000286084,2.1371317174430837
ENSG00000284999,-1.7867568024344904
ENSG00000057657,1.8038265029355907
ENSG00000057663,-0.9421037732235804
ENSG00000269919,-0.5930669631268086
ENSG00000112297,0.1702325383434176
ENSG00000130347,1.0454642360759048
ENSG00000130348,2.141722636872721
ENSG00000229654,1.0332226408308138
ENSG00000235142,0.03585503725506764
ENSG00000272398,3.144545319597053
ENSG00000130349,0.2927676475068746
ENSG00000178409,-0.5738908451843242
ENSG00000164494,0.4029162861029465
ENSG00000112320,3.4719112660816194
ENSG00000146285,3.9965019345447037
ENSG00000025796,-0.8267794235076692
ENSG00000272476,1.849791100576932
ENSG00000081087,-0.27088522937545073
ENSG00000112335,0.8215937398721737
ENSG00000286562,2.11730747514652
ENSG00000135537,1.1990896686405923
ENSG00000287044,0.21328598879734362
ENSG00000118689,2.848777680561042
ENSG00000286511,2.89446140134512
ENSG00000118690,0.7862117744487503
ENSG00000080546,1.2392806959694858
ENSG00000271730,NaN
ENSG00000183137,1.279935423843056
ENSG00000135535,-1.2153080547897215
ENSG00000260273,0.04047150004459383
ENSG00000185250,-0.06165043242223513
ENSG00000135587,0.20005563742567084
ENSG00000135596,0.7337985834425417
ENSG00000112365,-1.2280941328857296
ENSG00000223537,2.0316594225778117
ENSG00000155085,4.31826076851902
ENSG00000112367,2.5053050292346777
ENSG00000286691,0.8000391252032095
ENSG00000112290,-0.02555885830360121
ENSG00000168438,0.4716697253860122
ENSG00000053328,-0.11082874307624202
ENSG00000203797,-2.5532029149847424
ENSG00000004809,-0.5387595332748524
ENSG00000260188,-1.7403955689325932
ENSG00000289847,0.7740740266048765
ENSG00000155111,1.8081532639057294
ENSG00000123505,2.105835279389654
ENSG00000155115,5.335794513156054
ENSG00000197498,-0.7742391683502539
ENSG00000112394,13.049983450738814
ENSG00000231046,-0.0836934192275916
ENSG00000173214,0.7072038389307383
ENSG00000271789,-0.9850755433256047
ENSG00000009413,-0.41345454266598897
ENSG00000272356,0.19658810678367605
ENSG00000231889,2.422956369695713
ENSG00000286616,1.496158717269461
ENSG00000056972,-0.9676808599095841
ENSG00000255389,0.5190598283933571
ENSG00000010810,-0.055546508066874126
ENSG00000289256,-0.49659730831826093
ENSG00000074935,0.7750904205362652
ENSG00000203778,0.334433637192497
ENSG00000112769,NaN
ENSG00000237234,NaN
ENSG00000288560,3.364000560893216
ENSG00000232316,NaN
ENSG00000230943,-0.83653491628219
ENSG00000289925,NaN
ENSG00000289198,NaN
ENSG00000277443,5.523781282245319
ENSG00000227502,NaN
ENSG00000175967,NaN
ENSG00000196591,0.013625715422286123
ENSG00000228624,-1.8143813027718299
ENSG00000249853,0.06992120499877479
ENSG00000287097,0.9065752652627077
ENSG00000289376,4.9603209295735935
ENSG00000287933,NaN
ENSG00000178425,0.9629425710634778
ENSG00000123500,1.3882042233786107
ENSG00000187189,-0.8511884948128026
ENSG00000111817,0.16533390913589693
ENSG00000189241,0.20607187956108947
ENSG00000188820,0.30722260039120547
ENSG00000173626,20.690094211263972
ENSG00000178033,NaN
ENSG00000289304,-0.5221616356719656
ENSG00000111832,-1.4401946641548689
ENSG00000111834,-0.1364063896473124
ENSG00000153975,2.5199721705824185
ENSG00000196911,-0.15062785123433053
ENSG00000164465,-0.9683721494992718
ENSG00000047932,-1.2533313047362995
ENSG00000289372,NaN
ENSG00000153989,-0.8293683334472269
ENSG00000196376,-1.0808100702596597
ENSG00000111860,0.5652369404312465
ENSG00000198523,-0.6985946393659854
ENSG00000286339,0.8497614147998859
ENSG00000111877,1.4461537173468424
ENSG00000111875,0.39789770940001784
ENSG00000253194,3.0675880666024327
ENSG00000111879,1.900405549611186
ENSG00000111885,4.349763956086461
ENSG00000287100,3.0560037982994426
ENSG00000146350,2.0056940156720375
ENSG00000025156,4.3380173893648415
ENSG00000111897,-1.003722687302551
ENSG00000135549,2.76260028799711
ENSG00000287258,0.3943234314778004
ENSG00000272472,NaN
ENSG00000172594,-1.9381323931052632
ENSG00000186439,-1.0386955645863867
ENSG00000235535,0.22280413566504903
ENSG00000188580,15.456027112725565
ENSG00000236548,-0.3158732724162739
ENSG00000146373,0.26447426702267884
ENSG00000111907,NaN
ENSG00000111906,-1.6684883669608335
ENSG00000237742,NaN
ENSG00000135547,-0.04950669701230647
ENSG00000111912,0.9101205500220045
ENSG00000232131,-0.15195042334855108
ENSG00000111911,-0.1307313369158389
ENSG00000066651,3.4563893783024677
ENSG00000203760,-1.2636688347771832
ENSG00000118518,-0.8472640036314725
ENSG00000093144,-1.0619041163487055
ENSG00000189367,12.345827989821315
ENSG00000214338,-0.0754368472565332
ENSG00000184530,9.618736169755623
ENSG00000281248,2.584111263098183
ENSG00000172673,9.565163225059989
ENSG00000152894,6.459456309519546
ENSG00000227945,9.889630301705834
ENSG00000289190,NaN
ENSG00000196569,2.697536991894322
ENSG00000226149,1.4174191123533186
ENSG00000146376,10.512421546198565
ENSG00000203756,0.9323696291058884
ENSG00000198945,0.28842204530327337
ENSG00000227678,3.8654647558434676
ENSG00000164483,8.55394740744972
ENSG00000164484,-0.22412102540192408
ENSG00000079819,3.8311933890748677
ENSG00000118507,1.800154807297655
ENSG00000290067,9.35668937741098
ENSG00000289262,0.4030419317788712
ENSG00000118520,1.0034948028327773
ENSG00000112282,-0.2434728090747408
ENSG00000154269,1.076861819843376
ENSG00000197594,0.8211138604392455
ENSG00000228495,3.74654348889388
ENSG00000118523,NaN
ENSG00000079931,5.978055599587768
ENSG00000079950,2.271884868293111
ENSG00000290584,NaN
ENSG00000112299,18.375807835812076
ENSG00000112303,4.211452545750528
ENSG00000234484,-1.296089506816823
ENSG00000146409,0.09716536691273507
ENSG00000112306,-0.6147102241532135
ENSG00000286438,-10.678075038177441
ENSG00000112319,0.8623299811789599
ENSG00000227954,-0.8004680718749038
ENSG00000223586,NaN
ENSG00000028839,-1.3012444551831048
ENSG00000146411,-0.2833496082771808
ENSG00000287413,NaN
ENSG00000118515,5.944833434057449
ENSG00000286887,-2.1235015757431746
ENSG00000236700,-3.9367333350658376
ENSG00000231971,0.41501388871199274
ENSG00000232310,0.2803209373118865
ENSG00000227723,NaN
ENSG00000118514,-1.2622689305791492
ENSG00000240056,NaN
ENSG00000112339,2.2031900964771456
ENSG00000232876,-1.278302180849244
ENSG00000118513,2.797970988579135
ENSG00000135541,2.498201944495221
ENSG00000234084,NaN
ENSG00000287094,-0.23069680511511614
ENSG00000231028,0.7133308115518365
ENSG00000171408,8.292837198420072
ENSG00000286313,0.9176599915314888
ENSG00000237596,2.0576875851576126
ENSG00000146410,3.5442157750785204
ENSG00000029363,-1.4075403473003327
ENSG00000289312,0.5140047714041546
ENSG00000260418,NaN
ENSG00000135525,0.9027963969378091
ENSG00000272189,-0.8765494492898694
ENSG00000197442,0.4317120091467443
ENSG00000234263,1.4675174322754676
ENSG00000286646,-1.0784957977645828
ENSG00000112357,1.787940452044711
ENSG00000164485,NaN
ENSG00000027697,-0.03967759464544794
ENSG00000230533,0.20330373252425732
ENSG00000234956,-0.04791077101183797
ENSG00000237499,1.4635753809761471
ENSG00000118503,7.129956009922892
ENSG00000226004,-1.8804430772059237
ENSG00000229922,0.7357921138070931
ENSG00000112378,-0.20683322502026869
ENSG00000112379,0.3722415716694278
ENSG00000051620,-1.6365011424107971
ENSG00000135540,4.1913912098241335
ENSG00000225177,-1.6969822266994672
ENSG00000279968,-0.49516186496581
ENSG00000024862,-0.8270518437327565
ENSG00000203734,-0.8735113383082251
ENSG00000135597,-0.2522700904095897
ENSG00000146386,-1.5850865717894123
ENSG00000112406,-0.28032744676885607
ENSG00000231329,0.05524722249658144
ENSG00000164440,0.19009599796301585
ENSG00000226571,12.577383897237034
ENSG00000164442,2.4690354278077624
ENSG00000238099,-2.2180270146256174
ENSG00000231426,27.928986889704355
ENSG00000225148,2.8811798522205017
ENSG00000236013,NaN
ENSG00000288714,0.127090692524581
ENSG00000234147,0.5470247786080064
ENSG00000135577,0.9001645523384959
ENSG00000009844,0.10144852973143755
ENSG00000112414,-2.509062762491207
ENSG00000236366,NaN
ENSG00000233138,NaN
ENSG00000010818,2.6346202989722465
ENSG00000237851,-0.7887087878280278
ENSG00000232618,1.5239821250774945
ENSG00000229017,1.9769061636207608
ENSG00000146416,3.163224612319182
ENSG00000225752,6.103760487772014
ENSG00000189007,-0.8773588401840178
ENSG00000034693,0.32366484777986126
ENSG00000001036,-1.2943710694740196
ENSG00000112419,3.5094709218640636
ENSG00000235740,-0.0976359727472444
ENSG00000135521,-0.6708762959128634
ENSG00000118491,1.8909170692176969
ENSG00000118495,2.748872176016017
ENSG00000283122,-1.2363857443203112
ENSG00000169976,-1.7665761869799614
ENSG00000135604,4.590814487669
ENSG00000152818,-0.09343582488011404
ENSG00000225311,-0.5825689892113415
ENSG00000112425,0.07691028236280172
ENSG00000270638,-0.5655037966310112
ENSG00000288551,NaN
ENSG00000118496,-1.3154555074155823
ENSG00000235652,-0.39253200286968776
ENSG00000146414,-0.054655565239507826
ENSG00000118508,20.80593186747315
ENSG00000118492,-1.6377541633488029
ENSG00000233452,3.623950580964884
ENSG00000164506,0.30542613846191663
ENSG00000203727,-1.7273015401045244
ENSG00000227681,NaN
ENSG00000224658,NaN
ENSG00000111961,7.452394834736274
ENSG00000111962,5.2084546936038505
ENSG00000227660,NaN
ENSG00000236591,-0.060098763824698226
ENSG00000289359,1.4034642345031043
ENSG00000055208,0.08324128665689706
ENSG00000225924,NaN
ENSG00000283608,-2.155571763855059
ENSG00000177688,-0.7559498417834721
ENSG00000178199,1.8439384277582966
ENSG00000289045,1.4211849627433328
ENSG00000131013,-1.4764532671149815
ENSG00000055211,0.08086526452154037
ENSG00000281021,-0.09904126904284437
ENSG00000233330,NaN
ENSG00000186625,0.1244324423632676
ENSG00000131023,0.2049815348071472
ENSG00000278899,0.3069244881089573
ENSG00000120253,-0.6710719981029061
ENSG00000120265,0.0592242368747439
ENSG00000231760,-1.2869110938263586
ENSG00000120256,-0.2785243423045313
ENSG00000273132,NaN
ENSG00000268592,-0.5709130009889202
ENSG00000164520,NaN
ENSG00000131015,-0.640346690924153
ENSG00000111981,-1.5555010572852084
ENSG00000290917,NaN
ENSG00000131019,NaN
ENSG00000198729,9.075849007182816
ENSG00000009765,NaN
ENSG00000120278,14.171762900341845
ENSG00000232891,-0.22959373747461054
ENSG00000224029,NaN
ENSG00000226599,NaN
ENSG00000120254,2.86737222186795
ENSG00000223598,0.052366049756173295
ENSG00000131016,3.047701733787464
ENSG00000181472,-0.06656515143440082
ENSG00000155906,0.3112762334129899
ENSG00000146476,-1.6557346402168251
ENSG00000120262,-0.3692977110495716
ENSG00000091831,8.245342852517826
ENSG00000131018,3.9062211403310414
ENSG00000120279,17.816095799486845
ENSG00000112029,0.6700733613442759
ENSG00000227627,-1.4961650247734362
ENSG00000112031,14.891478003392136
ENSG00000091844,5.226014972514665
ENSG00000213121,-1.1488202873930309
ENSG00000112038,-0.009682774318857603
ENSG00000074706,1.3956322221349224
ENSG00000153721,-0.860726893197152
ENSG00000213079,-0.13734356319464988
ENSG00000146426,1.7937971719798327
ENSG00000235381,1.5180245087759765
ENSG00000029639,0.5145309915512433
ENSG00000171217,0.6054154334305427
ENSG00000074771,-0.2855890099445461
ENSG00000287092,46.65129441113696
ENSG00000285797,1.3914122931792188
ENSG00000271265,0.19521394658111296
ENSG00000049618,-0.7091707826507704
ENSG00000271551,NaN
ENSG00000288910,-0.44851672673222465
ENSG00000233044,0.23652873030851754
ENSG00000215712,-1.1511578703160512
ENSG00000271040,NaN
ENSG00000286482,0.5155095931434777
ENSG00000175048,6.226878152861972
ENSG00000130340,1.43262980423056
ENSG00000229502,NaN
ENSG00000236324,-0.8137448452174456
ENSG00000078269,1.8301860348892416
ENSG00000285642,-0.9425719910066187
ENSG00000122335,0.415936125830267
ENSG00000272047,0.7052341996738987
ENSG00000130338,-0.24088906140921215
ENSG00000274023,-1.8827729338937949
ENSG00000146433,1.1485423176187042
ENSG00000146425,-1.1665700071581864
ENSG00000164674,2.72780202665861
ENSG00000092820,0.8755799889987133
ENSG00000233893,1.6000556607903873
ENSG00000285159,2.0639758244277586
ENSG00000203711,1.8569964082496888
ENSG00000130363,-0.5923309052342789
ENSG00000271913,1.1308929345950793
ENSG00000164691,0.762670856001145
ENSG00000288845,NaN
ENSG00000285492,-0.7382451669249034
ENSG00000224478,-0.35557127132657856
ENSG00000164694,NaN
ENSG00000286533,2.390584016465922
ENSG00000291237,3.7628617764719428
ENSG00000146457,-1.2835571373396661
ENSG00000285427,4.283249947516252
ENSG00000120437,-0.10938856373059168
ENSG00000120438,-1.8396346256082332
ENSG00000112110,-1.4078702940855405
ENSG00000146453,0.06421728538010173
ENSG00000130368,NaN
ENSG00000197081,-0.056903728633818804
ENSG00000268257,-0.354262953545912
ENSG00000175003,1.7754236607696168
ENSG00000112499,NaN
ENSG00000146477,NaN
ENSG00000290613,1.4529351910176005
ENSG00000122194,0.2684903215984436
ENSG00000233342,NaN
ENSG00000231863,NaN
ENSG00000272841,0.2301591858852607
ENSG00000085511,1.9986178408724249
ENSG00000026652,1.4369256508913593
ENSG00000185345,6.237806040454531
ENSG00000286805,-0.8890470896453841
ENSG00000112530,1.7943944877630704
ENSG00000225437,NaN
ENSG00000285553,NaN
ENSG00000225683,NaN
ENSG00000270419,-1.4750746861334354
ENSG00000112531,1.5333490527217997
ENSG00000235538,1.6249478343367425
ENSG00000288696,1.692221666269428
ENSG00000288584,NaN
ENSG00000287550,NaN
ENSG00000287877,NaN
ENSG00000112539,NaN
ENSG00000112541,-1.0051710292522147
ENSG00000164458,NaN
ENSG00000233365,NaN
ENSG00000198818,-1.5962879815522721
ENSG00000286760,-0.9134501744012374
ENSG00000060762,-1.1337238542320793
ENSG00000261420,-0.9328806286118465
ENSG00000071242,2.595141282418167
ENSG00000235272,NaN
ENSG00000026297,-0.6016180302298677
ENSG00000227598,3.462339403210366
ENSG00000285730,-0.5127597316619595
ENSG00000213066,0.5121827622212076
ENSG00000112486,4.062249382326423
ENSG00000284825,-0.3125935833112541
ENSG00000291286,NaN
ENSG00000120440,NaN
ENSG00000146521,NaN
ENSG00000198221,NaN
ENSG00000130396,0.6173562311917605
ENSG00000229921,NaN
ENSG00000125337,NaN
ENSG00000112562,15.339851041006337
ENSG00000226445,1.3051936683621008
ENSG00000226194,NaN
ENSG00000285887,NaN
ENSG00000272848,NaN
ENSG00000184465,5.3527010130700505
ENSG00000185127,-1.0673392631109138
ENSG00000130024,1.029689582753712
ENSG00000227704,0.4520559519852503
ENSG00000232640,-3.071609729655225
ENSG00000184786,0.28136391468300975
ENSG00000130023,-0.1297614230142759
ENSG00000266896,-0.2692291081912859
ENSG00000231690,NaN
ENSG00000287823,1.0351915780527075
ENSG00000289623,NaN
ENSG00000230960,NaN
ENSG00000271820,0.5010638686930662
ENSG00000227508,-0.7479279579684657
ENSG00000198719,-1.0016220510305698
ENSG00000112584,-0.12920746673527328
ENSG00000288970,3.031927298018368
ENSG00000288829,-0.7995158039824225
ENSG00000008018,-2.0586315820009182
ENSG00000112592,-1.0662452735808639
ENSG00000071994,-1.8752789095210411
ENSG00000230423,0.4142573161569234
ENSG00000283061,NaN
ENSG00000282572,-1.1923277622194097
ENSG00000287883,NaN
ENSG00000242474,-1.1267351948397872
ENSG00000240859,-1.642430916006098
ENSG00000240093,-3.1369987245387994
ENSG00000177706,-1.2756125375199368
ENSG00000287342,NaN
ENSG00000197461,29.213338443057854
ENSG00000223855,78.50961101689572
ENSG00000188191,9.26806232409233
ENSG00000237181,2.234677594407691
ENSG00000164818,0.5612915566400626
ENSG00000164828,0.20698243626968493
ENSG00000239857,-0.07293144708624279
ENSG00000273151,-1.5440206422611817
ENSG00000105963,-1.2842050483779013
ENSG00000240230,-1.315015981261837
ENSG00000146540,-0.2060450922510469
ENSG00000225146,2.706238433549794
ENSG00000164849,-1.1418366593701603
ENSG00000257607,NaN
ENSG00000224079,NaN
ENSG00000164850,2.7405281310069394
ENSG00000178381,-0.8512456846974401
ENSG00000229043,-1.7318945855766834
ENSG00000164877,0.6677283581744068
ENSG00000225981,NaN
ENSG00000273230,-1.5388468093201118
ENSG00000164880,3.3213764823636582
ENSG00000198517,-0.5060708385697704
ENSG00000164855,-0.586931037305908
ENSG00000157778,-1.7982605754163687
ENSG00000230487,3.1187170598429863
ENSG00000225968,NaN
ENSG00000236081,-10.38440246545143
ENSG00000002822,-0.6221512597892774
ENSG00000176349,2.040888890098018
ENSG00000122687,-0.7833374322207924
ENSG00000106268,-1.6403267778098003
ENSG00000106266,2.790884090191446
ENSG00000106263,-1.6036125209450012
ENSG00000136213,1.9035678318875577
ENSG00000106003,-0.22065134143944973
ENSG00000106009,-0.16127134403011964
ENSG00000106012,-1.2317177706785576
ENSG00000136295,0.09900542614579003
ENSG00000288792,-1.589183588514696
ENSG00000174945,-0.3049844127268206
ENSG00000146535,7.203360980213373
ENSG00000198286,2.193846583585179
ENSG00000237286,NaN
ENSG00000228334,4.179666092614252
ENSG00000146555,18.348931815503622
ENSG00000286874,-1.2034863437063084
ENSG00000164916,0.34708722715890955
ENSG00000287665,-0.7915866755539067
ENSG00000242802,-0.9551889443255437
ENSG00000157927,NaN
ENSG00000136297,NaN
ENSG00000196204,-0.08641644192451067
ENSG00000146587,-0.8133668448958105
ENSG00000273313,-1.1749518618255632
ENSG00000290673,1.747916338130239
ENSG00000291037,-0.008827498670751376
ENSG00000157954,-1.0868006628500788
ENSG00000164638,NaN
ENSG00000182095,0.6772762270401707
ENSG00000241269,NaN
ENSG00000188365,-3.8410879661930544
ENSG00000290091,-1
ENSG00000272953,-1.1982925062447882
ENSG00000234432,-1.0749997464637757
ENSG00000273084,15.762207397234302
ENSG00000155034,0.48328555252678135
ENSG00000230733,NaN
ENSG00000075624,1.2912801263895626
ENSG00000272719,-3.497849596528169
ENSG00000075618,5.323077053395077
ENSG00000011275,-0.924852306539357
ENSG00000291099,0.4496632412485951
ENSG00000122543,-0.21264172575862092
ENSG00000122674,-0.2808135434828757
ENSG00000155026,2.703422446470774
ENSG00000122512,-0.9624132833305261
ENSG00000106305,-1.3436162346232745
ENSG00000086232,6.506490178555499
ENSG00000157999,NaN
ENSG00000231704,-0.08686220617436621
ENSG00000106346,-0.7949366339570377
ENSG00000008256,4.0045934866003385
ENSG00000136238,1.5152049491658932
ENSG00000164535,-1.38356708238511
ENSG00000136240,-1.592008554230654
ENSG00000215045,1.1428804366568428
ENSG00000136247,-1.248279876040952
ENSG00000232581,NaN
ENSG00000146576,0.5697042307270985
ENSG00000236609,-0.6156968419746915
ENSG00000205903,-0.04233571299157458
ENSG00000228010,0.801300063267495
ENSG00000164631,-1.3677248306824545
ENSG00000290835,-1.3936041659565237
ENSG00000169402,-0.8806548979836751
ENSG00000146574,-0.5777866410629653
ENSG00000287860,NaN
ENSG00000106392,-0.47856450322401833
ENSG00000230825,1.7713652868043404
ENSG00000215018,5.086406744599907
ENSG00000272894,0.5492794476081456
ENSG00000164654,0.33846380978803897
ENSG00000272745,1.5404329411275737
ENSG00000106399,-1.4334858730828104
ENSG00000219545,1.8940426888312862
ENSG00000234141,0.26996876059772734
ENSG00000233108,0.0824390828932232
ENSG00000106415,3.825504327772541
ENSG00000003147,0.2897638078906535
ENSG00000227719,NaN
ENSG00000244239,NaN
ENSG00000272328,NaN
ENSG00000122584,NaN
ENSG00000278254,NaN
ENSG00000234710,NaN
ENSG00000287409,NaN
ENSG00000283117,1.9077197787703537
ENSG00000189043,-1.0735185173473412
ENSG00000271185,0.4910269582281381
ENSG00000106443,0.12602708298189827
ENSG00000230333,2.3620954068658766
ENSG00000005108,-0.4962041513039375
ENSG00000106460,-0.31218761604421713
ENSG00000146530,2.133951365964118
ENSG00000006747,0.9777074835546112
ENSG00000122644,-1.122402147923258
ENSG00000229618,4.208789932229528
ENSG00000006468,-0.771445621335693
ENSG00000136267,NaN
ENSG00000187546,-0.7453209353918514
ENSG00000286376,10.118053291991007
ENSG00000214960,1.0075626559260022
ENSG00000272537,NaN
ENSG00000272361,NaN
ENSG00000106524,-0.23761820427446842
ENSG00000287799,0.8980218404729869
ENSG00000136261,0.2828853600071396
ENSG00000235837,-1.0626496592863124
ENSG00000106537,4.654417043291606
ENSG00000106546,3.944174518891008
ENSG00000237773,1.4449821368932798
ENSG00000289189,-2.5343902390170916
ENSG00000236318,NaN
ENSG00000236039,NaN
ENSG00000071189,-0.8719024254041801
ENSG00000048052,5.168370354858685
ENSG00000225000,3.16883193888821
ENSG00000105849,-1.2784107596225176
ENSG00000243004,1.0218781584565604
ENSG00000267055,NaN
ENSG00000183742,1.2014241400475245
ENSG00000228598,NaN
ENSG00000233834,1.2186468479144803
ENSG00000226097,1.263294263758947
ENSG00000271133,-4.063153934947776
ENSG00000105855,1.1328903687600755
ENSG00000004846,-0.04162998692230715
ENSG00000232790,1.3423706913441862
ENSG00000290069,1.0958433258686078
ENSG00000105866,2.662862369964302
ENSG00000105877,0.09500045015909116
ENSG00000164649,1.8797284309412523
ENSG00000136237,4.004790555540294
ENSG00000105889,13.317901636426194
ENSG00000232759,1.1012263172179722
ENSG00000232949,1.2012421745842485
ENSG00000136244,0.3252243114980402
ENSG00000196683,-1.0558565656766092
ENSG00000286703,-0.7143717696483511
ENSG00000228649,1.2192739975520874
ENSG00000122591,1.399913767017375
ENSG00000230658,-0.5784683069074525
ENSG00000122550,1.126421575127877
ENSG00000136243,0.7458266405876801
ENSG00000285926,NaN
ENSG00000226816,-1.9166740656999453
ENSG00000136235,0.11797064615592061
ENSG00000156928,-0.543968018214545
ENSG00000136231,4.073440225753573
ENSG00000164548,-0.3675586836001677
ENSG00000169193,0.5284741184618058
ENSG00000234286,-0.6406491563385537
ENSG00000188732,-0.9728599876804891
ENSG00000196335,0.5146651378082583
ENSG00000287523,NaN
ENSG00000105926,9.89349993575539
ENSG00000105928,2.2563756232714285
ENSG00000287093,7.934395932395757
ENSG00000070882,1.8120434286240732
ENSG00000172115,-1.0056712548555964
ENSG00000153790,-0.4465512653818654
ENSG00000260951,NaN
ENSG00000223561,1.4363267667591655
ENSG00000270933,NaN
ENSG00000289053,-0.07323507044996079
ENSG00000050344,1.2591158388226091
ENSG00000122566,-1.479692585264286
ENSG00000122565,-0.8271278652520301
ENSG00000285860,NaN
ENSG00000086300,0.7075167522241441
ENSG00000225792,NaN
ENSG00000214870,1.843726312932775
ENSG00000005020,0.7670958410056591
ENSG00000105991,-1.2997443574849494
ENSG00000233429,-0.250503457226332
ENSG00000105997,NaN
ENSG00000253552,-0.4297448291864456
ENSG00000197576,NaN
ENSG00000106004,NaN
ENSG00000122592,NaN
ENSG00000078399,5.801286509804856
ENSG00000253187,NaN
ENSG00000253293,-4.362410463050908
ENSG00000005073,6.253527102688925
ENSG00000224322,NaN
ENSG00000106049,2.117334769659886
ENSG00000286478,-1.1625614729913656
ENSG00000229893,0.4395277618025559
ENSG00000106052,-1.555102011341307
ENSG00000153814,2.8567061919973202
ENSG00000234336,-0.5093427728476685
ENSG00000146592,7.4590003069218485
ENSG00000272568,-2.5861306671852313
ENSG00000106066,6.817408427647707
ENSG00000229452,-2.353128030201004
ENSG00000285412,-9.127928530282517
ENSG00000106069,5.8414407498086485
ENSG00000285081,-4.806448441468168
ENSG00000235669,1.9741074417642663
ENSG00000288973,-1.6563677169835098
ENSG00000291213,0.6952335092843487
ENSG00000122574,1.3184253368022507
ENSG00000136193,-0.16280641554824532
ENSG00000227014,-1.3843571184887233
ENSG00000106080,-0.613597691175456
ENSG00000106086,0.10738004049984111
ENSG00000231519,NaN
ENSG00000286847,-0.27275098189937974
ENSG00000180354,38.105672258328376
ENSG00000230751,-1.623489173136897
ENSG00000251660,NaN
ENSG00000227017,0.01932518902889887
ENSG00000180233,0.7226738846344214
ENSG00000281404,-0.6656156890922887
ENSG00000106100,0.4857048077549443
ENSG00000272638,-0.5355333970593259
ENSG00000006625,-1.0414056682767265
ENSG00000196295,0.42331085986093275
ENSG00000264520,-1.1134073958750743
ENSG00000106105,-0.5336452303979495
ENSG00000241644,NaN
ENSG00000290103,-1.1898473521479542
ENSG00000106125,1.7624923158811194
ENSG00000286487,NaN
ENSG00000180347,NaN
ENSG00000106341,2.7005092394851884
ENSG00000154678,-0.7350457193323198
ENSG00000106355,-1.9931358249390965
ENSG00000105778,0.1941041310027789
ENSG00000273014,NaN
ENSG00000170852,-0.9811093343846268
ENSG00000291146,2.462564043606812
ENSG00000122642,-1.3371321055474985
ENSG00000122643,6.641767029856499
ENSG00000164610,1.5552909521592908
ENSG00000122507,1.956379285387197
ENSG00000173862,NaN
ENSG00000164619,NaN
ENSG00000197085,2.957967146393899
ENSG00000187258,NaN
ENSG00000173852,2.44526543853244
ENSG00000287249,1.470610822960972
ENSG00000291133,0.3783965783228402
ENSG00000164532,NaN
ENSG00000235464,NaN
ENSG00000287032,0.748747451196479
ENSG00000122557,-0.6149496360612986
ENSG00000271122,-1.5518949932578343
ENSG00000227544,0.6223966139876637
ENSG00000228878,-0.11734327971327431
ENSG00000122545,-1.0829435491311414
ENSG00000287893,NaN
ENSG00000122547,3.9544732773615356
ENSG00000260070,NaN
ENSG00000164542,-0.9724762503714944
ENSG00000011426,0.7476263439197902
ENSG00000237400,-0.2409276338405767
ENSG00000136250,2.9180891111955907
ENSG00000290087,1.1236163209237617
ENSG00000229424,NaN
ENSG00000235728,NaN
ENSG00000155849,-0.7920414726095317
ENSG00000224101,-0.606273084342565
ENSG00000187037,7.907515674302578
ENSG00000086288,5.616451073018202
ENSG00000106483,NaN
ENSG00000086289,0.919526427848551
ENSG00000010270,3.8847185907083572
ENSG00000227191,11.554884509969689
ENSG00000211688,NaN
ENSG00000211689,0.8468825832246142
ENSG00000289746,1.2288704830022386
ENSG00000289366,2.2729332100158617
ENSG00000211694,0.1616155801803356
ENSG00000290084,-0.13661508295724992
ENSG00000211695,0.1875598041584451
ENSG00000272908,-1.2575326280094614
ENSG00000211696,NaN
ENSG00000281103,3.248250395452788
ENSG00000249978,2.3813794238414565
ENSG00000211697,0.7378105678586158
ENSG00000211698,4.073716680568144
ENSG00000211699,3.664992318347938
ENSG00000233306,3.7494921748172185
ENSG00000078053,0.14563292349246013
ENSG00000006715,-0.3488872505116875
ENSG00000106536,-1.0686505447301062
ENSG00000227172,NaN
ENSG00000241127,-1.0664016679639508
ENSG00000287584,-1.3446284238242758
ENSG00000006451,0.9419879812603674
ENSG00000188185,-0.4032555417446469
ENSG00000259826,-0.883776075388427
ENSG00000065883,0.6864527953514982
ENSG00000289269,2.738057166165175
ENSG00000168303,-1.4858488848375717
ENSG00000175600,2.5397287828278086
ENSG00000122641,NaN
ENSG00000224116,2.8199624999422483
ENSG00000106571,0.2953962117069182
ENSG00000290065,0.7941835705743638
ENSG00000136197,-1.004383585434995
ENSG00000106588,-1.7145469109930647
ENSG00000106591,-1.3962182633403997
ENSG00000232006,9.170193032492934
ENSG00000002746,-0.3342755168353996
ENSG00000164543,0.5605453579291801
ENSG00000106603,-0.6714802958510857
ENSG00000106605,-0.7914242721438597
ENSG00000062582,-1.9746854273063417
ENSG00000106608,0.9993251566265973
ENSG00000078967,0.9933494683395941
ENSG00000136206,-1.095417829169275
ENSG00000228434,-1.2412144491773687
ENSG00000290872,-1.332482060069885
ENSG00000290758,-0.6621143349275306
ENSG00000235314,-0.24435027972412723
ENSG00000288746,-1.5182057976752052
ENSG00000136279,0.4764712678254527
ENSG00000122678,-0.8638919418526447
ENSG00000106624,-1.0448645000102796
ENSG00000106628,-1.5959325231971309
ENSG00000106633,2.1809089237286363
ENSG00000106636,-1.2468672719182836
ENSG00000058404,1.1363736348195155
ENSG00000015676,0.05424632184670565
ENSG00000015520,NaN
ENSG00000136271,-0.4843392144371265
ENSG00000158604,-1.2373849462117696
ENSG00000287574,-1.5347024011605082
ENSG00000105953,-0.20646128652656245
ENSG00000122515,-1.1140898966769002
ENSG00000196262,-1.1948986998104763
ENSG00000105968,-1.4894163770279691
ENSG00000234183,-0.5454207960350961
ENSG00000146676,-1.1223557864163012
ENSG00000272768,-1.6071368077511539
ENSG00000260997,4.1373801490068
ENSG00000136286,-0.3902389147702328
ENSG00000232956,-1.064330384944875
ENSG00000136280,0.3751438547082527
ENSG00000136274,NaN
ENSG00000136270,1.2144677473172665
ENSG00000289251,7.667242683802491
ENSG00000286738,NaN
ENSG00000164742,0.9892657485302346
ENSG00000291207,0.9475953513819853
ENSG00000291208,-1.3497261661615099
ENSG00000146674,0.5395373428753559
ENSG00000237471,4.370101178119783
ENSG00000229628,4.0713010107254535
ENSG00000230680,NaN
ENSG00000223829,NaN
ENSG00000136205,1.5633814237124142
ENSG00000158683,-0.08147336514187847
ENSG00000146666,NaN
ENSG00000136275,NaN
ENSG00000136273,-0.7962262858548296
ENSG00000164744,-0.012701212778936714
ENSG00000164746,NaN
ENSG00000183696,0.3622141280155466
ENSG00000179869,1.7114684419310298
ENSG00000286995,NaN
ENSG00000188730,NaN
ENSG00000042813,-1.0535189684175745
ENSG00000164500,NaN
ENSG00000231681,NaN
ENSG00000185811,-0.7865170783656474
ENSG00000285165,0.26539113785137175
ENSG00000132436,0.45160876306747466
ENSG00000290114,-0.6882610936602734
ENSG00000132437,NaN
ENSG00000106070,-0.3750951868716034
ENSG00000106078,-0.6212061369331279
ENSG00000288798,NaN
ENSG00000285741,NaN
ENSG00000132432,-1.410644032671991
ENSG00000234707,-0.3208728647357586
ENSG00000146648,NaN
ENSG00000280890,-1.438606064609597
ENSG00000132434,1.0862107265877048
ENSG00000154978,1.8451372720499606
ENSG00000223475,-0.005525673939957487
ENSG00000154997,NaN
ENSG00000178665,-0.6797071082231786
ENSG00000146729,-1.0862080926983018
ENSG00000239789,-1.562034491096991
ENSG00000146733,0.8577733476560645
ENSG00000146731,-1.5995381761353233
ENSG00000129103,-0.3914771446019523
ENSG00000164776,-0.3003008516007773
ENSG00000106153,-1.4245022422987446
ENSG00000185290,0.8923771568041095
ENSG00000226581,3.654179864820979
ENSG00000241149,NaN
ENSG00000214652,-0.19712816315092246
ENSG00000290564,3.043539572248748
ENSG00000223614,NaN
ENSG00000234444,0.3528374163422734
ENSG00000287985,NaN
ENSG00000173041,-0.21398630410793246
ENSG00000286456,-1.2357869501232825
ENSG00000196247,1.4738496329535296
ENSG00000197008,-0.19421050731866343
ENSG00000287580,0.3233104071251429
ENSG00000198039,0.7944700471320045
ENSG00000189316,NaN
ENSG00000152926,2.6161819716913883
ENSG00000213462,6.93317424858642
ENSG00000290860,-0.15286550339686542
ENSG00000290545,-0.659797910874196
ENSG00000289108,3.7582115053825653
ENSG00000282381,NaN
ENSG00000146757,0.30024698981287473
ENSG00000290926,1.058514190902997
ENSG00000290553,0.6281747665227263
ENSG00000291124,9.218030513746315
ENSG00000196715,1.5573445069029554
ENSG00000169919,-1.1423702980287793
ENSG00000126522,0.40895661084938023
ENSG00000241258,0.17982819015264342
ENSG00000290090,NaN
ENSG00000234185,-0.447665423977042
ENSG00000169902,9.633617823290786
ENSG00000179406,2.147699017267607
ENSG00000237310,1.2400051764401718
ENSG00000291136,-0.7258506160364651
ENSG00000243335,-0.006461786706077318
ENSG00000226824,0.6873067555578279
ENSG00000289015,-0.24393039874945088
ENSG00000154710,-0.005009209956320619
ENSG00000272831,-1.4063469653616194
ENSG00000291206,-1.220897733542772
ENSG00000289177,-0.8297530138875692
ENSG00000273142,0.7477220611181149
ENSG00000106609,-1.4023568356889788
ENSG00000126524,-1.6124394728039184
ENSG00000198874,1.7234113848852264
ENSG00000291154,2.2792187262551855
ENSG00000230358,-0.6495258882013606
ENSG00000291153,0.04938643315453478
ENSG00000273448,-0.9430246855740152
ENSG00000225209,NaN
ENSG00000226829,0.4043777698239834
ENSG00000225718,-1.196633344652455
ENSG00000158321,11.443409692546153
ENSG00000185274,-1.1191175538472349
ENSG00000183166,7.236784019780673
ENSG00000277149,0.7939191482394724
ENSG00000291152,0.2416139528954347
ENSG00000290998,NaN
ENSG00000196313,-0.6323412717643878
ENSG00000289042,-1.2930787679016693
ENSG00000272843,1.1016966824357133
ENSG00000290831,3.0200795013771815
ENSG00000285886,-0.9234896824161631
ENSG00000155428,-0.6777801863234634
ENSG00000290832,-0.42120137107985733
ENSG00000273520,NaN
ENSG00000274570,-0.6787934694700014
ENSG00000290838,0.06852267002619045
ENSG00000290839,-0.8289058485923908
ENSG00000130305,-0.5871417524809261
ENSG00000077800,0.581834395712031
ENSG00000009954,2.388977906836083
ENSG00000106635,-1.2515317351545199
ENSG00000106638,-1.171879036253738
ENSG00000009950,NaN
ENSG00000274080,NaN
ENSG00000176428,NaN
ENSG00000176410,-1.0422621814745987
ENSG00000071462,-0.2549665783767193
ENSG00000106089,6.9708109006018075
ENSG00000106077,-1.0234563815880773
ENSG00000189143,6.138550891265618
ENSG00000165171,2.4092043349024745
ENSG00000049540,NaN
ENSG00000106683,-0.35764466571969317
ENSG00000106682,-1.765700831030424
ENSG00000086730,0.04673751930221047
ENSG00000049541,-0.7365086243214444
ENSG00000287815,0.812510173490609
ENSG00000106665,23.30201949335213
ENSG00000006704,1.6413572652176167
ENSG00000263001,0.25516407700260285
ENSG00000232729,-0.410467756159919
ENSG00000158517,-0.24325171444065302
ENSG00000196275,-0.33572157653674073
ENSG00000290833,-0.029015799524298634
ENSG00000184616,1.7210446166430908
ENSG00000274070,0.7715288829749327
ENSG00000274523,-1.419417983863652
ENSG00000174428,-0.3093669723035701
ENSG00000290871,0.316005684195008
ENSG00000277675,NaN
ENSG00000290951,0.8300828717481991
ENSG00000290834,0.09604747170312816
ENSG00000178809,-0.598674670522592
ENSG00000291151,2.886265316383008
ENSG00000272391,-0.5698010553760137
ENSG00000170092,-0.5815880544907517
ENSG00000291092,0.6161306118566149
ENSG00000127946,8.412850596977515
ENSG00000106178,NaN
ENSG00000005486,-0.7112554752774691
ENSG00000127948,-0.7250309369625049
ENSG00000189077,0.056158397125365724
ENSG00000127952,-0.007521833300032541
ENSG00000146701,-2.046748459996201
ENSG00000177679,NaN
ENSG00000106211,1.7584782262061207
ENSG00000289059,2.0039969694896063
ENSG00000170027,0.15984123797204425
ENSG00000146700,-1.1120614099737287
ENSG00000188372,2.2459187281237663
ENSG00000091073,-0.04056004199412401
ENSG00000250614,0.4282094516310806
ENSG00000243566,-0.9125700420403198
ENSG00000185040,-1.315059903092091
ENSG00000290873,0.054256627788576005
ENSG00000146707,4.929230892335023
ENSG00000285666,1.3478598508371233
ENSG00000225703,0.08018218283238038
ENSG00000186645,-1.0727746540065468
ENSG00000205482,-1.1497408660858246
ENSG00000291121,-0.7856189681171116
ENSG00000135205,1.6201134312251022
ENSG00000127951,5.410733835621747
ENSG00000250990,3.0897254614168146
ENSG00000186088,1.0093427531978603
ENSG00000273341,-2.594426932839109
ENSG00000287519,2.442860766501442
ENSG00000127947,4.6496908409982245
ENSG00000214293,-0.6568297839694772
ENSG00000187257,-0.643694210963787
ENSG00000135211,-0.2313543655050018
ENSG00000006576,1.3649829089922825
ENSG00000232756,3.3426820127156804
ENSG00000187391,-1.1022576070734114
ENSG00000234456,NaN
ENSG00000127955,-0.7292115212624044
ENSG00000232667,NaN
ENSG00000135218,8.355666640941443
ENSG00000075223,3.8626543434191323
ENSG00000019991,-0.8636973980537535
ENSG00000153956,-0.9594410451649248
ENSG00000186472,NaN
ENSG00000170381,-0.2985492760362265
ENSG00000075213,1.5498810380772077
ENSG00000232019,-2.2636520174142865
ENSG00000153993,5.34390388411088
ENSG00000198822,NaN
ENSG00000231255,NaN
ENSG00000233073,NaN
ENSG00000164659,2.465783125985637
ENSG00000224046,24.012203321640495
ENSG00000135164,-1.0331444711521092
ENSG00000135185,-0.9962168963049238
ENSG00000182165,-1.2742675519355118
ENSG00000005469,-0.10521224636962527
ENSG00000005471,5.464178038781493
ENSG00000085563,4.165407997761643
ENSG00000105784,5.446588973621276
ENSG00000075303,-0.3658714826541649
ENSG00000006634,-0.008805056574017475
ENSG00000008277,3.0446157220385435
ENSG00000075142,-2.0349242117706905
ENSG00000254003,NaN
ENSG00000228113,-0.9489152797410038
ENSG00000127954,1.6086548188006233
ENSG00000233420,NaN
ENSG00000182348,NaN
ENSG00000227646,NaN
ENSG00000157214,NaN
ENSG00000105792,NaN
ENSG00000105793,-0.008271211028553679
ENSG00000157224,6.902626751992925
ENSG00000058091,12.324172299776707
ENSG00000223969,-1.2920414177674342
ENSG00000157240,-2.3115625214471542
ENSG00000243144,NaN
ENSG00000235450,-1.0312338251244029
ENSG00000127989,2.009799845326125
ENSG00000287672,-0.02361342939607777
ENSG00000127914,0.134210910512819
ENSG00000001630,1.3120512756186984
ENSG00000188693,-0.1383787204733392
ENSG00000240720,0.3954983976667414
ENSG00000001631,-0.025440381316360856
ENSG00000243107,2.189643232643107
ENSG00000001629,0.7808428422137816
ENSG00000157259,-0.8880401219593868
ENSG00000244055,1.0595374254897072
ENSG00000127980,-0.5453170371040456
ENSG00000127993,0.19525113303456476
ENSG00000234545,-0.018668129726553472
ENSG00000105810,3.782150244766819
ENSG00000287932,-1.956105503752243
ENSG00000286742,3.0055418022030085
ENSG00000237819,15.240463968602295
ENSG00000205413,-0.532904363287982
ENSG00000177409,1.427110627843548
ENSG00000004766,0.7826711499634451
ENSG00000004948,NaN
ENSG00000127928,NaN
ENSG00000127920,228.3607231107661
ENSG00000105829,0.5824365238492967
ENSG00000236861,NaN
ENSG00000236453,NaN
ENSG00000127995,0.9557035786766468
ENSG00000127990,0.24179469846164584
ENSG00000242265,1.6196306241070624
ENSG00000158528,15.069769405888367
ENSG00000236197,0.39519404280109377
ENSG00000005421,NaN
ENSG00000105854,0.05538147102154934
ENSG00000005981,NaN
ENSG00000231170,-1
ENSG00000004799,-0.12257759332391217
ENSG00000158560,-2.3265009578246625
ENSG00000004864,0.7092125793569916
ENSG00000127922,-2.0294178729519325
ENSG00000196636,-1.099899219157448
ENSG00000070669,0.1462703489441511
ENSG00000284707,0.8101943604047165
ENSG00000164715,0.1046431341236484
ENSG00000180535,-0.8560240501605602
ENSG00000205356,-0.01404941860707828
ENSG00000164713,1.123815159089311
ENSG00000006453,3.5201056486745705
ENSG00000272950,NaN
ENSG00000166448,-4.465172197613223
ENSG00000196367,-0.32395784151423473
ENSG00000286305,NaN
ENSG00000198742,1.3104691658506744
ENSG00000185467,1.899593883185049
ENSG00000284523,0.49208163110820224
ENSG00000241685,-0.8586214440234614
ENSG00000130429,1.8104836474475992
ENSG00000106244,-1.5432830042491712
ENSG00000106245,-1.8879836585472436
ENSG00000106246,-1.2477163110434613
ENSG00000160917,2.628968467574402
ENSG00000241468,-1.9065777165061122
ENSG00000198556,-0.15742451200273566
ENSG00000160908,-1.01131594765904
ENSG00000196652,0.0690094299299932
ENSG00000221909,0.40976552531410454
ENSG00000197343,-1.4647069785395304
ENSG00000244219,-0.4511457066149708
ENSG00000197037,0.42244383155852355
ENSG00000106258,-0.60892044103999
ENSG00000160868,NaN
ENSG00000021461,0.04601752353861307
ENSG00000146833,-0.5774000477563312
ENSG00000176402,NaN
ENSG00000286923,2.8226317116407076
ENSG00000106261,1.6633001886560561
ENSG00000166529,-0.11910313217508585
ENSG00000166526,-0.905111567820724
ENSG00000168090,-2.0647536177721806
ENSG00000166508,2.553879036989119
ENSG00000221838,-0.3193910175086916
ENSG00000106290,-0.334023237890545
ENSG00000242798,2.599998165898642
ENSG00000166997,-1.5524308751763127
ENSG00000214309,-0.4040436305334452
ENSG00000235077,NaN
ENSG00000288976,-0.3109632806558409
ENSG00000188186,-1.7082205667609018
ENSG00000146826,-1.0948296025253093
ENSG00000197093,-0.7339323037450052
ENSG00000213420,-1.892002505750476
ENSG00000066923,2.536281441516681
ENSG00000291122,1.792664213594819
ENSG00000213413,0.5811543617986616
ENSG00000291178,-1.0856776116311966
ENSG00000214300,0.6774873096217653
ENSG00000290682,-0.9724530705728782
ENSG00000121716,0.2847538109538449
ENSG00000085514,3.351491711345462
ENSG00000287631,-0.8931053380924566
ENSG00000289691,-0.40487331546557953
ENSG00000078487,1.87277509607104
ENSG00000146834,-0.27849212810944496
ENSG00000241357,NaN
ENSG00000160813,0.5765613785058318
ENSG00000240211,1.6116840845858615
ENSG00000185955,0.11546064320118118
ENSG00000166925,0.39330847797703994
ENSG00000286938,NaN
ENSG00000166924,NaN
ENSG00000225807,NaN
ENSG00000106351,0.6935583603368932
ENSG00000205307,1.5002512651295263
ENSG00000077454,-1.4426495024133283
ENSG00000106336,2.9513338582379065
ENSG00000224729,25.017814075602733
ENSG00000106333,-0.06280070456489636
ENSG00000106330,-1.2950727002302822
ENSG00000106327,-0.017591679337080935
ENSG00000077080,NaN
ENSG00000172354,-0.9578628037163277
ENSG00000146830,0.4695468740842011
ENSG00000172336,-0.954186378889256
ENSG00000130427,NaN
ENSG00000146839,0.07887490718612523
ENSG00000196411,-0.5268346193944373
ENSG00000146828,1.706356408266205
ENSG00000236305,0.3488118935428793
ENSG00000087077,7.1720032805118565
ENSG00000087087,-1.0539570807475938
ENSG00000176125,-0.4486378913556832
ENSG00000087085,NaN
ENSG00000205277,0.16365760878491664
ENSG00000227053,-1.3478648633007013
ENSG00000169876,-0.6551843255204018
ENSG00000169871,0.10392200337814686
ENSG00000106366,24.323293436240842
ENSG00000106367,-1.3129979795391176
ENSG00000128564,NaN
ENSG00000167011,NaN
ENSG00000106397,-0.6662250317189361
ENSG00000106400,-2.008158343446495
ENSG00000106404,5.490972965913245
ENSG00000214253,-1.3023982654719353
ENSG00000232445,NaN
ENSG00000128581,0.4352195291610026
ENSG00000160963,10.692995691669422
ENSG00000257923,0.5486888211943656
ENSG00000272219,-0.1380524863483587
ENSG00000261535,NaN
ENSG00000160999,1.6793548910571112
ENSG00000260097,0.9580228933274346
ENSG00000128563,-0.04018322824495079
ENSG00000290830,-0.3830479842189213
ENSG00000239480,1.3895883836414478
ENSG00000160991,1.6418806144249662
ENSG00000160993,-0.08307023369942397
ENSG00000161036,5.357563528023636
ENSG00000005075,-1.9396376027146462
ENSG00000170667,-1.9182711008455768
ENSG00000284981,-1.1679631643378634
ENSG00000205238,-0.18208346289612123
ENSG00000285437,-0.8252229713560784
ENSG00000279168,-0.5295271782126711
ENSG00000105808,-0.009567727494432077
ENSG00000267368,1.2648404022707072
ENSG00000173678,-0.47630859068259934
ENSG00000228049,-0.6803955584483958
ENSG00000286830,NaN
ENSG00000222011,0.5969070303420879
ENSG00000161040,2.210630059896328
ENSG00000128606,2.0892570611481527
ENSG00000230257,NaN
ENSG00000170632,-0.8516877793767351
ENSG00000161048,1.2612283485387672
ENSG00000289956,4.066990421357386
ENSG00000291139,-0.09650783580392537
ENSG00000105819,-1.5134392363257376
ENSG00000105821,-1.3250913366016943
ENSG00000289613,NaN
ENSG00000161057,-1.111514317331744
ENSG00000170615,1.5704297253551822
ENSG00000234715,-0.32406758081264936
ENSG00000189056,-0.17385153705728307
ENSG00000164815,1.858775435169728
ENSG00000187416,-0.12260053503466642
ENSG00000226869,NaN
ENSG00000225329,1.287058116336468
ENSG00000005483,-0.7153110205037793
ENSG00000228393,1.5312996753182118
ENSG00000239569,-0.20281988482052263
ENSG00000272918,-0.4736161702230745
ENSG00000135250,-0.3316353578452175
ENSG00000242154,NaN
ENSG00000091127,1.2908509557898256
ENSG00000135249,-0.24162162133995496
ENSG00000185055,0.8723160162402508
ENSG00000272604,NaN
ENSG00000146776,2.6692261317094332
ENSG00000128536,9.794093376152075
ENSG00000008282,-0.6644905746403394
ENSG00000105835,8.242207309193946
ENSG00000273320,0.655084127475263
ENSG00000243797,0.12427056848380238
ENSG00000286076,-0.7952562804603449
ENSG00000290116,NaN
ENSG00000253276,-1.1232468296315479
ENSG00000105851,-0.4493569299259411
ENSG00000005249,38.865325301334394
ENSG00000243193,0.17544653048234776
ENSG00000105856,-1.2815023646147299
ENSG00000272072,2.1805639947140696
ENSG00000164597,-0.18701794070453925
ENSG00000105865,-1.1582989416615692
ENSG00000272854,-0.2868475883561181
ENSG00000075790,1.688621498757215
ENSG00000233705,NaN
ENSG00000091137,-0.30617277886474487
ENSG00000241764,-0.497646951401325
ENSG00000105879,-0.7948726844853025
ENSG00000091138,-0.5194035121831663
ENSG00000091140,-0.04505045276273156
ENSG00000091136,-1.1610487880990576
ENSG00000273055,0.5128315304853868
ENSG00000091128,NaN
ENSG00000091129,14.075399201031091
ENSG00000135241,-0.3680640462684721
ENSG00000177683,-1.5045731607345478
ENSG00000128590,-1.3150664371826952
ENSG00000229603,NaN
ENSG00000234273,-1.5664026417241117
ENSG00000226965,NaN
ENSG00000184903,3.309660773538641
ENSG00000173114,2.280189627820443
ENSG00000128512,2.597183595747483
ENSG00000198839,-0.40441800340387657
ENSG00000226851,-0.8815495760033352
ENSG00000006652,0.5417994927275215
ENSG00000181016,-0.7008018919122108
ENSG00000223646,0.04566454076510784
ENSG00000146802,0.2274881134462597
ENSG00000164603,0.24699750824305786
ENSG00000164604,NaN
ENSG00000225457,NaN
ENSG00000214194,-1.5510453385893117
ENSG00000289630,-2.4798873505938213
ENSG00000154415,NaN
ENSG00000128573,0.33919714032758297
ENSG00000135272,1.967984532995686
ENSG00000225535,0.4790993760160322
ENSG00000233607,0.9130048044222269
ENSG00000105967,1.8208613765350838
ENSG00000135269,-1.0367240658673242
ENSG00000243243,NaN
ENSG00000237813,NaN
ENSG00000105971,0.13246066424768405
ENSG00000105974,0.12475144501676429
ENSG00000231210,NaN
ENSG00000105976,NaN
ENSG00000198898,0.273263707184469
ENSG00000227199,-2.3315735803098656
ENSG00000004866,1.026470746111382
ENSG00000214188,0.6595440750583949
ENSG00000228368,NaN
ENSG00000226367,-0.818152174957352
ENSG00000001626,1.3199321677548792
ENSG00000154438,NaN
ENSG00000077063,-0.8100010090414189
ENSG00000128534,-1.8167400416769874
ENSG00000106013,0.8466394818649648
ENSG00000287827,NaN
ENSG00000225546,0.01839232808215833
ENSG00000233417,NaN
ENSG00000233969,NaN
ENSG00000071243,-0.47643258952098944
ENSG00000106034,4.288620208524724
ENSG00000287554,0.1762419886977832
ENSG00000002745,-0.644259699962266
ENSG00000196937,3.2976596836367227
ENSG00000106278,NaN
ENSG00000008311,0.45288928084848157
ENSG00000234418,16.07798511503239
ENSG00000081803,2.4066783081807777
ENSG00000240499,NaN
ENSG00000164675,NaN
ENSG00000128609,4.153649707345253
ENSG00000146809,4.273816113706908
ENSG00000170807,0.3413705470153365
ENSG00000106299,-0.2846813510732235
ENSG00000272686,-0.6174847290244494
ENSG00000241345,NaN
ENSG00000242593,0.2408886782737415
ENSG00000275356,NaN
ENSG00000128513,1.1668619522712893
ENSG00000224897,3.3344392783664714
ENSG00000179603,0.678114287588514
ENSG00000048405,-0.5658045132239202
ENSG00000179562,-0.19086467166042825
ENSG00000004059,-1.063541283942601
ENSG00000106328,-1.331925234130522
ENSG00000240790,-0.8451605671109281
ENSG00000197157,-0.4662345532455469
ENSG00000279078,-0.7823756804071346
ENSG00000128594,-0.5280013712187887
ENSG00000289434,NaN
ENSG00000106344,-0.3486256310737219
ENSG00000224940,NaN
ENSG00000106348,-0.6998924696947612
ENSG00000135245,1.097011964223237
ENSG00000165055,-0.4540624590120942
ENSG00000273270,0.23208340364360705
ENSG00000271553,0.25019683178064656
ENSG00000205085,-0.2605011645752476
ENSG00000271344,NaN
ENSG00000135248,NaN
ENSG00000128595,-0.6757333341272247
ENSG00000128617,NaN
ENSG00000128596,1.2843603378373583
ENSG00000242902,NaN
ENSG00000135253,-0.5361108569596497
ENSG00000128524,-0.8146552893358322
ENSG00000272899,-0.5763412563163864
ENSG00000128604,0.49346575945940296
ENSG00000064419,-0.412683040727155
ENSG00000158457,48.16052141835672
ENSG00000128602,-1.5308050682221312
ENSG00000158467,4.128363263668597
ENSG00000286722,0.5103195639820606
ENSG00000128578,18.456476908257578
ENSG00000240204,-1.0004722723231316
ENSG00000273329,-0.08617229810675284
ENSG00000106459,-0.25052792140351243
ENSG00000288881,-1.3062212556925972
ENSG00000186591,-0.2598440474134081
ENSG00000244036,2.4505978656084433
ENSG00000091732,-0.061377716118361715
ENSG00000128607,2.866691596901606
ENSG00000229196,-0.6657637741927929
ENSG00000146842,-0.3975501173878822
ENSG00000240571,-0.711137538606769
ENSG00000165120,NaN
ENSG00000158516,NaN
ENSG00000128510,NaN
ENSG00000158525,NaN
ENSG00000106477,-0.7425414120692176
ENSG00000272701,NaN
ENSG00000106484,-0.26968278169351484
ENSG00000270823,NaN
ENSG00000158623,-0.17600009220966353
ENSG00000286214,-0.9891925330917873
ENSG00000213265,NaN
ENSG00000266265,NaN
ENSG00000271522,NaN
ENSG00000231721,-0.02521972245813929
ENSG00000233559,2.051679054861022
ENSG00000271204,-0.19111201261078828
ENSG00000273319,0.3192873406003755
ENSG00000128585,-0.5075621797785178
ENSG00000236753,-0.6753938376044208
ENSG00000273489,NaN
ENSG00000128567,0.8482599816266386
ENSG00000221866,18.68446548252795
ENSG00000225144,NaN
ENSG00000223436,NaN
ENSG00000183470,NaN
ENSG00000106554,-0.39889797714875685
ENSG00000227197,5.0030890905363705
ENSG00000131558,-0.28870403692795554
ENSG00000155530,3.2902804616892487
ENSG00000205060,-0.6458020599804163
ENSG00000229177,NaN
ENSG00000273297,8.277843332215792
ENSG00000085662,-0.8457233201678332
ENSG00000172331,-0.041665033949958886
ENSG00000224375,NaN
ENSG00000122786,21.50488558732405
ENSG00000286458,7.458622949778733
ENSG00000146856,12.16529554187867
ENSG00000122783,3.9850035327141033
ENSG00000146859,15.49252292594658
ENSG00000272941,0.6569984620678413
ENSG00000287733,-1.307011548401857
ENSG00000105875,0.364327683903285
ENSG00000231794,NaN
ENSG00000146857,NaN
ENSG00000290805,2.8215244045125503
ENSG00000080802,0.00787886684667436
ENSG00000155561,2.840896748607721
ENSG00000243317,-0.7587147689594004
ENSG00000164707,0.3405977368381721
ENSG00000273219,0.40039651339826027
ENSG00000189320,NaN
ENSG00000224746,4.186299046112303
ENSG00000105887,0.9954732993662387
ENSG00000289600,0.06928881323176503
ENSG00000230649,0.7080712772342284
ENSG00000232053,5.566499496055866
ENSG00000234352,1.6214190591695345
ENSG00000157680,-0.6420265180183709
ENSG00000182158,0.2985128395941498
ENSG00000122787,1.1935659620216554
ENSG00000122779,0.47100498226641674
ENSG00000157703,-0.23746319585898015
ENSG00000105929,0.5706264002772665
ENSG00000214128,NaN
ENSG00000122778,1.481348053121258
ENSG00000146858,NaN
ENSG00000105939,1.022443368881771
ENSG00000105948,2.5196517165410643
ENSG00000157741,-0.07431635873952787
ENSG00000164898,-1.462091204428259
ENSG00000146963,-0.8582939997007202
ENSG00000273391,-0.1461093947341544
ENSG00000188883,NaN
ENSG00000236279,NaN
ENSG00000064393,0.7310045753261426
ENSG00000059377,3.925827122110393
ENSG00000059378,0.34260333909569585
ENSG00000006459,0.12307974693501511
ENSG00000260231,2.102088167285651
ENSG00000157800,0.5522819388422238
ENSG00000146955,-0.9340271640106139
ENSG00000133606,0.38984738542217506
ENSG00000146966,1.6742921216048807
ENSG00000133597,-1.0548565598507351
ENSG00000090266,-1.0791975084938144
ENSG00000240889,-0.5943335934991808
ENSG00000157764,-0.09941684342129835
ENSG00000289788,-1.0427199873315058
ENSG00000090263,-1.1215689150038313
ENSG00000261115,2.7157815902347444
ENSG00000285841,NaN
ENSG00000261570,6.4385652571726135
ENSG00000006530,2.1621106600815145
ENSG00000244701,-0.7254202066070579
ENSG00000257093,2.4791361645930587
ENSG00000270157,0.02672692549462417
ENSG00000228775,0.061169902217851124
ENSG00000214102,NaN
ENSG00000106028,-2.0694685816651957
ENSG00000127364,-0.7539241329693357
ENSG00000257335,2.772787673151114
ENSG00000258227,3.118298574801482
ENSG00000241881,NaN
ENSG00000242736,NaN
ENSG00000226660,0.8351497500499163
ENSG00000211734,NaN
ENSG00000283063,NaN
ENSG00000211713,NaN
ENSG00000211716,NaN
ENSG00000244661,NaN
ENSG00000253409,NaN
ENSG00000278030,NaN
ENSG00000276405,NaN
ENSG00000275743,11.978390677410678
ENSG00000275243,NaN
ENSG00000211747,NaN
ENSG00000251578,NaN
ENSG00000211750,NaN
ENSG00000211752,NaN
ENSG00000288882,94.29759880157008
ENSG00000211753,5.120280508398502
ENSG00000286831,1.148314692329609
ENSG00000232869,3.28055606601018
ENSG00000275896,NaN
ENSG00000282420,0.952840481271166
ENSG00000282133,NaN
ENSG00000282173,NaN
ENSG00000211751,9.74559742045275
ENSG00000211765,NaN
ENSG00000211767,NaN
ENSG00000211768,NaN
ENSG00000211769,NaN
ENSG00000211770,NaN
ENSG00000211771,NaN
ENSG00000290099,2.538269453654035
ENSG00000211772,4.316006917271981
ENSG00000237254,NaN
ENSG00000289938,5.5179227803112045
ENSG00000106123,-0.4221026911843027
ENSG00000127412,4.585127504362231
ENSG00000197993,NaN
ENSG00000159763,NaN
ENSG00000197448,-1.3472362539024068
ENSG00000231840,0.008636948142684408
ENSG00000178826,-0.6800583138463984
ENSG00000106144,1.1492943040779757
ENSG00000188037,NaN
ENSG00000159784,NaN
ENSG00000232533,-0.21292297539689906
ENSG00000159840,2.381087189326412
ENSG00000146904,-0.994644585433221
ENSG00000229153,5.182516827763039
ENSG00000176510,NaN
ENSG00000170379,0.35792276715071486
ENSG00000283528,NaN
ENSG00000291149,0.3822227515679936
ENSG00000290602,-1.0726093654902202
ENSG00000198420,-0.8923941909059157
ENSG00000221933,-0.7786574974166441
ENSG00000213214,-0.970291330132073
ENSG00000244198,0.321900763761441
ENSG00000290816,18.14071898315908
ENSG00000243896,5.977772158824507
ENSG00000290818,4.0661412200832405
ENSG00000244479,3.4670779283152497
ENSG00000221970,NaN
ENSG00000050327,2.0771549668625227
ENSG00000196511,1.0629995793918061
ENSG00000230746,NaN
ENSG00000174469,0.8682124106619051
ENSG00000287636,NaN
ENSG00000273314,-1.7857823468043548
ENSG00000055130,-1.3254246008540782
ENSG00000106462,3.2041372534909343
ENSG00000286180,NaN
ENSG00000286171,0.9234794795977724
ENSG00000281189,0.10792573052840986
ENSG00000155660,-0.8030552143963479
ENSG00000197362,1.0970040756918498
ENSG00000204947,11.383580421253331
ENSG00000197024,-0.12515738364087275
ENSG00000170265,0.06369960006375894
ENSG00000170260,0.7030438978567243
ENSG00000204946,0.5362319402149102
ENSG00000290600,-2.2359913576788935
ENSG00000196453,-1.155402815147167
ENSG00000181220,1.2827516410139588
ENSG00000288997,NaN
ENSG00000291118,1.4084144071165445
ENSG00000133619,-1.2254569103704342
ENSG00000181444,0.22777055129296053
ENSG00000106479,-0.4507778759730407
ENSG00000273419,NaN
ENSG00000204934,1.7861166051664605
ENSG00000171130,1.6111395608473564
ENSG00000273011,NaN
ENSG00000241449,1.7048163863617933
ENSG00000286912,1.779354890552805
ENSG00000106526,0.6135619951192703
ENSG00000127399,-1.0049078553950688
ENSG00000240449,-0.573332251368104
ENSG00000214022,-1.42249467485964
ENSG00000196456,-0.7843429118124537
ENSG00000284691,3.519635102914823
ENSG00000242258,5.934824810182247
ENSG00000171115,-0.2997029255780531
ENSG00000179144,0.5060852365583735
ENSG00000133574,-0.3444474064053853
ENSG00000133561,-0.9336890706545288
ENSG00000106560,-1.0182142721735572
ENSG00000213203,-0.5491925777352195
ENSG00000196329,1.003621564332369
ENSG00000289470,-1.4241820111896473
ENSG00000106565,2.0256462869747187
ENSG00000002933,3.1887893387200528
ENSG00000002726,1.969687947967731
ENSG00000055118,3.169476800659351
ENSG00000164867,-1.0364931580838057
ENSG00000181652,2.076324733533803
ENSG00000197150,-0.6117180648302302
ENSG00000243433,NaN
ENSG00000213199,NaN
ENSG00000164885,-0.69414028525127
ENSG00000164889,-0.8250640745876853
ENSG00000244151,NaN
ENSG00000164896,-1.6057237480613669
ENSG00000164897,-1.1538285414851668
ENSG00000133612,0.703742941798748
ENSG00000278685,NaN
ENSG00000285480,-1.2744827654221553
ENSG00000033050,0.42457443759819785
ENSG00000033100,5.653117024509829
ENSG00000082014,0.25584090490209804
ENSG00000243018,NaN
ENSG00000013374,-1.517380110755582
ENSG00000187260,0.8631067107966246
ENSG00000243836,-0.3935329623651084
ENSG00000127377,NaN
ENSG00000106615,-0.9286634768601062
ENSG00000106617,0.47988500244404686
ENSG00000290095,-0.8456148452261228
ENSG00000242048,-0.8908320818649789
ENSG00000239911,-1.519348302816081
ENSG00000106648,NaN
ENSG00000178234,1.608120471186098
ENSG00000229591,0.122181456363607
ENSG00000055609,-1.0384411818969228
ENSG00000261455,4.5858426068334746
ENSG00000196584,0.23808104503571684
ENSG00000289146,0.5764597960201392
ENSG00000133627,3.0618292315763496
ENSG00000286565,-0.4368392937067048
ENSG00000234722,NaN
ENSG00000287744,NaN
ENSG00000130226,-1.5494018959401106
ENSG00000214106,-0.54012874226658
ENSG00000157212,-0.9742349116381992
ENSG00000273183,0.5458161116611777
ENSG00000273344,0.4982832244930119
ENSG00000287865,NaN
ENSG00000225612,NaN
ENSG00000273117,0.5592801413027362
ENSG00000186480,3.490506744392594
ENSG00000204960,NaN
ENSG00000283128,-0.6089366727309342
ENSG00000216895,-1.1465073198397857
ENSG00000184863,-1.324199654207705
ENSG00000289588,-5.086002798175636
ENSG00000182648,-0.5350269350899393
ENSG00000105982,0.44992692085429953
ENSG00000224903,-1.3020011889605803
ENSG00000105983,1.164468205889084
ENSG00000146909,-0.5345923585998714
ENSG00000009335,-0.6285082658454499
ENSG00000105993,2.5958110518181496
ENSG00000223872,NaN
ENSG00000155093,-0.35622002282636933
ENSG00000222012,NaN
ENSG00000233038,-1.6458342774237662
ENSG00000272839,-2.050121555230466
ENSG00000146918,0.47112712037372534
ENSG00000117868,0.2862062105994536
ENSG00000126870,2.1039340497584305
ENSG00000231419,-0.19235306806385316
ENSG00000106018,5.031501136902657
ENSG00000172748,0.13151176251903388
ENSG00000272812,0.6878576160923305
ENSG00000272240,NaN
ENSG00000273402,2.3748965209038584
ENSG00000288985,NaN
ENSG00000147364,-0.470100673538431
ENSG00000180190,41.22091223790175
ENSG00000104714,0.018377056302229747
ENSG00000254207,NaN
ENSG00000198010,0.34794924789560316
ENSG00000182372,-0.7607674677344413
ENSG00000282021,NaN
ENSG00000253982,6.215740975430205
ENSG00000287464,NaN
ENSG00000104728,2.3200818770259333
ENSG00000253764,NaN
ENSG00000176595,-1.3871529946196355
ENSG00000289473,NaN
ENSG00000036448,24.726831919342015
ENSG00000287970,-0.7075813580297154
ENSG00000289036,2.381522060535056
ENSG00000288782,1.6097535286746174
ENSG00000254319,NaN
ENSG00000253853,0.5875449936189359
ENSG00000183117,-1.0026319660499987
ENSG00000253880,NaN
ENSG00000246089,-0.17361250038861234
ENSG00000147316,2.4989302513681024
ENSG00000091879,1.383994778966418
ENSG00000249898,1.1319831732947037
ENSG00000155189,2.10417836153347
ENSG00000245857,NaN
ENSG00000164825,NaN
ENSG00000290357,2.2214883135532824
ENSG00000215374,-0.7479421944209107
ENSG00000206034,NaN
ENSG00000177023,NaN
ENSG00000225725,NaN
ENSG00000253893,-0.36542798189072856
ENSG00000291049,0.9811495849777793
ENSG00000291048,1.4161105349690786
ENSG00000275342,3.7395919131619983
ENSG00000289622,NaN
ENSG00000253958,-2.7668842497784722
ENSG00000254367,NaN
ENSG00000147324,3.8991656636401535
ENSG00000104626,0.41917387292343794
ENSG00000173281,1.806464277038617
ENSG00000254340,NaN
ENSG00000248538,4.912742562359507
ENSG00000173273,-0.7587672530685199
ENSG00000286622,0.9715507138253997
ENSG00000260093,0.07317046612241374
ENSG00000175806,1.8337683127775664
ENSG00000285675,0.06091661950611941
ENSG00000261451,-0.8445840847820038
ENSG00000253641,-1.4249478467927514
ENSG00000253678,NaN
ENSG00000253649,NaN
ENSG00000272505,9.04358362916256
ENSG00000184647,NaN
ENSG00000183638,1.3626196062147817
ENSG00000171056,NaN
ENSG00000248896,1.698235977071672
ENSG00000254093,-1.2389573490739223
ENSG00000253695,NaN
ENSG00000171044,4.6749194416580515
ENSG00000254839,NaN
ENSG00000269918,0.7771479459150368
ENSG00000255310,4.751628552046008
ENSG00000254936,-1.3414631367470131
ENSG00000254556,0.14489725741828616
ENSG00000270076,6.122927937923205
ENSG00000280273,NaN
ENSG00000104643,1.2965261623104036
ENSG00000246477,NaN
ENSG00000177710,0.7309065184076454
ENSG00000184608,0.37270797507986514
ENSG00000154319,-1.1525717945489171
ENSG00000284957,0.326448373100813
ENSG00000136573,13.574355171103248
ENSG00000269954,-0.46718132325243994
ENSG00000154328,-1.0156946106673481
ENSG00000079459,-0.6951375955974328
ENSG00000255046,0.4248355903761134
ENSG00000164733,1.6310246286234773
ENSG00000215343,NaN
ENSG00000255052,-1.1416495907372113
ENSG00000223443,NaN
ENSG00000255495,-0.4864411862491854
ENSG00000227888,NaN
ENSG00000270074,NaN
ENSG00000145002,NaN
ENSG00000283674,2.6931939551023927
ENSG00000270154,NaN
ENSG00000154359,0.6327142461348354
ENSG00000254813,-0.0991000055093171
ENSG00000250305,-1.3116510083371142
ENSG00000164741,0.08193161248338497
ENSG00000287134,NaN
ENSG00000164743,NaN
ENSG00000185053,-0.13425620904851907
ENSG00000104723,NaN
ENSG00000287476,NaN
ENSG00000253648,NaN
ENSG00000038945,-0.16024312725847192
ENSG00000253496,NaN
ENSG00000289225,7.1920810316782084
ENSG00000155970,1.7578669013375998
ENSG00000249258,0.11612128566476394
ENSG00000104219,4.308925491451113
ENSG00000198791,-0.8631685760016354
ENSG00000289145,2.0277742930916745
ENSG00000155975,-1.1300070017872168
ENSG00000003987,1.4704478198679216
ENSG00000003989,NaN
ENSG00000129422,13.502048416467787
ENSG00000253944,NaN
ENSG00000104760,NaN
ENSG00000254054,-1.665876839472812
ENSG00000078674,-0.6549575916348316
ENSG00000104763,4.321028779438879
ENSG00000245281,-1.6131578033939047
ENSG00000171428,-0.8971740805733366
ENSG00000156011,4.482767550166233
ENSG00000187229,1.8583669978100528
ENSG00000253557,1.4707251777311763
ENSG00000254242,NaN
ENSG00000104611,1.532952852168111
ENSG00000147408,4.992809272839003
ENSG00000253270,2.0814419622315157
ENSG00000104613,-1.0998105431088117
ENSG00000175445,-1.70234729958633
ENSG00000036565,7.273131190715859
ENSG00000147416,-0.5980941366352885
ENSG00000061337,-0.001455015507797051
ENSG00000253733,NaN
ENSG00000253164,NaN
ENSG00000254092,-0.6508655845486725
ENSG00000253199,NaN
ENSG00000254040,NaN
ENSG00000168546,-1.3173757741511483
ENSG00000147443,3.237094189812334
ENSG00000130227,-0.027018522557007322
ENSG00000158806,NaN
ENSG00000158815,NaN
ENSG00000158856,20.86984437385138
ENSG00000158863,-0.7125385360810205
ENSG00000275074,-0.9392238209146606
ENSG00000168476,-1.960234244984693
ENSG00000168481,NaN
ENSG00000168487,-0.82702251796471
ENSG00000285881,1.0119598981015974
ENSG00000168495,-1.5914301532801014
ENSG00000254064,1.0043266867096183
ENSG00000197181,6.647318373266128
ENSG00000104635,2.104179501793093
ENSG00000120910,0.4885614966125621
ENSG00000251034,0.42592748501304895
ENSG00000120896,2.814827271365062
ENSG00000120913,-0.9761577934687056
ENSG00000241852,-0.13119331772552234
ENSG00000158941,-0.1164598449251178
ENSG00000253200,-1.6609801846760688
ENSG00000147439,-1.2123274571272242
ENSG00000261026,NaN
ENSG00000179388,-0.0463529688760225
ENSG00000253125,-0.8548302116227815
ENSG00000289521,-0.596522883198439
ENSG00000287812,-0.8967878813616843
ENSG00000134020,1.3944621516883084
ENSG00000245025,-0.9991292587171747
ENSG00000008853,-0.5279447360026566
ENSG00000120889,1.34748519192484
ENSG00000246130,3.8986062995825574
ENSG00000253616,1.419570881080268
ENSG00000173535,1.3783520510700022
ENSG00000173530,0.2926995700715224
ENSG00000253930,NaN
ENSG00000104689,0.4816749077799676
ENSG00000246582,-0.8385213432367783
ENSG00000250714,-0.61359305436607
ENSG00000147457,1.7993135890494505
ENSG00000289584,-0.18045798319095518
ENSG00000104679,-1.3309027176227541
ENSG00000134013,-0.47383651599462856
ENSG00000253837,-0.34337724873458664
ENSG00000197217,0.038934320279783476
ENSG00000253390,3.260208975056271
ENSG00000147454,0.9549764451186984
ENSG00000167034,3.1604811373365327
ENSG00000253471,NaN
ENSG00000254002,NaN
ENSG00000253891,14.248870240575325
ENSG00000042980,10.10353882366427
ENSG00000253535,7.959407246936812
ENSG00000134028,3.2129886842770583
ENSG00000069206,NaN
ENSG00000272163,4.349643528318031
ENSG00000104722,1.8400822647091177
ENSG00000277586,-0.03567391128859746
ENSG00000287185,-2.4138955748806703
ENSG00000147459,5.171762590770046
ENSG00000147437,1.3510975577567597
ENSG00000104756,0.31921387064976914
ENSG00000184661,0.39031335502607273
ENSG00000221818,NaN
ENSG00000221914,-0.5604567670424445
ENSG00000104765,0.16494467581642341
ENSG00000253430,NaN
ENSG00000240694,NaN
ENSG00000092964,0.3809245837806319
ENSG00000120907,NaN
ENSG00000015592,NaN
ENSG00000104228,-0.08409252935803824
ENSG00000120899,0.03215273039844753
ENSG00000120903,NaN
ENSG00000120915,1.0025399307833422
ENSG00000120885,251.8827462417525
ENSG00000253875,1.642284095052232
ENSG00000147419,0.7117664046118476
ENSG00000171320,-0.4650701228680456
ENSG00000168078,-9.963112968356686
ENSG00000168079,3.3509409047802845
ENSG00000189233,3.469956731835118
ENSG00000134014,-0.9429659924737385
ENSG00000253690,9.376874803764636
ENSG00000168081,1.2214020860343178
ENSG00000186918,-0.942443299641371
ENSG00000214050,-0.44854231055995003
ENSG00000104290,5.438381028949633
ENSG00000012232,0.9245910987841092
ENSG00000246339,0.7376354222068425
ENSG00000104299,0.9366667500140411
ENSG00000254034,NaN
ENSG00000147421,-0.75127186191584
ENSG00000259366,-1.6000119485925504
ENSG00000197892,-0.6280574864513082
ENSG00000254129,-0.8066303797037732
ENSG00000288735,NaN
ENSG00000120875,0.9574828164013287
ENSG00000253632,0.6716157337805386
ENSG00000288964,-0.6173187593567689
ENSG00000253182,3.929604351448462
ENSG00000251191,NaN
ENSG00000253490,1.356504879812596
ENSG00000133872,-0.6284387774551897
ENSG00000272256,0.4156920883335194
ENSG00000289334,-0.3595219571971981
ENSG00000104660,1.8344419471364042
ENSG00000177669,-1.175457107919283
ENSG00000271869,1.794890270174509
ENSG00000104671,-1.7329827814536434
ENSG00000253708,-0.7377611064993747
ENSG00000285669,0.7453492987227814
ENSG00000272375,NaN
ENSG00000157110,-1.4608155714248368
ENSG00000197265,-0.16675679762027062
ENSG00000253457,-1.269421458816866
ENSG00000104687,0.015335966670361823
ENSG00000104691,4.333641761622411
ENSG00000104695,-0.5440203383063568
ENSG00000133863,-0.0649763720984299
ENSG00000172733,NaN
ENSG00000165392,1.5895773209353472
ENSG00000253961,NaN
ENSG00000253377,NaN
ENSG00000157168,21.4478678990591
ENSG00000247134,0.8353175168890599
ENSG00000272338,NaN
ENSG00000172728,3.3989154599436753
ENSG00000129696,0.4818744516689749
ENSG00000198042,-0.7857935339379668
ENSG00000133874,1.3957979574142056
ENSG00000133878,NaN
ENSG00000253642,-0.9026733755619437
ENSG00000254344,NaN
ENSG00000156687,NaN
ENSG00000253452,0.2560981586186278
ENSG00000253524,NaN
ENSG00000253363,-0.33982055478270196
ENSG00000215262,NaN
ENSG00000253161,NaN
ENSG00000254306,NaN
ENSG00000253344,0.6588190126586496
ENSG00000183779,0.2766747166391152
ENSG00000183154,-1.0090524547925106
ENSG00000147475,3.303875691437655
ENSG00000147471,-0.9843731550929108
ENSG00000020181,-0.5604608813621751
ENSG00000104221,-1.3463345348347495
ENSG00000156675,2.961249641070374
ENSG00000187840,-1.2670197728598456
ENSG00000260949,NaN
ENSG00000286677,0.09993968495872597
ENSG00000129691,1.7784728180374654
ENSG00000240015,NaN
ENSG00000147465,-0.01076303347712068
ENSG00000253356,0.25558372003588886
ENSG00000175324,12.67910272207698
ENSG00000156735,0.08653137099473811
ENSG00000285632,-1.149180953486791
ENSG00000085788,-0.47753180172126314
ENSG00000147535,4.280651962793388
ENSG00000147548,0.12844311545671658
ENSG00000255487,NaN
ENSG00000254898,0.4712294162065816
ENSG00000272092,-0.8792593480254591
ENSG00000165046,1.7985006863638016
ENSG00000077782,2.9071274379620653
ENSG00000196166,NaN
ENSG00000253361,NaN
ENSG00000254321,NaN
ENSG00000147526,1.0383626814912086
ENSG00000253586,-1.7825170947290219
ENSG00000253829,-0.20002697852968918
ENSG00000169499,1.552436999141179
ENSG00000253645,0.3695062482441607
ENSG00000169495,-0.08383736573622902
ENSG00000169490,17.06658222498378
ENSG00000168615,0.33990626418202524
ENSG00000197140,-0.4436769541879225
ENSG00000168619,-0.2754112499350945
ENSG00000131203,-0.2654540221198555
ENSG00000253939,-2.1322148149626785
ENSG00000188676,0.7361896696172885
ENSG00000253802,1.5695559909975818
ENSG00000165061,18.167960852283038
ENSG00000104332,NaN
ENSG00000147533,-1.7697521652514794
ENSG00000253133,0.4538628849352104
ENSG00000147536,-0.537503562288945
ENSG00000253174,1.189114519993601
ENSG00000158669,-1.062691252291774
ENSG00000264578,NaN
ENSG00000165066,1.964668579343591
ENSG00000029534,6.273843553143859
ENSG00000253389,5.228564400929133
ENSG00000260588,-0.6601452064168043
ENSG00000083168,0.11954469717058447
ENSG00000271938,0.1887624655107597
ENSG00000289603,-0.6015458249876954
ENSG00000261449,0.12880910993499137
ENSG00000070718,2.3851365885925992
ENSG00000104368,-0.25565487390928954
ENSG00000253408,-1.2333724724500263
ENSG00000104365,-0.8245110377014054
ENSG00000070501,0.09043088936681747
ENSG00000078668,1.3243835998160438
ENSG00000168575,1.629274109857913
ENSG00000254165,-3.1127125802961566
ENSG00000176209,-0.8541863159847961
ENSG00000147432,7.356203033331668
ENSG00000255101,0.26515220380508253
ENSG00000147434,2.931751981943889
ENSG00000131931,-0.8347684152198416
ENSG00000286837,-0.6188687957114037
ENSG00000120925,0.3591858971765079
ENSG00000168172,-0.6202279052610533
ENSG00000168522,-1.4123550386887767
ENSG00000185900,-1.4785803143234209
ENSG00000165102,-0.8182231519179833
ENSG00000253314,NaN
ENSG00000164808,0.36633635488860444
ENSG00000290028,-1.4071168238020233
ENSG00000269924,-1.228397239849307
ENSG00000221869,5.307105482015486
ENSG00000253729,-0.1701505679086065
ENSG00000104738,-0.8521159998571166
ENSG00000169139,0.7272646224334681
ENSG00000253140,3.4576192703940456
ENSG00000253608,NaN
ENSG00000168333,NaN
ENSG00000253380,NaN
ENSG00000147481,NaN
ENSG00000253664,NaN
ENSG00000147485,3.6033368560776355
ENSG00000272076,-0.07045303080287979
ENSG00000168300,-0.6424534039608363
ENSG00000253475,-0.8664025546462097
ENSG00000228801,-0.14401990833220352
ENSG00000272024,NaN
ENSG00000253844,0.8561640972618769
ENSG00000254136,NaN
ENSG00000147488,2.6740555998943165
ENSG00000253924,0.6088366360219994
ENSG00000196711,NaN
ENSG00000023287,-0.6327879904408628
ENSG00000288818,0.2691466643995998
ENSG00000288611,NaN
ENSG00000237807,NaN
ENSG00000047249,-0.7624058109150051
ENSG00000147509,0.7928056570117578
ENSG00000187735,-0.8876869372159266
ENSG00000260955,-0.20287137858778784
ENSG00000120992,-0.1900472004239241
ENSG00000137547,-1.840733925617156
ENSG00000167904,-1.2482613536489944
ENSG00000137574,0.09899693388920643
ENSG00000254087,2.920429659937457
ENSG00000254325,-1.5233329894098087
ENSG00000008988,-1.120608789739554
ENSG00000253603,NaN
ENSG00000181690,0.825082959764811
ENSG00000170791,-1.2446754674953486
ENSG00000272343,0.3011924359984119
ENSG00000170786,NaN
ENSG00000254254,-0.8014030814411722
ENSG00000246430,-1.006812814933694
ENSG00000104331,-1.2007613373328454
ENSG00000253301,NaN
ENSG00000287301,NaN
ENSG00000253821,4.610568684095514
ENSG00000253322,NaN
ENSG00000254139,NaN
ENSG00000169122,0.5511908543578472
ENSG00000253116,NaN
ENSG00000215114,-0.1716930226346356
ENSG00000167910,NaN
ENSG00000137575,1
ENSG00000035681,0.49518443034111315
ENSG00000198846,34.087007186696944
ENSG00000167912,0.7278322488778214
ENSG00000253260,NaN
ENSG00000178538,6.7869834401788545
ENSG00000251396,1.4517948424756428
ENSG00000104388,-0.8306392529198173
ENSG00000255321,-0.7621839067633712
ENSG00000228862,-0.7568226909836663
ENSG00000255289,1.812853278654846
ENSG00000171316,0.8830873388158055
ENSG00000287975,0.872156497731956
ENSG00000254777,2.7344110332663867
ENSG00000254802,0.5665615166321774
ENSG00000177182,9.406568223298898
ENSG00000198363,-0.018849191326646385
ENSG00000251127,NaN
ENSG00000185942,5.232824065568495
ENSG00000240915,NaN
ENSG00000137563,-0.9584849442559085
ENSG00000137561,NaN
ENSG00000270673,-0.43223241212119745
ENSG00000185728,-0.4507292040645242
ENSG00000261542,-0.6015985390841928
ENSG00000253554,0.7867422179782148
ENSG00000172817,3.767935322916667
ENSG00000272010,-0.2013309431945665
ENSG00000104442,2.4385603895186074
ENSG00000066855,0.218431919774213
ENSG00000205268,0.604100043881722
ENSG00000272192,-0.8969481106585044
ENSG00000147570,0.6716264144283232
ENSG00000253190,6.1912501018008195
ENSG00000147573,NaN
ENSG00000287127,0.726444832356779
ENSG00000246145,-0.557386675621008
ENSG00000179041,-1.5350512922025565
ENSG00000147576,0.8570532743154535
ENSG00000169085,0.6276897665946004
ENSG00000185697,8.812579856137404
ENSG00000175073,-0.7990482755535726
ENSG00000288596,-0.2202915301839083
ENSG00000104205,1.0140724255921716
ENSG00000178460,4.211366428789264
ENSG00000245910,-0.7459671451562413
ENSG00000178125,0.4170283627971397
ENSG00000121022,-2.0826682508802725
ENSG00000104218,0.3641531618920639
ENSG00000066777,-0.7772250371659857
ENSG00000287214,-0.10348708892318546
ENSG00000271966,0.5735957121348736
ENSG00000165078,4.628776959643408
ENSG00000255130,NaN
ENSG00000165084,NaN
ENSG00000253658,-2.1870799944254244
ENSG00000137573,NaN
ENSG00000137571,4.17100738359453
ENSG00000254557,NaN
ENSG00000246528,3.3625191008758724
ENSG00000147596,NaN
ENSG00000140396,-0.5975454335783953
ENSG00000288966,0.1758126434093104
ENSG00000253967,12.494869355858812
ENSG00000287230,NaN
ENSG00000067167,-0.8712808417899724
ENSG00000246366,-0.8532105739677246
ENSG00000147592,0.504730180023817
ENSG00000221947,-0.20949017290215657
ENSG00000254031,2.6712422660367214
ENSG00000104313,NaN
ENSG00000253287,NaN
ENSG00000235531,11.325472944354642
ENSG00000178860,-0.5832440127550067
ENSG00000253317,NaN
ENSG00000182674,1.9464736927489414
ENSG00000147601,4.029985429553548
ENSG00000253636,9.626382191498228
ENSG00000164764,-0.24175566245715835
ENSG00000274443,0.8670707182062721
ENSG00000147604,-1.332773917933383
ENSG00000121039,-0.8856763575667936
ENSG00000250295,-0.9642362363739968
ENSG00000253302,NaN
ENSG00000040341,2.7261764674957614
ENSG00000254538,-0.5560566886124295
ENSG00000104343,0.08680242343467809
ENSG00000286113,-1.367290056992951
ENSG00000154582,-1.4486466199668704
ENSG00000175606,2.400191651708017
ENSG00000154589,-0.5553216039784259
ENSG00000254288,-0.31480941977729027
ENSG00000253983,-1.1038162632508939
ENSG00000104369,NaN
ENSG00000104381,2.7810448093457953
ENSG00000254349,22.67091838077145
ENSG00000121005,NaN
ENSG00000249395,NaN
ENSG00000253712,NaN
ENSG00000254300,0.8463883142907933
ENSG00000164751,-0.8287661142663599
ENSG00000288756,-0.5798844405328413
ENSG00000254266,2.332836673514789
ENSG00000171033,2.346236114894587
ENSG00000286675,NaN
ENSG00000104427,0.13447804742666564
ENSG00000104432,11.17202096257543
ENSG00000285744,6.902421605987811
ENSG00000261618,8.745485139331652
ENSG00000164683,NaN
ENSG00000249328,NaN
ENSG00000285758,-1.3393277751850208
ENSG00000147586,0.17011069317340882
ENSG00000272518,1.1100959121940417
ENSG00000272264,-0.7053864372200122
ENSG00000076554,8.475908949266016
ENSG00000254205,-0.08222785107195053
ENSG00000253238,1.572420796687507
ENSG00000251867,-0.2679728845382606
ENSG00000205189,1.19750663214972
ENSG00000260317,-3.272864985929592
ENSG00000164684,0.7410845783695602
ENSG00000076641,2.2397001924658486
ENSG00000254060,NaN
ENSG00000254177,-0.48725207087456607
ENSG00000253214,-2.0869191732268457
ENSG00000289242,-0.598131429588622
ENSG00000272425,NaN
ENSG00000254027,NaN
ENSG00000164687,-1.0474561472625266
ENSG00000133731,0.04967822033519797
ENSG00000104231,2.758418532702639
ENSG00000164695,18.12470129847634
ENSG00000253334,NaN
ENSG00000104497,-1.404141553017215
ENSG00000254689,-0.08083395661269224
ENSG00000254394,-0.7485577120475917
ENSG00000254123,NaN
ENSG00000253836,NaN
ENSG00000254202,NaN
ENSG00000184672,0.82036480852638
ENSG00000133739,-0.25061836825378
ENSG00000260493,-1.0779331051003518
ENSG00000133740,1.6960415449413648
ENSG00000254208,NaN
ENSG00000176731,-1.659437701731772
ENSG00000185015,5.569922314375156
ENSG00000258256,NaN
ENSG00000133742,1.5986971644791408
ENSG00000164879,3.7746457070517674
ENSG00000253549,47.24166987387274
ENSG00000104267,46.79750507448635
ENSG00000254380,NaN
ENSG00000147614,NaN
ENSG00000253675,NaN
ENSG00000164893,NaN
ENSG00000254231,7.992084379155278
ENSG00000123124,-0.07059225571691193
ENSG00000176623,-0.7092611617746135
ENSG00000085719,0.12715275817191762
ENSG00000170289,0.15984272711876174
ENSG00000254115,NaN
ENSG00000176571,6.147881407468115
ENSG00000253500,NaN
ENSG00000156103,NaN
ENSG00000253553,-0.20606912919417794
ENSG00000251136,1.427346312861202
ENSG00000104312,3.382325763370134
ENSG00000164823,-0.6540435775756702
ENSG00000104320,-0.3618657588472403
ENSG00000104325,-1.184534323679862
ENSG00000104327,NaN
ENSG00000254180,3.5068846889241634
ENSG00000253394,16.598719218305945
ENSG00000253799,NaN
ENSG00000180694,-0.23915355040994596
ENSG00000123119,NaN
ENSG00000254251,NaN
ENSG00000289502,4.768418901197068
ENSG00000253250,1.932389944729445
ENSG00000155099,3.164662949590872
ENSG00000253738,1.5810092880285902
ENSG00000155100,0.01730752652443691
ENSG00000214954,0.8723304369144118
ENSG00000147606,-0.7155502911247767
ENSG00000253901,NaN
ENSG00000079102,NaN
ENSG00000253634,NaN
ENSG00000248858,0.08331082993930121
ENSG00000253197,0.43315820409778605
ENSG00000205133,3.829000783679159
ENSG00000246662,-1.1116701642399132
ENSG00000188343,-1.1916702233198333
ENSG00000271971,-1.178696569832053
ENSG00000183808,-0.41185077807032633
ENSG00000253848,NaN
ENSG00000164953,2.8505145209918625
ENSG00000254057,NaN
ENSG00000164951,-0.38950865180897215
ENSG00000164949,2.9100259491830935
ENSG00000197275,-0.37312559674648565
ENSG00000265817,-0.14711433450134062
ENSG00000164944,0.7204141746220633
ENSG00000253704,1.8591568769515576
ENSG00000261437,NaN
ENSG00000104413,NaN
ENSG00000156162,-0.23247946350711968
ENSG00000164941,-0.40083519328380923
ENSG00000175305,1.030389356039028
ENSG00000272509,-0.8464909985838882
ENSG00000156170,0.7022381624859775
ENSG00000164938,-0.20740074288248847
ENSG00000245080,NaN
ENSG00000254248,1.7580042034759285
ENSG00000175895,0.3907696625422004
ENSG00000253773,7.294952674799486
ENSG00000156172,0.8622298569024991
ENSG00000248762,NaN
ENSG00000156467,-1.2838209127225244
ENSG00000254224,NaN
ENSG00000156469,-0.016637302223430416
ENSG00000156471,-1.252716279863109
ENSG00000169439,0.46453498644164276
ENSG00000104324,0.8879108344456272
ENSG00000270077,1.7293678378650326
ENSG00000180543,0.2457767486043426
ENSG00000287654,NaN
ENSG00000147649,-0.5601411195389825
ENSG00000104341,4.888577622124132
ENSG00000132561,2.6590768053786
ENSG00000156482,-1.0494253915501495
ENSG00000245970,-1.2192712331237656
ENSG00000288752,16.14364728289426
ENSG00000177459,-3.4996902819643148
ENSG00000132541,-0.7732605147707243
ENSG00000104356,-0.660508020806492
ENSG00000104361,3.188192868269605
ENSG00000104375,1.7820758533025076
ENSG00000253911,NaN
ENSG00000164920,-1.4050123786148667
ENSG00000253948,2.011851907742164
ENSG00000132549,-0.5485546707935803
ENSG00000253532,NaN
ENSG00000164919,-1.5790696313321595
ENSG00000287952,NaN
ENSG00000132554,NaN
ENSG00000156509,1.973873909111224
ENSG00000147669,-1.9861757398781792
ENSG00000104450,1.1252643378530707
ENSG00000034677,0.20704860997251492
ENSG00000253217,NaN
ENSG00000253824,8.335571168345986
ENSG00000253842,NaN
ENSG00000253666,NaN
ENSG00000186106,0.1801427269867436
ENSG00000174226,0.30316067868668295
ENSG00000070756,-1.2589137678856173
ENSG00000289284,NaN
ENSG00000260368,5.585007162608652
ENSG00000164924,-1.0597059200918955
ENSG00000253395,0.9367233362325013
ENSG00000261087,1.8129043899650494
ENSG00000120963,-1.5291520953749913
ENSG00000271882,0.820912995585769
ENSG00000254024,0.3147788564359695
ENSG00000083307,0.7347069689491855
ENSG00000104490,8.871753144587764
ENSG00000048392,-0.6490015135756626
ENSG00000246263,0.2083844834293749
ENSG00000104517,-0.48991190757845154
ENSG00000272037,NaN
ENSG00000253633,1.0343771154922263
ENSG00000155087,NaN
ENSG00000155090,1.5225969173730693
ENSG00000283959,-0.883126164289736
ENSG00000253669,-1.1575423885216718
ENSG00000155096,0.8299225508539108
ENSG00000253385,0.06320625296361966
ENSG00000253320,2.2256108840745696
ENSG00000254236,NaN
ENSG00000155097,-0.14110038774773923
ENSG00000164929,0.6760304748546851
ENSG00000247081,3.0108769081370377
ENSG00000164930,12.646060646118366
ENSG00000164932,NaN
ENSG00000164933,-0.386563695158552
ENSG00000164934,-0.2738274198682728
ENSG00000288945,1.2658984668118014
ENSG00000176406,-0.2771437944456768
ENSG00000147647,-0.9558837494675981
ENSG00000164935,NaN
ENSG00000147650,0.15991554980823974
ENSG00000169946,-1.0759525068294231
ENSG00000283157,NaN
ENSG00000251003,-1.2611744225514838
ENSG00000164830,0.43390382146580736
ENSG00000253582,5.389789882026272
ENSG00000154188,4.291891283644474
ENSG00000147655,NaN
ENSG00000104408,-1.2263470368227352
ENSG00000104412,-1.5262896836800508
ENSG00000253949,NaN
ENSG00000253796,1.3223478477330592
ENSG00000174417,NaN
ENSG00000120526,0.13811689816787973
ENSG00000250267,NaN
ENSG00000120533,-1.219025576689706
ENSG00000205038,12.169882668760001
ENSG00000147654,-1.06835894530446
ENSG00000147642,10.406249634758886
ENSG00000164794,NaN
ENSG00000253877,NaN
ENSG00000253103,0.7366288150891834
ENSG00000253434,-0.024656909436853405
ENSG00000164796,2.1771276998757103
ENSG00000286937,NaN
ENSG00000104447,3.964466585339251
ENSG00000249917,-1.3624734845557969
ENSG00000147677,-1.4802331727432865
ENSG00000289382,-1.194395773154785
ENSG00000147679,-0.4229003165130087
ENSG00000164754,-0.724480695880343
ENSG00000253327,-1.0479734424634168
ENSG00000164758,-1.8132472310220902
ENSG00000182197,4.691988910731208
ENSG00000177570,5.623594858598071
ENSG00000225885,24.309703849821734
ENSG00000281641,-0.8815881629862725
ENSG00000164761,NaN
ENSG00000184374,8.75066525375322
ENSG00000147676,8.809805185446445
ENSG00000286282,NaN
ENSG00000136999,NaN
ENSG00000253398,NaN
ENSG00000136960,0.5769153968694739
ENSG00000064313,-0.015090148300681266
ENSG00000286362,-1.3125580451236738
ENSG00000136982,1.1903605405787896
ENSG00000245330,NaN
ENSG00000155792,3.621634055712641
ENSG00000254343,-3.1919974088409595
ENSG00000187955,0.2882638018811399
ENSG00000172172,-1.1620610924541468
ENSG00000172167,0.3023725148933644
ENSG00000172164,1.2732117570995918
ENSG00000248318,0.766566507681556
ENSG00000272502,0.005329648759599574
ENSG00000253619,7.543986144407153
ENSG00000248690,0.12420286544151625
ENSG00000254303,NaN
ENSG00000255364,NaN
ENSG00000253819,8.112515243404383
ENSG00000255325,NaN
ENSG00000272384,0.19547922747599505
ENSG00000272043,NaN
ENSG00000178764,1.1443512858529805
ENSG00000253372,-1.492599049051372
ENSG00000259631,2.0822831326249167
ENSG00000253607,0.37349722141968167
ENSG00000136986,-1.2803805889189712
ENSG00000156787,1.706648455863924
ENSG00000287657,1.2509521052656098
ENSG00000147689,-0.48967302729142037
ENSG00000189376,-1.5647116315940892
ENSG00000165156,-0.9734426680394536
ENSG00000156802,1.5949035554107815
ENSG00000156795,-0.7181186839338903
ENSG00000156804,1.1691391393390091
ENSG00000104537,NaN
ENSG00000176853,-0.8004537389428731
ENSG00000214814,NaN
ENSG00000181171,NaN
ENSG00000253868,NaN
ENSG00000214803,0.4754896331671392
ENSG00000253227,1.1378921231381578
ENSG00000164983,0.6213796717593126
ENSG00000183665,-0.49955019905732384
ENSG00000245149,-0.03226771221316837
ENSG00000170881,-0.35722242092230644
ENSG00000147687,0.17254678398831833
ENSG00000253106,-1.6212204383883322
ENSG00000147684,-1.0734213361465417
ENSG00000170873,11.80668378593371
ENSG00000255491,NaN
ENSG00000249816,NaN
ENSG00000180938,-0.7814147749069611
ENSG00000253513,NaN
ENSG00000104549,-0.847010362645745
ENSG00000164961,-0.7623191687727017
ENSG00000156831,1.111034585584411
ENSG00000173334,1.8734048458461585
ENSG00000253111,-1.152471909502943
ENSG00000286122,1.1744066483234816
ENSG00000245164,1.6069833728302878
ENSG00000168672,0.09217198905879806
ENSG00000253438,9.716729337109518
ENSG00000253573,1.3850579232600944
ENSG00000254166,2.3807929241010752
ENSG00000282961,0.8381373766022627
ENSG00000287781,NaN
ENSG00000246228,9.108999761780261
ENSG00000212993,-0.702247240473048
ENSG00000286266,3.274824833971144
ENSG00000286010,0.4462428007444258
ENSG00000249375,1.2172785979481497
ENSG00000136997,0.7763537447687807
ENSG00000249859,5.188669574331584
ENSG00000254275,-0.5988263357322754
ENSG00000229140,12.188346616309998
ENSG00000253926,NaN
ENSG00000254317,NaN
ENSG00000153310,-0.6899618535304722
ENSG00000254263,-0.9059361501393141
ENSG00000253720,0.2819122441191025
ENSG00000287195,0.06342959224967074
ENSG00000153317,0.45221529284298806
ENSG00000280543,-0.8512613202515451
ENSG00000286535,-0.13434495380701217
ENSG00000253656,NaN
ENSG00000132294,-0.7245313998260136
ENSG00000132297,NaN
ENSG00000184156,-0.09737378204974621
ENSG00000253521,NaN
ENSG00000129295,-0.004504918002954664
ENSG00000165071,-0.4698360822625038
ENSG00000287095,0.6647750578017688
ENSG00000129292,-1.0880483350977683
ENSG00000223697,NaN
ENSG00000042832,-0.7724228148342177
ENSG00000155926,-1.0109341947129338
ENSG00000287736,-1.393177330318223
ENSG00000104415,NaN
ENSG00000289316,NaN
ENSG00000104419,-0.699379975833136
ENSG00000008513,-0.35343576095359924
ENSG00000289050,-1.5253499249991669
ENSG00000261220,1.0019431833937074
ENSG00000253561,NaN
ENSG00000253593,19.29546705730435
ENSG00000288067,2.0505095525843924
ENSG00000253627,NaN
ENSG00000066827,13.751715783254749
ENSG00000248492,NaN
ENSG00000289405,-0.7224811161417247
ENSG00000272456,NaN
ENSG00000254028,-0.9503158741370931
ENSG00000253433,NaN
ENSG00000254083,NaN
ENSG00000254372,NaN
ENSG00000131773,-0.4678062543984433
ENSG00000254101,24.431737151047958
ENSG00000253288,-0.2459435000240723
ENSG00000254361,NaN
ENSG00000147724,1.014623087780744
ENSG00000169436,NaN
ENSG00000254258,NaN
ENSG00000169427,NaN
ENSG00000167632,1.0803989850388216
ENSG00000253574,NaN
ENSG00000282164,-0.49046781633095893
ENSG00000259891,1.695396308696976
ENSG00000104472,-1.246308391731358
ENSG00000123908,-0.5312199244159146
ENSG00000280303,-2.7492327746629406
ENSG00000169398,6.018691831547633
ENSG00000105339,1
ENSG00000253210,-1.1685061729989994
ENSG00000022567,0.26287821482024115
ENSG00000254019,-0.20505248275707832
ENSG00000254197,0.7394714804198484
ENSG00000261655,NaN
ENSG00000204882,NaN
ENSG00000289263,-2.531836108337023
ENSG00000184489,0.37025662990826497
ENSG00000226807,NaN
ENSG00000271959,-1.305859676156603
ENSG00000287332,3.3289866480316497
ENSG00000254008,1.7294654059644536
ENSG00000171045,0
ENSG00000261693,1.9783361850108945
ENSG00000181790,7.518288411183918
ENSG00000198576,1.8890552207920965
ENSG00000234616,-0.4931674971718163
ENSG00000167653,-0.2110634399715331
ENSG00000253741,-0.586418693600601
ENSG00000130193,-0.9661811536354697
ENSG00000253806,NaN
ENSG00000197353,59.177992961141335
ENSG00000180155,0.13788751562012624
ENSG00000104499,16.839916380866462
ENSG00000247317,1.1236059375707173
ENSG00000160932,-0.24186596465854035
ENSG00000177335,-0.7928423846004835
ENSG00000291309,NaN
ENSG00000181638,1.8091578348837167
ENSG00000250571,5.762142884359513
ENSG00000253716,-0.7159066241627561
ENSG00000185730,1.3067020597918624
ENSG00000272172,-1.7710706002825671
ENSG00000184428,-0.23470266881186377
ENSG00000254389,NaN
ENSG00000158106,11.049074189736729
ENSG00000253931,NaN
ENSG00000182759,4.327434319441392
ENSG00000014164,10.979361341211998
ENSG00000287576,1.3205420946481372
ENSG00000254859,-1.0242987892023618
ENSG00000104518,-1.5826525044656967
ENSG00000289161,-1.3332000149294654
ENSG00000204839,-1.6974192423244434
ENSG00000147813,-0.898723905526927
ENSG00000104529,-1.3895306705980448
ENSG00000179886,-1.6079789098382238
ENSG00000104524,-0.34436267895556466
ENSG00000104522,-1.4716112588027015
ENSG00000254812,3.1334551477540464
ENSG00000183309,6.130099364675509
ENSG00000181135,3.429726335003015
ENSG00000181097,-0.5629359303859244
ENSG00000180921,-0.28452127602624633
ENSG00000203499,NaN
ENSG00000180900,-1.1989809533831717
ENSG00000179950,-2.1775418426141844
ENSG00000287222,NaN
ENSG00000185189,-1.8482744945439198
ENSG00000261150,-1.0828668614449972
ENSG00000288096,-1.2408794018425557
ENSG00000178209,-0.6020994689248924
ENSG00000178685,-1.21525531680287
ENSG00000178719,-0.5604750562124913
ENSG00000186583,-0.4543888495988494
ENSG00000178814,-1.526550567007192
ENSG00000255224,0.8156963062799418
ENSG00000178896,-1.312585045340815
ENSG00000197858,-0.06926387311531017
ENSG00000179091,-1.5960171709505155
ENSG00000179526,-0.9080406991601728
ENSG00000179632,0.2642210313225941
ENSG00000179698,-0.679651039632345
ENSG00000235173,-1.0781879399796879
ENSG00000179832,0.052407687132556086
ENSG00000261236,-1.4719730915277018
ENSG00000260428,-0.38879785032227576
ENSG00000185122,-0.5613160099884102
ENSG00000185000,1.0615751522123706
ENSG00000185803,-1.5260019548520847
ENSG00000261587,NaN
ENSG00000182325,-0.3239667481420463
ENSG00000173137,2.0571069110949027
ENSG00000071894,-0.3169275278867265
ENSG00000272115,NaN
ENSG00000147804,-0.9648582094786015
ENSG00000160948,-0.3779065514262615
ENSG00000160949,-1.6797280095522966
ENSG00000187954,2.5218101873271244
ENSG00000291316,NaN
ENSG00000291317,-0.13942062186063509
ENSG00000167702,4.44009259875549
ENSG00000160972,-0.049938066926119386
ENSG00000255182,-0.690293829442377
ENSG00000167701,NaN
ENSG00000167700,-1.3293343326790263
ENSG00000160957,0.12968044954782573
ENSG00000265393,8.833139697024928
ENSG00000160959,-1.261365870851876
ENSG00000254402,-0.8299439649546406
ENSG00000213563,-0.22378972918733675
ENSG00000147799,0.6104712122080965
ENSG00000255456,NaN
ENSG00000198169,1.1074273381386501
ENSG00000196378,8.213294374400759
ENSG00000161016,-1.195733516677578
ENSG00000197363,-1.4227443981803933
ENSG00000147789,1.087001330160632
ENSG00000170619,-1.2402790460427426
ENSG00000286681,-0.04267636720701262
ENSG00000196150,0.3304208791008777
ENSG00000170631,1.6054055529765348
ENSG00000291080,-0.7670042843162982
ENSG00000255164,NaN
ENSG00000255559,7.535662144046797
ENSG00000182307,-1.0813448860005463
ENSG00000181404,-0.25779400587742674
ENSG00000227518,-0.2851039217649307
ENSG00000172785,-0.09156674265927868
ENSG00000287480,-1.0434140967709518
ENSG00000183784,-0.3793681101388428
ENSG00000107099,-0.45661843043789996
ENSG00000235880,2.118150745634406
ENSG00000227155,-1.0675967763617389
ENSG00000107104,5.216830522201992
ENSG00000228115,NaN
ENSG00000227914,NaN
ENSG00000137090,-1.4573235375529527
ENSG00000080503,-0.21533310307097292
ENSG00000236199,NaN
ENSG00000231052,NaN
ENSG00000147852,NaN
ENSG00000168263,NaN
ENSG00000080608,-0.4365884831799767
ENSG00000289552,1.0021180405168344
ENSG00000236511,NaN
ENSG00000080298,-0.13700536944746777
ENSG00000288963,0.5209436860470048
ENSG00000232104,1.9367640924513818
ENSG00000237359,1.1889076520230508
ENSG00000226669,1.8602016134514932
ENSG00000107249,10.186111175658954
ENSG00000230001,NaN
ENSG00000106688,-0.22464473552626493
ENSG00000106686,2.81556600836369
ENSG00000205808,-1.1650064544603993
ENSG00000273061,-0.4068358137429493
ENSG00000106993,1.1851050009859958
ENSG00000147853,0.83410860753846
ENSG00000287759,6.385142369376838
ENSG00000120158,4.005103308089932
ENSG00000096968,1.7487161690360473
ENSG00000120210,-1.2003258605015092
ENSG00000107014,-0.689050694023983
ENSG00000107018,-0.5854982211212368
ENSG00000272866,NaN
ENSG00000107020,-0.38379801448883266
ENSG00000120217,0.042311044988973937
ENSG00000286162,4.042172651648911
ENSG00000197646,3.6237810167455775
ENSG00000231509,NaN
ENSG00000107036,-0.24877858241899736
ENSG00000225408,NaN
ENSG00000099219,1.700622362784749
ENSG00000183354,0.05545489038797556
ENSG00000120215,-0.4384081122131432
ENSG00000137040,-1.5718355358535656
ENSG00000147854,-0.08168919689868395
ENSG00000233367,0.6603097026059761
ENSG00000178445,-0.654901118488091
ENSG00000236924,-1.2700531857489463
ENSG00000229611,NaN
ENSG00000225489,-1.1250990721374792
ENSG00000107077,-0.8443199497543709
ENSG00000285688,-1.9393168179808138
ENSG00000288042,NaN
ENSG00000273056,-0.6692804804105498
ENSG00000137038,-1.7027455194063512
ENSG00000153707,-0.7281318643874862
ENSG00000225706,NaN
ENSG00000226717,NaN
ENSG00000285784,NaN
ENSG00000153714,NaN
ENSG00000285637,-2.2775816867158536
ENSG00000107186,-1.3139808825123624
ENSG00000226197,NaN
ENSG00000270547,NaN
ENSG00000147862,-1.0234095691108225
ENSG00000287708,NaN
ENSG00000272871,-1.4771360311461836
ENSG00000175893,1.70979596046022
ENSG00000164946,17.431011404919055
ENSG00000291185,2.6400324139636555
ENSG00000155158,2.5307748216164
ENSG00000164975,-0.4034169894464897
ENSG00000164985,2.822374145985153
ENSG00000164989,2.631836034208272
ENSG00000205549,NaN
ENSG00000173068,21.10945565404672
ENSG00000237153,NaN
ENSG00000044459,0.0898647247050754
ENSG00000178031,-0.5013061149268191
ENSG00000155875,-0.39555890453036335
ENSG00000155876,-1.9263026028200645
ENSG00000147874,-0.5354114169574985
ENSG00000147872,1.203994385607806
ENSG00000137145,0.2230707624469758
ENSG00000272842,-1.2959486062367007
ENSG00000273226,-1.196588400639872
ENSG00000137154,-0.7677696360636913
ENSG00000177076,0.5711040641106869
ENSG00000260912,2.598288875308306
ENSG00000155886,9.549109964858397
ENSG00000286685,NaN
ENSG00000171843,3.91312850324446
ENSG00000188352,2.7882448114138305
ENSG00000227071,NaN
ENSG00000188921,4.256754019543122
ENSG00000198642,0.7881003300080717
ENSG00000171889,8.531115630533703
ENSG00000099810,0.9805192821719169
ENSG00000265194,NaN
ENSG00000147889,-0.907970401770554
ENSG00000240498,0.18320591337007208
ENSG00000147883,-1.4440148086479023
ENSG00000234840,NaN
ENSG00000284418,-0.2897097698255356
ENSG00000198680,-2.019015056573758
ENSG00000276759,NaN
ENSG00000254261,NaN
ENSG00000120159,0.9606245258325358
ENSG00000137055,-0.0910228199012879
ENSG00000096872,1.8556844798192864
ENSG00000234676,NaN
ENSG00000184434,-0.6021994893596405
ENSG00000254396,NaN
ENSG00000120156,NaN
ENSG00000291187,9.727983124876518
ENSG00000120160,NaN
ENSG00000120162,3.59959647654227
ENSG00000285103,0.7032169296793583
ENSG00000147894,1.1487375831480697
ENSG00000174482,77.24491076660208
ENSG00000287551,NaN
ENSG00000280683,-0.4631440366779303
ENSG00000260720,NaN
ENSG00000122729,0.4722316870812321
ENSG00000107201,3.004194816547446
ENSG00000197579,3.0581168932992058
ENSG00000235453,3.616733742895123
ENSG00000165264,-0.8335896344955817
ENSG00000231193,NaN
ENSG00000137074,2.2685011656908083
ENSG00000086061,0.07375732951605456
ENSG00000122692,-1.7038830574217145
ENSG00000086062,1.5225531697424701
ENSG00000233554,-0.8771560592614273
ENSG00000122711,NaN
ENSG00000107262,-1.1544830875812542
ENSG00000086065,-1.1212770352278205
ENSG00000086102,-0.010469677969512824
ENSG00000165269,2.0162123289779386
ENSG00000286322,NaN
ENSG00000165272,3.202056856815699
ENSG00000165271,-0.271486341259885
ENSG00000281128,-2.538092152641662
ENSG00000260947,NaN
ENSG00000235481,-1.0683277677324337
ENSG00000010438,-0.46062135372982305
ENSG00000107341,-0.31612884892770354
ENSG00000137073,0.6861756089600762
ENSG00000288949,NaN
ENSG00000228352,0.9174918172274908
ENSG00000198876,0.5615311190635988
ENSG00000165006,0.5173598825078404
ENSG00000186638,-0.4388130186044146
ENSG00000164978,-0.35831715576162504
ENSG00000164976,8.202799705368527
ENSG00000164972,0.8168630975215169
ENSG00000164970,-0.31654694590747384
ENSG00000122735,NaN
ENSG00000168913,10.006491214236013
ENSG00000164967,1.2850742951284893
ENSG00000137100,-1.5270667103937112
ENSG00000205143,NaN
ENSG00000147955,-0.8207686974045246
ENSG00000213930,-0.3453468344516102
ENSG00000137070,7.921580036928119
ENSG00000213927,NaN
ENSG00000187186,0.32261193984185044
ENSG00000230074,6.043708571135963
ENSG00000172724,NaN
ENSG00000288583,7.686638257585031
ENSG00000281491,-0.27482611158385567
ENSG00000137094,-1.1940041954991387
ENSG00000286782,-0.47047876103882685
ENSG00000287868,NaN
ENSG00000165280,-0.7464274942059181
ENSG00000221829,-0.911085907583072
ENSG00000165282,-0.07518482742504173
ENSG00000234181,-0.9419078281694784
ENSG00000165283,-1.6074034116525635
ENSG00000005238,-1.183238940070484
ENSG00000198722,1.3588689513655052
ENSG00000290567,-2.4160031414404255
ENSG00000198853,-0.12139443514076567
ENSG00000287287,NaN
ENSG00000288586,1.4632280204750425
ENSG00000107140,-0.9248873127900846
ENSG00000137101,3.9883984622296236
ENSG00000227933,1.8048730816168157
ENSG00000137078,0.04723607141902509
ENSG00000159884,-1.0522632489220018
ENSG00000137135,5.652214400388799
ENSG00000198467,11.434491023831388
ENSG00000137076,29.71868803414062
ENSG00000107175,0.22762922211816045
ENSG00000070610,-1.2140139813791184
ENSG00000107185,-0.559780901323962
ENSG00000228843,NaN
ENSG00000227388,1.0467252413549788
ENSG00000159899,-0.7286699086638599
ENSG00000137098,-1.6211457577692505
ENSG00000137133,-1.612703831620669
ENSG00000137103,-1.399579897946839
ENSG00000204930,6.216717570493477
ENSG00000290538,NaN
ENSG00000122707,2.95569125305078
ENSG00000122694,0.3273739679010795
ENSG00000122705,-0.21533284642651093
ENSG00000159921,0.5958166665999245
ENSG00000137075,0.7000042791989391
ENSG00000165304,4.601069863785736
ENSG00000287514,NaN
ENSG00000196092,14.80632737545818
ENSG00000258885,NaN
ENSG00000250850,2.7380709158787373
ENSG00000260100,NaN
ENSG00000281649,-0.41304088801491295
ENSG00000233242,1.4827159999566657
ENSG00000147905,2.562939927685451
ENSG00000137106,-1.372256561606126
ENSG00000168795,2.622182011554869
ENSG00000137054,-1.100353633522881
ENSG00000234160,-0.3407973302363019
ENSG00000147912,1.1207856260985989
ENSG00000175768,-2.001493092668928
ENSG00000070601,-0.2997919517289595
ENSG00000165275,-0.4476927254620637
ENSG00000107371,-1.0078205538321392
ENSG00000289295,-0.7855928669273038
ENSG00000122741,0.30660521755779424
ENSG00000122696,1.2283309515165894
ENSG00000107338,-0.7264028328794297
ENSG00000137124,-1.345832605945303
ENSG00000291061,0.9254691740719896
ENSG00000180071,4.5125441876077
ENSG00000204860,1.141717295368565
ENSG00000106714,NaN
ENSG00000224038,NaN
ENSG00000290717,4.611829292475425
ENSG00000278175,-1.245340991159835
ENSG00000291181,-0.016271793138134122
ENSG00000240240,1.2492534696642008
ENSG00000276500,NaN
ENSG00000289843,0.4645909417711318
ENSG00000291075,0.12118968414305317
ENSG00000290923,-0.07302717833747224
ENSG00000215126,-1.0628695049643024
ENSG00000275450,-1.0855094490947723
ENSG00000290848,-0.9664152618545212
ENSG00000288891,1.2398185489348879
ENSG00000275239,NaN
ENSG00000154529,1.445694494899632
ENSG00000275649,-0.4063650297249888
ENSG00000237357,2.64902537400934
ENSG00000291170,-0.2657338567822856
ENSG00000291166,-0.021273557516634317
ENSG00000231527,-0.8836625954447039
ENSG00000235659,NaN
ENSG00000231212,0.4943379399733616
ENSG00000204802,-0.5704233770455668
ENSG00000291011,-0.7055274725684325
ENSG00000288838,-2.3784459210875037
ENSG00000238113,0.5263142142560945
ENSG00000287168,-1.0724971556788512
ENSG00000234665,-0.010204640162899351
ENSG00000170161,-0.5505043042989315
ENSG00000290549,0.1361817005928814
ENSG00000225411,-2.61964924480913
ENSG00000291012,NaN
ENSG00000290972,-1.673407646622204
ENSG00000287329,NaN
ENSG00000147996,-0.47100483796138404
ENSG00000274893,NaN
ENSG00000290970,NaN
ENSG00000274349,-0.3787823097490191
ENSG00000274026,NaN
ENSG00000260691,-0.1923750984688575
ENSG00000226904,NaN
ENSG00000196873,-1.0798230116358254
ENSG00000187559,NaN
ENSG00000154330,0.3964267585389502
ENSG00000233178,-0.8249630972526358
ENSG00000226337,1.3850146463214716
ENSG00000234506,-1.5610242096951514
ENSG00000107242,7.221301837741354
ENSG00000187866,-1.4066790845229924
ENSG00000236733,0.6811163195706484
ENSG00000288771,-0.6502415354012008
ENSG00000165060,-0.9953047168948104
ENSG00000119139,2.9310013163958173
ENSG00000107282,0.8728920343951242
ENSG00000229312,-0.38549794659905795
ENSG00000188647,-0.6659561853896719
ENSG00000204711,NaN
ENSG00000204706,0.26492924536637197
ENSG00000165072,-1.4366651154441974
ENSG00000268364,1.2236655250777557
ENSG00000198887,-0.8218956343381745
ENSG00000274421,2.8008930894400113
ENSG00000119138,0.9899095382507047
ENSG00000289159,3.1485607929209842
ENSG00000083067,-1.526979922157745
ENSG00000135048,1.1872560147283855
ENSG00000107362,1.1936872769482634
ENSG00000155621,-0.24928272159616183
ENSG00000204669,NaN
ENSG00000286823,2.471434546986439
ENSG00000119125,-0.5679776548639461
ENSG00000225434,-0.7324325374079448
ENSG00000107372,0.4525208212650408
ENSG00000288865,-0.06035900647764938
ENSG00000165091,-0.37420307597704544
ENSG00000289993,-3.98699536504943
ENSG00000236849,1.0474785872871162
ENSG00000165092,2.344309409244522
ENSG00000135046,4.161644517778553
ENSG00000198963,-0.4311053657287245
ENSG00000119121,0.44685065057886236
ENSG00000135045,-0.30054070693808915
ENSG00000203321,0.6711874111706214
ENSG00000156017,1.7764484048995675
ENSG00000229587,-0.6947576707268781
ENSG00000106733,0.2221525847658408
ENSG00000134996,-0.8202214367836689
ENSG00000099139,2.509832470994015
ENSG00000135002,-1.437014906845691
ENSG00000187210,2.968192325915398
ENSG00000106772,0.0005248388261096282
ENSG00000225937,-0.3032274337978856
ENSG00000197969,2.162546367530006
ENSG00000156049,-0.31102364289465756
ENSG00000156052,1.410210203973895
ENSG00000289440,-0.2366566823138976
ENSG00000148019,3.407919441456288
ENSG00000135069,-0.3832580066700107
ENSG00000260995,NaN
ENSG00000233086,1.1366921746274434
ENSG00000106829,-0.16744313255616733
ENSG00000232494,NaN
ENSG00000226798,NaN
ENSG00000196781,4.253443700651083
ENSG00000233926,4.388303972649785
ENSG00000267559,-1.3102157343775007
ENSG00000290551,0.06952947499706576
ENSG00000165105,NaN
ENSG00000172159,4.0583454645532315
ENSG00000237529,-0.8674616457344003
ENSG00000148057,-0.2792065558762677
ENSG00000135018,-1.2862516668562263
ENSG00000254473,-1.2086327742000211
ENSG00000165113,0.5261714597919254
ENSG00000226877,-0.8587522506866961
ENSG00000231616,NaN
ENSG00000165115,-0.3986224395532668
ENSG00000165118,-1.4929085255355374
ENSG00000165119,-1.1367814035940245
ENSG00000235298,0.8056926340553797
ENSG00000178966,-0.7234647953838883
ENSG00000227463,NaN
ENSG00000197506,-1.2894014219892376
ENSG00000285987,-0.9440126295373878
ENSG00000148053,NaN
ENSG00000285556,NaN
ENSG00000135049,0.5007258846939493
ENSG00000230303,7.40352691848637
ENSG00000290924,8.021169028510025
ENSG00000289214,0.11047850675064388
ENSG00000135040,0.32249616313670665
ENSG00000135052,-0.5074469759394923
ENSG00000187753,0.7709984685556395
ENSG00000135070,-0.19907983543437535
ENSG00000083223,-0.059062245425366616
ENSG00000232211,NaN
ENSG00000180447,0.667533318483443
ENSG00000226237,NaN
ENSG00000288903,NaN
ENSG00000196730,4.439096587135591
ENSG00000236709,-2.4020411896353844
ENSG00000135047,-1.3644006141459506
ENSG00000156345,1.7476834542078805
ENSG00000287769,-0.0833744725821272
ENSG00000106723,0.0215564912987356
ENSG00000130045,NaN
ENSG00000286414,NaN
ENSG00000213694,1.0307496674033112
ENSG00000148082,4.570229649622282
ENSG00000123975,0.648889482998621
ENSG00000187742,1.011437541572984
ENSG00000187764,0.8777483503628877
ENSG00000285907,NaN
ENSG00000130222,0.8868480775301064
ENSG00000237372,-0.7987791345297637
ENSG00000237626,NaN
ENSG00000231107,NaN
ENSG00000229613,NaN
ENSG00000165023,NaN
ENSG00000165025,2.1729847649887737
ENSG00000228216,NaN
ENSG00000237422,0.7851014201413774
ENSG00000230537,-1.104124575785748
ENSG00000229694,-0.5702841690582565
ENSG00000289123,-1.3017952677657185
ENSG00000273381,NaN
ENSG00000148090,0.4701771464531628
ENSG00000165030,0.7482028137538157
ENSG00000233081,NaN
ENSG00000169071,7.747935412911384
ENSG00000090054,-1.1901268752526752
ENSG00000290644,NaN
ENSG00000196305,0.463837529602724
ENSG00000198000,-0.5847269790760249
ENSG00000188312,5.168623773904016
ENSG00000106809,0.9143863465531471
ENSG00000127083,-1.1887295090541787
ENSG00000106819,0.7504671293212539
ENSG00000106823,-0.2701506064309778
ENSG00000285650,2.636973745956985
ENSG00000127080,0.15539559743975
ENSG00000185963,0.3640250929208104
ENSG00000288062,NaN
ENSG00000291168,1.6046146994839476
ENSG00000127081,0.26085457243306975
ENSG00000127084,-0.24566354506021976
ENSG00000157303,2.849738889488613
ENSG00000165233,8.655138571529779
ENSG00000131669,0.3250974598486199
ENSG00000165238,NaN
ENSG00000188938,-0.03578539291688201
ENSG00000048828,-0.5162307397007017
ENSG00000289031,NaN
ENSG00000197724,0.4571046219194856
ENSG00000235601,NaN
ENSG00000158079,1.896560453790401
ENSG00000286834,2.145429999938354
ENSG00000269929,-1.1636473352106715
ENSG00000230262,-0.21916132687501697
ENSG00000175787,2.213899974169994
ENSG00000232063,0.23317738337940733
ENSG00000148110,-0.28448265166846204
ENSG00000286850,NaN
ENSG00000231806,NaN
ENSG00000130957,NaN
ENSG00000165140,-1.1691373692976412
ENSG00000288023,1.1756376310577437
ENSG00000148120,1.8115563100005883
ENSG00000230815,NaN
ENSG00000224764,-2.698416253607839
ENSG00000285807,-0.6128484950361806
ENSG00000158169,3.422761825695919
ENSG00000185920,0.7399978176763761
ENSG00000271314,NaN
ENSG00000271155,0.418723861424233
ENSG00000175611,0.9971148530907072
ENSG00000182150,0.23829321603741188
ENSG00000225194,-0.2680604524389551
ENSG00000237212,NaN
ENSG00000275465,NaN
ENSG00000130948,0.8485796352088968
ENSG00000130958,0.7492676769219935
ENSG00000165244,3.1598626095393825
ENSG00000286835,-0.6960865078435473
ENSG00000287302,NaN
ENSG00000130956,1.6306825787898331
ENSG00000081377,11.530412421504563
ENSG00000158122,-1.0087244710450667
ENSG00000224848,2.4707411282559284
ENSG00000081386,-0.9018532082243114
ENSG00000196597,-0.1296957969735091
ENSG00000290770,0.48051670829407
ENSG00000188152,-0.4460232478609194
ENSG00000136943,0.37949723627734955
ENSG00000203279,3.4066704432419215
ENSG00000235494,NaN
ENSG00000197816,-0.8623109345401745
ENSG00000286375,0.19084759451750508
ENSG00000196116,1.496279874606801
ENSG00000136842,-0.20085071696823925
ENSG00000136925,1.1998471880610386
ENSG00000136937,-1.2588105721776837
ENSG00000231521,-0.7392389936550144
ENSG00000136936,0.017681194202600666
ENSG00000236130,-1.2571085361293333
ENSG00000136932,2.8283982708699185
ENSG00000287070,-0.03901309047312329
ENSG00000136929,20.36600372462084
ENSG00000136938,-1.0318053623165135
ENSG00000095380,-0.2595986438594006
ENSG00000106785,-0.3656590108965067
ENSG00000106789,2.102113593830243
ENSG00000095383,-0.2715494503835993
ENSG00000136928,0.220839119020017
ENSG00000165138,-0.0928014755925156
ENSG00000119514,0.46719362291852146
ENSG00000267026,0.6749137951573544
ENSG00000204291,NaN
ENSG00000106799,1.8527343638166383
ENSG00000119523,-1.4888651959113224
ENSG00000106803,-0.42339721256421675
ENSG00000237461,0.12374297110331556
ENSG00000255145,-0.9511002584331264
ENSG00000234860,1.1041867050824619
ENSG00000119508,3.0316829520699082
ENSG00000136874,0.854698602150589
ENSG00000254571,-0.22122650368147379
ENSG00000023318,-0.9457316183689446
ENSG00000119509,4.020239120455079
ENSG00000136891,1.5955554333396482
ENSG00000066697,12.393403357887786
ENSG00000241697,-0.4672808499684539
ENSG00000170681,NaN
ENSG00000148123,NaN
ENSG00000136881,4.303508154043007
ENSG00000136897,-1.412966212574299
ENSG00000136870,-1.5338969015199158
ENSG00000136872,NaN
ENSG00000165152,-0.50610343258123
ENSG00000155827,-0.45079725979525687
ENSG00000198785,-0.6380278882628222
ENSG00000225564,NaN
ENSG00000270332,3.8871957249318836
ENSG00000136824,0.10197839363221792
ENSG00000136783,-1.0607926589779522
ENSG00000165028,-0.4710477833406462
ENSG00000165029,6.612362703372472
ENSG00000226334,NaN
ENSG00000230013,-1.3400989970448796
ENSG00000286536,-1.572750603147901
ENSG00000070214,3.2105284446960587
ENSG00000289227,-1.3790911941610462
ENSG00000106701,0.8870132194937714
ENSG00000106692,0.4391098831613133
ENSG00000186051,NaN
ENSG00000095209,-0.23169219215438117
ENSG00000234323,20.984513217708052
ENSG00000148143,13.082103825383616
ENSG00000119318,-0.6235632534555972
ENSG00000226825,-2.511053585438144
ENSG00000136826,7.132028461115853
ENSG00000289987,-0.8013486387756723
ENSG00000230030,NaN
ENSG00000070061,-0.16836346182877815
ENSG00000119328,-0.5694875200720845
ENSG00000119326,4.88315779721917
ENSG00000106771,0.6893588066809153
ENSG00000260230,-2.647995737323547
ENSG00000070159,8.889576424951521
ENSG00000157654,9.323809008988311
ENSG00000188959,3.010553737523865
ENSG00000136810,-0.7904550644241383
ENSG00000204193,8.071309939629362
ENSG00000165124,-1.6463191966848518
ENSG00000232896,NaN
ENSG00000030304,0.3587974274799537
ENSG00000198121,6.208362064451519
ENSG00000227531,2.511608622181428
ENSG00000136813,-0.07339228266699081
ENSG00000173258,1.222895711595921
ENSG00000106853,1.8411152363086114
ENSG00000290837,-0.81109615737148
ENSG00000059769,1.0894043891646639
ENSG00000242616,-1.3699070967429512
ENSG00000165181,0.07050989819241137
ENSG00000148154,7.3400487176012845
ENSG00000259953,-1.3086280937993124
ENSG00000106868,2.0979082105229714
ENSG00000119314,-1.3047971243468286
ENSG00000119471,1.4006101354635343
ENSG00000230185,0.9773160690153836
ENSG00000165185,3.0060650491251697
ENSG00000148153,-1.3608324542057828
ENSG00000148158,0.7751124903991425
ENSG00000119457,-0.7320819958291734
ENSG00000271631,19.772706325366585
ENSG00000228623,0.6472149260659961
ENSG00000136866,0.7013984216927789
ENSG00000231528,-3.334490427435016
ENSG00000136867,-0.13966752761528778
ENSG00000119321,1.1375205736364231
ENSG00000136868,0.11142578310635125
ENSG00000176386,-1.6666318885350784
ENSG00000136875,-1.4377815591975203
ENSG00000148225,2.320325652677394
ENSG00000119411,-0.9878322878891649
ENSG00000119431,-0.4757634066763859
ENSG00000148218,-1.6376233840037973
ENSG00000148229,-0.5256678150961646
ENSG00000157653,-0.9456463891955375
ENSG00000138835,2.8643833737015436
ENSG00000237073,NaN
ENSG00000227482,NaN
ENSG00000157657,0.08289131001370083
ENSG00000106927,NaN
ENSG00000229314,NaN
ENSG00000228278,NaN
ENSG00000106948,0.266044078835805
ENSG00000235119,-0.8832717190283375
ENSG00000095397,0.049319131427684806
ENSG00000136888,-1.400858735408137
ENSG00000157693,7.382252924255831
ENSG00000230054,-0.5965851154987764
ENSG00000230601,11.559836962637524
ENSG00000173077,5.509027587910806
ENSG00000106952,0.5584159964433963
ENSG00000041982,0.1885652926544625
ENSG00000236461,NaN
ENSG00000228714,NaN
ENSG00000182752,-0.1324719232004688
ENSG00000244757,NaN
ENSG00000256040,NaN
ENSG00000148219,3.2229608006484867
ENSG00000229105,-0.3850490392253356
ENSG00000119401,-0.824359897264742
ENSG00000285820,3.498525776986554
ENSG00000136869,0.5129241924727547
ENSG00000284977,0.6860232688520786
ENSG00000231901,NaN
ENSG00000078725,0.731117974052099
ENSG00000136861,1.9005625225289982
ENSG00000106780,6.0241911602797895
ENSG00000119402,-1.279423047255068
ENSG00000214654,-1.3405567873192665
ENSG00000095261,0.164444579714263
ENSG00000119403,2.2107121760719703
ENSG00000056558,7.371901828222536
ENSG00000106804,1.2476033805753501
ENSG00000119397,-0.25818933960896345
ENSG00000119396,-1.0483445674874257
ENSG00000148180,12.218536407516657
ENSG00000235865,NaN
ENSG00000148175,2.772126184095617
ENSG00000227355,8.834615270471486
ENSG00000204136,21.362581742952877
ENSG00000136848,-1.0661835554823553
ENSG00000175764,3.334228986454727
ENSG00000119421,-1.9860893658286056
ENSG00000106852,NaN
ENSG00000119446,0.9995724870066759
ENSG00000148187,-0.36203737796244717
ENSG00000095303,88.3601195244197
ENSG00000269970,41.86835186235265
ENSG00000234156,-0.46757837346807263
ENSG00000171496,NaN
ENSG00000280094,NaN
ENSG00000171459,NaN
ENSG00000136940,-1.1195325482405822
ENSG00000056586,-0.6921129060310288
ENSG00000186130,-0.5873337610340573
ENSG00000171448,0.1084516383177228
ENSG00000261094,-1.4325455827451994
ENSG00000011454,0.1809555727612242
ENSG00000236901,5.290095441204394
ENSG00000165209,8.586224047797284
ENSG00000148204,7.363293027750208
ENSG00000119522,1.231043220855444
ENSG00000230826,-1.748893376527207
ENSG00000106689,NaN
ENSG00000119408,-0.4031072511923305
ENSG00000235204,NaN
ENSG00000136930,-1.8912107581299236
ENSG00000136931,1.630650984154182
ENSG00000231149,NaN
ENSG00000148200,4.7447061758734925
ENSG00000224020,6.063484866028296
ENSG00000236643,NaN
ENSG00000185585,0.05577424078562909
ENSG00000136942,-1.144309872807372
ENSG00000136950,-0.26974869160718834
ENSG00000289285,-1.6315739813931156
ENSG00000136935,0.22958938834743672
ENSG00000173611,3.2560618498600684
ENSG00000119414,-0.6830649238259247
ENSG00000136933,1.0919799800063654
ENSG00000044574,-0.5458714016253522
ENSG00000239705,0.24499317240493776
ENSG00000165219,-0.7134456191942767
ENSG00000119487,-0.8522111089864685
ENSG00000227068,NaN
ENSG00000229582,-0.8941426829239256
ENSG00000167081,3.0260104943455604
ENSG00000196814,0.5145557929026936
ENSG00000226078,NaN
ENSG00000224842,NaN
ENSG00000136944,NaN
ENSG00000169155,-0.05167038249601964
ENSG00000288995,-0.6994137528575098
ENSG00000177125,1.7654588485917484
ENSG00000136828,2.616666233285692
ENSG00000136895,1.4766458095703274
ENSG00000271833,-2.23099655072625
ENSG00000136856,0.6039151696729897
ENSG00000196152,-0.26712242978089834
ENSG00000197958,-1.035661355063956
ENSG00000148356,0.2502837004719952
ENSG00000136830,-1.0667372691497268
ENSG00000136854,-0.4043422155981034
ENSG00000279571,1.3224774795998866
ENSG00000187024,-0.9822906200110044
ENSG00000160401,1.84197399543097
ENSG00000167094,2.782270657313091
ENSG00000160404,-1.7131529844532494
ENSG00000095370,-0.13963223563208307
ENSG00000286196,0.6034921474701226
ENSG00000136807,1.003474862071229
ENSG00000136877,-1.3071213445812209
ENSG00000106991,1.25840989745901
ENSG00000225032,0.2708192849447094
ENSG00000106992,10.268208233589121
ENSG00000160408,0.015462288398401908
ENSG00000136840,-0.9830756141075389
ENSG00000167103,1.5865199380517843
ENSG00000227218,-0.9398902847293541
ENSG00000136908,4.608494383826549
ENSG00000167106,0.8990419180437065
ENSG00000230848,NaN
ENSG00000171169,-1.0152901318922156
ENSG00000148339,1.555197990348178
ENSG00000230536,0.3971292575393158
ENSG00000234771,3.275536678517463
ENSG00000148334,-1.4403793338318385
ENSG00000232850,0.6568769906105262
ENSG00000148346,43.56162360097663
ENSG00000171159,1.53289046611861
ENSG00000148337,0.2806062760112822
ENSG00000106976,11.366766554228931
ENSG00000167110,5.8184777044294345
ENSG00000175854,7.009770839111559
ENSG00000167112,0.18023512173928002
ENSG00000272696,-0.2525172369040715
ENSG00000167113,-1.299400968918712
ENSG00000167114,2.1633598174279394
ENSG00000167118,-0.8911329388288319
ENSG00000167123,3.1690265656449106
ENSG00000273186,NaN
ENSG00000136811,0.016131549513538977
ENSG00000225951,NaN
ENSG00000119392,-0.48147531663905757
ENSG00000228395,-0.5739638253665701
ENSG00000197694,0.7087541621539595
ENSG00000280474,1.1234081012056152
ENSG00000280758,NaN
ENSG00000119333,-0.3692604775561698
ENSG00000234705,1.7378737031644884
ENSG00000119335,-1.0911385920074477
ENSG00000160447,0.2819811435822209
ENSG00000160446,-1.2654321289886798
ENSG00000223478,-1.154458473100931
ENSG00000160445,-0.5106611496142068
ENSG00000107021,-0.59576676501462
ENSG00000167136,-1.5036075655050423
ENSG00000198917,-1.3897903161196046
ENSG00000171097,3.745717445541676
ENSG00000136802,0.6298046490422371
ENSG00000175287,2.4050614012072113
ENSG00000175283,-0.887069759755553
ENSG00000095319,-0.8866519064291833
ENSG00000267834,NaN
ENSG00000148341,2.3814723051123603
ENSG00000148343,3.4511639752702887
ENSG00000287234,0.8356936903451664
ENSG00000167130,-0.9963812197078588
ENSG00000095321,39.11223764915213
ENSG00000234055,NaN
ENSG00000119383,-1.2994140825265998
ENSG00000268707,NaN
ENSG00000188483,0.039263062192115485
ENSG00000204055,2.250395496188451
ENSG00000224307,0.1914608497103868
ENSG00000179082,-1.7142492100101392
ENSG00000233901,-1.2622953932587724
ENSG00000230676,NaN
ENSG00000204054,-0.8393246977459636
ENSG00000261334,NaN
ENSG00000227619,-1.0191160844815679
ENSG00000148335,-1.4099961156081977
ENSG00000179058,NaN
ENSG00000148331,-1.6158003494877062
ENSG00000136816,-0.4733227794276943
ENSG00000136827,-1.2641066021904335
ENSG00000136819,-0.18505752360223035
ENSG00000136878,4.546711787289707
ENSG00000288956,-1.6155695825034697
ENSG00000187239,-0.8011387843243958
ENSG00000288924,-0.9569607833801527
ENSG00000230684,-0.9254861183526352
ENSG00000270755,-1.332391106426663
ENSG00000289226,1.7931238974583057
ENSG00000148358,-0.5530417807158038
ENSG00000196979,NaN
ENSG00000107130,-0.44565384672079167
ENSG00000148357,1.1950196001207256
ENSG00000130707,NaN
ENSG00000107164,-0.7346161769946896
ENSG00000130711,1.2392521418744789
ENSG00000130713,0.4289421687410704
ENSG00000097007,3.0245014193302597
ENSG00000188710,NaN
ENSG00000050555,2.0141750691416918
ENSG00000126878,NaN
ENSG00000126883,-0.6353499893391956
ENSG00000236986,-0.6543632498674248
ENSG00000246851,-0.686760844583029
ENSG00000288727,4.622045522033641
ENSG00000126882,-1.4423088428064634
ENSG00000286547,0.30926034568900285
ENSG00000160539,-1.7753947643960355
ENSG00000289000,1.1727719570776545
ENSG00000288701,-0.4119513686837919
ENSG00000176868,2.5651301918901743
ENSG00000130714,-0.7960091426947866
ENSG00000230289,0.5028735485510871
ENSG00000130717,-1.465599877811126
ENSG00000107263,-0.12075907912956908
ENSG00000160563,0.8095614673297616
ENSG00000196358,3.281565365321551
ENSG00000107290,-0.01898185276233093
ENSG00000125482,0.024698257414354528
ENSG00000188523,-0.45431038413443425
ENSG00000125485,-0.13117553294469123
ENSG00000125484,-1.6173759556009755
ENSG00000165695,1.7553621140468936
ENSG00000165698,-1.6277063093400308
ENSG00000165699,0.9458827709115417
ENSG00000165702,29.47416265368537
ENSG00000288989,0.5810535750822517
ENSG00000148308,2.2686762663198574
ENSG00000170835,7.487812467942524
ENSG00000290769,NaN
ENSG00000160271,1.9470610019987282
ENSG00000148288,-0.5086646976816548
ENSG00000175164,38.08241480452244
ENSG00000148296,-0.20994289323659138
ENSG00000148297,2.770600635102308
ENSG00000148303,-1.151526709530428
ENSG00000148290,-0.22703923150860103
ENSG00000148291,-1.6040515620462978
ENSG00000148248,-0.5010115686345271
ENSG00000198870,-0.8170846404734817
ENSG00000148300,-1.18133273555445
ENSG00000160323,-0.6560222090018712
ENSG00000160325,-0.38872849929767
ENSG00000160326,0.03127924062424074
ENSG00000197859,NaN
ENSG00000123454,0.9233683330867621
ENSG00000225756,6.718447765425916
ENSG00000123453,0.9816325252036682
ENSG00000160293,1.0539527664046453
ENSG00000235106,-0.5850699863197754
ENSG00000169925,1.6188192869260387
ENSG00000273249,-0.7734425370682152
ENSG00000196363,-0.3466129292662017
ENSG00000186350,1.6385395937526037
ENSG00000130635,-0.21547264590931078
ENSG00000085265,5.825588609090626
ENSG00000236403,-0.4480922171752056
ENSG00000130558,0.9990946572594402
ENSG00000227958,0.9876573483019438
ENSG00000225361,2.267748031615836
ENSG00000196422,-2.641765189015092
ENSG00000160345,-0.2168382044909193
ENSG00000122140,-0.01852130606229649
ENSG00000130559,-0.6170580473727639
ENSG00000238058,0.03895285298780213
ENSG00000130560,-0.6633589780650647
ENSG00000148411,1.5158284912171092
ENSG00000260193,-1.1892842355417603
ENSG00000238227,-1.610642891530278
ENSG00000275329,NaN
ENSG00000165661,-0.10121434965729577
ENSG00000260220,1.0783651424121306
ENSG00000160360,-1.5092857647212299
ENSG00000213221,-1.3955023752306548
ENSG00000187796,-1.5561297071206261
ENSG00000165684,-1.199390236734662
ENSG00000165689,-0.910930149252504
ENSG00000165688,-1.2982630834989788
ENSG00000148384,-1.0732147131690666
ENSG00000148396,-1.6699452979713705
ENSG00000196366,1.0877725662506483
ENSG00000148400,0.09408402911928125
ENSG00000237886,-2.5252702472953223
ENSG00000279141,NaN
ENSG00000228401,NaN
ENSG00000172889,36.68300363386513
ENSG00000169692,-0.7947203485185136
ENSG00000165716,0.8874859501435881
ENSG00000233016,0.30728139762377615
ENSG00000187922,1.573225666299473
ENSG00000204001,NaN
ENSG00000244187,2.0583479957863933
ENSG00000213213,-0.5013523440989796
ENSG00000228544,-1.335293901112846
ENSG00000196642,-0.8652573654912197
ENSG00000232434,0.6586623227642776
ENSG00000054148,-1.5966493522579472
ENSG00000288873,NaN
ENSG00000177943,-1.063940316482907
ENSG00000107223,-1.3510450864507613
ENSG00000127191,0.2850025766676716
ENSG00000260190,0.11918742048175154
ENSG00000159069,2.431419605085836
ENSG00000176919,NaN
ENSG00000184925,-2.2884397968379107
ENSG00000107317,37.02038515975886
ENSG00000214402,0.31439969130034867
ENSG00000148362,0.06750387433881223
ENSG00000169583,12.24086638963344
ENSG00000107331,0.4690996300042728
ENSG00000180539,-1.5398409364751329
ENSG00000180549,1.1399360183589058
ENSG00000107281,3.840686064834037
ENSG00000186193,-2.088378230188461
ENSG00000197355,-1.668433344338631
ENSG00000268996,1.6107315517275111
ENSG00000177239,-0.07095282851976024
ENSG00000176978,-1.0581994898151368
ENSG00000176884,NaN
ENSG00000184709,4.600804107383593
ENSG00000185863,NaN
ENSG00000176248,-0.8765242032348746
ENSG00000176101,-1.6197749841867914
ENSG00000176058,-1.039512290582257
ENSG00000187713,-1.804074407553306
ENSG00000188566,-0.9952303303109191
ENSG00000212864,60.70970117548892
ENSG00000188229,3.7356077264995013
ENSG00000188163,0.3051817762181857
ENSG00000275549,NaN
ENSG00000188986,0.7390954752066665
ENSG00000198113,0.38132973253156877
ENSG00000198435,-1.116680213299632
ENSG00000187609,3.853060724641353
ENSG00000188747,-1.2818035715908156
ENSG00000165802,-1.1237227757118904
ENSG00000130653,1.2701139987062782
ENSG00000182154,-0.20644500997788037
ENSG00000148399,-0.8494175019287106
ENSG00000165724,-0.08560237887534122
ENSG00000197070,0.8344999364028749
ENSG00000203993,-0.6760524795569526
ENSG00000181090,-0.43559841172201297
ENSG00000148408,-0.4108074404634442
ENSG00000290588,NaN
ENSG00000237419,NaN
ENSG00000290585,9.396119982601705
ENSG00000015171,0.3753480806050265
ENSG00000151240,1.076577928233385
ENSG00000233021,NaN
ENSG00000107929,-1.2653597117564557
ENSG00000229869,0.9516002612039177
ENSG00000205740,-1.4881515232543343
ENSG00000107937,-1.1269032108937556
ENSG00000148377,-0.6783321191137965
ENSG00000232656,-0.17654556449959152
ENSG00000067064,-0.1041498292475877
ENSG00000047056,0.47957004896894445
ENSG00000229205,0.3273479552859598
ENSG00000185736,-0.4829652115830147
ENSG00000287653,NaN
ENSG00000235281,NaN
ENSG00000273001,NaN
ENSG00000067057,0.23136494363437302
ENSG00000107959,-0.2886478103779747
ENSG00000237399,2.430283844951962
ENSG00000233321,-0.16398408717828827
ENSG00000289994,NaN
ENSG00000229672,NaN
ENSG00000228353,NaN
ENSG00000067082,0.6914928533238786
ENSG00000288755,-0.8214398312756465
ENSG00000287175,0.3422701476201338
ENSG00000227101,NaN
ENSG00000236990,-1.4531350494684085
ENSG00000287023,NaN
ENSG00000165568,-1.2948978757354987
ENSG00000187134,0.2059382503909848
ENSG00000151632,-0.8103459005968732
ENSG00000196139,3.8356061900978675
ENSG00000264006,3.3831279910512735
ENSG00000231039,NaN
ENSG00000224034,NaN
ENSG00000291045,0.08569001668943421
ENSG00000173848,0.15591510058572394
ENSG00000205488,NaN
ENSG00000287566,NaN
ENSG00000287235,0.38306217784281266
ENSG00000196372,-1.6252524539770679
ENSG00000108021,0.10451662668584501
ENSG00000226647,1.4262166887143601
ENSG00000057608,-0.7123009314307368
ENSG00000272764,-0.14139640120835445
ENSG00000134461,0.028915450612384562
ENSG00000134452,-0.15604352508061384
ENSG00000232807,-0.7858189629246619
ENSG00000134470,0.0054546740523936516
ENSG00000134460,8.23640982355233
ENSG00000229664,3.09687555463736
ENSG00000134453,-1.3436366873868197
ENSG00000170525,1.2827486777738488
ENSG00000213994,-1.1568766411000926
ENSG00000215244,1.6881492131075222
ENSG00000212743,3.9476748028959197
ENSG00000065675,3.990584790818929
ENSG00000288915,16.885748826407088
ENSG00000237943,2.5734275092049788
ENSG00000225948,-0.850586685760404
ENSG00000238266,NaN
ENSG00000287277,9.23809311502483
ENSG00000291288,NaN
ENSG00000198879,1.5196158641162665
ENSG00000289239,NaN
ENSG00000232591,-18.93679455406004
ENSG00000123243,3.90973950081293
ENSG00000151655,0.1294226719385103
ENSG00000151657,0.3830079268586237
ENSG00000165629,-1.1763727535235202
ENSG00000165632,0.17722853135297575
ENSG00000107485,9.46560077692363
ENSG00000197308,1.0686454831657324
ENSG00000226990,1.3563797983107038
ENSG00000234752,NaN
ENSG00000270111,NaN
ENSG00000225383,NaN
ENSG00000048740,-1.0698977137932886
ENSG00000230322,NaN
ENSG00000181800,NaN
ENSG00000148429,3.1740888651713317
ENSG00000271046,-0.9077597990999686
ENSG00000134463,-2.1401034743052096
ENSG00000148426,7.1472298598095
ENSG00000225778,0.19378490443798582
ENSG00000151461,-0.7871437291653088
ENSG00000181192,1.091699975248072
ENSG00000065665,0.8517280135297798
ENSG00000165609,-0.6903228648018597
ENSG00000151465,-0.6418519579999328
ENSG00000228302,-0.6955549521930764
ENSG00000183049,0.5786988176169482
ENSG00000285994,0.9854624087713587
ENSG00000285520,NaN
ENSG00000151468,-0.7919374241931024
ENSG00000123240,2.2873176464097074
ENSG00000065328,14.0265958803099
ENSG00000107537,-0.9857611395403337
ENSG00000086475,-0.5507326279719638
ENSG00000289585,-0.8540681205477578
ENSG00000233256,NaN
ENSG00000165626,-0.752854641633082
ENSG00000165630,-0.746723108922577
ENSG00000151474,3.6935551954845103
ENSG00000273474,0.2398201502982418
ENSG00000234091,NaN
ENSG00000229751,9.580445319728923
ENSG00000065809,0.19895259687115863
ENSG00000236495,NaN
ENSG00000185267,0.35453237128913795
ENSG00000284024,1.1550751562665498
ENSG00000187522,-0.6020389510951863
ENSG00000272853,-1.2559585905592963
ENSG00000152455,1.438358522655228
ENSG00000152457,-0.5826856814038838
ENSG00000197889,-0.9033526913420613
ENSG00000152463,NaN
ENSG00000176244,-2.731215135869742
ENSG00000176236,-2.2059110747957904
ENSG00000152464,-0.14793047801511044
ENSG00000152465,2.2647733482930485
ENSG00000148468,0.8274220651803879
ENSG00000232739,NaN
ENSG00000077943,-0.6616483944686058
ENSG00000148481,-0.030881818124676146
ENSG00000226140,NaN
ENSG00000165983,0.8622983186696684
ENSG00000165985,-0.1363923793049269
ENSG00000287925,0.43684606788448044
ENSG00000148484,5.757530096992458
ENSG00000225213,NaN
ENSG00000107611,1.9434488641623369
ENSG00000107614,-0.36562206499778027
ENSG00000229124,6.078851152486112
ENSG00000026025,0.6846754649153726
ENSG00000234961,-1.1918124312777671
ENSG00000148488,7.62273861251417
ENSG00000204832,0.2926012139267154
ENSG00000165996,0.2094593109508897
ENSG00000260589,-0.6851775514147553
ENSG00000136738,3.643609462617298
ENSG00000229190,NaN
ENSG00000148483,1.1595316352770406
ENSG00000260314,-2.2169726446689575
ENSG00000165995,0.9489220991382115
ENSG00000235020,NaN
ENSG00000240291,2.557670039010484
ENSG00000225527,NaN
ENSG00000241058,3.1302259571858366
ENSG00000165997,-0.2398743506259868
ENSG00000204740,-0.05605843810036095
ENSG00000233968,4.746566091774733
ENSG00000285852,43.712833458512605
ENSG00000120594,5.4636861863683155
ENSG00000238246,2.764837186898648
ENSG00000287613,-3.375643361413895
ENSG00000078114,0.46207094654732794
ENSG00000180592,3.2397523674067936
ENSG00000078403,0.5194448502383348
ENSG00000286881,NaN
ENSG00000289528,-0.6288522829083532
ENSG00000136770,2.7096026866174188
ENSG00000279623,-1.2947894113208736
ENSG00000286832,NaN
ENSG00000261671,NaN
ENSG00000148444,-1.0937255592135096
ENSG00000168283,0.34100597270264377
ENSG00000272516,NaN
ENSG00000271981,NaN
ENSG00000272366,-0.6509690623368859
ENSG00000077327,-0.346905179875035
ENSG00000150867,0.5971943480750788
ENSG00000165309,23.574451063966773
ENSG00000286924,6.653496794545784
ENSG00000148450,-1.2502600173034768
ENSG00000287124,4.549357166459309
ENSG00000165312,1.788528536359231
ENSG00000120549,-1.8957206102073902
ENSG00000107863,5.038368303143041
ENSG00000099256,0.8032887813746825
ENSG00000273107,NaN
ENSG00000151023,30.56344073112483
ENSG00000185875,-0.5571902941227552
ENSG00000231422,NaN
ENSG00000151025,1.102541611138325
ENSG00000280809,NaN
ENSG00000095777,-1.0245508801861396
ENSG00000136750,NaN
ENSG00000289350,NaN
ENSG00000077420,-0.9285735116486074
ENSG00000290444,-0.29399271839151286
ENSG00000148459,2.01024315382569
ENSG00000136754,-0.4288072918456173
ENSG00000290706,NaN
ENSG00000107890,1.183034651745669
ENSG00000136758,0.2498516238170371
ENSG00000120539,1.1838606761605066
ENSG00000107897,0.6294009398175525
ENSG00000262412,12.489185364076093
ENSG00000290843,0.9217976346682111
ENSG00000099246,-0.9425139239834779
ENSG00000285737,1.8597444145758646
ENSG00000150051,-0.767668272046138
ENSG00000169126,26.863288357987702
ENSG00000233472,NaN
ENSG00000150054,0.8581578501389919
ENSG00000286413,-0.6704942965194488
ENSG00000282996,-0.056271466230341786
ENSG00000237128,-2.1428368089552876
ENSG00000254635,-0.10124886507653778
ENSG00000095787,-0.7838249800968049
ENSG00000095739,8.361008741010464
ENSG00000232624,0.8349406256855625
ENSG00000287402,NaN
ENSG00000291093,-0.4603084718078608
ENSG00000197321,2.68037807337277
ENSG00000165757,0.40007780325949
ENSG00000259994,0.6895344865996101
ENSG00000107951,-0.5966723828711695
ENSG00000285824,2.259591717316613
ENSG00000289874,-0.10331037988810468
ENSG00000107968,0.3023399127243889
ENSG00000289898,1.1535780960433888
ENSG00000287420,0.32979254430271054
ENSG00000183621,2.7583225364774235
ENSG00000272914,NaN
ENSG00000287564,1.3999528761544264
ENSG00000272381,0.1965794541367018
ENSG00000237036,0.32404575989311374
ENSG00000148516,2.157207057516427
ENSG00000286694,NaN
ENSG00000237797,-1.3324836386509014
ENSG00000289412,-0.5653610658158941
ENSG00000165322,0.920791131979492
ENSG00000170759,-1.6200200755233984
ENSG00000120616,-0.07303768013015051
ENSG00000226842,NaN
ENSG00000233825,-1.5957100129304835
ENSG00000229327,-0.11001792104127454
ENSG00000286409,0.8957821608606515
ENSG00000216937,4.534398405422278
ENSG00000150093,5.858375918294472
ENSG00000229656,0.5393133407342916
ENSG00000233387,4.112382896865736
ENSG00000099250,17.65769993827862
ENSG00000203565,NaN
ENSG00000223470,NaN
ENSG00000148498,14.882098413343952
ENSG00000108094,0.025265612386365342
ENSG00000230534,NaN
ENSG00000095794,1.3811924119531103
ENSG00000108100,-0.19283076921225553
ENSG00000271335,0.11155806853053923
ENSG00000287945,-0.8147571288663856
ENSG00000273312,NaN
ENSG00000177283,NaN
ENSG00000238176,NaN
ENSG00000226578,NaN
ENSG00000198105,1.6993058883431398
ENSG00000236514,0.42451508153739487
ENSG00000175395,-0.33439500609359535
ENSG00000189180,0.1508673171004882
ENSG00000075407,0.39676331291297456
ENSG00000272983,NaN
ENSG00000290439,-0.8448063506808102
ENSG00000291056,2.988462755919919
ENSG00000290535,0.5282114205301756
ENSG00000203496,NaN
ENSG00000291065,4.026633102532551
ENSG00000290445,NaN
ENSG00000185904,NaN
ENSG00000196693,1.066001923872376
ENSG00000285884,17.92204813151233
ENSG00000259869,NaN
ENSG00000165733,-1
ENSG00000165731,NaN
ENSG00000273008,-0.6011843789785669
ENSG00000169826,-0.05870250214127094
ENSG00000198915,3.1235068553071166
ENSG00000285712,NaN
ENSG00000169813,-1.3337315394869718
ENSG00000230555,-0.5812700278622385
ENSG00000243660,-0.29084961388776986
ENSG00000196793,-0.20527172154422954
ENSG00000287852,NaN
ENSG00000198298,-0.7903491538327181
ENSG00000223910,NaN
ENSG00000169740,-1.31381102915696
ENSG00000226808,NaN
ENSG00000287901,NaN
ENSG00000224812,-0.7619004996443636
ENSG00000223462,NaN
ENSG00000273363,-0.01576921230990445
ENSG00000107551,0.4728689356485956
ENSG00000165511,NaN
ENSG00000165512,-1.043670050273176
ENSG00000227683,NaN
ENSG00000256574,NaN
ENSG00000012779,1.9262250056006278
ENSG00000231964,0.019889173964056473
ENSG00000165406,0.3299896018827785
ENSG00000172671,0.923231816227251
ENSG00000290460,1.2392921109340025
ENSG00000172661,-0.6554103801531619
ENSG00000188234,0.21525035046216304
ENSG00000290921,1.3517842014482102
ENSG00000265354,-0.9966009189194286
ENSG00000266412,26.18199631683346
ENSG00000289092,-0.8455424968429882
ENSG00000274209,NaN
ENSG00000204175,1.562494156072209
ENSG00000231187,-1.3090715747271195
ENSG00000229227,NaN
ENSG00000290913,-1.7098573432399344
ENSG00000290874,NaN
ENSG00000290875,0.82654301498372
ENSG00000291069,-0.4099290786408161
ENSG00000204179,-0.5568079300352411
ENSG00000289299,-0.9702860516738598
ENSG00000266524,NaN
ENSG00000224919,-0.667459871373281
ENSG00000204172,-0.027948858361571686
ENSG00000290453,-0.8213156301294741
ENSG00000277758,-1.052526527398784
ENSG00000276850,NaN
ENSG00000290898,-0.2647993950298862
ENSG00000290899,-1.1026861683706075
ENSG00000170324,NaN
ENSG00000107643,2.0622517461517704
ENSG00000128805,0.6935040558262604
ENSG00000236800,2.7608432538545946
ENSG00000128815,7.794820569976509
ENSG00000286993,3.8619038605737086
ENSG00000241577,-0.6434198881200089
ENSG00000165383,NaN
ENSG00000233665,NaN
ENSG00000226576,NaN
ENSG00000165633,-0.27132072538057556
ENSG00000204161,-0.7733993088553851
ENSG00000235939,-0.7239324316469666
ENSG00000225830,-0.19622353468510254
ENSG00000227345,-0.37221962404126074
ENSG00000204152,2.0083798183463992
ENSG00000285803,0.07833205930531319
ENSG00000204149,0.19364345069162603
ENSG00000290956,0.4301947522896017
ENSG00000099290,-0.7686862002972203
ENSG00000188611,NaN
ENSG00000198964,0.2716663393511799
ENSG00000286401,2.125273216375023
ENSG00000226200,-1.053662543303424
ENSG00000204147,23.399153795844637
ENSG00000185532,2.8532695013835845
ENSG00000289270,NaN
ENSG00000177613,-1.614679058985148
ENSG00000236671,NaN
ENSG00000231131,4.1677386107373895
ENSG00000227121,NaN
ENSG00000150275,-0.9433879994149693
ENSG00000122952,-1.1330216238162385
ENSG00000287016,1.082589578675927
ENSG00000151151,0.44513052025789857
ENSG00000122873,-1.4091699191813134
ENSG00000072401,1.1062742185175312
ENSG00000108064,-1.0985928492086587
ENSG00000122870,3.3016118204432354
ENSG00000237949,NaN
ENSG00000148541,-1.137686031224435
ENSG00000235140,NaN
ENSG00000227877,NaN
ENSG00000108091,1.7812162354458096
ENSG00000151150,8.562693858864813
ENSG00000232682,-0.44795904894837646
ENSG00000254271,NaN
ENSG00000170312,5.1444343695601304
ENSG00000072422,9.31466789389887
ENSG00000289989,NaN
ENSG00000227244,0.21284235705915674
ENSG00000196932,NaN
ENSG00000150347,4.341582460411276
ENSG00000182010,12.076246502595074
ENSG00000234756,NaN
ENSG00000288011,NaN
ENSG00000138311,2.9148294551564526
ENSG00000285551,7.560033655505427
ENSG00000238280,0.05587978324571708
ENSG00000181915,-1.5000822200356916
ENSG00000122877,-0.6513107503845754
ENSG00000148572,-1.2553741743427922
ENSG00000171988,-0.46676060501943617
ENSG00000272767,NaN
ENSG00000165476,0.5633073955641279
ENSG00000286373,1.052002986573362
ENSG00000228566,1.4819664789765294
ENSG00000224714,NaN
ENSG00000228065,NaN
ENSG00000183230,3.5513062919132237
ENSG00000273360,NaN
ENSG00000198739,1.412238581324222
ENSG00000108176,2.3893763111326294
ENSG00000272892,0.3096057288436868
ENSG00000096717,-0.023497694482090374
ENSG00000148634,0.020627206781089036
ENSG00000138347,-1.1107285880227074
ENSG00000179774,NaN
ENSG00000108187,-1.1230096746543572
ENSG00000096746,-1.1437133823671648
ENSG00000204130,0.8558302050550861
ENSG00000138346,3.0033892570519267
ENSG00000122912,0.2280205526118347
ENSG00000138336,2.480406982294732
ENSG00000260400,-0.8075840363052406
ENSG00000060339,-0.6956453445793095
ENSG00000165730,-0.8820387491624704
ENSG00000107625,0.3542368157578502
ENSG00000165732,-1.1125660396059094
ENSG00000198954,-0.750377367020482
ENSG00000122862,1.4633681112835266
ENSG00000122958,0.33958817915613154
ENSG00000156502,0.3647886476851836
ENSG00000229261,NaN
ENSG00000156510,-0.24384407450248385
ENSG00000156515,0.31674488301401366
ENSG00000075073,-0.9768985196588249
ENSG00000099282,3.1253488393596265
ENSG00000287306,6.609203326336034
ENSG00000236154,NaN
ENSG00000171224,-1.1266398393788934
ENSG00000197467,5.728414533108158
ENSG00000289193,NaN
ENSG00000099284,-0.20100736043820397
ENSG00000042286,-0.7433231158944738
ENSG00000156521,-0.3903269974541321
ENSG00000079332,-0.846168686726418
ENSG00000180817,-1.2349139181318642
ENSG00000148734,4.260066607248557
ENSG00000172731,-0.3857666345869718
ENSG00000148730,-1.3458073409980111
ENSG00000156574,-0.903998730076376
ENSG00000107719,3.0570067060457125
ENSG00000180644,21.690430629927178
ENSG00000138316,5.439215897911959
ENSG00000166220,NaN
ENSG00000166224,-0.2367078272544923
ENSG00000166228,-1.4648063410798213
ENSG00000285300,NaN
ENSG00000107731,0.3718463203677238
ENSG00000198246,-1.179216866510441
ENSG00000107736,0.36358479534386345
ENSG00000214688,0.5759833846844763
ENSG00000107738,0.7871624388764337
ENSG00000197746,3.157588591761505
ENSG00000289592,-1.8753228899704726
ENSG00000272988,NaN
ENSG00000107742,2.242510539155718
ENSG00000138303,2.090040319083447
ENSG00000166295,-1.1134378164227885
ENSG00000289506,NaN
ENSG00000168209,0.792268588590075
ENSG00000148719,-1.0354312719036172
ENSG00000107745,2.774429592330664
ENSG00000282915,-0.805947663906967
ENSG00000156026,2.099698951211363
ENSG00000138315,-0.03493013274728829
ENSG00000138308,NaN
ENSG00000122884,-0.40136418930705137
ENSG00000272630,-0.6000317291201092
ENSG00000166321,2.1562071581344338
ENSG00000272599,-1.1792625063624196
ENSG00000122882,-0.056972032320026
ENSG00000138286,-0.2820449104150556
ENSG00000213551,0.6019617914419119
ENSG00000288559,NaN
ENSG00000236756,-0.9701881352959945
ENSG00000182180,-1.6052041857427743
ENSG00000227540,-1.2004205905782201
ENSG00000156042,1.950103236630494
ENSG00000138279,-0.4277826975978753
ENSG00000233144,NaN
ENSG00000166343,-0.7468227633846151
ENSG00000107758,-0.6438311456877048
ENSG00000221817,-0.021307590669797094
ENSG00000166348,2.564788679144716
ENSG00000268584,2.3897928768212493
ENSG00000272791,NaN
ENSG00000166317,-0.5680523142427367
ENSG00000271848,0.23471691375881462
ENSG00000172650,-1.1140164194507995
ENSG00000272140,-0.850718848562854
ENSG00000290737,-0.7852231881760224
ENSG00000291043,-0.6288351574797435
ENSG00000176986,-0.5118607057492705
ENSG00000196968,-0.3897169124540779
ENSG00000288823,1.3653352420056903
ENSG00000172586,-1.3748729494775018
ENSG00000214655,-0.10112165072458193
ENSG00000272589,-0.9160437489412736
ENSG00000166507,-0.8680633377507733
ENSG00000148660,-0.15419005048108128
ENSG00000224195,NaN
ENSG00000229990,0.5629594960044194
ENSG00000122861,1.3603043162447988
ENSG00000222047,NaN
ENSG00000035403,14.44313869353779
ENSG00000185009,-0.7650007198753331
ENSG00000156110,2.2407502359663884
ENSG00000232342,1.6683881039422268
ENSG00000156650,1.904127001234111
ENSG00000234149,-0.5390049954348858
ENSG00000188716,NaN
ENSG00000285810,NaN
ENSG00000156671,-0.2876696131706498
ENSG00000165637,-0.7372648699070037
ENSG00000165644,-0.9730652258263185
ENSG00000226051,0.37222985039991174
ENSG00000270087,1.7820497709249388
ENSG00000165655,-0.3676665389374589
ENSG00000237149,-1.7471605419199807
ENSG00000273248,NaN
ENSG00000148655,6.074670022918419
ENSG00000286715,-2.845122144342502
ENSG00000268659,8.434090149529997
ENSG00000228280,-1.022107959625747
ENSG00000156113,11.079250940647539
ENSG00000228748,0.5918506193572486
ENSG00000151208,1.5675719590840138
ENSG00000148606,-0.12141072270224196
ENSG00000138326,-1.4440037560231158
ENSG00000282863,NaN
ENSG00000224596,2.8798939541996096
ENSG00000108175,0.36851858821952094
ENSG00000108179,3.372196988215776
ENSG00000165424,-1.193456913114721
ENSG00000253626,-1.3614780208471913
ENSG00000244733,NaN
ENSG00000225484,-0.4051443275437935
ENSG00000272489,NaN
ENSG00000272447,-0.4924032363520157
ENSG00000228570,0.6006116637467374
ENSG00000133661,-1.8735472378491762
ENSG00000230091,0.9829980319441616
ENSG00000133678,0.37071057213414027
ENSG00000189129,0.9342408534515899
ENSG00000122359,-0.7318157703885789
ENSG00000122378,-1.5628009708787471
ENSG00000108219,-0.02972152668067319
ENSG00000226659,-0.5877712020353087
ENSG00000178217,-0.4337237884681711
ENSG00000185737,1.4256565976646631
ENSG00000271933,2.5235222358943967
ENSG00000165678,-1.1572225965296092
ENSG00000285972,-1.909933961719083
ENSG00000148600,0.7662424898498531
ENSG00000148604,NaN
ENSG00000148602,NaN
ENSG00000229404,NaN
ENSG00000107771,1.6289046256492368
ENSG00000182771,1.3134534339690789
ENSG00000287475,NaN
ENSG00000062650,-1.4303417601176418
ENSG00000227896,-0.8184969876348906
ENSG00000122367,-0.2820233042171844
ENSG00000107779,4.0469595666877165
ENSG00000173269,-1.29874115720151
ENSG00000272734,-1.1242080792696605
ENSG00000148671,1.3809698033172115
ENSG00000148672,-0.7261017583396467
ENSG00000122376,0.3921169894518175
ENSG00000223482,0.08853636894783568
ENSG00000287077,-0.5614150130408985
ENSG00000224914,-0.6977076199873417
ENSG00000107789,2.8177405114602294
ENSG00000225913,NaN
ENSG00000196566,NaN
ENSG00000198682,15.163730654202448
ENSG00000138138,-0.2235881199647161
ENSG00000290782,0.1606880850732679
ENSG00000227268,0.5518131508955678
ENSG00000171862,-0.6419694586007371
ENSG00000184719,6.077595098354416
ENSG00000289952,1.4332068467238255
ENSG00000204022,NaN
ENSG00000204020,-1.3246804096709304
ENSG00000152766,-0.019839674736844816
ENSG00000138134,1.4496219473915493
ENSG00000180139,NaN
ENSG00000107796,-0.5946093005025365
ENSG00000026103,0.30002732580825336
ENSG00000286116,-1.1004980177313937
ENSG00000138135,NaN
ENSG00000107798,1.5222616956578243
ENSG00000119922,3.3970673389014716
ENSG00000119917,3.7637503317984464
ENSG00000185745,0.5896176395849575
ENSG00000152778,-1.0412881746201545
ENSG00000152779,NaN
ENSG00000152782,-1.0107118782978413
ENSG00000235100,0.5330834229771503
ENSG00000138182,0.7586899373637817
ENSG00000232229,-0.39827205266711374
ENSG00000280560,40.84946822903226
ENSG00000226159,NaN
ENSG00000287150,-0.7503007737575601
ENSG00000148680,2.4636695321609166
ENSG00000289580,NaN
ENSG00000148688,0.6778981045838585
ENSG00000180628,0.1243757084449439
ENSG00000289228,6.645860808295198
ENSG00000165338,0.8450990514416601
ENSG00000119938,NaN
ENSG00000228701,-0.4775091580013541
ENSG00000107854,-0.2170374891507213
ENSG00000174721,0.234196588264095
ENSG00000272817,0.8611744793258167
ENSG00000095564,-0.7660170266583972
ENSG00000107864,1.3559377897664988
ENSG00000198060,-1.0149677997204776
ENSG00000119912,-0.23553981512405017
ENSG00000138160,4.564986104073834
ENSG00000152804,1.1647889966569607
ENSG00000138190,2.349767065309671
ENSG00000095596,NaN
ENSG00000138119,3.707791156711324
ENSG00000138180,1.671648749550772
ENSG00000186188,-3.0030807907211887
ENSG00000095464,-0.13773999293452824
ENSG00000148690,-0.6680581337323042
ENSG00000108231,-0.03183107017495128
ENSG00000280660,NaN
ENSG00000280485,NaN
ENSG00000176273,-0.1763325386024584
ENSG00000138193,1.1271180105047538
ENSG00000273450,0.8706392458240061
ENSG00000173145,-0.4065254964827371
ENSG00000108239,0.39276570087066937
ENSG00000119969,2.0415919984823128
ENSG00000244332,NaN
ENSG00000108242,NaN
ENSG00000165841,NaN
ENSG00000231829,1.0469259768811627
ENSG00000288526,-0.045403936333459724
ENSG00000173124,-0.10434185693645943
ENSG00000234026,NaN
ENSG00000107438,36.07041696417569
ENSG00000095637,1.4618117562164643
ENSG00000059573,-0.199533765882832
ENSG00000119977,-0.2520344737382284
ENSG00000138185,3.792792889791731
ENSG00000226688,3.798791656974657
ENSG00000188649,-0.5852059614734078
ENSG00000107443,-1.484693586909906
ENSG00000287009,-2.0756063998879655
ENSG00000177853,0.22805969966043446
ENSG00000095585,8.148661871472406
ENSG00000095587,1.4257723684179857
ENSG00000077147,-0.29314828584590424
ENSG00000155629,1.6971665337992423
ENSG00000196233,-0.5059338530378468
ENSG00000187122,0.8701130438256994
ENSG00000213390,0.5819449353671668
ENSG00000165879,0.9242198944374981
ENSG00000181274,-0.48394033673506404
ENSG00000225850,-1.1913269034139051
ENSG00000052749,5.826564061627216
ENSG00000231970,5.195337879359843
ENSG00000171314,-1.1524440021448386
ENSG00000171311,-1.3262727198691129
ENSG00000171307,-1.179516961314678
ENSG00000155229,1.1635715396826483
ENSG00000165886,0.8477014738581391
ENSG00000165887,-1.6500958224446678
ENSG00000241935,0.5124189892072525
ENSG00000171160,0.6633729447832679
ENSG00000155252,-1.1555613985253885
ENSG00000119986,0.9296123503417857
ENSG00000155254,-1.749045651496119
ENSG00000155256,2.408436286488658
ENSG00000120057,-0.03011098307138372
ENSG00000227356,0.5195762594998289
ENSG00000155265,-0.5243411592525683
ENSG00000095713,0.37186145502473283
ENSG00000166024,-0.29515898830788917
ENSG00000138131,NaN
ENSG00000230928,0.9989212354344856
ENSG00000119943,-0.3826799051579966
ENSG00000107521,-0.8204868795595898
ENSG00000287261,NaN
ENSG00000172987,3.3096537923772518
ENSG00000119946,-1.479616932668803
ENSG00000120053,0.3901942134203791
ENSG00000224934,3.76396819788697
ENSG00000155287,-1.3419940144807452
ENSG00000260475,0.17724868617344341
ENSG00000229278,NaN
ENSG00000198018,2.836115557556256
ENSG00000119929,-1.4312910864998283
ENSG00000014919,-0.2036230693962992
ENSG00000023839,0.8819015163299381
ENSG00000107554,1.9766929488521776
ENSG00000227695,-0.17333649013670852
ENSG00000120054,NaN
ENSG00000107566,-1.1647313415549556
ENSG00000213341,0.26400782802322076
ENSG00000095485,-0.50074619969516
ENSG00000196072,-1.384137995469648
ENSG00000107593,NaN
ENSG00000231188,8.28304622141599
ENSG00000099194,-1.154711710004454
ENSG00000235823,2.3896857398291074
ENSG00000075290,NaN
ENSG00000075826,3.624619271094487
ENSG00000166136,-2.105335140276405
ENSG00000166135,-0.4893710290930277
ENSG00000075891,NaN
ENSG00000272572,-1.1080279271276625
ENSG00000119906,-0.10895218822061599
ENSG00000055950,-2.0765784303851516
ENSG00000095539,NaN
ENSG00000107815,-0.3860522653543307
ENSG00000107816,11.381764032190066
ENSG00000186862,2.2636496522697978
ENSG00000107819,-0.1759098250668527
ENSG00000273162,NaN
ENSG00000107821,-2.5365534490113704
ENSG00000288844,NaN
ENSG00000236311,NaN
ENSG00000237579,NaN
ENSG00000227128,NaN
ENSG00000229649,NaN
ENSG00000166167,1.3608701184759506
ENSG00000166171,4.904461909907301
ENSG00000166169,2.3204196984257397
ENSG00000107829,-0.5465030973465945
ENSG00000286489,-1.084418740655128
ENSG00000224817,NaN
ENSG00000107833,-0.8928027345218832
ENSG00000198408,-0.20443576280807985
ENSG00000226009,-0.6685756722691968
ENSG00000120049,-1.8437268843461674
ENSG00000120029,-0.13001573550057685
ENSG00000166189,-1.2915707776450094
ENSG00000198728,-1.3192998449437137
ENSG00000148840,-1.1043091121117172
ENSG00000166197,-1.0440303990587154
ENSG00000119915,-0.8268266019665566
ENSG00000107862,0.7041492332942144
ENSG00000077150,-0.5683379180606378
ENSG00000059915,-1.287515454732945
ENSG00000107872,-0.041214984227997964
ENSG00000107874,-1.4125818127995455
ENSG00000269609,0.15151447634547205
ENSG00000120055,0.4716670613876384
ENSG00000138111,-1.0581748925498413
ENSG00000138107,3.8303944728102612
ENSG00000273262,NaN
ENSG00000107882,0.29421134700694096
ENSG00000171206,-0.5090877088161173
ENSG00000272933,3.18318485312394
ENSG00000138175,0.47812015988614476
ENSG00000156398,0.9394217519115534
ENSG00000166272,-0.19034598281432408
ENSG00000282772,1.8241925976102256
ENSG00000166275,-1.186120849548635
ENSG00000214435,0.4299515791572905
ENSG00000286575,4.244254697485195
ENSG00000148842,3.8648723816490573
ENSG00000076685,0.08671394287932316
ENSG00000235376,NaN
ENSG00000156374,0.4234015102224404
ENSG00000148835,0.9787790260427193
ENSG00000173915,-1.559910082396704
ENSG00000148843,-0.25601183702745933
ENSG00000138172,-1.2831670896848515
ENSG00000273485,NaN
ENSG00000234699,-1.3216854761307684
ENSG00000107954,0.16185174968735824
ENSG00000287419,-1.2390051639587114
ENSG00000107957,2.159401081471208
ENSG00000273108,-1.7594681672787942
ENSG00000289972,NaN
ENSG00000280693,NaN
ENSG00000107960,-0.19281762655951995
ENSG00000289745,NaN
ENSG00000065613,0.3046046479552275
ENSG00000065618,NaN
ENSG00000156384,-1.5216919350052656
ENSG00000197748,1.4055798190732438
ENSG00000148834,28.264385862182028
ENSG00000065621,-0.4696495498682342
ENSG00000148841,1.2685519634784388
ENSG00000228261,-0.7337640625855043
ENSG00000231233,0.0678087822599865
ENSG00000120051,-0.2367867260266598
ENSG00000156395,1.271434384994865
ENSG00000108018,6.049674935420285
ENSG00000229981,-1.7090686592568194
ENSG00000108039,0.800754361778386
ENSG00000203876,17.672168641554986
ENSG00000148700,-0.15314411627161495
ENSG00000119950,0.4695896041924237
ENSG00000228417,NaN
ENSG00000119953,-1.484172845421681
ENSG00000273143,0.1412719398438144
ENSG00000138166,1.4930071012179376
ENSG00000108055,-0.8689153339100306
ENSG00000203867,6.127007275628789
ENSG00000203497,-1.2043711102213694
ENSG00000232470,-0.5564791972751011
ENSG00000150593,-0.4901348983865259
ENSG00000214413,-0.9184588077924848
ENSG00000278601,-0.6122920819542694
ENSG00000270589,1.926466359718342
ENSG00000108061,-0.761227748193755
ENSG00000150594,NaN
ENSG00000287231,NaN
ENSG00000119927,-0.563516935759734
ENSG00000197142,-0.9670508253863025
ENSG00000232934,1.285162230747369
ENSG00000023041,-0.6631518274984923
ENSG00000151532,-0.3068002546358194
ENSG00000233340,-0.10379201559053709
ENSG00000285676,-1.4454395380077216
ENSG00000260917,-1.3324653851779942
ENSG00000225292,-1.1757039014784945
ENSG00000148737,21.758694379768954
ENSG00000233547,-2.534449194690047
ENSG00000148702,NaN
ENSG00000165806,-1.2079155208840742
ENSG00000234393,NaN
ENSG00000148735,NaN
ENSG00000198924,26.98954702492986
ENSG00000288933,-1.59143401465356
ENSG00000196865,6.09925324648789
ENSG00000043591,-1.568737268484064
ENSG00000165813,-0.1948812290231587
ENSG00000095627,NaN
ENSG00000165816,6.145023203354137
ENSG00000169129,-0.9278438527910389
ENSG00000099204,2.085685002455025
ENSG00000228484,0.5168626445517479
ENSG00000151553,0.3621641398472724
ENSG00000165832,-0.36807587207875553
ENSG00000236799,NaN
ENSG00000107518,9.941389541732997
ENSG00000285582,NaN
ENSG00000151892,NaN
ENSG00000266200,NaN
ENSG00000165863,NaN
ENSG00000165868,0.5502107845628039
ENSG00000188316,-1.5519816768710812
ENSG00000187164,1.3214235045143616
ENSG00000287655,-2.1560825549010794
ENSG00000225936,37.64132614548617
ENSG00000165646,-0.9573495148178135
ENSG00000277879,-1.631433641265278
ENSG00000165650,2.1196993559490296
ENSG00000229847,NaN
ENSG00000170370,NaN
ENSG00000107560,0.14166219374694577
ENSG00000231104,0.7080100253466565
ENSG00000177640,3.660310959253345
ENSG00000165669,-1.0842248993670824
ENSG00000232139,NaN
ENSG00000151893,-0.9699970864989905
ENSG00000277687,-0.6167487765956347
ENSG00000229272,-1.577553632543214
ENSG00000107581,-0.6105821292767096
ENSG00000289126,-0.1697960287828654
ENSG00000119979,0.016568509614805223
ENSG00000183605,-0.03965219097122778
ENSG00000165672,-1.3458211395395248
ENSG00000198873,2.7649460485143837
ENSG00000228485,NaN
ENSG00000236426,-0.3245298347738499
ENSG00000148908,29.426469505846267
ENSG00000151923,-1.7648729335985596
ENSG00000151929,-1.0579955747543963
ENSG00000198825,1.770558932690656
ENSG00000197771,-0.8908736256764945
ENSG00000107651,-0.3891714856765102
ENSG00000203805,NaN
ENSG00000274461,-0.8111074066565077
ENSG00000227165,7.249161109841324
ENSG00000287936,NaN
ENSG00000120008,-0.4477067501909507
ENSG00000271670,0.9936163435512674
ENSG00000227307,NaN
ENSG00000066468,3.11715020066446
ENSG00000107669,0.6014982413425082
ENSG00000107672,-0.14912735113501432
ENSG00000273891,-0.33756380047532303
ENSG00000138162,-0.5614139951531469
ENSG00000107679,1.2924134661892885
ENSG00000285955,-0.5468972519018627
ENSG00000166033,-1.1099484131717472
ENSG00000138161,10.279503564942326
ENSG00000213185,4.401830238589376
ENSG00000119965,-0.04470522985926982
ENSG00000179988,-0.13344422001778647
ENSG00000095574,-1.4354293192069265
ENSG00000196177,0.12447752076352613
ENSG00000154473,-1.4188964337978471
ENSG00000230131,0.24625672122815756
ENSG00000121898,NaN
ENSG00000288757,-1.4670632367378065
ENSG00000182022,1.2326296802477923
ENSG00000065154,-0.20969558257724724
ENSG00000107902,0.3355265157355675
ENSG00000189319,4.5434620028823005
ENSG00000278831,NaN
ENSG00000233334,-0.4980417588403265
ENSG00000203791,-0.5840102626479549
ENSG00000165660,1.1051094543409883
ENSG00000289280,NaN
ENSG00000249456,0.4740961293613273
ENSG00000019995,-0.5991208827574198
ENSG00000175029,4.384216203397355
ENSG00000273599,NaN
ENSG00000282787,NaN
ENSG00000175018,NaN
ENSG00000228021,NaN
ENSG00000224023,-0.4867974101862129
ENSG00000234134,NaN
ENSG00000107938,-0.1322105287846272
ENSG00000236991,-0.830432647272524
ENSG00000154485,0.3591146476724196
ENSG00000188690,-1.58926980996624
ENSG00000107949,-1.3868903665779055
ENSG00000089876,2.1765884403301152
ENSG00000203780,-0.6806839877630246
ENSG00000148848,12.85313420995582
ENSG00000154493,-0.635960358948576
ENSG00000287326,5.529817758066032
ENSG00000150760,-0.7295396324758834
ENSG00000223528,NaN
ENSG00000188916,-2.6620627900821705
ENSG00000132334,3.3754247819286722
ENSG00000232259,NaN
ENSG00000227076,NaN
ENSG00000148773,6.7835511277976215
ENSG00000280953,1.8841945973685048
ENSG00000234640,NaN
ENSG00000289400,36.600891387830906
ENSG00000170430,0.8941297340514477
ENSG00000237224,NaN
ENSG00000283141,1.0634257376495515
ENSG00000237489,0.257806950998803
ENSG00000277218,5.955086930922111
ENSG00000108010,-1.7426471823409115
ENSG00000236303,0.6355997740733562
ENSG00000176769,0.453768963604173
ENSG00000175470,-0.5060170523235064
ENSG00000176171,-1.1258092967423758
ENSG00000277959,-1.0931503171478383
ENSG00000273521,-1.7484894192376084
ENSG00000188385,0.18283843191255664
ENSG00000235010,NaN
ENSG00000151640,2.7378474372589703
ENSG00000165752,-1.4083580627315102
ENSG00000148814,0.01903484241740355
ENSG00000171813,-1.3552151687947136
ENSG00000231705,-1.7051766300163493
ENSG00000180066,-1.0964491981194855
ENSG00000068383,0.32574100360284025
ENSG00000171811,NaN
ENSG00000289633,-0.19747270094652883
ENSG00000171798,-1.1082895700645181
ENSG00000171794,-2.249744580320376
ENSG00000151650,-1.714940774826196
ENSG00000273980,-0.6603744277584732
ENSG00000151651,-0.4320743000063471
ENSG00000130640,-0.9702402509846568
ENSG00000198546,-0.8918306432303555
ENSG00000130643,-0.6324266810793356
ENSG00000226699,-1.2387396929130572
ENSG00000165828,NaN
ENSG00000148803,-1.0391075284059839
ENSG00000127884,-1.3223218280300257
ENSG00000148832,1.9431210854186762
ENSG00000148824,-0.5454579636355216
ENSG00000214279,2.7094191556910756
ENSG00000130649,0.3855649458286301
ENSG00000278518,NaN
ENSG00000288107,-0.29765048028225544
ENSG00000230724,NaN
ENSG00000255229,NaN
ENSG00000177951,-1.271423481010561
ENSG00000188076,20.113315720777123
ENSG00000177963,-1.5614687670709613
ENSG00000142082,-0.7327095724289496
ENSG00000185627,-1.703110410161012
ENSG00000174885,-1.526082754116399
ENSG00000255026,0.14571517374624413
ENSG00000142102,3.8036814466845903
ENSG00000185201,1.6836844819538461
ENSG00000185885,3.330810193966842
ENSG00000251661,-0.7826587551360491
ENSG00000142089,2.166642260649445
ENSG00000255328,-0.9640534164692678
ENSG00000270972,0.04834435819155482
ENSG00000182272,-0.39881082067204804
ENSG00000184363,NaN
ENSG00000185187,0.2750425845933078
ENSG00000185101,3.1497143845456024
ENSG00000174915,9.158137361308906
ENSG00000023191,-0.9776564846432827
ENSG00000288033,-0.3055221929193942
ENSG00000289997,-1.1406787660741982
ENSG00000174775,3.0289618247861996
ENSG00000161328,0.8891947891073382
ENSG00000185522,0.8085692486978981
ENSG00000254815,0.02318956207939994
ENSG00000099849,-1.5794431570409868
ENSG00000247095,-0.09074044278861218
ENSG00000070047,-0.3453379608446855
ENSG00000185507,5.184661569468752
ENSG00000099834,-0.00998487673533964
ENSG00000070031,4.013680630305648
ENSG00000069696,0.331563882421311
ENSG00000177030,0.8588424827224506
ENSG00000255158,-0.887248701797361
ENSG00000177106,-0.45883556169826467
ENSG00000177042,-0.842106376009967
ENSG00000269915,2.8555336187504947
ENSG00000177156,4.582084537965988
ENSG00000177225,-0.619779327163273
ENSG00000255284,-0.7804482723168861
ENSG00000177542,-0.6805632704463588
ENSG00000288675,1.1575439595375265
ENSG00000177595,-0.28834138552584654
ENSG00000177600,-1.1134754752158444
ENSG00000177666,-0.6139253848594917
ENSG00000177685,0.4837074407396953
ENSG00000177697,27.858220155644606
ENSG00000177700,-1.690099966471204
ENSG00000214063,-0.8765266266133578
ENSG00000250397,-0.7685776902822635
ENSG00000177830,0.5189681188771564
ENSG00000183020,0.3309110538382443
ENSG00000184956,0.29781683928440594
ENSG00000117983,-0.005515921506725929
ENSG00000078902,-1.5165893723686812
ENSG00000255153,-1.1907361462850268
ENSG00000287935,7.904272950259212
ENSG00000174672,0.4826824422153306
ENSG00000285581,0.07843637884121213
ENSG00000182208,5.160345119514552
ENSG00000184545,1.2244196437380175
ENSG00000233930,-0.09390711158422654
ENSG00000244242,-1.5994838013409622
ENSG00000117984,2.4880598842714057
ENSG00000287484,NaN
ENSG00000130598,-0.3522570785123774
ENSG00000130592,-0.6368312162873574
ENSG00000249086,NaN
ENSG00000283787,1.3113334836661283
ENSG00000229671,4.285704137612446
ENSG00000130595,0.38136302801905253
ENSG00000214026,-1.3224718389490842
ENSG00000183734,0.5334159834426566
ENSG00000110665,-0.5415927768490657
ENSG00000064201,1.2926803691372344
ENSG00000238184,-0.9428936642503458
ENSG00000290075,-1.0263399953525836
ENSG00000290098,4.186553143661164
ENSG00000110651,0.5085396878492006
ENSG00000184281,-1.3686081426454468
ENSG00000230483,NaN
ENSG00000070985,1.2892902905072599
ENSG00000053918,-0.2136612739733151
ENSG00000269821,0.7672518174061495
ENSG00000229414,NaN
ENSG00000237941,NaN
ENSG00000129757,25.14618293164367
ENSG00000254827,-1.8407528713382562
ENSG00000110628,-1.2496228563545138
ENSG00000181649,1.802790998400956
ENSG00000205531,-0.1955454951825658
ENSG00000110619,-0.3744272733778152
ENSG00000247473,-0.16619232446713356
ENSG00000021762,5.4156090961696925
ENSG00000005801,-0.345830848594832
ENSG00000290960,-0.2546740677272837
ENSG00000254757,1.2257385288654234
ENSG00000287906,NaN
ENSG00000255367,3.749298230227428
ENSG00000287312,NaN
ENSG00000290962,-2.0825952367241416
ENSG00000129744,NaN
ENSG00000129749,-0.4704246350199688
ENSG00000110713,-1.0157291830924162
ENSG00000289468,1.0295323125098306
ENSG00000148985,-0.28130956695091375
ENSG00000177105,-0.7131379348202378
ENSG00000228661,NaN
ENSG00000167323,-0.056303130891676025
ENSG00000229368,NaN
ENSG00000167325,1.4911811078503445
ENSG00000254480,NaN
ENSG00000132109,-0.7763306810260363
ENSG00000291144,2.206706436684081
ENSG00000181963,NaN
ENSG00000196778,-1.6984480070767243
ENSG00000167333,-0.6067793355215975
ENSG00000167346,-0.6063633124122756
ENSG00000176798,NaN
ENSG00000244734,3456.9559251102705
ENSG00000223609,NaN
ENSG00000213934,27.463421874035586
ENSG00000196565,161.1589523961841
ENSG00000175518,0.8970168801510896
ENSG00000290653,NaN
ENSG00000121236,1.8443506879661031
ENSG00000258659,-1.3973146797249454
ENSG00000132256,-0.46616709382908855
ENSG00000132274,-0.5786689605270158
ENSG00000181109,NaN
ENSG00000181023,NaN
ENSG00000181074,NaN
ENSG00000181017,NaN
ENSG00000180988,NaN
ENSG00000289150,0.9576373106758606
ENSG00000254444,-0.7618152962406941
ENSG00000267940,-0.45589200056566037
ENSG00000180878,NaN
ENSG00000051009,-0.3735844799565628
ENSG00000132259,-1.7780414413104015
ENSG00000170955,-1.8806515627451843
ENSG00000282556,0.21887544574178816
ENSG00000166311,1.4151634081345847
ENSG00000166313,2.1845746894122184
ENSG00000110169,NaN
ENSG00000110171,-1.0095633096784478
ENSG00000132254,-1.4964560073221824
ENSG00000132286,-1.5861260798171997
ENSG00000179532,0.5500187834006465
ENSG00000132275,-1.048048500424924
ENSG00000254400,NaN
ENSG00000166333,36.805004646006985
ENSG00000166337,-0.4512116512129501
ENSG00000166340,0.7856509219384262
ENSG00000255680,NaN
ENSG00000166341,1.1238321594669365
ENSG00000255410,NaN
ENSG00000158042,-1.4390287917302593
ENSG00000291143,2.0815210534916773
ENSG00000283415,0.6832695526406605
ENSG00000149054,NaN
ENSG00000149050,NaN
ENSG00000170743,-0.8959310029769147
ENSG00000251364,1.3938013999577035
ENSG00000183801,0.730076212563741
ENSG00000166387,-0.5901643436967794
ENSG00000166394,-2.4521736903845466
ENSG00000290809,NaN
ENSG00000254951,NaN
ENSG00000182261,NaN
ENSG00000175390,-1.6560092282098389
ENSG00000166405,1.463510056654185
ENSG00000166407,NaN
ENSG00000130413,5.28086386282145
ENSG00000166436,0.8966261210057775
ENSG00000166441,-1.2380173196446962
ENSG00000166444,2.4078113480528387
ENSG00000166452,2.811585176214344
ENSG00000176009,NaN
ENSG00000175348,-1.8916619715101486
ENSG00000254860,0.1337489274951906
ENSG00000175352,1.3110269606363527
ENSG00000175356,0.45900509134241935
ENSG00000184014,0.764204543964282
ENSG00000166471,1.0613329648529128
ENSG00000205339,-0.5699649427350968
ENSG00000254397,-1.4088953864781457
ENSG00000268403,-1.0530575497109043
ENSG00000166478,-0.04565847168460281
ENSG00000166483,-0.1269104870635825
ENSG00000289518,NaN
ENSG00000133789,8.625706703405374
ENSG00000245522,4.053481959539212
ENSG00000246273,2.0942324271288317
ENSG00000133812,1.5081089265443552
ENSG00000255476,0.30281412668557867
ENSG00000286561,-0.03420800741623686
ENSG00000254865,0.2367207088236051
ENSG00000254554,NaN
ENSG00000148926,0.9669738444832636
ENSG00000133805,-0.6465277555081017
ENSG00000110315,-0.4952991253927834
ENSG00000177112,3.108132004427248
ENSG00000133800,2.055036659439868
ENSG00000072952,0.5932025181942828
ENSG00000198730,0.20328656236783352
ENSG00000110321,0.10698749136261676
ENSG00000246308,-0.44378444243472437
ENSG00000236287,-1.2291336214706698
ENSG00000247271,-1.0843027034252042
ENSG00000250041,1.5818143932505366
ENSG00000254401,2.570948786747329
ENSG00000289976,1.7180161703714785
ENSG00000110328,NaN
ENSG00000254598,NaN
ENSG00000255351,NaN
ENSG00000170242,-0.8481133084060016
ENSG00000050165,-0.5323366097818907
ENSG00000254486,NaN
ENSG00000133816,2.0795120016362345
ENSG00000254983,NaN
ENSG00000197702,-0.2673701840659851
ENSG00000286521,NaN
ENSG00000187079,2.0631847596401465
ENSG00000203258,NaN
ENSG00000251381,-0.8897084062237538
ENSG00000290083,NaN
ENSG00000133794,0.9147508193902053
ENSG00000148925,1.1734511121724975
ENSG00000287548,NaN
ENSG00000152266,NaN
ENSG00000197601,0.008500640475353316
ENSG00000254791,-1.061204240826631
ENSG00000262655,4.459323046219138
ENSG00000254418,0.03283244742119865
ENSG00000133818,4.196769496469402
ENSG00000129083,-1.0927171221704228
ENSG00000129084,-0.29333201435457956
ENSG00000152270,5.21514852563856
ENSG00000186104,1.4237981453673865
ENSG00000175868,0.4700456832521354
ENSG00000188487,1.071039711416495
ENSG00000110693,2.529486113002954
ENSG00000110696,-1.250044620680752
ENSG00000166689,0.2872278718074511
ENSG00000290957,5.607970555002121
ENSG00000110700,-1.238301736788572
ENSG00000011405,-0.2594513735974726
ENSG00000070081,2.112969033162682
ENSG00000285545,NaN
ENSG00000188211,-0.5093082173146439
ENSG00000187486,NaN
ENSG00000260196,-0.5641659326271697
ENSG00000006071,NaN
ENSG00000129159,-0.3235452371049324
ENSG00000129158,1.2428086196959676
ENSG00000129167,0.09979864568260362
ENSG00000166788,-0.8257947235408303
ENSG00000255470,NaN
ENSG00000290742,NaN
ENSG00000148965,NaN
ENSG00000110756,0.15286039737499973
ENSG00000110768,0.306849174747015
ENSG00000134333,-1.1947681241423684
ENSG00000256006,NaN
ENSG00000166796,8.698702564404112
ENSG00000166800,-0.9557151807823514
ENSG00000074319,-0.9502765397913493
ENSG00000256588,NaN
ENSG00000289499,-0.13177653383661195
ENSG00000151116,0.4069742203951444
ENSG00000247595,1.88147498222416
ENSG00000179119,0.6538093225724266
ENSG00000151117,-1.834192016504717
ENSG00000179057,-0.947808630188032
ENSG00000254966,-1.334114992688652
ENSG00000110786,NaN
ENSG00000183695,NaN
ENSG00000177054,0.5841773050786193
ENSG00000129170,NaN
ENSG00000129173,0.08093070317337617
ENSG00000166833,2.7625055799419926
ENSG00000254453,NaN
ENSG00000109854,-1.0048158853929947
ENSG00000185238,0.6743486611115023
ENSG00000165970,NaN
ENSG00000165973,-0.8891998004343088
ENSG00000289944,NaN
ENSG00000171714,-0.008473272781473907
ENSG00000287962,-0.46268758714069885
ENSG00000254768,NaN
ENSG00000183161,-1.7651649407119618
ENSG00000148935,1.1640259987471324
ENSG00000198168,8.665955078613628
ENSG00000246225,1.0775872083958016
ENSG00000255359,-0.7354368881267487
ENSG00000255418,0.8221562646569662
ENSG00000255193,12.187311853751822
ENSG00000187398,NaN
ENSG00000134343,1.2634858452846947
ENSG00000254819,NaN
ENSG00000148942,NaN
ENSG00000254560,NaN
ENSG00000109881,0.06458373270659329
ENSG00000205213,2.5139262351281335
ENSG00000254862,3.4137783814714076
ENSG00000148943,-1.3355634497110758
ENSG00000245573,-0.03925053549171136
ENSG00000176697,NaN
ENSG00000255496,NaN
ENSG00000121621,-1.0356217097586704
ENSG00000169519,0.3075877902522197
ENSG00000249867,3.1507906794638587
ENSG00000254530,NaN
ENSG00000254734,NaN
ENSG00000254532,7.134721865182423
ENSG00000152219,-0.831832654645887
ENSG00000066382,3.1649969500383066
ENSG00000254489,NaN
ENSG00000170959,2.597620168181671
ENSG00000170946,1.6121647643111912
ENSG00000148950,0.5806515656177454
ENSG00000109911,1.827671349678187
ENSG00000228061,0.6578593324685358
ENSG00000281880,NaN
ENSG00000254584,NaN
ENSG00000049449,-1.5335685922308528
ENSG00000255252,NaN
ENSG00000184937,NaN
ENSG00000183242,-0.3175647019772705
ENSG00000149100,-1.8013941731348002
ENSG00000186714,-1.3849179004127021
ENSG00000135378,-0.23024304328125011
ENSG00000060749,-0.8686867337597495
ENSG00000121690,NaN
ENSG00000176148,2.4358165053626597
ENSG00000280798,-1.7718147056275702
ENSG00000176102,-0.198314523531279
ENSG00000247151,3.9683671615696303
ENSG00000110422,0.6490181059758149
ENSG00000110427,NaN
ENSG00000205177,NaN
ENSG00000085063,-0.6509412236280966
ENSG00000110429,0.269844447879408
ENSG00000135363,1.0597500963766286
ENSG00000286626,1.5949754408643135
ENSG00000135387,-1.1176053465669025
ENSG00000135372,1.464931530371738
ENSG00000166016,3.809332080639276
ENSG00000121691,-0.6806155875337457
ENSG00000255271,NaN
ENSG00000149089,-0.3305552868310232
ENSG00000110435,0.805784768783261
ENSG00000289526,3.9221337839120456
ENSG00000255521,-0.6915202360374507
ENSG00000026508,-0.33861915289124406
ENSG00000255443,-0.8271923738237962
ENSG00000251194,0.3991262556843468
ENSG00000110436,-0.9580975220666524
ENSG00000166326,-0.9189885732187812
ENSG00000285705,NaN
ENSG00000179241,1.8580858214639693
ENSG00000255256,NaN
ENSG00000110442,-0.3430602296651024
ENSG00000135362,4.6538131538379455
ENSG00000175104,-0.2814214388404137
ENSG00000166349,NaN
ENSG00000175097,NaN
ENSG00000166352,-1.7312095294657643
ENSG00000285751,2.6983823852351105
ENSG00000148948,-1.7562381435914247
ENSG00000255171,NaN
ENSG00000166181,-1.157450115455078
ENSG00000254907,-0.19291468616595892
ENSG00000052841,0.4744883848184805
ENSG00000255340,NaN
ENSG00000254577,-1.7481237862245589
ENSG00000283341,1.0300740485696982
ENSG00000149084,-1.2367643636704109
ENSG00000246250,-1.2545862998123625
ENSG00000166199,-0.36513518458079736
ENSG00000244926,0.972809030249244
ENSG00000254409,-0.09891748505138685
ENSG00000187479,NaN
ENSG00000205126,NaN
ENSG00000110455,12.529134472481818
ENSG00000255165,NaN
ENSG00000151348,-0.9197439351107394
ENSG00000052850,NaN
ENSG00000085117,2.283772988779332
ENSG00000255092,NaN
ENSG00000157570,1.6827850506159403
ENSG00000175274,-1.0897929545390552
ENSG00000019485,0.2251266735376962
ENSG00000254427,-0.2934986969095538
ENSG00000255267,NaN
ENSG00000255041,NaN
ENSG00000254746,NaN
ENSG00000254519,4.974263833404034
ENSG00000205106,NaN
ENSG00000181830,-0.5737931838396101
ENSG00000255447,0.8891701224902427
ENSG00000121671,-0.8613993601180874
ENSG00000121653,-1.7689897924895377
ENSG00000121680,-1.5626585154894737
ENSG00000165905,-0.10722261614964002
ENSG00000135365,0.7732974788770086
ENSG00000254653,NaN
ENSG00000255314,-0.4481417229031447
ENSG00000254639,-3.8547571390622997
ENSG00000255007,NaN
ENSG00000157613,NaN
ENSG00000149091,0.08285141151121946
ENSG00000110492,-0.44254342971843097
ENSG00000110497,-0.29385057057451375
ENSG00000285658,-0.10701366445089824
ENSG00000180423,26.614374358172736
ENSG00000175224,-0.10019334722720702
ENSG00000175220,0.8672374567587959
ENSG00000175213,19.051124164561717
ENSG00000180210,NaN
ENSG00000175216,2.0261167709999763
ENSG00000247675,5.325137808542015
ENSG00000134569,-0.4636865697132155
ENSG00000149179,3.1996253302641424
ENSG00000255520,-0.4867743641775313
ENSG00000149182,-1.285751720835624
ENSG00000165912,NaN
ENSG00000134574,11.632527761365136
ENSG00000256897,NaN
ENSG00000134575,7.311672973431067
ENSG00000025434,3.8092371190756253
ENSG00000110514,-0.07509882083852161
ENSG00000256746,1.223004909657215
ENSG00000134571,-0.4981740368346607
ENSG00000066336,2.9061867759592483
ENSG00000255197,0.19646805397163017
ENSG00000165915,-0.86673623867251
ENSG00000165916,-1.4274151449438606
ENSG00000165917,0.5291965122926325
ENSG00000149187,-0.2148849697975259
ENSG00000270072,-1.2178062826474039
ENSG00000213619,-1.9466759792262927
ENSG00000110536,-1.4787784499724228
ENSG00000123444,-0.4012898080399574
ENSG00000231880,NaN
ENSG00000172247,NaN
ENSG00000109919,-1.562521716725687
ENSG00000165923,2.589142302030854
ENSG00000109920,0.1959973297675316
ENSG00000030066,0.26229734774468144
ENSG00000149177,1.0363473625124078
ENSG00000254879,-1
ENSG00000290401,-0.2081595799483288
ENSG00000149115,2.795428896916951
ENSG00000254662,NaN
ENSG00000149136,-1.2190907843250174
ENSG00000186652,12.744824419320022
ENSG00000134802,-1.456318317365129
ENSG00000186907,5.315875837910515
ENSG00000149150,-1.3755495112659692
ENSG00000134809,-0.9118986457164687
ENSG00000214872,-0.9487262835451739
ENSG00000156587,-0.5867265551941783
ENSG00000149131,-2.6074594213197937
ENSG00000254602,NaN
ENSG00000166793,0.963431384552633
ENSG00000172409,-1.192034940385049
ENSG00000156599,-0.9689825465406442
ENSG00000156603,-0.12049668919531022
ENSG00000213593,-1.1969060370244797
ENSG00000211450,-1.5190123218628564
ENSG00000233436,-0.3221666648932208
ENSG00000198561,0.36998626641242394
ENSG00000290827,-0.2828036727804755
ENSG00000186509,NaN
ENSG00000255146,NaN
ENSG00000285895,NaN
ENSG00000110031,-1.0004124429866068
ENSG00000186660,-0.7109773348330762
ENSG00000242689,NaN
ENSG00000149124,NaN
ENSG00000289621,62.04745542644127
ENSG00000156689,NaN
ENSG00000290884,NaN
ENSG00000166840,22.219120604721947
ENSG00000255240,8.988748237973768
ENSG00000255151,NaN
ENSG00000289635,NaN
ENSG00000189057,0.6064544781184048
ENSG00000245571,-0.6874635126835311
ENSG00000166801,-0.8332142096996585
ENSG00000110042,0.8425595026735025
ENSG00000197629,3.27342869297948
ENSG00000214797,NaN
ENSG00000172742,0.7377820335120268
ENSG00000287264,NaN
ENSG00000255008,-0.6673055509576378
ENSG00000255139,-0.9335798892421974
ENSG00000110048,-0.9357787704819315
ENSG00000166889,-0.508212045500683
ENSG00000255355,0.3300304519167456
ENSG00000166900,0.8193373382917901
ENSG00000254477,-1.849955592434558
ENSG00000166902,-1.9687078414273056
ENSG00000134827,NaN
ENSG00000284873,NaN
ENSG00000285010,NaN
ENSG00000149516,NaN
ENSG00000254952,-0.6536820587167471
ENSG00000110077,6.615846803235804
ENSG00000110079,-0.009126571108760523
ENSG00000214787,4.478958964424594
ENSG00000166926,-1.2558073601023199
ENSG00000166927,8.795286082254668
ENSG00000166928,-0.9674189376727913
ENSG00000166930,NaN
ENSG00000156738,14.290130914316666
ENSG00000172689,NaN
ENSG00000110104,-1.34736627268527
ENSG00000183134,0.25863665722110146
ENSG00000149506,NaN
ENSG00000110107,-1.635373231095777
ENSG00000257052,1.8802980141361878
ENSG00000110108,-0.32863632414863464
ENSG00000006118,0.2081312336719778
ENSG00000110446,-0.6592504331849399
ENSG00000013725,4.411449197437596
ENSG00000256733,-0.4342750482167471
ENSG00000110448,2.872173556738223
ENSG00000167987,-0.7217077217871836
ENSG00000229859,NaN
ENSG00000256713,-1.9630437945526253
ENSG00000167992,-0.3883698049199168
ENSG00000167986,0.22993935224595607
ENSG00000149476,-1.1702208763888888
ENSG00000162144,1.9919222457398704
ENSG00000149483,-0.5578034750078179
ENSG00000187049,-1.3780559771946252
ENSG00000149532,-1.5241158208839996
ENSG00000167985,-1.4619367998303514
ENSG00000162148,15.46558281666029
ENSG00000255931,NaN
ENSG00000011347,NaN
ENSG00000134780,-1.3340766707502896
ENSG00000124920,1.3563835552571595
ENSG00000134825,-1.4834620719470142
ENSG00000168496,-1.4973557988615323
ENSG00000134824,-0.4761288115924024
ENSG00000289268,-1.4584812812210217
ENSG00000149485,0.43587767979524333
ENSG00000221968,0.18482258258767145
ENSG00000167995,3.6977405469228666
ENSG00000167996,2.719172028277131
ENSG00000255553,NaN
ENSG00000149503,-0.03184030172738368
ENSG00000289194,-1.831341604961293
ENSG00000254404,NaN
ENSG00000255118,NaN
ENSG00000162174,-1.199387855223047
ENSG00000149021,0.5131633949107287
ENSG00000255446,0
ENSG00000124942,1.3288498834124276
ENSG00000250659,-1.4737619104501405
ENSG00000257058,-1.0493447207189142
ENSG00000254772,-1.09857045584704
ENSG00000289562,-1.5154458110652027
ENSG00000149016,-1.0302920073065653
ENSG00000149480,-0.19580809127329352
ENSG00000149499,-0.46805078067539774
ENSG00000149489,-0.7808225009245806
ENSG00000149541,-1.1974808742119467
ENSG00000089597,-1.4812582994917722
ENSG00000185085,-0.9352379429067936
ENSG00000278615,-0.8981591039130523
ENSG00000162194,8.56672364131563
ENSG00000214756,0.7956011170770316
ENSG00000204922,-1.3535755376069223
ENSG00000162191,-1.7695611402535154
ENSG00000168000,0.015695055277738894
ENSG00000162188,-0.6600183186173347
ENSG00000214753,-1.230189113759
ENSG00000162222,-0.6214377028571134
ENSG00000185670,9.452983034062136
ENSG00000168002,-1.2147713132933673
ENSG00000267811,-0.8623454616493125
ENSG00000162227,-1.0840727213243113
ENSG00000168569,0.9111224267528548
ENSG00000269176,-1.2483788863165977
ENSG00000185475,-1.3491493438913424
ENSG00000162231,-0.5190837182644576
ENSG00000162236,-0.5615631155399554
ENSG00000269463,0.2974572417283801
ENSG00000256690,2.9938143604781313
ENSG00000133316,-0.7985316164981683
ENSG00000255717,-0.6498666769394577
ENSG00000168003,0.04615617401302766
ENSG00000197901,NaN
ENSG00000196600,NaN
ENSG00000168004,NaN
ENSG00000133317,4.215039368405801
ENSG00000133321,0.759161571529467
ENSG00000133328,-0.9543056932726574
ENSG00000176485,-0.08038890404129817
ENSG00000203520,NaN
ENSG00000184743,-1.494608561624934
ENSG00000256789,-0.5733870349330303
ENSG00000133318,0.6475749947597513
ENSG00000188070,-1.0317406452393418
ENSG00000168005,-1.0569847646571557
ENSG00000072518,-0.7938597563544914
ENSG00000167771,6.228393926797104
ENSG00000110583,1.2555075376232216
ENSG00000176340,-1.6144776901246571
ENSG00000167770,-1.0732191766650616
ENSG00000133315,0.7750787534639011
ENSG00000126500,1.7348714764732014
ENSG00000256341,NaN
ENSG00000288852,-0.5693226231830927
ENSG00000289486,2.215752351898939
ENSG00000168439,-0.7357423342005381
ENSG00000149781,17.745470213788995
ENSG00000149743,-0.18357105324024536
ENSG00000149761,1.3726446835656518
ENSG00000256116,-0.01895709857930492
ENSG00000110011,1.9144035509650648
ENSG00000173511,-0.38395468815071554
ENSG00000173486,-1.6285295252243357
ENSG00000286264,-1.5905664860422901
ENSG00000173457,6.330699767057069
ENSG00000256940,-0.3856905450753753
ENSG00000257086,NaN
ENSG00000149782,-1.7298229419064401
ENSG00000002330,-1.4445819511757751
ENSG00000173264,2.2646172527998916
ENSG00000182450,-0.09102530461361441
ENSG00000219435,-1.0243956919756072
ENSG00000173153,-0.48317185783262323
ENSG00000173113,-1.55995996429641
ENSG00000126432,-1.268474777603193
ENSG00000236935,-0.04017254976596168
ENSG00000168071,2.4464007216098342
ENSG00000162302,-0.7006209985864832
ENSG00000231680,-1.2566102738027647
ENSG00000181908,-2.2954908525712283
ENSG00000110076,-0.5644407637196651
ENSG00000289058,NaN
ENSG00000068831,0.8478738264268882
ENSG00000068976,1.0845528047739783
ENSG00000168066,-1.1823168953017784
ENSG00000269038,-0.7641061641988501
ENSG00000168067,0.8436326652719232
ENSG00000133895,-0.1076597259912608
ENSG00000171219,2.0074118992380168
ENSG00000110047,2.781572062950556
ENSG00000110046,0.17944817059911716
ENSG00000068971,-0.17346918868283842
ENSG00000168070,-0.7814790315724052
ENSG00000168062,0.5666949146735973
ENSG00000213465,-1.1317860252327805
ENSG00000110025,-0.5586001918422442
ENSG00000168061,-0.8825268997455717
ENSG00000168060,-1.1193963471203883
ENSG00000146670,0.29359563587699794
ENSG00000162300,-0.8751884813893911
ENSG00000187066,NaN
ENSG00000149823,-1.128929421456708
ENSG00000149809,-0.9325720365474897
ENSG00000174276,-1.3198964262988924
ENSG00000149806,-1.399135299574333
ENSG00000162298,-0.5321381867573305
ENSG00000149792,-1.1669172636411043
ENSG00000204710,NaN
ENSG00000254614,47.55477245572988
ENSG00000014216,6.291190296681895
ENSG00000287821,1.7814037516139984
ENSG00000014138,0.30424780444364724
ENSG00000287917,-0.08234623938651431
ENSG00000149798,-1.7748089923540808
ENSG00000133884,-0.14090680327518698
ENSG00000289231,NaN
ENSG00000173825,-2.3155072683631306
ENSG00000255478,1.370221776231077
ENSG00000162241,0.9774810228471611
ENSG00000126391,-1.0624182727849614
ENSG00000290057,0.3570702974342167
ENSG00000245532,2.8214672111330454
ENSG00000291174,3.2326990267075133
ENSG00000289259,10.485885068414776
ENSG00000289883,-1.5777035250519154
ENSG00000290061,NaN
ENSG00000251562,-1.088009930706348
ENSG00000270117,-0.05846203556940259
ENSG00000289740,0.9183943488533898
ENSG00000142186,-0.7771188537642025
ENSG00000168056,-0.1061731934764415
ENSG00000260233,1.2113948177297904
ENSG00000173465,-1.4378813086341764
ENSG00000176973,1.8133335566306958
ENSG00000290026,-0.0752481675478873
ENSG00000289339,-1.1811766232621554
ENSG00000173442,0.5801460911238521
ENSG00000173338,-0.2205436656697947
ENSG00000173327,-1.2213711794596147
ENSG00000197136,-0.40086400029200686
ENSG00000213445,-0.7810927028291434
ENSG00000173039,-1.435245874714921
ENSG00000285533,0.02705483505203592
ENSG00000172977,3.1498354173926506
ENSG00000172922,-1.1493719543888847
ENSG00000255557,-0.7763936054329819
ENSG00000254470,-1.3371851809864024
ENSG00000172757,-0.8700953590971237
ENSG00000172803,0.6092295498232759
ENSG00000172732,-0.987978067515344
ENSG00000172638,-0.2106184834084149
ENSG00000172543,10.137237953203362
ENSG00000172500,-1.3601122127872858
ENSG00000175602,1.8297161339699781
ENSG00000175592,1.6249620021612914
ENSG00000175573,-0.9476470962466579
ENSG00000175550,-1.4008597699359069
ENSG00000175513,-0.14892584277584128
ENSG00000175467,-0.9052611076015932
ENSG00000175376,-0.8864293754919469
ENSG00000175334,-1.7651648649250407
ENSG00000175294,-1.0630513956126024
ENSG00000087365,-1.2621354635991486
ENSG00000255038,NaN
ENSG00000175115,0.6440598384316558
ENSG00000255320,-0.8616799659586627
ENSG00000174996,-0.7586868136578359
ENSG00000254461,-0.5432266452582235
ENSG00000174903,2.785491793901687
ENSG00000245156,-0.6890050075961758
ENSG00000254452,NaN
ENSG00000174871,-1.054188774109087
ENSG00000174851,-1.8474325017459658
ENSG00000179292,NaN
ENSG00000289560,NaN
ENSG00000254458,10.421192034160203
ENSG00000174807,-0.4307168928861953
ENSG00000174791,-1.3723968260703312
ENSG00000174744,-0.10003842151459665
ENSG00000174684,0.0700289454486763
ENSG00000255468,-0.24703322968807123
ENSG00000174669,1.7306370824548982
ENSG00000174547,-1.9071861666691672
ENSG00000174516,-0.993698146774441
ENSG00000255517,-1.13966211171679
ENSG00000254986,-0.884003069973719
ENSG00000174483,-0.008330605777905783
ENSG00000286688,-0.8205725907970142
ENSG00000174165,-0.07385893251276913
ENSG00000248746,0.19129960337930865
ENSG00000174080,0.27293214610401784
ENSG00000173992,-0.7317261551727517
ENSG00000239306,-0.3175791828926585
ENSG00000173933,0.8609415001651531
ENSG00000173914,-0.5409771288860604
ENSG00000173898,-0.24906828705284698
ENSG00000173715,4.208732512368032
ENSG00000173653,-0.8232755789872044
ENSG00000173599,0.584783343678588
ENSG00000173621,-1.4763708609153245
ENSG00000173227,0.41396335881620594
ENSG00000173156,0.16434259596802622
ENSG00000173120,-0.6155094817560851
ENSG00000287934,0.3763017187411569
ENSG00000173020,-1.350316284430467
ENSG00000172932,-0.8741023982531966
ENSG00000172830,1.2572703612151195
ENSG00000287851,NaN
ENSG00000172613,3.1466615944725658
ENSG00000175482,-0.14495870027101895
ENSG00000274251,2.43348153723257
ENSG00000175505,-0.30135204947473354
ENSG00000172531,-1.1507916528454694
ENSG00000175463,-0.3282967085737257
ENSG00000172508,0.017579067322966307
ENSG00000175634,-1.0471452938117498
ENSG00000255949,0.1745579425758972
ENSG00000172725,0.2737301333549903
ENSG00000175544,-0.6701911356218282
ENSG00000172663,-0.7964802084564774
ENSG00000110711,-1.1875220918153802
ENSG00000110697,0.2269885230640343
ENSG00000167797,-0.7437870343889563
ENSG00000084207,1.6632655755368038
ENSG00000184224,NaN
ENSG00000167792,-1.8227005310880824
ENSG00000167799,-0.8216976204928663
ENSG00000167800,NaN
ENSG00000132744,1.8895207100199096
ENSG00000132746,NaN
ENSG00000290994,-1.4196748212701649
ENSG00000251637,1.5022403130116961
ENSG00000290995,-1.0716414656903375
ENSG00000110057,0.4244706242527671
ENSG00000006534,-1.00444277013217
ENSG00000255306,-1.081023790216595
ENSG00000110717,-1.8564132415451704
ENSG00000110719,-0.8159813810261843
ENSG00000255031,-0.8682784941033891
ENSG00000110721,0.44530758971244533
ENSG00000255236,-3.8924138949771803
ENSG00000110066,0.06078489687617507
ENSG00000171067,18.830685622082346
ENSG00000286369,14.427094043252652
ENSG00000162337,-1.4021053405476622
ENSG00000110075,-1.0288407665213033
ENSG00000132749,-0.13013923141394257
ENSG00000110090,0.2720697078670767
ENSG00000197345,-1.2990355206526651
ENSG00000132740,-0.7894269528862725
ENSG00000172935,NaN
ENSG00000162341,-1.3385950080999145
ENSG00000261070,-0.3038298431583714
ENSG00000172927,NaN
ENSG00000260877,NaN
ENSG00000110092,1.8439080596106259
ENSG00000149716,-0.47478810086439693
ENSG00000131620,NaN
ENSG00000168040,3.1057251069906493
ENSG00000289074,-0.6934575351449364
ENSG00000131626,-0.4924515421733492
ENSG00000254604,1.0371284430510574
ENSG00000254484,-1.4578872370747802
ENSG00000246889,-0.239169047106553
ENSG00000085733,104.7175886490397
ENSG00000162105,7.582543201839331
ENSG00000171671,NaN
ENSG00000172893,-0.06004543853075987
ENSG00000254682,0.3932426063126486
ENSG00000172890,-0.3221394840609778
ENSG00000254997,NaN
ENSG00000286948,-0.8405331320250943
ENSG00000204572,NaN
ENSG00000248671,0.6427211952224279
ENSG00000290775,NaN
ENSG00000291247,NaN
ENSG00000291186,0.09256354697327276
ENSG00000254469,2.3518656374606257
ENSG00000137522,-0.13333656546444328
ENSG00000137496,-1.7069854126113284
ENSG00000137497,0.037761349819678554
ENSG00000251143,0.6517428497044429
ENSG00000184154,-1.2828942511892472
ENSG00000149357,5.61850199844673
ENSG00000110200,-1.1641896824583016
ENSG00000110203,-1.296162594109799
ENSG00000204971,-2.4325379730157866
ENSG00000165457,-1.549627034164921
ENSG00000165458,0.5423067633075288
ENSG00000285864,-0.7542323043654856
ENSG00000162129,5.58783243036413
ENSG00000255843,NaN
ENSG00000256739,1.0561272479907833
ENSG00000255672,-0.9665296797182281
ENSG00000186642,-1.0173818702622401
ENSG00000256633,-1.300038140643958
ENSG00000255808,NaN
ENSG00000186635,-0.21802073894206817
ENSG00000245148,3.840198802867818
ENSG00000214530,0.04312480263304459
ENSG00000285693,3.1631510983440876
ENSG00000168010,-0.13020305221763118
ENSG00000137478,2.6270354744712203
ENSG00000289625,NaN
ENSG00000256568,4.771254537282879
ENSG00000215841,-2.4642446709736125
ENSG00000175591,18.43771626743715
ENSG00000171631,1.9538294044590998
ENSG00000257038,NaN
ENSG00000110237,-2.881329320020087
ENSG00000054967,-0.6235134957939886
ENSG00000256928,NaN
ENSG00000054965,3.0234222563707793
ENSG00000256448,-0.1374621616064427
ENSG00000021300,-0.4150461235421954
ENSG00000175582,-0.3147287082190257
ENSG00000175581,-1.107616581280589
ENSG00000181924,-1.386034196596822
ENSG00000175575,1.0367526829250442
ENSG00000187726,-0.4686290057856031
ENSG00000255847,-0.7192143471542431
ENSG00000175567,0.2228617810262238
ENSG00000287425,-0.43630510925333893
ENSG00000175564,-1.1803204372095333
ENSG00000168014,0.32217742399509625
ENSG00000214517,2.1923766033704575
ENSG00000149380,-0.16460024371705184
ENSG00000246211,NaN
ENSG00000165434,2.19529497153892
ENSG00000254631,-2.0161536566908964
ENSG00000175538,0.17190557029463735
ENSG00000254928,NaN
ENSG00000175536,-1.4082356920828023
ENSG00000254837,-1.0330933095248693
ENSG00000077514,-0.9911596226765493
ENSG00000166439,2.0380346115590777
ENSG00000166435,1.5108382516940968
ENSG00000286943,2.5758560452486132
ENSG00000118363,-1.4239477630152808
ENSG00000162139,-0.26635131142899887
ENSG00000171561,NaN
ENSG00000137491,NaN
ENSG00000255136,NaN
ENSG00000137486,1.636316193695451
ENSG00000149273,-0.6765302174677457
ENSG00000149243,1.5408599688328009
ENSG00000158555,0.5004928314125308
ENSG00000254460,NaN
ENSG00000149257,-1.0979710756351821
ENSG00000062282,-0.2784735903590236
ENSG00000255507,NaN
ENSG00000198382,0.765213336328857
ENSG00000255081,-0.2592600348839008
ENSG00000085741,2.1960111211358044
ENSG00000137492,-1.4258693866265322
ENSG00000179240,-0.637670605063852
ENSG00000255135,-0.7361691228674858
ENSG00000158636,0.6335745287224185
ENSG00000255363,1.9985248281773573
ENSG00000254810,NaN
ENSG00000236304,67.03027432472975
ENSG00000137507,NaN
ENSG00000254975,0.1637959887607387
ENSG00000078124,2.144668026431991
ENSG00000254988,-1.6539079605962819
ENSG00000198488,-0.8431682967862284
ENSG00000149260,0.3456781023919778
ENSG00000137474,-1.3353892507581675
ENSG00000178795,NaN
ENSG00000149269,2.1744764515421187
ENSG00000268635,-0.39382120502970036
ENSG00000074201,-1.2241433658006027
ENSG00000178301,0.43175672153704175
ENSG00000048649,-0.32506626403095173
ENSG00000254985,4.276183782316118
ENSG00000255409,-0.2191128397000356
ENSG00000087884,1.2364785774774434
ENSG00000254459,2.8707964645029707
ENSG00000149262,0.5302748868516414
ENSG00000151364,-0.5899641085762056
ENSG00000151365,NaN
ENSG00000151366,-1.8532244898818575
ENSG00000159063,0.8286736965132756
ENSG00000246174,0.3271087727814157
ENSG00000188997,-0.7047666601689171
ENSG00000118369,0.20018110146334145
ENSG00000033327,5.126693106678046
ENSG00000288538,14.134120107219031
ENSG00000288853,-1.545086481200543
ENSG00000254420,-0.5558142967738986
ENSG00000251323,1.5807096512572614
ENSG00000137513,2.6604793650729155
ENSG00000255084,-0.20887640360741405
ENSG00000149256,0.9456050089007252
ENSG00000245832,33.457690906148535
ENSG00000182103,NaN
ENSG00000137509,-0.6041678093394806
ENSG00000165490,-0.05355255849070941
ENSG00000254698,NaN
ENSG00000137502,3.945671135810818
ENSG00000246067,-0.037781465577849234
ENSG00000255503,-0.7492465236465468
ENSG00000165494,-0.7144094143561338
ENSG00000247137,-0.4916516761177119
ENSG00000269939,1.2543955437297702
ENSG00000137494,-0.7536989114230509
ENSG00000254551,NaN
ENSG00000137500,-0.9741222093095371
ENSG00000255234,1.5872688982077645
ENSG00000150672,13.690836546001474
ENSG00000255311,NaN
ENSG00000254787,3.1413701532459437
ENSG00000255555,NaN
ENSG00000171204,-0.8165171823495225
ENSG00000171202,-1.8460736452926518
ENSG00000137504,-0.7447505468602843
ENSG00000137501,7.212908094284595
ENSG00000150676,0.09680591521179112
ENSG00000073921,0.2619815284822825
ENSG00000074266,-0.7282793767276421
ENSG00000149196,-0.24304385353035637
ENSG00000149201,0.007690220104711103
ENSG00000254733,9.790479564642359
ENSG00000151376,-0.10178482180279202
ENSG00000150687,8.760171882724404
ENSG00000255471,0.497106459276759
ENSG00000246523,NaN
ENSG00000166575,2.1712288004645126
ENSG00000285835,0.12230042377205073
ENSG00000255102,NaN
ENSG00000123892,-1.1620850287395643
ENSG00000109861,0.772755558878683
ENSG00000288018,1.6920766926880624
ENSG00000255082,NaN
ENSG00000168959,2.354092074844553
ENSG00000077616,-1.1547173847386056
ENSG00000110172,-0.47820875347769004
ENSG00000261645,12.535140991790863
ENSG00000165323,3.0840269877040685
ENSG00000255506,NaN
ENSG00000180773,0.15211178967744118
ENSG00000165325,NaN
ENSG00000166002,-0.20515694792967168
ENSG00000166004,-0.165503112448259
ENSG00000254911,NaN
ENSG00000166012,-1.0831698844275586
ENSG00000182919,-0.367074351923508
ENSG00000042429,-0.4916695549107543
ENSG00000181333,NaN
ENSG00000110218,0.03406342274779127
ENSG00000250519,-0.6036626765917693
ENSG00000020922,0.617658046079243
ENSG00000255893,NaN
ENSG00000168876,-1.4049213125820084
ENSG00000134627,-0.04643539868519411
ENSG00000196371,-1.6076239293121455
ENSG00000255929,-0.38162484516290823
ENSG00000166025,0.18567947140546415
ENSG00000256469,2.850666850083174
ENSG00000150316,-1.338597963974723
ENSG00000186280,2.7979165608316605
ENSG00000263465,4.784104490246134
ENSG00000149218,14.142061723790144
ENSG00000245552,1.5914460297902016
ENSG00000149212,2.423383640683056
ENSG00000285842,0.1625064286451306
ENSG00000077458,-0.7956481580019632
ENSG00000166037,0.05450318798399978
ENSG00000087053,0.6607035221204874
ENSG00000184384,1.3595822352744769
ENSG00000285921,0.26366550040599457
ENSG00000149231,0.01818715986105299
ENSG00000183340,-1.4008396154628258
ENSG00000255679,NaN
ENSG00000254587,NaN
ENSG00000149972,-1.3648083748588142
ENSG00000165895,3.9858472816209796
ENSG00000282728,NaN
ENSG00000137672,0.14428046537746345
ENSG00000187151,NaN
ENSG00000110318,2.8426898044563687
ENSG00000137691,NaN
ENSG00000137693,0.8811965149731964
ENSG00000288528,0.5705570746484889
ENSG00000023445,1.808349000117097
ENSG00000288833,-1.0987102908690896
ENSG00000110330,-1.462654731716253
ENSG00000152558,-0.63749535234033
ENSG00000255337,-0.11500754234294787
ENSG00000255482,4.652355550155799
ENSG00000137673,NaN
ENSG00000137674,NaN
ENSG00000196611,NaN
ENSG00000137692,1.0155409357719631
ENSG00000187240,2.6415326320194703
ENSG00000285878,NaN
ENSG00000254987,8.798403100519854
ENSG00000170962,12.137265506101722
ENSG00000256422,NaN
ENSG00000291173,1.412118651991187
ENSG00000196954,-1.2744378835827908
ENSG00000137757,-0.08124429243131422
ENSG00000137752,-0.3508817581105239
ENSG00000204397,-0.04605813993241955
ENSG00000290797,-0.32306609292085875
ENSG00000255501,0.5850025198141187
ENSG00000152578,NaN
ENSG00000285813,NaN
ENSG00000170903,-1.0853325968165772
ENSG00000182359,-0.0068594239404896114
ENSG00000149313,-0.9115976085579974
ENSG00000152402,NaN
ENSG00000261098,0.2322042583808624
ENSG00000152404,0.1815190918034523
ENSG00000137760,-0.5475971632839827
ENSG00000110675,NaN
ENSG00000110660,1.6537452412338705
ENSG00000179331,2.94165101295861
ENSG00000288012,0.8450758986985508
ENSG00000166266,-0.20696400533376952
ENSG00000255467,-0.0018924268693378636
ENSG00000075239,-0.4538561584222972
ENSG00000285696,1.3012281538465829
ENSG00000149308,0.7803811336656283
ENSG00000149311,0.07645438564414071
ENSG00000166323,0.636250806752304
ENSG00000178202,0.8869030443000818
ENSG00000110723,1.6152408453580016
ENSG00000178105,0.037321403578868866
ENSG00000255528,NaN
ENSG00000255028,4.9157495978429875
ENSG00000289465,NaN
ENSG00000137710,-0.11076124585981485
ENSG00000149289,5.303590606102576
ENSG00000290078,NaN
ENSG00000254416,NaN
ENSG00000137714,-0.7776323889202656
ENSG00000137727,5.2369602334697
ENSG00000287556,0.5625822786001287
ENSG00000271584,4.732832419931042
ENSG00000150750,0.3078902021184474
ENSG00000196167,-1.2601239362433263
ENSG00000214290,NaN
ENSG00000110777,2.688637289497986
ENSG00000255428,NaN
ENSG00000204381,-0.46921540914205906
ENSG00000170145,0.8999623251748378
ENSG00000137713,2.871977949440261
ENSG00000254990,-0.37531142029059267
ENSG00000086848,1.003964271280611
ENSG00000254450,17.021556893465487
ENSG00000255561,-0.1356170976836526
ENSG00000137720,-1.0636977685003128
ENSG00000150764,-0.8993621071201422
ENSG00000150768,-0.7490476108940836
ENSG00000150773,NaN
ENSG00000150776,-0.7831091829887071
ENSG00000150779,-1.4957067736696994
ENSG00000204370,-1.7975040762324666
ENSG00000150782,-0.1700954264298048
ENSG00000150783,-0.5693835831203823
ENSG00000197580,3.462718492390968
ENSG00000150787,1.0154113922726113
ENSG00000188771,-0.8546664238431948
ENSG00000268472,0.17400216536266158
ENSG00000250303,1.255200049534561
ENSG00000254968,1.5005743468777266
ENSG00000255484,-1.5496247169130242
ENSG00000285769,16.595231285167568
ENSG00000149294,11.565325306806601
ENSG00000227487,NaN
ENSG00000149292,1.2184650456036465
ENSG00000270179,0.7024192025503901
ENSG00000170209,2.415937543717352
ENSG00000149295,NaN
ENSG00000166682,3.1868309784427216
ENSG00000086827,-0.6153662413702927
ENSG00000256603,NaN
ENSG00000048028,0.8800931495301539
ENSG00000256452,-0.094593304177751
ENSG00000149305,NaN
ENSG00000166736,-0.4418540969615908
ENSG00000109906,7.47856805363888
ENSG00000256947,3.451413291676078
ENSG00000166741,1.4845811609324424
ENSG00000256195,NaN
ENSG00000180425,0.527812738023899
ENSG00000076053,-0.9030878818183546
ENSG00000076043,-0.6879448190079617
ENSG00000095110,NaN
ENSG00000182985,4.069113058728422
ENSG00000287897,NaN
ENSG00000256972,NaN
ENSG00000255580,0.12879818451446803
ENSG00000246100,NaN
ENSG00000137656,-0.46310210998375195
ENSG00000226645,NaN
ENSG00000109917,-1.5391742277857803
ENSG00000118137,0.519368714254854
ENSG00000235910,-1.1508499334261895
ENSG00000160584,-0.44062597422238103
ENSG00000224077,1.9611225749980419
ENSG00000168092,0.7684432368669835
ENSG00000149577,-0.026642202642807655
ENSG00000149591,1.042239495088659
ENSG00000160613,-0.12482244835639075
ENSG00000167257,0.6294424913821137
ENSG00000186318,-1.273742126773675
ENSG00000278768,-0.1495670174247243
ENSG00000110274,-0.18754777929566033
ENSG00000250699,0.5948092585236125
ENSG00000177103,5.240831422930458
ENSG00000137731,3.1421521177961487
ENSG00000254528,-2.312072880623733
ENSG00000137726,-1.2757438987653746
ENSG00000137747,NaN
ENSG00000110324,-0.7204027175286625
ENSG00000255274,0.43359347551748006
ENSG00000177098,-0.5872031430596231
ENSG00000160593,1.1973340766167095
ENSG00000160588,2.7980959353159656
ENSG00000149573,-1.1524326688066289
ENSG00000198851,1.9706378385421803
ENSG00000167286,2.6333817350859325
ENSG00000160654,2.003845703346656
ENSG00000110344,0.2661763831122399
ENSG00000254873,0.5593971819694814
ENSG00000167283,-1.5154820570409007
ENSG00000269944,NaN
ENSG00000255384,0.5595978400011574
ENSG00000118058,-0.7931589137931964
ENSG00000255435,0.6825607767773385
ENSG00000172425,-1.6713396415613344
ENSG00000149582,-0.6736928403064594
ENSG00000118096,-1.0521112267574826
ENSG00000095139,-1.7490153982507746
ENSG00000019144,0.6733745616268734
ENSG00000255422,-0.5425978572060193
ENSG00000287238,-0.5080887815493842
ENSG00000110367,-0.30508474855835976
ENSG00000278376,-0.7797947454034464
ENSG00000160683,0.8698711019380589
ENSG00000245869,-0.3060953192300138
ENSG00000186174,0.4995209061953343
ENSG00000110375,0.17534313837806537
ENSG00000255121,2.0290570299976065
ENSG00000186166,-0.3800359430188697
ENSG00000254428,-0.7819356532221968
ENSG00000118181,-0.8084320001420366
ENSG00000196655,-1.6944063372717264
ENSG00000137700,-0.9726858477078592
ENSG00000149428,-0.3958891483619776
ENSG00000271751,0.5108879115938932
ENSG00000272186,-0.6921151259112115
ENSG00000160695,-1.6389266211158862
ENSG00000256269,-1.6530673685596158
ENSG00000188486,-0.5668797846760457
ENSG00000172269,-0.803967605322789
ENSG00000172375,-1.2239473348425083
ENSG00000172273,-0.3513731413533221
ENSG00000160703,-0.9502223264557872
ENSG00000172367,NaN
ENSG00000248712,-0.66613969694072
ENSG00000110395,0.2528433553310169
ENSG00000076706,-1.5607046801528242
ENSG00000173456,-1.839678069516266
ENSG00000036672,-0.20074937384713218
ENSG00000245248,0.8785131225707524
ENSG00000110400,-1.5173341862179086
ENSG00000255247,NaN
ENSG00000254854,NaN
ENSG00000287545,NaN
ENSG00000184232,-0.2389240991674705
ENSG00000137709,-0.3794683253869466
ENSG00000181264,4.587021511489419
ENSG00000196914,3.9259927903800196
ENSG00000149403,8.62432104540215
ENSG00000250493,NaN
ENSG00000154114,0.6978260650255256
ENSG00000109927,2.649024112024039
ENSG00000109929,-0.6655017379178542
ENSG00000289391,1.3204119446118967
ENSG00000246790,1.35048691183045
ENSG00000137642,0.2525560861464994
ENSG00000286044,1.6808696497945232
ENSG00000255248,-0.3180177694665996
ENSG00000154127,5.019534891190146
ENSG00000286341,-3.3871063944848183
ENSG00000285909,0.6676624354774293
ENSG00000109943,13.280922242751823
ENSG00000109944,0.32532178480722185
ENSG00000109971,-0.7443627713972227
ENSG00000288061,5.054056311231716
ENSG00000166250,1.7620933599243134
ENSG00000254710,NaN
ENSG00000023171,5.406666998205916
ENSG00000166257,NaN
ENSG00000166261,0.9208424371076297
ENSG00000290080,NaN
ENSG00000110002,0.1475295414132575
ENSG00000196119,NaN
ENSG00000154144,-1.8375027873553662
ENSG00000110013,0.15017783723874117
ENSG00000064199,-1.0808336763078357
ENSG00000154146,207.15298492637626
ENSG00000255045,1.9659822138690426
ENSG00000019102,-0.9442832184473191
ENSG00000149564,49.76171260773702
ENSG00000250073,-0.547235151689468
ENSG00000120458,0.49669646943703594
ENSG00000279342,0.9024516803021703
ENSG00000245498,-0.11774642121910409
ENSG00000154134,-0.8434360579279417
ENSG00000154133,NaN
ENSG00000285825,-0.27708340772942597
ENSG00000149548,0.4466695213660893
ENSG00000134955,0.7960194910071282
ENSG00000150433,-1.4391454910267232
ENSG00000289631,NaN
ENSG00000165495,-0.17593085344601928
ENSG00000149557,-0.1965972697446731
ENSG00000255537,3.2133567888663017
ENSG00000149547,2.287897783509715
ENSG00000134910,2.276573934741356
ENSG00000288907,-0.9098310676311334
ENSG00000149554,2.036002878854279
ENSG00000198331,-0.66386779354415
ENSG00000110060,-1.2628428380587464
ENSG00000255027,NaN
ENSG00000254790,NaN
ENSG00000064309,3.0508193748363706
ENSG00000254833,NaN
ENSG00000165526,-0.09496318443762168
ENSG00000197798,-0.5367027315756983
ENSG00000182934,-1.1051449992602103
ENSG00000110074,-0.5129853568653887
ENSG00000150455,-1.0643534530161292
ENSG00000255062,-0.6101903806036792
ENSG00000110063,0.21205220417085574
ENSG00000280832,7.915919904557165
ENSG00000110080,1.6460405086608345
ENSG00000149571,6.05224142468484
ENSG00000257271,-10.200027611517903
ENSG00000254607,NaN
ENSG00000255087,NaN
ENSG00000273409,NaN
ENSG00000273415,13.340953682877096
ENSG00000289398,-0.7524843903900997
ENSG00000289093,-0.7208232549666526
ENSG00000134954,1.5568790808034974
ENSG00000245008,1.886422360574279
ENSG00000288975,NaN
ENSG00000151702,-0.3470572661184556
ENSG00000254703,21.05501022198084
ENSG00000151704,-0.606974529168381
ENSG00000120457,2.6947470883168863
ENSG00000174370,-1.697255182367269
ENSG00000134909,3.429106980869927
ENSG00000043039,1.64455778308004
ENSG00000281386,NaN
ENSG00000281097,0.4007158523268478
ENSG00000287426,2.2936451377474456
ENSG00000151715,0.6910740287606625
ENSG00000289223,-0.8124951362305207
ENSG00000170322,-0.8824963705252337
ENSG00000170325,0.3447465498698183
ENSG00000233220,0.40418965838480164
ENSG00000084234,2.383613782116907
ENSG00000149418,-0.11906541056897169
ENSG00000196323,-0.5482034504987952
ENSG00000175773,2.9547899421107946
ENSG00000134917,NaN
ENSG00000166106,-3.4750408054579296
ENSG00000254842,0.6494325466862602
ENSG00000120451,-0.6323233674290294
ENSG00000182667,-1.6882525140926827
ENSG00000224795,NaN
ENSG00000183715,2.8187225571219194
ENSG00000287068,NaN
ENSG00000080854,-0.006454685970362184
ENSG00000204241,5.7818643786908135
ENSG00000166086,10.114376249876697
ENSG00000151503,0.8103473584360479
ENSG00000255348,0.8729412435239494
ENSG00000151502,2.7035322840748277
ENSG00000151500,-1.6324371277984675
ENSG00000151498,-1.451575549249562
ENSG00000166105,0.8772172702842947
ENSG00000289399,-1.034262573456666
ENSG00000149328,3.3707856732706976
ENSG00000109956,1.8580282742742544
ENSG00000255545,2.660055788227346
ENSG00000251226,NaN
ENSG00000120645,5.920947991848713
ENSG00000256948,-1.4832731689617178
ENSG00000256540,NaN
ENSG00000111181,-0.9025047341259322
ENSG00000010379,-0.7083708868638404
ENSG00000261799,-1.1100705599490444
ENSG00000290285,-0.781833636115875
ENSG00000073614,0.02349124635802025
ENSG00000120647,1.6174722866119589
ENSG00000139044,5.987440318585691
ENSG00000171840,1
ENSG00000177406,6.375277473662701
ENSG00000256672,NaN
ENSG00000060237,-0.49563438962984147
ENSG00000285704,3.271686183137602
ENSG00000002016,0.1586696731364938
ENSG00000250132,-2.7238914408777526
ENSG00000082805,-0.21667453766963554
ENSG00000249028,0.27135812492164385
ENSG00000111186,3.597926023206512
ENSG00000171823,-1.08175148851183
ENSG00000289832,NaN
ENSG00000006831,1.017812495379253
ENSG00000285627,-0.18224889475176187
ENSG00000151062,3.1803897065398163
ENSG00000256706,-0.9711350761494112
ENSG00000235049,NaN
ENSG00000151065,-0.8832321536107699
ENSG00000151067,-0.2026576387319225
ENSG00000256271,-0.4842767421343166
ENSG00000246627,-0.9180842852299173
ENSG00000274659,NaN
ENSG00000004478,-1.0461116060895423
ENSG00000258325,-0.23013006316135326
ENSG00000111203,0.85201884870336
ENSG00000053702,0.22335278199424508
ENSG00000283297,-0.7037466865437766
ENSG00000111206,1.8436030007875766
ENSG00000171792,-1.2499513469021741
ENSG00000078246,-0.15112391563305888
ENSG00000278356,0.49707668669782534
ENSG00000250899,0.6996353881191222
ENSG00000011105,13.93664420206544
ENSG00000111218,-1.089899797212615
ENSG00000130038,0.14132578412409372
ENSG00000283138,0.49133019024763996
ENSG00000111224,0.33756414640501464
ENSG00000256862,-0.49020329227927506
ENSG00000288729,0.18441784731895763
ENSG00000255920,1.422772727393022
ENSG00000118971,0.1984421407002581
ENSG00000078237,-0.4767808704392189
ENSG00000118972,NaN
ENSG00000111241,NaN
ENSG00000047621,0.41909262831568117
ENSG00000111247,-1.0040796005707695
ENSG00000010219,-1.384329144151025
ENSG00000111254,-0.03911525127105846
ENSG00000256381,NaN
ENSG00000139180,-1.1535086132505947
ENSG00000255474,NaN
ENSG00000130035,-0.37124067310243775
ENSG00000256988,2.7853178615033047
ENSG00000130037,-3.615633728117533
ENSG00000256417,NaN
ENSG00000047617,2.310326510519746
ENSG00000110799,-1.0602994577298408
ENSG00000010278,91.45317993599502
ENSG00000008323,-0.48115167012939564
ENSG00000067182,-0.3539651903423029
ENSG00000111319,1.6685060272519294
ENSG00000111321,-0.6478207764243148
ENSG00000256433,0.6318678705777354
ENSG00000215039,18.78071405701219
ENSG00000139193,1.0477839647426488
ENSG00000139192,-1.0704893095909191
ENSG00000139190,-0.26868205999321065
ENSG00000276718,4.128238891391692
ENSG00000111639,-1.997701898196099
ENSG00000010292,-0.5424063786022221
ENSG00000111640,0.5729223685386237
ENSG00000269968,-3.0932833162946585
ENSG00000010295,0.8734702836675724
ENSG00000245667,-0.7571590529221326
ENSG00000111641,1.0518038706024453
ENSG00000111642,0.2808907503101985
ENSG00000247853,-0.7286021683032463
ENSG00000184574,3.2363006386799817
ENSG00000111644,164.14862251211366
ENSG00000111653,-0.8002019631554176
ENSG00000219410,-1.3838570435860729
ENSG00000126746,-1.2035486991537492
ENSG00000139200,0.9296200157607653
ENSG00000288814,NaN
ENSG00000111652,-0.9186317985629625
ENSG00000269892,-1.9673654994786105
ENSG00000089693,-1.396677227216169
ENSG00000159335,-0.3432644122495412
ENSG00000089692,2.975064711100928
ENSG00000010610,0.28988535821223155
ENSG00000250510,-2.2851515526346375
ENSG00000110811,-1.2363322016142604
ENSG00000111664,NaN
ENSG00000111665,-2.860338679471924
ENSG00000111667,-1.170773004368056
ENSG00000111669,-0.5680239753990582
ENSG00000111671,-0.9301693147797506
ENSG00000010626,9.948357383924463
ENSG00000290712,22.970019806041012
ENSG00000275703,-2.215088592702392
ENSG00000111674,-0.6562033144989985
ENSG00000111676,0.09295916101728745
ENSG00000111678,0.006535664689581348
ENSG00000272173,-0.3183948999711411
ENSG00000111679,-0.5390376027832773
ENSG00000257084,0.8289098035059064
ENSG00000271969,NaN
ENSG00000215021,-1.4819101793411207
ENSG00000126749,-1.1668964006510376
ENSG00000111684,0.6531528607151492
ENSG00000182326,1.800993467857788
ENSG00000159403,0.5361539243178328
ENSG00000139178,-0.5639946249224201
ENSG00000205885,-0.32993696383540605
ENSG00000139194,0.8253709189935279
ENSG00000139182,0.9787140805154474
ENSG00000285770,2.5149712462950635
ENSG00000255572,NaN
ENSG00000139197,-0.9433586210144697
ENSG00000215009,NaN
ENSG00000177675,-1.1600184399510827
ENSG00000177575,1.0479718424994995
ENSG00000111701,NaN
ENSG00000187569,NaN
ENSG00000198178,11.690123578596566
ENSG00000111704,-1.2131922621352818
ENSG00000173262,4.084912963488493
ENSG00000287713,0.5380217283835002
ENSG00000290484,0.5933707711873611
ENSG00000059804,3.8186550768363836
ENSG00000288043,-0.5459280738159682
ENSG00000065970,-1.2805850542837085
ENSG00000171860,0.44507263744826003
ENSG00000089818,-0.6216342797659302
ENSG00000111729,0.4534132462057573
ENSG00000196946,NaN
ENSG00000226711,-0.6308389436149664
ENSG00000290939,1.4594858426577724
ENSG00000275367,NaN
ENSG00000171847,-1.533146668592757
ENSG00000290940,-1.45664887661003
ENSG00000215241,-0.5576217438752421
ENSG00000286895,-1.3556474243024148
ENSG00000286504,-5.299972560428595
ENSG00000226091,1.3062867708885186
ENSG00000256101,NaN
ENSG00000288954,1.1019064162755603
ENSG00000205846,-1.5775405488755327
ENSG00000166527,0.46183357839661676
ENSG00000166523,2.6388425325965907
ENSG00000255801,-3.0649327832501636
ENSG00000197614,0.14221906867042974
ENSG00000255829,NaN
ENSG00000166532,1.7229002846458596
ENSG00000256661,0.5697181060565906
ENSG00000249790,56.65328700869917
ENSG00000166535,NaN
ENSG00000282022,4.839958305978671
ENSG00000111752,3.0820034867982646
ENSG00000003056,-1.9110960862826545
ENSG00000139187,5.587839658168627
ENSG00000257105,2.0485069770679734
ENSG00000214851,2.2889768109459503
ENSG00000245105,2.938929852578032
ENSG00000175899,6.988446870262451
ENSG00000126838,4.193278267153727
ENSG00000291190,1.5532953034698689
ENSG00000237248,6.56464344472997
ENSG00000291254,-0.13123640886991125
ENSG00000260423,-0.8018593800716679
ENSG00000284634,2.960318244462017
ENSG00000290469,-4.444716266090571
ENSG00000111796,16.325548166647053
ENSG00000256442,NaN
ENSG00000291107,0.7757994807619235
ENSG00000257027,3.2358908404171753
ENSG00000069493,0.7541849731211622
ENSG00000256582,-0.5720042752937001
ENSG00000110848,3.403646651291373
ENSG00000150045,18.71257176963847
ENSG00000110852,-0.17631175875188798
ENSG00000255882,-1.6669652219514008
ENSG00000225231,-6.034170384735316
ENSG00000172322,2.7497921964161574
ENSG00000165682,82.21901506518171
ENSG00000256660,-1.595064840381671
ENSG00000256803,NaN
ENSG00000197992,19.725263744308563
ENSG00000150048,-0.7400881349236191
ENSG00000172243,4.248344660053403
ENSG00000173391,0.937460220860638
ENSG00000165685,-1.5969689397207758
ENSG00000139112,1.1415682159652987
ENSG00000134539,21.716698539920696
ENSG00000290036,3.5785021073829615
ENSG00000256155,NaN
ENSG00000245648,0.686038892093307
ENSG00000213809,9.672032593521207
ENSG00000183542,0.24124287166594832
ENSG00000205810,9.04738070089319
ENSG00000205809,6.576922940512027
ENSG00000134545,26.761111169728743
ENSG00000180574,0.542619120755291
ENSG00000256039,18.228565083765613
ENSG00000290537,2.617165338504377
ENSG00000111196,-0.9933034741877328
ENSG00000060140,5.4551879473837515
ENSG00000060138,3.51478130052979
ENSG00000231887,-0.6590804563865917
ENSG00000121318,0.880543518379232
ENSG00000212128,NaN
ENSG00000134551,NaN
ENSG00000212127,-1.232047035141072
ENSG00000212126,NaN
ENSG00000255837,-1.1106876088907802
ENSG00000212124,NaN
ENSG00000256436,-3.051044728264716
ENSG00000226761,0.8208071380749971
ENSG00000291182,-1.4755814915463574
ENSG00000255374,NaN
ENSG00000256188,-1.512085045275924
ENSG00000256712,NaN
ENSG00000256537,3.521004856557748
ENSG00000275119,2.5979952523519554
ENSG00000251655,NaN
ENSG00000256237,-0.5411339355009976
ENSG00000247157,2.5409748821260996
ENSG00000139083,0.7991404636691469
ENSG00000121380,0.07064588991840894
ENSG00000070018,1.0123100163535872
ENSG00000111261,-0.24675562174380583
ENSG00000205791,0.9324547114164613
ENSG00000165714,0.3255212282226539
ENSG00000111266,2.165802648694767
ENSG00000290048,1.7538268461305222
ENSG00000255670,2.3325649524420533
ENSG00000111269,-0.9785680325680127
ENSG00000183150,0.36418472291853055
ENSG00000257004,0.5236903572676943
ENSG00000111276,-1.1528002342979704
ENSG00000256658,3.744074366026977
ENSG00000178878,2.2266254069638918
ENSG00000213782,-0.6593726160808814
ENSG00000013588,1.8588870888990632
ENSG00000247498,0.00717764826795573
ENSG00000111291,1.3467568355916744
ENSG00000013583,-0.4724038448420224
ENSG00000255621,1.104481284786601
ENSG00000084444,-0.8491280707216664
ENSG00000111305,NaN
ENSG00000134531,2.6183469354756492
ENSG00000286869,NaN
ENSG00000273079,2.1786001512738413
ENSG00000287928,NaN
ENSG00000256084,NaN
ENSG00000171681,0.767242338824094
ENSG00000290040,-0.7048543782237163
ENSG00000121316,8.317959239391428
ENSG00000255649,-0.2918108081892053
ENSG00000256751,0.30015226431247705
ENSG00000070019,0.8814248562608467
ENSG00000214772,0.23679197218995474
ENSG00000261324,0.13259554428878564
ENSG00000197837,-1.191214949167378
ENSG00000289909,15.612839767320525
ENSG00000246705,12.21875533067619
ENSG00000084463,-1.4747840923725042
ENSG00000182993,-0.9850970007373424
ENSG00000111341,0.2909681214511385
ENSG00000139055,2.2903254793687196
ENSG00000111348,-1.3218989885985586
ENSG00000139053,-0.8280390495541248
ENSG00000134533,NaN
ENSG00000151490,-0.5148526112454213
ENSG00000151491,1.0084719257023613
ENSG00000023734,-1.3620279645592366
ENSG00000023697,3.2617914146872224
ENSG00000008394,2.3289750283777915
ENSG00000283240,-0.6686067374536621
ENSG00000256389,NaN
ENSG00000256994,1.4134485783440467
ENSG00000139144,NaN
ENSG00000139151,NaN
ENSG00000052126,6.7938565977489915
ENSG00000253284,-1.4373991109966864
ENSG00000139154,2.858152635100817
ENSG00000255910,4.141640286135838
ENSG00000256287,12.637072932978702
ENSG00000172572,1.5144270736254188
ENSG00000111700,NaN
ENSG00000134538,NaN
ENSG00000121351,NaN
ENSG00000121350,-0.5928430831957284
ENSG00000004700,-0.9400881812981234
ENSG00000111711,-0.5325614644281308
ENSG00000134548,43.19425322522385
ENSG00000111713,1.3431700505271784
ENSG00000111716,0.9936995811694006
ENSG00000256615,NaN
ENSG00000069431,0.9817263229253195
ENSG00000111726,0.61298807822172
ENSG00000111728,13.011346085257694
ENSG00000250166,0.3937692432715017
ENSG00000111731,1.0556695886776748
ENSG00000256973,2.3150569467107163
ENSG00000257023,-0.38858297351685483
ENSG00000139163,-0.6857383541684201
ENSG00000256995,-0.48922795134331387
ENSG00000134532,80.63239410561356
ENSG00000256120,-0.2909051944313377
ENSG00000255745,NaN
ENSG00000060982,-0.40072668669491013
ENSG00000255921,NaN
ENSG00000226397,-0.32903216935823654
ENSG00000118308,4.12462729100119
ENSG00000258449,-0.06322355913865325
ENSG00000118307,-0.016688757933491054
ENSG00000205707,2.942443829088152
ENSG00000133703,-0.6369966629004793
ENSG00000274987,-0.4816733258315014
ENSG00000278743,-0.583083936883829
ENSG00000289928,-0.8721807102978462
ENSG00000152936,-2.2102747578001742
ENSG00000246695,-1.338819225705752
ENSG00000123094,3.670526685782007
ENSG00000123095,0.6345780197486447
ENSG00000123096,28.137280136687412
ENSG00000256894,NaN
ENSG00000286752,-0.6236226256976657
ENSG00000256234,-0.17804457875825708
ENSG00000255858,NaN
ENSG00000255968,-0.44672453208714213
ENSG00000123104,0.2856124442842744
ENSG00000234428,-0.45063849636989445
ENSG00000064102,-0.10991724486462502
ENSG00000111790,-1.4437369661422421
ENSG00000064115,1.5755144118902389
ENSG00000152944,0.7828074177833545
ENSG00000275764,-0.9523264114752937
ENSG00000256226,0.3535836243715099
ENSG00000211455,0.12622669107523982
ENSG00000029153,2.85489032307935
ENSG00000245311,3.3126710718993095
ENSG00000288971,NaN
ENSG00000165935,0.8046835960921912
ENSG00000110841,5.715394896201729
ENSG00000256377,-0.7303560454602199
ENSG00000061794,-0.9166303887339223
ENSG00000205693,-0.03496836383002634
ENSG00000087448,0.1380338495162501
ENSG00000123106,0.20908872214087737
ENSG00000247934,-0.9102937295424961
ENSG00000278733,NaN
ENSG00000273989,0.4681001173981126
ENSG00000257258,0.005143746374320733
ENSG00000064763,6.1943965821486255
ENSG00000275278,2.74206793429973
ENSG00000275476,-1.0648673175156285
ENSG00000257176,1.7525843093405218
ENSG00000274315,-1.0975693282701302
ENSG00000273680,-0.5915394661982558
ENSG00000087502,-1.0609785112894115
ENSG00000257599,4.66278498957347
ENSG00000187950,-0.4339935423390403
ENSG00000133687,6.51575502739068
ENSG00000133704,0.49065082474035443
ENSG00000110888,-0.5271153007889164
ENSG00000246331,-0.7017367820247571
ENSG00000285517,-0.1687862459701549
ENSG00000110900,NaN
ENSG00000245614,-0.12450680851176033
ENSG00000013573,-0.4254998607389849
ENSG00000291250,35.728428974139604
ENSG00000291251,NaN
ENSG00000291252,NaN
ENSG00000275097,-0.6947031535837785
ENSG00000139146,0.7299256177591777
ENSG00000177340,-1
ENSG00000170456,7.814080699138484
ENSG00000255867,0.8623047105297184
ENSG00000233381,0.8740478067076083
ENSG00000139160,1.9969359563265359
ENSG00000151743,3.5768014669643
ENSG00000276900,4.745676680401953
ENSG00000188375,-0.8089187703795694
ENSG00000255760,1.9265591827088548
ENSG00000174718,0.31342681216641405
ENSG00000276136,-0.3316232511356803
ENSG00000257530,1.2087851333458144
ENSG00000151746,2.8673892290128427
ENSG00000277342,NaN
ENSG00000274964,NaN
ENSG00000276115,-0.5673001356110465
ENSG00000139132,4.312531514595721
ENSG00000087470,-0.42371820056640075
ENSG00000276148,2.0066375276664212
ENSG00000139131,-0.302657929637887
ENSG00000274105,NaN
ENSG00000275854,8.109066939164443
ENSG00000057294,-0.8212861806402808
ENSG00000110975,NaN
ENSG00000245482,-0.5643145737213666
ENSG00000139133,-1.598081528775988
ENSG00000256538,5.825099825982425
ENSG00000175548,-0.1879632080946461
ENSG00000139117,2.7741245763020395
ENSG00000257718,NaN
ENSG00000139116,3.1645952067998158
ENSG00000173208,0.941236149405255
ENSG00000285732,NaN
ENSG00000180116,0.1702912903709298
ENSG00000151229,3.306650139716806
ENSG00000260943,NaN
ENSG00000223914,4.4608611324945695
ENSG00000225342,-0.958534647159952
ENSG00000188906,5.492731590151446
ENSG00000289310,-2.2328788935002803
ENSG00000258167,NaN
ENSG00000165966,13.06719439019588
ENSG00000257239,-0.6844446079278463
ENSG00000286591,-0.797742802112272
ENSG00000151233,0.9371200455257909
ENSG00000015153,0.18710984672240466
ENSG00000134283,-0.13212828294280538
ENSG00000139168,-1.3213984732649775
ENSG00000274943,-0.8294400331206881
ENSG00000139174,3.5721357084783483
ENSG00000257225,NaN
ENSG00000258068,NaN
ENSG00000173157,-0.9594231293063862
ENSG00000129317,0.08716174920066197
ENSG00000198001,2.299645239449836
ENSG00000151239,-1.1833573792943675
ENSG00000139173,5.431873983727192
ENSG00000257947,0.2614231160594553
ENSG00000286671,NaN
ENSG00000184613,10.69509252684423
ENSG00000177119,2.3729028391592126
ENSG00000278351,NaN
ENSG00000257657,0.4731285968579835
ENSG00000273015,0.22014690040301185
ENSG00000289229,0.10505733367093192
ENSG00000189079,-0.39438322128071485
ENSG00000278475,NaN
ENSG00000139218,-0.735927290404404
ENSG00000289046,1.5652255636712027
ENSG00000111371,1.0090552801580197
ENSG00000274591,-1.4659482145630562
ENSG00000134294,0.8231689873647026
ENSG00000258096,-1.874883882540813
ENSG00000257261,5.95240599148818
ENSG00000257496,1.0663830852871772
ENSG00000275481,0.23494346224310064
ENSG00000272369,-1.0078423517791437
ENSG00000139209,0.21541217800696463
ENSG00000139211,2.200028134708576
ENSG00000179715,3.1015912866993203
ENSG00000247774,1.6876090666908272
ENSG00000257925,-0.46655943414604883
ENSG00000258181,1.3175975046374626
ENSG00000276454,NaN
ENSG00000257924,0.48062639908363824
ENSG00000257906,-0.7749434183261493
ENSG00000005175,-1.0179356724110291
ENSG00000276390,-1.9505820735086972
ENSG00000257433,-0.19283412999680247
ENSG00000111405,-0.6821260260533533
ENSG00000274902,0.9171374982106562
ENSG00000079337,-1.628321736896868
ENSG00000211584,-0.8608034781469789
ENSG00000061273,1.515930833846083
ENSG00000268069,NaN
ENSG00000274737,NaN
ENSG00000257488,-2.1724912044013447
ENSG00000111424,0.8264760016043976
ENSG00000205537,-1.4482207434174967
ENSG00000278385,NaN
ENSG00000134291,2.322191072442473
ENSG00000257985,-1.5882520917738856
ENSG00000257955,NaN
ENSG00000079387,-0.18699874726991977
ENSG00000152556,-1.0398193256848085
ENSG00000177981,0.03508249607516289
ENSG00000177875,-0.5218524745275454
ENSG00000269514,-0.24443934579414645
ENSG00000258234,2.0519936029505916
ENSG00000275228,-2.608549981876005
ENSG00000167528,-1.0359629778063202
ENSG00000257735,0.5136360311481292
ENSG00000273765,NaN
ENSG00000177627,NaN
ENSG00000198678,NaN
ENSG00000139620,0.03551560051254693
ENSG00000129315,-0.6071176712784956
ENSG00000257987,1.082345390969599
ENSG00000174233,4.827464078397513
ENSG00000167535,-0.4005067896391035
ENSG00000174243,-0.038342911141064404
ENSG00000172602,4.811025969958906
ENSG00000139537,-0.17711727898324417
ENSG00000134285,0.09415513291061806
ENSG00000134287,0.9360776753852698
ENSG00000169884,2.3752722212809916
ENSG00000125084,1.2581957169992033
ENSG00000257913,-1.3621291790084273
ENSG00000181929,-0.6608607884207098
ENSG00000167548,-0.6944382319278555
ENSG00000167550,0.20032136329919314
ENSG00000139549,NaN
ENSG00000139636,-0.5678162360438554
ENSG00000123416,3.4427971005751035
ENSG00000258017,2.8883023950978925
ENSG00000167552,0.7079727540146763
ENSG00000167553,26.897795961226763
ENSG00000258101,-1.082297191950562
ENSG00000258232,-0.9983161673937749
ENSG00000258334,18.657546378886895
ENSG00000135451,4.776387444622762
ENSG00000186897,NaN
ENSG00000123352,4.620663260494438
ENSG00000287537,NaN
ENSG00000135519,-0.43511111263589386
ENSG00000187778,-1.6052863203181096
ENSG00000110844,0.8333608630501191
ENSG00000135436,-1.6515621028224232
ENSG00000161791,1.016396023101096
ENSG00000139644,-1.2289117125096163
ENSG00000167566,-0.31352698436981324
ENSG00000258057,-1.2604456881817723
ENSG00000186666,-0.058511075805855836
ENSG00000135472,NaN
ENSG00000257771,NaN
ENSG00000161800,-0.5096949338270504
ENSG00000110881,NaN
ENSG00000066117,-1.1036403426674406
ENSG00000167588,5.248591172117772
ENSG00000178449,-1.9306387418766995
ENSG00000272368,0.0013410766879181856
ENSG00000139624,-0.8056910502126382
ENSG00000050405,4.743956207962918
ENSG00000257298,0.6514009509299673
ENSG00000257256,NaN
ENSG00000185958,1.0220327896034267
ENSG00000161813,-0.7033742407513578
ENSG00000066084,-0.13457416225906846
ENSG00000123268,0.685018885205801
ENSG00000186452,0.1497584437734162
ENSG00000185432,-0.6653135383017266
ENSG00000274156,NaN
ENSG00000214511,0.22684015074038286
ENSG00000110911,-1.2994024516813467
ENSG00000050426,-1.1456475834458224
ENSG00000110925,0.7869311165140307
ENSG00000135457,-0.09194564291165057
ENSG00000184271,1.1023728708066203
ENSG00000278126,-0.22190047859908849
ENSG00000183283,-0.8731149048123567
ENSG00000170545,0.27530043965281986
ENSG00000110934,1.1737743029151124
ENSG00000139610,-1.1071946010433622
ENSG00000139629,0.5884603567267204
ENSG00000050438,1.0111028585774529
ENSG00000271065,NaN
ENSG00000196876,1.8919540101555257
ENSG00000260122,NaN
ENSG00000284730,NaN
ENSG00000260473,0.194401659617951
ENSG00000261308,-0.8601865605181002
ENSG00000139567,-2.7058664775615306
ENSG00000135503,0.2933874049408452
ENSG00000161835,2.026804855243603
ENSG00000123358,0.8093341007674701
ENSG00000259884,-2.035408840843805
ENSG00000123395,1.0881958161976524
ENSG00000257663,0.1761538674108324
ENSG00000284791,3.973244913606857
ENSG00000257989,NaN
ENSG00000258279,-2.0278641773787767
ENSG00000135480,-0.9714104124116612
ENSG00000170442,NaN
ENSG00000186081,NaN
ENSG00000170486,5.664937491059961
ENSG00000257495,-0.9227854848912052
ENSG00000186049,NaN
ENSG00000172867,5.496699302817864
ENSG00000170421,25.331913643218513
ENSG00000111057,0.706100353986611
ENSG00000063046,-1.3673377075769464
ENSG00000257475,-0.08747441414077314
ENSG00000257337,0.7090382110320673
ENSG00000111077,NaN
ENSG00000167778,-1.0122211716478018
ENSG00000167779,2.7166797154525915
ENSG00000167780,-1.496838814830331
ENSG00000139631,0.2542987133744487
ENSG00000139651,-1.1309178539415876
ENSG00000139626,1.3553476969558518
ENSG00000172819,1.7610742865527482
ENSG00000182544,-1.5461357626798022
ENSG00000135476,-0.31829737943932757
ENSG00000123349,-1.4693585715467763
ENSG00000257605,-1.9030457573835635
ENSG00000139637,-1.314558928161809
ENSG00000094914,2.2421433056354996
ENSG00000185591,-0.5125123997207827
ENSG00000135409,NaN
ENSG00000205352,-1.7587328574162475
ENSG00000197111,-1.1951745119924984
ENSG00000282977,-1.3397135083337357
ENSG00000139625,-1.239180877675279
ENSG00000270175,0.019716083212769086
ENSG00000139546,-1.3938617292067461
ENSG00000139574,-1.8851499426268192
ENSG00000170653,0.2727868190770512
ENSG00000257550,NaN
ENSG00000285692,-0.004839175936381274
ENSG00000135390,-1.432946761700448
ENSG00000012822,0.17301918478109876
ENSG00000286069,NaN
ENSG00000260492,NaN
ENSG00000198353,-0.011101610885129608
ENSG00000291180,0.22797546487074594
ENSG00000249388,5.122475402999692
ENSG00000250432,NaN
ENSG00000123415,-1.0638085243888196
ENSG00000250742,NaN
ENSG00000260470,NaN
ENSG00000094916,-0.4660465495133672
ENSG00000257596,-0.6422297932296833
ENSG00000258344,1.023808395787499
ENSG00000289154,-0.8898126378943222
ENSG00000135486,-1.314826249653622
ENSG00000123405,9.324083020666713
ENSG00000111481,-1.1102090681291892
ENSG00000258137,9.83459209647018
ENSG00000289854,-2.3411064925826173
ENSG00000139572,2.81210427762149
ENSG00000161642,-0.22220787757522745
ENSG00000161638,0.46648454173477283
ENSG00000170627,-0.6403011346999259
ENSG00000123338,-0.957671571179268
ENSG00000123360,-0.9226062920075923
ENSG00000135426,3.215255863555479
ENSG00000258763,1.818795758794155
ENSG00000258921,NaN
ENSG00000170439,-1.1553700059583243
ENSG00000135424,1.4121808831616571
ENSG00000135441,-1.2503485133063268
ENSG00000135437,-0.20896317693133448
ENSG00000135404,0.6575111266355192
ENSG00000258056,-1.3979921669753221
ENSG00000135414,-0.5670430822103287
ENSG00000205323,-0.7116820313085663
ENSG00000257509,NaN
ENSG00000123353,-1.4315900436462887
ENSG00000135392,-1.157184214664617
ENSG00000123342,-1.7180643691721413
ENSG00000170473,-1.2190950552279582
ENSG00000065357,2.1409583316834118
ENSG00000273973,NaN
ENSG00000185664,-0.052655029937119784
ENSG00000123374,8.03399672485524
ENSG00000111540,-1.178569232865464
ENSG00000139531,0.9067828318267674
ENSG00000123411,-0.8854414137616236
ENSG00000257449,-0.5407428909533246
ENSG00000197728,-1.1390793389141212
ENSG00000065361,-0.09683044116135606
ENSG00000170515,-1.4898805504053105
ENSG00000257553,0.09719712279008628
ENSG00000229117,-1.1242665724599348
ENSG00000139641,-1.1674395037529268
ENSG00000135482,-0.7504776230644958
ENSG00000258317,0.5240736286409661
ENSG00000257809,-0.024867398229245302
ENSG00000196465,-1.2157173931444116
ENSG00000092841,1.6420832334226758
ENSG00000139613,-0.2882276062727166
ENSG00000181852,-0.43079288413649214
ENSG00000139579,-0.65573391220464
ENSG00000139540,1.1813209562315528
ENSG00000139645,-0.2939249010366486
ENSG00000135469,-0.39409250410592395
ENSG00000258260,NaN
ENSG00000062485,-0.8937943187831281
ENSG00000257303,2.1493559287338844
ENSG00000257740,-1.00554198542699
ENSG00000257727,-1.4060976864981292
ENSG00000135473,0.3409534422788674
ENSG00000110944,1.7947108213905438
ENSG00000170581,-0.3417782738274539
ENSG00000175336,NaN
ENSG00000111602,-1.5106485556347378
ENSG00000135517,0.2644847541577825
ENSG00000176422,-1.7988882955897711
ENSG00000135423,0.10527764290070755
ENSG00000076067,0.640330313897051
ENSG00000076108,-0.6531757657945491
ENSG00000110955,-1.5475340581683101
ENSG00000110958,-1.1105774642869657
ENSG00000196531,-1.387655873979055
ENSG00000198056,-0.5146925045747186
ENSG00000025423,-1.97684573024618
ENSG00000170426,NaN
ENSG00000139547,9.359638453594261
ENSG00000166860,-1.3416845923197382
ENSG00000166863,NaN
ENSG00000166866,-1.73024912483311
ENSG00000166881,0.2319980653505523
ENSG00000166886,2.134011148918357
ENSG00000166888,-0.7507455050015932
ENSG00000123384,1.061975850438539
ENSG00000182379,1.9740630626718834
ENSG00000182199,-0.863774924713271
ENSG00000185633,NaN
ENSG00000185482,-1.49992934862303
ENSG00000179912,-0.6972071084621108
ENSG00000258001,-0.2768472113504671
ENSG00000175189,1.8870951071179418
ENSG00000287200,21.936457690590846
ENSG00000111087,0.6819573803701969
ENSG00000123329,-1.3126367710667723
ENSG00000166986,-0.09014816433984942
ENSG00000175197,-0.7993701964462331
ENSG00000166987,-0.6792537664538275
ENSG00000175203,-0.12666471066812318
ENSG00000155980,-0.46445400521004626
ENSG00000166908,-0.9627819725851986
ENSG00000178498,-0.036988219372701095
ENSG00000240771,NaN
ENSG00000135506,-0.7542280064352564
ENSG00000257342,1.731680973201311
ENSG00000135439,-0.08053691371518325
ENSG00000135452,-0.9470250805088665
ENSG00000135446,0.09353690191130244
ENSG00000139266,0.6088881669305838
ENSG00000111012,-3.618808684388638
ENSG00000037897,-1.7546294902363573
ENSG00000123427,-1.6936719480397864
ENSG00000123297,-0.8738653303533441
ENSG00000135407,0.70272438706062
ENSG00000270039,NaN
ENSG00000269903,3.2822922205491203
ENSG00000175215,-1.0843280087962004
ENSG00000257953,NaN
ENSG00000166896,-0.14498201151614348
ENSG00000257698,1.4602508116172972
ENSG00000258231,NaN
ENSG00000257259,NaN
ENSG00000139263,NaN
ENSG00000286279,NaN
ENSG00000258214,NaN
ENSG00000118596,0.15755197828308265
ENSG00000287014,NaN
ENSG00000286402,NaN
ENSG00000198673,6.665166557418063
ENSG00000257880,NaN
ENSG00000135655,-0.4937205526130694
ENSG00000061987,-0.6723459689147712
ENSG00000257568,NaN
ENSG00000221949,-0.0007848721953707816
ENSG00000257354,-0.6689628660739035
ENSG00000275180,-0.9222601993768433
ENSG00000111110,0.6877374826446652
ENSG00000166148,6.454404027536255
ENSG00000177990,0.6844017233719228
ENSG00000249753,-0.9136534657370384
ENSG00000118600,-1.0740321209039736
ENSG00000196935,4.025222460808304
ENSG00000255886,0.4289621490930027
ENSG00000174206,2.767182453166074
ENSG00000185306,-0.9769274869472521
ENSG00000184575,-0.7250095326796339
ENSG00000277895,NaN
ENSG00000183735,1.3616208569056676
ENSG00000153179,0.008956438216483899
ENSG00000256199,-0.9663299388953625
ENSG00000256670,0.394445825082935
ENSG00000225195,8.242659560997856
ENSG00000256314,-0.7834169842087555
ENSG00000135677,0.1992577792891478
ENSG00000111490,0.3633127596785096
ENSG00000286682,NaN
ENSG00000255693,NaN
ENSG00000289319,0.3273758025338171
ENSG00000174106,-0.08075837160528183
ENSG00000276853,-0.54926824554067
ENSG00000174099,9.149589128005966
ENSG00000250280,4.537877764873407
ENSG00000149948,2.2810250991082435
ENSG00000197301,0.48959533791319954
ENSG00000139233,-1.5664740860333128
ENSG00000239335,-0.21781109617184793
ENSG00000155957,-1.5686614733854132
ENSG00000090376,4.642845976267568
ENSG00000127311,1.9072507565266832
ENSG00000155974,4.51545339777336
ENSG00000111530,0.11765867615161657
ENSG00000286563,1.0565945485513653
ENSG00000203585,1.7844086964899932
ENSG00000127334,-0.7877771086916168
ENSG00000235872,1.779641503643691
ENSG00000255733,13.83454905621312
ENSG00000111537,15.887342420931033
ENSG00000111536,4.773192304609854
ENSG00000127318,NaN
ENSG00000111554,2.428782501412138
ENSG00000251301,2.3536068850938854
ENSG00000256273,NaN
ENSG00000273824,NaN
ENSG00000289173,0.7880909243861517
ENSG00000127314,2.4678354401283626
ENSG00000247363,-0.1829742799770421
ENSG00000111581,0.8606326797313698
ENSG00000175782,1.7508902779028914
ENSG00000135679,-0.37401879267368937
ENSG00000256325,-0.47048694625193477
ENSG00000257181,NaN
ENSG00000135678,0.728782161049514
ENSG00000111605,-1.089670278258104
ENSG00000274979,-0.9519804069380474
ENSG00000090382,6.012988239240449
ENSG00000257764,10.029135508314523
ENSG00000127337,-1.14345938517197
ENSG00000166225,0.2688811933929947
ENSG00000166226,-1.4479165829975236
ENSG00000127325,NaN
ENSG00000247131,2.581647925608285
ENSG00000127328,-0.02786395491890386
ENSG00000166268,-0.4215477579229643
ENSG00000257815,0.6931810060147188
ENSG00000111596,-0.7627314559842336
ENSG00000289283,-0.9658498719444059
ENSG00000135643,2.9434284389485783
ENSG00000258168,4.880404064683226
ENSG00000127329,3.541041383400644
ENSG00000277247,NaN
ENSG00000153233,1.9525712370591464
ENSG00000257265,NaN
ENSG00000257454,NaN
ENSG00000127324,NaN
ENSG00000133858,-0.5713306549240909
ENSG00000173451,-0.5337369030862802
ENSG00000139291,-1.0080501678856955
ENSG00000257515,NaN
ENSG00000080371,0.32779290466552946
ENSG00000257410,NaN
ENSG00000121749,-0.5877424843322469
ENSG00000139287,3.1296138723144753
ENSG00000072657,-0.06332378672821183
ENSG00000236333,NaN
ENSG00000251138,5.5391819036469645
ENSG00000258332,NaN
ENSG00000253719,-1.0980340777209217
ENSG00000257386,NaN
ENSG00000166006,NaN
ENSG00000180881,4.898324483968191
ENSG00000273987,NaN
ENSG00000173401,0.12305763438242973
ENSG00000180481,0.20991398438829853
ENSG00000139278,0.3378738520996852
ENSG00000257497,2.80866973172138
ENSG00000111615,-1.069926188190659
ENSG00000258077,-0.5119690715170575
ENSG00000286259,NaN
ENSG00000139289,-0.19231243840800347
ENSG00000257839,-0.9683769386650817
ENSG00000187109,0.6123255995508537
ENSG00000257219,1.1349187170725414
ENSG00000179941,-1.1185850319920139
ENSG00000091039,-0.0033257471508131844
ENSG00000257526,1.5980878062703845
ENSG00000287030,0.701312174623369
ENSG00000186908,0.34559364083694705
ENSG00000175183,-1.175761583719934
ENSG00000165891,0.08018726904944888
ENSG00000067798,-1.439537916963922
ENSG00000258084,NaN
ENSG00000067715,14.549841949400838
ENSG00000257191,NaN
ENSG00000257894,5.216854177012338
ENSG00000177425,1.8379228465167294
ENSG00000258048,-0.015607235497165134
ENSG00000058272,-0.7107477273488967
ENSG00000277130,-0.9692891120753183
ENSG00000258044,NaN
ENSG00000257557,2.8547445332281765
ENSG00000139304,0.21118285079414112
ENSG00000257429,1.3036903869026786
ENSG00000111052,2.6577010978086357
ENSG00000111058,-0.2010972087602556
ENSG00000139220,1.320383973355848
ENSG00000258162,3.9226067375288287
ENSG00000133773,-1.0533992836232187
ENSG00000127720,2.189139734850336
ENSG00000258170,0.46798654152135516
ENSG00000286043,-0.22629878896477845
ENSG00000179104,11.059208464673253
ENSG00000289309,-0.6705125940727832
ENSG00000257729,NaN
ENSG00000072041,-1.1768036785068383
ENSG00000133640,NaN
ENSG00000198774,NaN
ENSG00000182050,-0.9487111111138868
ENSG00000165805,NaN
ENSG00000133641,-1.4230587657404803
ENSG00000198707,2.557334067601271
ENSG00000139324,-0.5335649536565261
ENSG00000289384,NaN
ENSG00000049130,1.996998758366955
ENSG00000281333,NaN
ENSG00000246363,0.48470790097223954
ENSG00000139318,7.558178849590597
ENSG00000274021,-0.6458553084624318
ENSG00000286608,1.6419985132089043
ENSG00000271327,NaN
ENSG00000271259,NaN
ENSG00000139323,0.7324382248427966
ENSG00000257594,5.875195761939577
ENSG00000270344,-0.4914113169314362
ENSG00000258302,1.6293699134727353
ENSG00000070961,1.8750346645268654
ENSG00000271614,2.2059194628068575
ENSG00000258216,2.042385876588979
ENSG00000257194,0.0907772357664002
ENSG00000286021,-0.6108017596998104
ENSG00000288102,-0.6898423082047113
ENSG00000011465,NaN
ENSG00000277738,NaN
ENSG00000257242,1.5997592629786839
ENSG00000286907,1.2609870984439742
ENSG00000133639,-1.0156925322459602
ENSG00000245904,1.2547339004195086
ENSG00000277851,2.9693919391780184
ENSG00000205057,3.1830356060756824
ENSG00000257127,NaN
ENSG00000205056,8.432592250498898
ENSG00000187510,0.6482943205331831
ENSG00000102189,0.6627289672495937
ENSG00000257345,0.051132488931845715
ENSG00000257322,0.7420810393480768
ENSG00000257746,NaN
ENSG00000258171,NaN
ENSG00000257252,-0.768877107288672
ENSG00000173598,0.15358467358221112
ENSG00000177889,-0.6744978740667225
ENSG00000198015,-0.6952966994187214
ENSG00000246985,2.8819900701302794
ENSG00000120833,-0.44446644104236493
ENSG00000169372,4.399431459566847
ENSG00000258274,-0.661721354460728
ENSG00000258303,NaN
ENSG00000257283,NaN
ENSG00000136040,2.752584152028448
ENSG00000258035,-0.7571082432675171
ENSG00000287237,0.9213496184566689
ENSG00000258172,1.7660853578183593
ENSG00000258365,-0.3306006024555862
ENSG00000173588,1.035957000831363
ENSG00000278916,-0.19420483397005178
ENSG00000057704,1.3926927331573284
ENSG00000184752,-1.692081427086544
ENSG00000120798,1.4965772371067563
ENSG00000180263,0.829379439435334
ENSG00000028203,-0.6799272354217232
ENSG00000289437,-1.1180675477145343
ENSG00000289476,0.3359293123853988
ENSG00000289510,NaN
ENSG00000111142,-0.8547343695887457
ENSG00000136014,0.33411448635524155
ENSG00000074527,2.7847565966469157
ENSG00000258343,NaN
ENSG00000139343,-2.210085552076036
ENSG00000165972,1.667216142874583
ENSG00000139344,-0.6993195654842128
ENSG00000084110,1.063723323148518
ENSG00000257878,-0.5426442709526633
ENSG00000111144,0.8141316454503055
ENSG00000257715,NaN
ENSG00000289949,NaN
ENSG00000111145,1.7006235829826102
ENSG00000258177,NaN
ENSG00000287454,-0.5886946317108223
ENSG00000059758,-0.24208734046686312
ENSG00000258272,-0.6435058454165857
ENSG00000188596,-1.0048993807904651
ENSG00000139350,1.468467383424346
ENSG00000255794,NaN
ENSG00000258312,2.63406590955646
ENSG00000245017,3.2180865594346337
ENSG00000257167,-0.8590520818048692
ENSG00000120802,2.4823439323558842
ENSG00000075415,-1.177647942851606
ENSG00000166130,0.74711290084995
ENSG00000120868,-0.7204053308516796
ENSG00000185046,0.1314614340793394
ENSG00000257458,NaN
ENSG00000111647,-0.25528004790774717
ENSG00000257696,-1.3141031571033752
ENSG00000290571,-0.22448611375359595
ENSG00000290576,0.024366261063672606
ENSG00000075089,0.038062727264705803
ENSG00000166153,-0.14611014992308183
ENSG00000136021,-0.5550055437161293
ENSG00000012504,1.0930012767617074
ENSG00000139354,-1.031004406225674
ENSG00000151572,-0.6960502058745232
ENSG00000256870,1.2910173990770413
ENSG00000120800,-0.2571738937815322
ENSG00000120805,-1.9408426521053452
ENSG00000166211,NaN
ENSG00000196091,NaN
ENSG00000274560,NaN
ENSG00000111666,1.5742061394664717
ENSG00000139351,-0.5998219936214124
ENSG00000111670,1.0045883157671633
ENSG00000136048,0.6519464081137422
ENSG00000257202,NaN
ENSG00000120860,-0.5293637884377344
ENSG00000257222,-1.0143930229808915
ENSG00000075188,-1.0818566167585562
ENSG00000185480,3.722272397543465
ENSG00000281344,8.9478100358859
ENSG00000283052,NaN
ENSG00000017427,-0.6474738279233715
ENSG00000258169,NaN
ENSG00000171759,NaN
ENSG00000257703,2.6887704830984016
ENSG00000179088,9.051682425749286
ENSG00000136011,-2.4019006914192214
ENSG00000257737,NaN
ENSG00000257681,NaN
ENSG00000111696,2.3781808781877474
ENSG00000257327,NaN
ENSG00000166598,3.1141410017779116
ENSG00000204954,-1.01805545556935
ENSG00000139372,-1.1501684707547934
ENSG00000288744,-0.8682910493512297
ENSG00000120820,1.725197832090614
ENSG00000111727,-0.32632608024163445
ENSG00000120837,-0.4322721286934481
ENSG00000198431,-1.4655681339436748
ENSG00000257732,NaN
ENSG00000255150,-0.7326512861006647
ENSG00000171310,0.3015966995224392
ENSG00000289557,-2.8688029302438767
ENSG00000136052,2.5121445192943637
ENSG00000151131,0.008951807141501181
ENSG00000136010,-1.0547652803181344
ENSG00000136051,-0.5952593105414047
ENSG00000136044,0.46949957246987706
ENSG00000235162,5.72343250740544
ENSG00000257642,NaN
ENSG00000074590,4.552634135445685
ENSG00000136026,0.726955539475259
ENSG00000258355,-1.2434028300375874
ENSG00000277715,-1.489286518373581
ENSG00000166046,-0.30250971147538275
ENSG00000290003,2.455025448823422
ENSG00000013503,1.571117235613983
ENSG00000257545,0.32237668750254933
ENSG00000111783,5.476268963236138
ENSG00000111785,3.7142993119592154
ENSG00000287957,0.6622393496527366
ENSG00000260329,0.9059571194890871
ENSG00000151135,-0.18200607161431698
ENSG00000120832,-0.49816972264120823
ENSG00000008405,1.3796037666112626
ENSG00000257548,0.201623635363894
ENSG00000151136,3.4402363314218123
ENSG00000257579,NaN
ENSG00000289344,-0.6413899166848847
ENSG00000136045,-0.6574545787516423
ENSG00000110851,2.361082284221164
ENSG00000258136,0.01472547348755969
ENSG00000187855,-8.652628767355155
ENSG00000075035,-1.0979041941212448
ENSG00000174600,0.11287195311638933
ENSG00000247213,-0.648508017764631
ENSG00000198855,-0.6615538523390204
ENSG00000075856,-0.8866654664025906
ENSG00000287202,-0.7901638717359492
ENSG00000136003,-0.48603239460323766
ENSG00000183160,NaN
ENSG00000110876,0.3246957052210881
ENSG00000257221,0.6460341222245447
ENSG00000110880,1.3134395695065957
ENSG00000084112,1.6109339658163155
ENSG00000274598,-1.802576337231465
ENSG00000110887,NaN
ENSG00000166111,0.17505180545080531
ENSG00000135093,-0.5940350246013064
ENSG00000256262,-1.120131003876686
ENSG00000189046,-1.3420268356219198
ENSG00000076248,-0.6280288265609342
ENSG00000076555,-0.4020538780514567
ENSG00000174527,0.7821064119131084
ENSG00000255655,NaN
ENSG00000110906,2.4765091408791964
ENSG00000151148,2.2808388108721918
ENSG00000139428,-0.2180572083506368
ENSG00000110921,-1.2493959171731288
ENSG00000139438,-0.24019929016809496
ENSG00000111199,1.1343003000950918
ENSG00000139433,-0.8997489939862355
ENSG00000249094,NaN
ENSG00000139437,0.4457027510568676
ENSG00000139436,-0.39998294602023304
ENSG00000076513,-0.03989038894513603
ENSG00000174456,9.302292536439808
ENSG00000277595,-2.7523711842887075
ENSG00000122970,0.17531847675853743
ENSG00000289311,-1.222882609089501
ENSG00000174437,0.030538661031571292
ENSG00000196510,-0.7353836507776197
ENSG00000111229,-1.004444734051089
ENSG00000111231,-1.8871864975405508
ENSG00000204856,-0.90340522511527
ENSG00000111237,-1.7717526763263278
ENSG00000151164,-0.7995270772950951
ENSG00000196850,-0.9336833974209828
ENSG00000204852,4.895428083735986
ENSG00000122986,5.966785446214154
ENSG00000186298,-1.7660231981871628
ENSG00000257268,NaN
ENSG00000173093,NaN
ENSG00000111245,-1.2009150233351447
ENSG00000111249,57.714414490460165
ENSG00000198324,-1.0323158175721554
ENSG00000257595,-1.106430028569739
ENSG00000111252,-0.3610805030653477
ENSG00000204842,0.4456445420649549
ENSG00000089234,0.030151989904947933
ENSG00000111271,-0.6071292230647176
ENSG00000111275,2.4524881168053194
ENSG00000234608,-0.5880416459986301
ENSG00000089022,-1.0396496764126997
ENSG00000198270,1.4082010244235632
ENSG00000089248,-1.3636987655672255
ENSG00000274227,-1.4918617117004294
ENSG00000111300,-0.33969344434453524
ENSG00000258323,NaN
ENSG00000135148,1.228201171945663
ENSG00000173064,0.683878190607626
ENSG00000089009,-1.3456533846042973
ENSG00000179295,0.13222221416707403
ENSG00000089169,-0.8135112065936183
ENSG00000089127,-0.2896682665070573
ENSG00000257452,0.018087282727940603
ENSG00000111331,-0.005462719845149984
ENSG00000111335,0.13732766419882297
ENSG00000135144,8.294846566842681
ENSG00000111344,-0.4310921405354208
ENSG00000186710,NaN
ENSG00000123064,-0.38823922955390705
ENSG00000139405,2.5797956288332013
ENSG00000257286,0.7220540326307086
ENSG00000166578,-1.37152108855791
ENSG00000186815,1.2556975050462504
ENSG00000277566,NaN
ENSG00000089060,1.16656413535217
ENSG00000151176,-0.14457670319578428
ENSG00000288863,2.5781192706242213
ENSG00000135094,-0.7024565739829304
ENSG00000139410,-1.2660681736570858
ENSG00000249550,3.997304750823558
ENSG00000122965,0.14375709688787258
ENSG00000287229,0.46937243260069006
ENSG00000257359,NaN
ENSG00000257781,NaN
ENSG00000257683,NaN
ENSG00000123066,-0.33447320456329843
ENSG00000258034,1.0750577056831465
ENSG00000258337,-0.15850477869310756
ENSG00000258018,0.8469517790821419
ENSG00000196668,2.268725379302028
ENSG00000258102,-1.4436496496630027
ENSG00000257883,1.7577746554966132
ENSG00000111412,-0.516684551047272
ENSG00000135119,1.7449293975281788
ENSG00000290033,0.9949293603337968
ENSG00000135116,3.1110441606678476
ENSG00000174989,2.0904000170567145
ENSG00000274554,NaN
ENSG00000257279,-0.49825753368032916
ENSG00000088992,-0.25256390066720347
ENSG00000258285,4.229942387391974
ENSG00000135108,1.6217829581001475
ENSG00000089250,-0.7853099232949516
ENSG00000171435,0.713859861766369
ENSG00000111445,-0.9319769818816329
ENSG00000277873,NaN
ENSG00000176871,-0.2729583329908087
ENSG00000176834,1.038474281315384
ENSG00000089220,-0.41481487331742917
ENSG00000135090,-0.5812072195937259
ENSG00000270482,NaN
ENSG00000111707,0.015263537970726866
ENSG00000275759,0.06724239054551368
ENSG00000275409,0.22752000559205085
ENSG00000257095,NaN
ENSG00000281196,NaN
ENSG00000183273,5.145809449510237
ENSG00000248636,0.7200014313205415
ENSG00000224982,NaN
ENSG00000111725,-1.7804374278105624
ENSG00000122966,0.9383961899131205
ENSG00000135127,5.547225660367918
ENSG00000111737,-0.7049877500748005
ENSG00000277283,-1.609155510163185
ENSG00000089154,1.5188908818908995
ENSG00000089157,-0.9052853836712007
ENSG00000255857,2.0910859158350936
ENSG00000089159,1.0206254218372937
ENSG00000286067,0.2086459944880004
ENSG00000089163,3.3709785224325035
ENSG00000170890,NaN
ENSG00000135097,NaN
ENSG00000111775,-1.95542871863803
ENSG00000170855,-1.5755039842817822
ENSG00000257218,-0.7364927723763908
ENSG00000111786,-1.8250330825906191
ENSG00000088986,9.693652344440153
ENSG00000248008,0.21943883893150665
ENSG00000278344,NaN
ENSG00000110871,-0.8315863744710066
ENSG00000022840,-1.0615194254496567
ENSG00000289401,5.544876574295214
ENSG00000167272,-0.5279082465864988
ENSG00000256008,NaN
ENSG00000157782,0.717524936814273
ENSG00000110917,-0.3126503771762104
ENSG00000175970,-1.5483709034252535
ENSG00000122971,1.7482099473708381
ENSG00000255946,1.892708929472598
ENSG00000157837,0.21950228677868353
ENSG00000286493,0.5942953507610053
ENSG00000241388,-1.7451435086935767
ENSG00000135100,NaN
ENSG00000157895,-0.18910353315056763
ENSG00000135114,3.0316820688447166
ENSG00000089041,0.34284745332421457
ENSG00000286248,1.7909522818747485
ENSG00000274029,-2.3581157617513684
ENSG00000135124,-0.5391325492435265
ENSG00000110931,0.5122221814478264
ENSG00000089053,1.4359493464515518
ENSG00000258435,NaN
ENSG00000170633,0.2931050882008209
ENSG00000089094,0.07020042560219632
ENSG00000256742,0.5627916110824684
ENSG00000276045,4.813318372610282
ENSG00000139714,3.8422802470691937
ENSG00000286586,-0.5570401420759444
ENSG00000188735,-0.05561364022297447
ENSG00000139725,2.4435591960198817
ENSG00000212694,5.783821041509566
ENSG00000272849,NaN
ENSG00000274292,-0.6160842067990668
ENSG00000139718,0.5420507542915382
ENSG00000158104,-0.6251747713716235
ENSG00000110801,-1.7093171688233462
ENSG00000158023,-0.7145289541485317
ENSG00000255856,2.3026122351519067
ENSG00000110987,8.848489948932974
ENSG00000256546,-2.4709874773067204
ENSG00000175727,0.3509339820241605
ENSG00000158113,0.3733002179906114
ENSG00000176383,NaN
ENSG00000184047,-1.429366810131941
ENSG00000139719,-0.6369439366958595
ENSG00000130779,-0.61277123527752
ENSG00000257097,-1.057320018357803
ENSG00000033030,0.02047895656932637
ENSG00000275265,-1.8159353742521986
ENSG00000111011,-1.6166337787138123
ENSG00000184445,3.7939785589799335
ENSG00000274191,0.3624095852791284
ENSG00000256249,0.05637361208404744
ENSG00000182782,1.0734195153260697
ENSG00000255398,1.7421051742330513
ENSG00000139726,-0.9130239576134784
ENSG00000130783,-0.20742638422589635
ENSG00000130787,1.4194603714460339
ENSG00000139722,-0.37238260531277434
ENSG00000150967,0.2937883320435579
ENSG00000111325,-1.6160686642092903
ENSG00000182196,-1.8610155961808168
ENSG00000090975,4.411118159291265
ENSG00000051825,1.0964850413583973
ENSG00000130921,-0.13605376380118658
ENSG00000111328,7.348592527480011
ENSG00000269980,NaN
ENSG00000139697,-0.92777794072911
ENSG00000256092,21.775008862102855
ENSG00000183955,-1.2037172959053635
ENSG00000150977,1.3333557792424238
ENSG00000184209,-0.43966169218321705
ENSG00000188026,5.1567818388831155
ENSG00000247373,-1.2010785807313655
ENSG00000086598,-1.9181307646212629
ENSG00000111364,0.4762815897274895
ENSG00000111361,-1.2366278125378245
ENSG00000111358,-0.9660171700962241
ENSG00000168778,-0.11061039644455548
ENSG00000255839,NaN
ENSG00000185344,-0.7716050881435725
ENSG00000286092,1.048977814378378
ENSG00000197653,-0.583607595577619
ENSG00000119242,10.779028961932077
ENSG00000250091,7.852841478250853
ENSG00000270130,-0.42336864095157356
ENSG00000270048,NaN
ENSG00000269938,-1.4405068446475078
ENSG00000270061,-0.2936281919291959
ENSG00000270095,1.8491612017762586
ENSG00000179195,-1.1196171502582957
ENSG00000178882,3.2941972682925598
ENSG00000275389,0.4521488681981529
ENSG00000196498,-1.1318950314773664
ENSG00000214650,0.02943823922382449
ENSG00000073060,0.4779178772994161
ENSG00000287242,9.278013593626929
ENSG00000150991,-1.3089949595030594
ENSG00000150990,0.3329183144781294
ENSG00000184992,-0.43573658067124454
ENSG00000280634,1.0950558480027477
ENSG00000081760,-0.539969433714328
ENSG00000256814,NaN
ENSG00000139364,4.585246266279854
ENSG00000286209,NaN
ENSG00000284848,NaN
ENSG00000255595,15.281396265556447
ENSG00000255998,NaN
ENSG00000189238,-0.2855462848617045
ENSG00000256128,5.481214586895489
ENSG00000249345,NaN
ENSG00000256001,NaN
ENSG00000287339,-4.465795217082923
ENSG00000286662,NaN
ENSG00000256971,NaN
ENSG00000256551,NaN
ENSG00000181234,3.8247907136105344
ENSG00000139370,0.8295778009679323
ENSG00000151948,3.972868280387573
ENSG00000151952,0.025367674907338347
ENSG00000256298,NaN
ENSG00000060709,0.2563853811749258
ENSG00000256343,-3.122899845262641
ENSG00000111450,1.733295292889763
ENSG00000132341,-1.747180112185679
ENSG00000111452,-0.768636418656533
ENSG00000256151,NaN
ENSG00000204603,NaN
ENSG00000248703,NaN
ENSG00000287792,NaN
ENSG00000275232,-5.312578757662978
ENSG00000256209,NaN
ENSG00000256424,NaN
ENSG00000061936,-1.2731897116856186
ENSG00000198598,-1.368511202625364
ENSG00000256955,-1.4070862782430151
ENSG00000177169,-0.7138137233092448
ENSG00000255992,0.09503615188268404
ENSG00000177192,-1.1900628269964937
ENSG00000273568,-0.170750583825009
ENSG00000183495,-0.18766498372837168
ENSG00000274670,NaN
ENSG00000291171,1.3703325873998369
ENSG00000185163,-0.03409443071252584
ENSG00000184967,-1.5000973699701425
ENSG00000256576,0.3478948561724024
ENSG00000182870,-0.2931614076536204
ENSG00000274373,NaN
ENSG00000112787,-1.357737761164574
ENSG00000204583,NaN
ENSG00000187848,NaN
ENSG00000177084,0.20929468051991487
ENSG00000176894,-1.3131017692044342
ENSG00000247077,-1.1077248352023539
ENSG00000176915,-0.9448655213021765
ENSG00000090615,-1.0834102703644344
ENSG00000072609,-0.8389056464877909
ENSG00000236617,0.07672638259365452
ENSG00000250790,-0.3013663340110824
ENSG00000196458,-0.49993080780788846
ENSG00000289516,3.203385741671167
ENSG00000198393,-0.5354062370941476
ENSG00000246394,2.985822432627953
ENSG00000198040,1.6828881661592212
ENSG00000196387,-0.8586391017092758
ENSG00000214029,0.2671057128675677
ENSG00000256223,3.179266465199778
ENSG00000090612,-0.9355218604275918
ENSG00000231914,NaN
ENSG00000287861,NaN
ENSG00000132958,1.8362614312950523
ENSG00000196199,-0.5074588710302845
ENSG00000226352,NaN
ENSG00000121390,-1.1165788637783869
ENSG00000132950,0.5386008798704794
ENSG00000223576,2.901437489513158
ENSG00000275964,-0.976729086982844
ENSG00000289235,-1.7259846349822057
ENSG00000121741,-0.17733717398294546
ENSG00000121743,-0.9072571295487728
ENSG00000121742,NaN
ENSG00000165475,-1.1848297581302283
ENSG00000277020,0.44991178420044314
ENSG00000032742,0.6067213801291119
ENSG00000278291,-1.4947833558868642
ENSG00000172458,0.1425109452299821
ENSG00000150456,1.7674614201788215
ENSG00000132953,-0.6360143124729264
ENSG00000150457,-0.3999891281885701
ENSG00000233851,-0.08740800073543403
ENSG00000150459,-2.1896701860910883
ENSG00000165480,-2.147343412842155
ENSG00000173141,-1.665505179258102
ENSG00000290911,1.7107149752989566
ENSG00000291046,-0.46271384644031405
ENSG00000224429,-1.0065597134259472
ENSG00000180776,0.38679052935131447
ENSG00000236953,NaN
ENSG00000165487,0.16995325956077892
ENSG00000289860,5.5493476834972055
ENSG00000102678,-1.0805538241282013
ENSG00000276476,15.439160163793078
ENSG00000262619,NaN
ENSG00000262198,NaN
ENSG00000289217,NaN
ENSG00000102683,NaN
ENSG00000151835,-0.2478923551773131
ENSG00000232977,NaN
ENSG00000289688,NaN
ENSG00000127863,0.6512553472200615
ENSG00000289332,NaN
ENSG00000027001,2.2469777072905663
ENSG00000205861,-0.4473638220462098
ENSG00000287530,NaN
ENSG00000182957,-0.36341514710865225
ENSG00000227213,4.539362069527087
ENSG00000240654,16.233939489594206
ENSG00000102699,-0.5081344155721582
ENSG00000290443,NaN
ENSG00000075673,NaN
ENSG00000285806,NaN
ENSG00000132972,1.26890472601126
ENSG00000151849,1.4920732931874017
ENSG00000151846,1.7610467980086963
ENSG00000225105,NaN
ENSG00000139505,-0.45268317643711325
ENSG00000260509,NaN
ENSG00000139496,0.340676652122906
ENSG00000132932,0.6174684903177466
ENSG00000180730,NaN
ENSG00000127870,3.6201438551458485
ENSG00000277368,0.2484306924413348
ENSG00000132964,1.563025076540078
ENSG00000132970,-1.00542187508543
ENSG00000132975,NaN
ENSG00000283579,-0.5018470963726892
ENSG00000152484,-0.20968333965906186
ENSG00000232162,-1.0191427689979085
ENSG00000230641,-1.4982442980625967
ENSG00000275294,1.0430578337411367
ENSG00000234772,NaN
ENSG00000122026,-1.0369991415169522
ENSG00000122035,1.0619030234931435
ENSG00000122034,-1.5648936504949966
ENSG00000122033,-1.4610164489644055
ENSG00000289827,1.0240735246342247
ENSG00000139517,1.2216750589852143
ENSG00000186184,-1.8995939062990952
ENSG00000247381,NaN
ENSG00000183463,NaN
ENSG00000122025,8.454951380546877
ENSG00000261485,-1.5591265602205502
ENSG00000152520,-0.7186282900739538
ENSG00000102755,0.840745311922884
ENSG00000289569,-1.1446342063661403
ENSG00000132963,-1.696960612924682
ENSG00000139508,-1.091706170561883
ENSG00000132938,2.4356655856977873
ENSG00000139514,1.0118868909948382
ENSG00000122042,-0.5417583706680726
ENSG00000122043,-0.2857399316286519
ENSG00000224511,NaN
ENSG00000102781,2.13085512662611
ENSG00000238121,6.160544065026821
ENSG00000285773,-3.4709664720778544
ENSG00000289302,NaN
ENSG00000225039,NaN
ENSG00000236444,NaN
ENSG00000189403,-0.7657397736864626
ENSG00000285840,1.263427509119965
ENSG00000132952,0.16417971206576368
ENSG00000132965,1.903536110947921
ENSG00000237879,NaN
ENSG00000224743,NaN
ENSG00000120694,0.2597981020208818
ENSG00000187676,1.2725620671361622
ENSG00000133105,-0.37316852510297543
ENSG00000289381,0.5962825642928963
ENSG00000287904,NaN
ENSG00000073910,3.5011179842896487
ENSG00000289617,-1.5808599850264669
ENSG00000237637,-1.5397778624980605
ENSG00000189167,-1.2366759608362954
ENSG00000139618,1.2330186970419592
ENSG00000139597,0.12851073202308738
ENSG00000244754,-0.8466279129742498
ENSG00000281026,-1.200797410994421
ENSG00000083642,0.49616543636154575
ENSG00000277151,-0.15962776592241495
ENSG00000133116,-0.9294774172922541
ENSG00000133121,1.1399203525472013
ENSG00000236581,-0.8202310378808454
ENSG00000287274,NaN
ENSG00000285621,-0.45032254963535057
ENSG00000230490,7.275478513689004
ENSG00000288767,-2.31873764134355
ENSG00000133119,2.1083606298941513
ENSG00000276672,0.5402247527863432
ENSG00000271850,NaN
ENSG00000225179,NaN
ENSG00000271901,NaN
ENSG00000172915,4.515972519005739
ENSG00000133083,-0.7771694824285695
ENSG00000120669,NaN
ENSG00000242715,-2.0985132981272683
ENSG00000133104,-0.854899769698001
ENSG00000120664,1.293547787124916
ENSG00000133101,NaN
ENSG00000133111,-0.8569653890344279
ENSG00000120693,-0.7294601705883379
ENSG00000236711,NaN
ENSG00000120697,-0.589898277239886
ENSG00000120699,-0.8897369149286731
ENSG00000102710,-0.4784376436604241
ENSG00000133107,NaN
ENSG00000274317,NaN
ENSG00000223685,2.6246647710260986
ENSG00000120686,-1.493349758736239
ENSG00000150893,-2.7156040061764517
ENSG00000120685,-1.2916182949572135
ENSG00000188811,-0.8719477011363777
ENSG00000273507,0.07267977673260825
ENSG00000183722,12.599966317106134
ENSG00000133103,1.1577463726747637
ENSG00000215483,5.545646997158938
ENSG00000150907,0.7730634989354863
ENSG00000102738,-0.37174256581265047
ENSG00000102743,0.5750696315951289
ENSG00000290476,2.0976171202781004
ENSG00000287837,-0.9906929532277621
ENSG00000290464,-0.677891408531168
ENSG00000120690,-0.802111842465376
ENSG00000120688,0.03410101051275809
ENSG00000165572,0.39665954321691543
ENSG00000278390,1.0624782176579914
ENSG00000120696,-0.8495503163936635
ENSG00000120662,-0.19584516808782457
ENSG00000277662,-2.7269679477878688
ENSG00000172766,0.620118235974155
ENSG00000102760,5.307056724032408
ENSG00000288600,-1.0991493073728456
ENSG00000288598,1.9098079424152332
ENSG00000102763,1.4373908183293804
ENSG00000278338,-0.009558812794884113
ENSG00000102780,4.526586016351253
ENSG00000231530,NaN
ENSG00000023516,-0.1889068469203879
ENSG00000283554,2.4688780203111875
ENSG00000120659,0.8277028244067869
ENSG00000179813,NaN
ENSG00000133106,2.7035966576205657
ENSG00000120675,-0.07592546903630179
ENSG00000120658,2.4947654771684684
ENSG00000151773,0.24219267727866017
ENSG00000274001,-0.004948098209831671
ENSG00000179630,-0.569837463552584
ENSG00000226519,3.672928367734057
ENSG00000227258,3.639770554064517
ENSG00000151778,5.364080893708593
ENSG00000102804,67.24889843155756
ENSG00000278156,-0.3665966822755857
ENSG00000237585,1.092469184990831
ENSG00000276527,2.7869858717121976
ENSG00000083635,-1.1662882758201414
ENSG00000223732,0.2775918972725778
ENSG00000133114,0.41965191194977564
ENSG00000188342,-0.12426478380897042
ENSG00000180332,2.8596616316826124
ENSG00000133112,-1.1279131912394416
ENSG00000273149,2.9517372929524632
ENSG00000170919,1.1243862461761003
ENSG00000228886,NaN
ENSG00000174032,-1.3741592709968975
ENSG00000251015,2.4105302615540003
ENSG00000136152,1.3861131855816728
ENSG00000215475,0.9397243028819853
ENSG00000123200,-0.2978932410607979
ENSG00000235903,-0.23540740081298236
ENSG00000080618,NaN
ENSG00000136167,-0.2351026288500387
ENSG00000173988,-0.483422618928935
ENSG00000287863,6.277114214360263
ENSG00000261097,NaN
ENSG00000102445,5.353945247991687
ENSG00000231817,NaN
ENSG00000277228,-1.9964999185194345
ENSG00000136141,0.968978542420018
ENSG00000278462,-0.9303085659774004
ENSG00000139684,-1.548882865833376
ENSG00000136143,-0.4940010775497629
ENSG00000260388,-1.1411442297678387
ENSG00000287456,0.560153356963979
ENSG00000227848,NaN
ENSG00000136159,-1.1937298178411666
ENSG00000276968,6.086040398590878
ENSG00000136146,-0.9656057182960569
ENSG00000229111,NaN
ENSG00000136156,0.5685973876247297
ENSG00000231473,0.2887016399200097
ENSG00000139687,0.7346831297251529
ENSG00000139679,0.45227175726021324
ENSG00000136161,0.37357588873201647
ENSG00000287599,NaN
ENSG00000274929,-0.976207299966855
ENSG00000233610,2.841156250340778
ENSG00000152207,2.7397348041888865
ENSG00000275202,-1.6921472305806389
ENSG00000102531,-0.3434096981568224
ENSG00000288743,-1.4346531769534085
ENSG00000102543,-0.6078313428227415
ENSG00000102547,1.173246422841453
ENSG00000136169,0.2714735171537043
ENSG00000136147,-1.3389683196956512
ENSG00000136144,-0.5202552301187849
ENSG00000152213,-0.8591854112108536
ENSG00000123179,-1.505606259097078
ENSG00000102753,-0.6335436615721854
ENSG00000123178,-1.061031485481385
ENSG00000231607,1.2288353852442297
ENSG00000204977,-0.6741370830313151
ENSG00000198553,-0.24672584655499485
ENSG00000176124,9.034260408130795
ENSG00000274270,-0.9910187557128607
ENSG00000286191,NaN
ENSG00000186047,0.5406614641717938
ENSG00000233672,0.6860453451195159
ENSG00000136104,-0.2027329686614576
ENSG00000289894,NaN
ENSG00000253309,-0.2614313518092474
ENSG00000102786,0.43481732481854474
ENSG00000236778,-0.31204715641427627
ENSG00000139668,0.8530239796413818
ENSG00000102796,-0.5540670694508919
ENSG00000231856,-0.9205890698164403
ENSG00000281106,-0.4115809994959804
ENSG00000123191,-0.07435114719536737
ENSG00000253710,1.4029725632396142
ENSG00000197168,1.296339966021381
ENSG00000136098,-1.1888904485723348
ENSG00000291010,-0.2987866728125723
ENSG00000290490,0.3931541649202542
ENSG00000136114,16.96743815691542
ENSG00000136100,-1.153161049531861
ENSG00000278238,-0.43659427868132133
ENSG00000136108,-0.442623262685842
ENSG00000290856,-0.4339467877713648
ENSG00000139675,-0.45709993136651433
ENSG00000273723,0.31476831815352446
ENSG00000165416,-1.7253643629331443
ENSG00000136110,NaN
ENSG00000102837,-0.04015799169468816
ENSG00000287722,NaN
ENSG00000234787,-0.3518422396277222
ENSG00000278630,1.452400903775473
ENSG00000277448,NaN
ENSG00000232954,NaN
ENSG00000139734,4.500609451054087
ENSG00000227528,NaN
ENSG00000083544,1.070258547408816
ENSG00000225249,9.229469968390056
ENSG00000230142,NaN
ENSG00000229307,NaN
ENSG00000287996,NaN
ENSG00000227674,0.9063396363373126
ENSG00000184226,33.84167747914302
ENSG00000228842,0.7287040266789833
ENSG00000285588,0.7132754510325766
ENSG00000287876,0.2809497415800991
ENSG00000150361,-0.9631477581200116
ENSG00000226846,NaN
ENSG00000276644,13.362994494368488
ENSG00000204899,1.2561912736953715
ENSG00000136122,-0.3609718235935344
ENSG00000083520,0.6876438469156375
ENSG00000083535,1.8491812080874592
ENSG00000102554,1.6602071108991798
ENSG00000224853,0.21183028480461494
ENSG00000228295,NaN
ENSG00000118922,1.2411474724678893
ENSG00000279463,-0.9096076728772218
ENSG00000235532,0.0006006203758970084
ENSG00000286330,8.027540024063414
ENSG00000226240,2.0265419717429367
ENSG00000136111,3.264704109678054
ENSG00000225203,NaN
ENSG00000188243,-1.362804456904906
ENSG00000118939,-1.37148554415314
ENSG00000261105,0.6249001678182499
ENSG00000136153,-0.07409082585463515
ENSG00000228444,-0.6603327460355009
ENSG00000285572,-0.8021636816731363
ENSG00000178695,2.7926411756344307
ENSG00000102805,-0.5993369040894444
ENSG00000005812,-0.9572673276673286
ENSG00000236051,-0.4604284245224239
ENSG00000274898,-0.12158232771777715
ENSG00000005810,-1.110975776474731
ENSG00000136155,NaN
ENSG00000287270,NaN
ENSG00000224347,NaN
ENSG00000139737,2.9564934516485257
ENSG00000225579,2.4255701831120895
ENSG00000234377,-0.5679768583431384
ENSG00000236133,NaN
ENSG00000152193,-0.34847146800265666
ENSG00000139746,-0.7570905440556092
ENSG00000227354,0.7212930199698044
ENSG00000102471,5.537473898349066
ENSG00000229175,NaN
ENSG00000284196,0.9508644946814743
ENSG00000136158,-1.4271773850612635
ENSG00000286746,2.4204168134054984
ENSG00000229246,NaN
ENSG00000286385,NaN
ENSG00000288016,7.604275585764968
ENSG00000226317,-1.8840915969381686
ENSG00000285834,NaN
ENSG00000232252,NaN
ENSG00000287880,NaN
ENSG00000285699,NaN
ENSG00000228824,0.33210164800743447
ENSG00000165300,NaN
ENSG00000231019,NaN
ENSG00000229443,2.6366865870074
ENSG00000286422,NaN
ENSG00000288552,NaN
ENSG00000234660,NaN
ENSG00000271395,-0.13418167973572367
ENSG00000226037,NaN
ENSG00000234384,NaN
ENSG00000215417,0.4236195437163035
ENSG00000292285,NaN
ENSG00000179399,0.6812037929288414
ENSG00000282997,NaN
ENSG00000183098,8.084002225071686
ENSG00000080166,-0.6070285955869303
ENSG00000289878,-0.393236080410963
ENSG00000088451,-0.318553325817345
ENSG00000152749,-0.5599760953156184
ENSG00000125257,1.4166367261820583
ENSG00000223392,-0.11859148823152162
ENSG00000134874,NaN
ENSG00000247400,1.6490828253856191
ENSG00000102580,-1.388948907886008
ENSG00000276809,-1.5421918254644358
ENSG00000102595,0.883226618929748
ENSG00000185352,0.0863479838538433
ENSG00000165621,NaN
ENSG00000139793,0.9136441574558768
ENSG00000286334,-0.6375443677670519
ENSG00000286416,0.3274849772429086
ENSG00000125249,-1.0976336180810642
ENSG00000276573,NaN
ENSG00000270725,NaN
ENSG00000065150,-1.4681930412511455
ENSG00000152767,-1.2592991887739942
ENSG00000231194,NaN
ENSG00000102572,-0.8990549415976732
ENSG00000224418,0.5034291944310211
ENSG00000088386,NaN
ENSG00000088387,4.1444075491739225
ENSG00000229918,1.1263425158782963
ENSG00000260992,0.9669893112246524
ENSG00000228889,2.2195883200444886
ENSG00000134882,-0.8396710777873162
ENSG00000125245,3.665334011540509
ENSG00000169508,1.5475725818590476
ENSG00000290577,0.39581198875481066
ENSG00000285448,-1.1542090088366082
ENSG00000125304,-1.1183910940034252
ENSG00000280734,-0.16053814705826863
ENSG00000203441,0.9522557391439068
ENSG00000287746,NaN
ENSG00000125246,4.388517006441935
ENSG00000234303,1.0376506913591501
ENSG00000288581,-0.19108295586709
ENSG00000286757,-0.8215587200670267
ENSG00000274605,11.341287771797669
ENSG00000175198,2.649010197801112
ENSG00000287330,0.7905868843977835
ENSG00000234650,-1.38197088150505
ENSG00000134864,-1.6772410936128945
ENSG00000224356,-0.8912851019050783
ENSG00000280169,NaN
ENSG00000125247,0.6008648701333993
ENSG00000289594,NaN
ENSG00000233009,NaN
ENSG00000102452,NaN
ENSG00000198542,NaN
ENSG00000102466,-0.29885341822387346
ENSG00000272143,2.053540627240053
ENSG00000134900,-1.0351625717157023
ENSG00000175820,5.812879383300865
ENSG00000151287,-0.9521804678019135
ENSG00000134901,-0.3261134719276997
ENSG00000134897,0.17501680985923004
ENSG00000134899,-0.91332849788295
ENSG00000250878,1.278462626858468
ENSG00000285789,NaN
ENSG00000234551,2.27621981357827
ENSG00000226620,NaN
ENSG00000287923,0.8254040598824222
ENSG00000286780,NaN
ENSG00000125266,0.40973029564177904
ENSG00000134884,-0.8075962686964531
ENSG00000272274,9.684614133967495
ENSG00000204442,NaN
ENSG00000286343,NaN
ENSG00000174405,-0.990865837314403
ENSG00000139826,2.2147915082682084
ENSG00000102524,3.871866869562507
ENSG00000277246,NaN
ENSG00000283384,2.9470977273561147
ENSG00000041515,4.70795949470173
ENSG00000236242,2.701845531645396
ENSG00000275216,NaN
ENSG00000223617,NaN
ENSG00000289901,5.4062383646616015
ENSG00000285534,14.460195099554976
ENSG00000185950,4.020024515336176
ENSG00000275741,3.601896766330735
ENSG00000287575,NaN
ENSG00000187498,NaN
ENSG00000289010,NaN
ENSG00000139832,2.4945631430514696
ENSG00000275880,5.122000076581381
ENSG00000213995,-1.1700624889697826
ENSG00000134905,-1.466650171942847
ENSG00000153487,2.0363072326079794
ENSG00000255874,NaN
ENSG00000088448,-1.0690966164976659
ENSG00000229152,8.90079240563579
ENSG00000277767,0.33639434157096376
ENSG00000102606,-0.1743548422395514
ENSG00000285856,1.1132728605062752
ENSG00000153495,2.028845140999675
ENSG00000204398,25.9788181544452
ENSG00000226903,NaN
ENSG00000224243,NaN
ENSG00000223626,NaN
ENSG00000153498,NaN
ENSG00000126216,-0.35321273970107575
ENSG00000197595,-1.8774260858677394
ENSG00000274922,-1.5540270268579555
ENSG00000068650,0.7882270268924327
ENSG00000232684,-0.6301279979052861
ENSG00000126217,5.48352888878688
ENSG00000267868,NaN
ENSG00000235280,-0.09325045904048737
ENSG00000057593,NaN
ENSG00000269125,NaN
ENSG00000126226,0.45192518963864864
ENSG00000139842,-0.4895333671468161
ENSG00000185896,-1.1107980516689504
ENSG00000139835,1.1815884823804303
ENSG00000153531,-1.2601559992193172
ENSG00000150401,3.8625105115459477
ENSG00000233613,NaN
ENSG00000150403,-0.9301071145475089
ENSG00000276916,NaN
ENSG00000276248,-0.4353478845023799
ENSG00000198176,-0.8852672724358078
ENSG00000184497,-2.826362377932989
ENSG00000233695,-1.0165447685996358
ENSG00000183087,1.203708249490763
ENSG00000272695,NaN
ENSG00000260910,8.333672356604
ENSG00000283199,1.5740933374166033
ENSG00000185989,1.5908265094027663
ENSG00000283361,0.015139381100709849
ENSG00000283347,NaN
ENSG00000130177,-0.5198650228924447
ENSG00000289904,2.329714765372226
ENSG00000285672,NaN
ENSG00000169062,-1.111553436017035
ENSG00000198824,-1.0011139365395283
ENSG00000229723,NaN
ENSG00000222036,-1.1596992227523588
ENSG00000196832,NaN
ENSG00000176198,NaN
ENSG00000136319,-0.5935199735164773
ENSG00000258768,-0.14441060018738963
ENSG00000100814,-1.0131226421953523
ENSG00000259001,0.025542157717673694
ENSG00000129484,-0.9089287239378836
ENSG00000254846,7.755143038187675
ENSG00000129566,-0.7693174068459869
ENSG00000185271,NaN
ENSG00000291038,1.1333746371324176
ENSG00000092094,-0.8950737218391058
ENSG00000100823,-1.687568328166423
ENSG00000165782,-0.9412733641871041
ENSG00000198805,-0.09828268344087046
ENSG00000258908,-0.6709385119659788
ENSG00000173464,NaN
ENSG00000214274,-1.8532695896404547
ENSG00000258818,-1.3223329749038677
ENSG00000169413,0.6375205576924002
ENSG00000258810,NaN
ENSG00000129538,NaN
ENSG00000169397,NaN
ENSG00000136315,-2.400932719762453
ENSG00000169385,0.6800571602997295
ENSG00000165792,-0.4549283584628612
ENSG00000165795,-0.08607593061204385
ENSG00000206150,NaN
ENSG00000165801,1.301774120761241
ENSG00000165804,-1.4191373904143771
ENSG00000232070,-1.0050737254243347
ENSG00000258441,-0.38229656533329137
ENSG00000092199,-1.3207212955193175
ENSG00000092200,-1.3347972757866606
ENSG00000092201,-0.1824016359965532
ENSG00000100888,-0.6236514084345919
ENSG00000129472,0.39179552845656357
ENSG00000092203,-1.2128376652588442
ENSG00000165819,-0.8548813252245647
ENSG00000165821,0.2679827935362468
ENSG00000257096,NaN
ENSG00000169208,NaN
ENSG00000255569,NaN
ENSG00000256553,NaN
ENSG00000221977,-0.3054410021792827
ENSG00000276240,NaN
ENSG00000211777,NaN
ENSG00000211778,0.49716053344046446
ENSG00000211779,0.26573048543733696
ENSG00000211780,0.9031083983068319
ENSG00000211785,NaN
ENSG00000211786,-0.7784142564449174
ENSG00000211788,-0.4530496344555836
ENSG00000211789,NaN
ENSG00000211790,NaN
ENSG00000256379,0.6542067139893585
ENSG00000211791,-0.42811041628771834
ENSG00000211792,1.0173895011996226
ENSG00000211794,-0.9398823230366156
ENSG00000211796,NaN
ENSG00000211797,0.4253527903179659
ENSG00000211800,NaN
ENSG00000211802,NaN
ENSG00000211806,16.37249863779995
ENSG00000211807,-1.0362355748234167
ENSG00000211809,NaN
ENSG00000211810,NaN
ENSG00000259092,0.1578878897281327
ENSG00000251002,8.453907705629176
ENSG00000211813,NaN
ENSG00000211815,0.5213189477911675
ENSG00000289495,16.96274015332413
ENSG00000211820,1.1092062170010941
ENSG00000211821,NaN
ENSG00000211825,NaN
ENSG00000211829,32.65031935315237
ENSG00000211831,NaN
ENSG00000250688,-1.2810054218493394
ENSG00000211836,0.018402496133586542
ENSG00000248366,NaN
ENSG00000211840,NaN
ENSG00000211842,-0.47998826342931705
ENSG00000211846,NaN
ENSG00000211848,NaN
ENSG00000211850,0.19087544882338073
ENSG00000211851,NaN
ENSG00000278661,NaN
ENSG00000211855,NaN
ENSG00000211856,NaN
ENSG00000211858,NaN
ENSG00000211859,NaN
ENSG00000211860,NaN
ENSG00000211862,NaN
ENSG00000211863,8.122357194999614
ENSG00000211867,NaN
ENSG00000211872,NaN
ENSG00000211873,NaN
ENSG00000211875,-1.6406772207565714
ENSG00000211876,1.9391198130424105
ENSG00000211879,NaN
ENSG00000211880,NaN
ENSG00000211884,NaN
ENSG00000211887,NaN
ENSG00000277734,3.555147563142728
ENSG00000259054,-0.4258543929597873
ENSG00000259003,-0.6834134028261791
ENSG00000129562,-1.446990088320643
ENSG00000275552,NaN
ENSG00000100439,3.2410566026436727
ENSG00000258458,0.6137639783057034
ENSG00000155463,-1.6984622027363976
ENSG00000155465,2.0073345777074496
ENSG00000172590,-1.9083211670946978
ENSG00000157227,-2.2633831932132473
ENSG00000197324,1.0447956706930959
ENSG00000139890,-0.854622524769995
ENSG00000100461,-0.5841313234733898
ENSG00000237054,1.1155359528595796
ENSG00000100462,-1.0698540620894923
ENSG00000257285,4.575577799360564
ENSG00000092036,0.9153054606960278
ENSG00000129474,NaN
ENSG00000258457,3.6475179519717003
ENSG00000100802,-0.41752649040652107
ENSG00000100804,-0.11389779818643442
ENSG00000139880,NaN
ENSG00000100813,-0.8869687364544001
ENSG00000179933,-0.3774421810739905
ENSG00000092067,-0.24926930831331315
ENSG00000092068,0.8684988696283178
ENSG00000215277,-0.38921914081739584
ENSG00000290292,-0.3866139121447861
ENSG00000290642,-1.173763579936838
ENSG00000235194,0.3174277989575185
ENSG00000129473,-1.674960977316869
ENSG00000100836,-1.8848670330211956
ENSG00000092096,-0.7825459474290156
ENSG00000166091,88.60898340696839
ENSG00000129460,-0.770734297926731
ENSG00000157306,-0.4421696749340481
ENSG00000136367,4.123211518231462
ENSG00000259431,NaN
ENSG00000213983,-0.4100380793585117
ENSG00000258727,-1.2936366025246708
ENSG00000092051,-2.1571051832275363
ENSG00000259334,NaN
ENSG00000215256,-0.5881716258122938
ENSG00000157326,-1.367863992789096
ENSG00000187630,-1.5438462533061819
ENSG00000286931,-0.88422193906704
ENSG00000291039,-0.8361970871822162
ENSG00000186648,-1.6774804426205385
ENSG00000129535,-0.34016279339538125
ENSG00000100889,-0.7953773954886407
ENSG00000100897,-0.5871278287791962
ENSG00000139914,1.4810430011947626
ENSG00000092010,-1.1781751235542255
ENSG00000100908,-0.8496621300699975
ENSG00000259321,-1.1503593048463774
ENSG00000100911,-1.0793177315382059
ENSG00000092098,0.15460690739961255
ENSG00000213928,-0.8307944270653963
ENSG00000100918,1.0998786754000032
ENSG00000196497,-1.6244423173185105
ENSG00000287765,0.37559294997756265
ENSG00000100926,-1.6921076716910353
ENSG00000288820,1.1851971473382996
ENSG00000276698,-0.9945964469097398
ENSG00000278784,-1.3587971433670416
ENSG00000139908,NaN
ENSG00000254505,-1.2153304479019975
ENSG00000213920,-1.1763117834715522
ENSG00000129559,-2.081141363546642
ENSG00000100938,-1.0819745581902072
ENSG00000092330,-1.744334884015817
ENSG00000289979,1.0399942482547593
ENSG00000092295,0.8629348921647919
ENSG00000100949,-0.6660889736282636
ENSG00000288044,-1.633642115153312
ENSG00000286825,-0.38526133961749354
ENSG00000157379,-1.1211012334642736
ENSG00000196943,0.6967922942588728
ENSG00000136305,-1.3847144340337012
ENSG00000213906,-0.35220103557198124
ENSG00000213903,-0.2681763384019201
ENSG00000129467,-0.4832222551329886
ENSG00000129465,-1.3681990144430092
ENSG00000100968,0.12508414728585987
ENSG00000139899,-0.1855501972405557
ENSG00000100441,-1.0226058185874018
ENSG00000100445,-1.0430926733242631
ENSG00000258744,0.6157352672586637
ENSG00000258657,0.8754606067654249
ENSG00000100450,30.0545155249448
ENSG00000100453,35.290477672102384
ENSG00000168952,0.45214614335045555
ENSG00000257986,NaN
ENSG00000139910,2.620396506845383
ENSG00000258081,NaN
ENSG00000257869,NaN
ENSG00000258175,NaN
ENSG00000186960,1.9981259603923038
ENSG00000257748,NaN
ENSG00000258038,NaN
ENSG00000258028,-0.5790913391885715
ENSG00000184304,1.3986267108407593
ENSG00000257120,NaN
ENSG00000257636,-0.9319856786303753
ENSG00000092140,-0.7637005963166762
ENSG00000092108,-0.5843730708922236
ENSG00000258558,0.5758124634978423
ENSG00000100473,0.8779279581254963
ENSG00000258525,0.09427129960719983
ENSG00000196792,0.46749268458894266
ENSG00000100478,-0.10739752075036291
ENSG00000092148,-1.064989172559285
ENSG00000257831,0.7113392884205907
ENSG00000129493,0.1489938659304374
ENSG00000250365,-0.5266687057772204
ENSG00000129480,-1.0291083006067585
ENSG00000151413,5.119120559068409
ENSG00000257155,1.2713496661241215
ENSG00000258474,NaN
ENSG00000258655,1.6204537507633094
ENSG00000100852,1.6158591874770116
ENSG00000285608,0.016696460313659314
ENSG00000286527,NaN
ENSG00000151320,15.057892025893354
ENSG00000258580,2.254800627318288
ENSG00000151322,-0.7669452535804507
ENSG00000129521,2.5999266580998768
ENSG00000165389,-1.154418261138236
ENSG00000129518,0.01710057862172077
ENSG00000259002,NaN
ENSG00000129515,-1.2148917633081167
ENSG00000165410,-1.023896019138021
ENSG00000198604,-0.38932002120821224
ENSG00000258738,-1.511965140084265
ENSG00000100883,-0.9388065728404792
ENSG00000151327,-0.7660613448449504
ENSG00000092020,-0.2574201127225783
ENSG00000100890,1.0557846323839783
ENSG00000100902,-1.733218055535536
ENSG00000100906,2.5187013683999817
ENSG00000174373,0.4254412538895895
ENSG00000258938,1.3705297920509232
ENSG00000100916,1.377396027842303
ENSG00000258342,3.705778647475011
ENSG00000257585,-0.3488811039700181
ENSG00000151332,-1.1690648672203239
ENSG00000283098,3.4212462555433
ENSG00000290759,NaN
ENSG00000198807,NaN
ENSG00000183032,0.9193721706665738
ENSG00000151338,6.695921927753276
ENSG00000259087,NaN
ENSG00000139865,NaN
ENSG00000259048,-0.18791925444808108
ENSG00000259070,0.9786698529149037
ENSG00000100934,0
ENSG00000258651,-0.31479556582294993
ENSG00000092208,0.17435122496550648
ENSG00000182400,-1.0768333460987332
ENSG00000285830,0.2236214765623769
ENSG00000259083,NaN
ENSG00000100941,-0.26373059263283505
ENSG00000150527,-0.6480824725077814
ENSG00000258940,2.6780266961864565
ENSG00000165355,1.2254371593278635
ENSG00000258526,3.817684261253984
ENSG00000286123,4.347960658526668
ENSG00000251363,NaN
ENSG00000258394,NaN
ENSG00000258969,-1.2924144164576012
ENSG00000259126,NaN
ENSG00000258998,NaN
ENSG00000258633,NaN
ENSG00000179476,-0.5491208407036985
ENSG00000258949,0.3380829314795834
ENSG00000179454,-0.053971791792175206
ENSG00000198718,2.542940170991618
ENSG00000249163,NaN
ENSG00000185246,-0.20922388410919185
ENSG00000100442,2.169183630307679
ENSG00000187790,2.047124731347721
ENSG00000129534,0.023645134038356646
ENSG00000257900,NaN
ENSG00000258700,NaN
ENSG00000139915,-0.67780024551203
ENSG00000286595,NaN
ENSG00000258751,NaN
ENSG00000213741,-0.5492387579885406
ENSG00000165501,-0.4205921389363072
ENSG00000165502,-1.0771146076954228
ENSG00000168282,-0.3397942516950174
ENSG00000258377,5.395240481655267
ENSG00000165506,-0.5795488097379854
ENSG00000258450,-1.0674128661557516
ENSG00000100479,1.7040106785048486
ENSG00000197776,0.7494974711316723
ENSG00000258400,2.8602001550000424
ENSG00000165516,-0.02103665877902001
ENSG00000165525,-1.2478649081389794
ENSG00000282885,1.9785223589718077
ENSG00000278002,2.3034312120239036
ENSG00000165527,-1.6554233692670968
ENSG00000214900,3.301785618214779
ENSG00000289531,1.9485960973117893
ENSG00000100483,0.6632207571686014
ENSG00000100485,0.14304007466726334
ENSG00000087299,3.222770802485655
ENSG00000125375,-0.11156329715761334
ENSG00000100490,3.1285173755870495
ENSG00000012983,0.4870706298537269
ENSG00000198513,14.149232005051642
ENSG00000151748,6.3357346405259065
ENSG00000269906,-0.8251381697006089
ENSG00000289866,-0.7219294393932736
ENSG00000100503,-0.10377961093495065
ENSG00000270062,-1.5357431619006459
ENSG00000258843,0.04434745258227522
ENSG00000285747,NaN
ENSG00000258687,NaN
ENSG00000100504,3.261496060590232
ENSG00000131969,-5.289532788749402
ENSG00000100505,0.9307905634541609
ENSG00000139921,-1.868593740597721
ENSG00000258955,NaN
ENSG00000258479,1.1835066282205224
ENSG00000258537,-0.7498992578563991
ENSG00000139926,-1.0141035244547745
ENSG00000186469,1.9942439918557924
ENSG00000258928,0.5440895249920847
ENSG00000087302,-2.2001306264709544
ENSG00000087303,-1.0866307376631184
ENSG00000258694,NaN
ENSG00000168229,5.690048604672405
ENSG00000289424,0.02088620773517555
ENSG00000125384,0.5241495635583983
ENSG00000087301,3.3126316393152084
ENSG00000180998,1.3750526466255948
ENSG00000197930,-0.4031295770107008
ENSG00000258757,-1.496536005066594
ENSG00000100519,-1.846740555402895
ENSG00000198252,-0.02806516061706733
ENSG00000100522,-0.5413182827361978
ENSG00000259049,-0.2000771893490516
ENSG00000285664,0.6058113537617517
ENSG00000258698,-0.19872201941326298
ENSG00000073712,0.6531744326102249
ENSG00000100523,2.109726571521395
ENSG00000258731,0.13634834981106694
ENSG00000237356,4.448388164398032
ENSG00000286730,NaN
ENSG00000235269,NaN
ENSG00000100526,0.32455587103698824
ENSG00000100528,-0.5489201461257647
ENSG00000197045,-1.154972359088455
ENSG00000100532,1.6627204792648056
ENSG00000020577,2.564104196827099
ENSG00000285774,24.065092315223982
ENSG00000131979,2.817831944091372
ENSG00000198554,-0.0495372596115128
ENSG00000180008,0.31439909658095017
ENSG00000168175,-1.3584527944707803
ENSG00000289523,-1.9062763998145473
ENSG00000131981,2.10692450848995
ENSG00000126787,2.2240180892530215
ENSG00000258050,NaN
ENSG00000258413,-0.2883366966707145
ENSG00000178974,0.37432383968158595
ENSG00000258455,0.8624331938784813
ENSG00000126775,-0.3075883157621439
ENSG00000182521,4.132699014111713
ENSG00000186615,1.2291805117327024
ENSG00000126777,-0.8677042691027604
ENSG00000258784,-0.7637510775437616
ENSG00000259868,NaN
ENSG00000277763,18.98795107501024
ENSG00000139946,2.046261957304857
ENSG00000275569,-1.4135804671575702
ENSG00000259719,3.0543120869706493
ENSG00000070269,0.4744168764484855
ENSG00000258428,NaN
ENSG00000259133,-0.20805614061311864
ENSG00000248550,8.079952389883506
ENSG00000258776,NaN
ENSG00000286257,NaN
ENSG00000258592,1.6935137393900825
ENSG00000070367,0.3567404886418577
ENSG00000053770,-0.6223079988188078
ENSG00000286355,NaN
ENSG00000139977,0.1776850393524375
ENSG00000100557,NaN
ENSG00000151812,NaN
ENSG00000139971,0.20012592187379613
ENSG00000131966,0.27254180237272485
ENSG00000100567,-1.8612067418087153
ENSG00000258682,NaN
ENSG00000257621,-0.10044261156593123
ENSG00000032219,-0.9427834500928198
ENSG00000258658,0.6420114521687583
ENSG00000196860,-1.4345143355885352
ENSG00000258378,0.3030961798362271
ENSG00000100575,-1.1802494195445852
ENSG00000100578,0.26461401368966786
ENSG00000165617,-0.7066655373337578
ENSG00000258583,2.6741681921230027
ENSG00000100592,2.612070046782377
ENSG00000181619,0.22925208224268742
ENSG00000126790,5.290307684052743
ENSG00000050130,0.7825172922178854
ENSG00000151838,-1.4634920299559937
ENSG00000139970,6.427280232682697
ENSG00000131951,-0.2118913727411796
ENSG00000258553,4.506965427177958
ENSG00000126773,1.5865457520306199
ENSG00000100612,-1.5552988212276913
ENSG00000254718,13.347452873250047
ENSG00000100614,2.047184488977593
ENSG00000179008,0.1579227089618515
ENSG00000020426,0.982734494599296
ENSG00000126814,4.684685432039068
ENSG00000139974,3.183831356865491
ENSG00000027075,3.989962982875812
ENSG00000182107,-0.06284142622669263
ENSG00000247287,3.485737266985748
ENSG00000258926,1.452217001326907
ENSG00000250548,0.3491651330845287
ENSG00000232774,1.7922490796226964
ENSG00000258777,-0.8180688787409314
ENSG00000100644,0.6790284021534605
ENSG00000258667,-0.5577699003501086
ENSG00000288928,-1.1704241282850825
ENSG00000023608,1.9205860209387333
ENSG00000140015,NaN
ENSG00000154001,-0.39551170164816635
ENSG00000261242,-0.5505899560152275
ENSG00000140006,-0.19800176084749438
ENSG00000274015,1.6820278578622876
ENSG00000126821,3.1515027888944207
ENSG00000054654,5.212695296124251
ENSG00000140009,0.3880319852992739
ENSG00000214770,-1.0080147162593998
ENSG00000100714,-0.7199914904145279
ENSG00000258824,3.1165816870345298
ENSG00000272909,-0.5809674872384352
ENSG00000089775,0.15738666153478337
ENSG00000179841,-0.14816539929879768
ENSG00000126804,-0.3344079516571607
ENSG00000259116,-0.788843747269232
ENSG00000126803,-0.43158787330032
ENSG00000165807,2.4813248254936835
ENSG00000259076,0.6075858169900387
ENSG00000289290,NaN
ENSG00000126822,0.07373067402106809
ENSG00000070182,22.759672420196154
ENSG00000258289,-1.549243389288596
ENSG00000176153,-0.40735566208061813
ENSG00000139998,1.9028418377518241
ENSG00000257365,5.33280982221587
ENSG00000272158,NaN
ENSG00000125952,2.3516753238266506
ENSG00000259118,0.27770327143852896
ENSG00000255002,0.5426577232747339
ENSG00000258760,6.333648829676745
ENSG00000033170,3.9169208519282654
ENSG00000276116,-0.5089219987266651
ENSG00000258847,3.590328598649838
ENSG00000258561,7.475726537097882
ENSG00000287833,NaN
ENSG00000196553,1.4101371526743292
ENSG00000171723,3.35116946115698
ENSG00000289208,0.7379516218358528
ENSG00000172717,0.1354083709984331
ENSG00000072415,1.0092719626148623
ENSG00000286319,-0.19134125195867585
ENSG00000100554,-0.9679980132584187
ENSG00000134001,-0.8419516045420201
ENSG00000100558,NaN
ENSG00000198133,-0.1641914074518779
ENSG00000054690,-1.5527144653168246
ENSG00000100564,-1.1167145833224927
ENSG00000081181,10.281869631464234
ENSG00000286861,1.9879204453461723
ENSG00000100568,-0.8565399767991397
ENSG00000072042,3.30560864315247
ENSG00000139988,NaN
ENSG00000072121,-0.6266533359574171
ENSG00000182185,2.5925829915892646
ENSG00000258837,NaN
ENSG00000287385,7.7120982300535275
ENSG00000259038,-0.8757096112948995
ENSG00000258623,NaN
ENSG00000287913,NaN
ENSG00000289583,9.092120222759219
ENSG00000185650,2.560869342463248
ENSG00000072110,11.771633593676992
ENSG00000259062,11.32387714467939
ENSG00000139990,-0.3824786449079134
ENSG00000289180,2.6803972190739707
ENSG00000276063,1.6129569790590017
ENSG00000258957,0.698862632417298
ENSG00000081177,0.8465007450556443
ENSG00000258520,0.21951742061273488
ENSG00000100626,NaN
ENSG00000100632,-2.0052815442074925
ENSG00000029364,2.0468530416944652
ENSG00000175985,7.105245000540069
ENSG00000100647,0.33981318351307127
ENSG00000273797,-1.3325841324726344
ENSG00000100650,-1.337916942505305
ENSG00000100652,1.6556004537585305
ENSG00000198732,0.30995882361867577
ENSG00000100678,30.74373026821318
ENSG00000259033,0.8106014077259499
ENSG00000133983,-1.9201779602033553
ENSG00000213463,-0.382992537722048
ENSG00000139985,0.6989567774563279
ENSG00000257759,1.8228089226881863
ENSG00000290783,1.181599261065815
ENSG00000134007,-1.0773868960804232
ENSG00000133997,-1.467322926350846
ENSG00000245466,0.4659808415988212
ENSG00000133985,0.6847730858844442
ENSG00000258689,NaN
ENSG00000006432,0.9407568618946612
ENSG00000259153,1.270884030786864
ENSG00000274818,-1.3040516967542024
ENSG00000100731,-0.36893471653585297
ENSG00000287643,0.5026998607955924
ENSG00000269927,-0.8102059283343086
ENSG00000286423,5.51206222441768
ENSG00000259146,-1.3976736322968817
ENSG00000197555,1.297737558719419
ENSG00000285612,1.3210713655341797
ENSG00000285518,NaN
ENSG00000266869,9.281337451693155
ENSG00000182732,39.73359231153197
ENSG00000286333,-0.40985251946451295
ENSG00000205683,6.80981006888133
ENSG00000119599,0.9996413185789663
ENSG00000165861,-0.6535293125169349
ENSG00000258813,NaN
ENSG00000119707,-0.9036833058496264
ENSG00000080815,0.2157824846683521
ENSG00000100767,0.21304862585793136
ENSG00000258376,-1.1102237967776607
ENSG00000258944,-1.8989663406289248
ENSG00000133961,0.9230653124380728
ENSG00000284930,-1.1859121992527957
ENSG00000251393,0.37173258884426474
ENSG00000187105,0.43930104021589494
ENSG00000170468,-0.8110094873213286
ENSG00000258695,1.8985112644231146
ENSG00000184227,3.5007786507275136
ENSG00000258603,-0.7778145568220336
ENSG00000119673,0.028726035987424712
ENSG00000205669,NaN
ENSG00000119661,9.389579216666032
ENSG00000176903,30.286419131099493
ENSG00000156030,0.032347735387343514
ENSG00000259065,0.1686621994725836
ENSG00000140043,-1.2315949917506948
ENSG00000273711,-0.45396132027863406
ENSG00000119725,-0.3142643864479276
ENSG00000258891,-0.5420123100738904
ENSG00000270140,NaN
ENSG00000156050,6.388174924103419
ENSG00000119723,-1.0745291496509948
ENSG00000187097,-0.3464103753840953
ENSG00000119636,2.029932218498455
ENSG00000119711,-1.1882085264748605
ENSG00000205659,2.483389456654393
ENSG00000119688,-0.7566469427558119
ENSG00000133980,-0.47882468997499583
ENSG00000183379,-2.2590087641639327
ENSG00000270000,NaN
ENSG00000119655,1.4047335696029348
ENSG00000165898,-1.7297647743810134
ENSG00000119681,-0.030646426657552756
ENSG00000119682,0.41888190329247404
ENSG00000119616,-0.1789876928660142
ENSG00000119596,0.5989323906371405
ENSG00000119608,NaN
ENSG00000119689,-1.1441379067933364
ENSG00000198208,1.9840937584486367
ENSG00000119630,0.27890239762793206
ENSG00000119718,0.4386173901672193
ENSG00000258646,0.49801138171792586
ENSG00000119684,17.8659580087881
ENSG00000119640,0.8474099319397214
ENSG00000119703,-0.5091737487903019
ENSG00000119638,0.01968178993651603
ENSG00000259138,2.9403538394252697
ENSG00000170348,-1.2238601812914274
ENSG00000273565,-0.8496339033728063
ENSG00000258740,1.3478993634291505
ENSG00000289340,0.2147574366001558
ENSG00000258820,-0.584472711392404
ENSG00000170345,2.4201071612203875
ENSG00000259687,-0.06376336254590748
ENSG00000289844,1.5797735162893471
ENSG00000259319,-2.4293807844970714
ENSG00000289918,-2.2219863148260544
ENSG00000140044,3.313397748225164
ENSG00000156127,5.50341830753065
ENSG00000119686,0.2985403724022846
ENSG00000119685,2.3871845035815573
ENSG00000133935,0.4377620803122145
ENSG00000259103,-0.9020652307845745
ENSG00000119650,1.619369178411591
ENSG00000119699,-1.7535688943406516
ENSG00000283629,1.7707534679207284
ENSG00000089916,0.13389502635895165
ENSG00000258454,-1.3509264861855397
ENSG00000258402,3.1962111294975917
ENSG00000119715,1.6665650677784525
ENSG00000259124,-1.4388114394383769
ENSG00000258569,12.728723087283104
ENSG00000071246,-1.7660938811238303
ENSG00000259081,NaN
ENSG00000258301,-1.242742692214468
ENSG00000013523,0.449085143579043
ENSG00000286437,NaN
ENSG00000100565,-0.44747404254535367
ENSG00000288762,-1.090866496081384
ENSG00000285966,-1.4546770335923476
ENSG00000258602,3.8059318063364334
ENSG00000119669,-0.31757299981125425
ENSG00000273729,-1.1051582337648784
ENSG00000289347,-0.8870466984098841
ENSG00000246548,2.9443502931142076
ENSG00000258473,1.7548077201418057
ENSG00000198894,-1.5455693160418498
ENSG00000165548,10.312328327179804
ENSG00000165553,-0.7466097008709506
ENSG00000009830,3.537404059342117
ENSG00000100577,3.9224377253286304
ENSG00000100580,3.097764473378873
ENSG00000100583,-0.5208103863269831
ENSG00000165555,3.5370833222004165
ENSG00000151445,-0.13429193649159635
ENSG00000100591,-1.5710497227591367
ENSG00000100593,3.79536373094292
ENSG00000100596,0.2517237384949827
ENSG00000100601,0.5892364452422874
ENSG00000119705,-1.6300605660208218
ENSG00000100603,-1.1085696152135684
ENSG00000197734,0.5080919138679111
ENSG00000063761,-0.8613083840472423
ENSG00000021645,-1.0419373903318139
ENSG00000258637,NaN
ENSG00000211448,-1.2595620029168717
ENSG00000258766,NaN
ENSG00000100629,4.871124957570244
ENSG00000165409,1.873405699665407
ENSG00000284959,21.404148273979242
ENSG00000286686,-0.8975187281006817
ENSG00000165417,0.6603917481674493
ENSG00000273783,-0.31969813360764976
ENSG00000140022,16.48101846005389
ENSG00000071537,-1.4973716525788487
ENSG00000289442,NaN
ENSG00000258743,NaN
ENSG00000285826,1.0337374239662476
ENSG00000258902,NaN
ENSG00000205562,NaN
ENSG00000185070,-4.574108487146415
ENSG00000258733,3.1435498082809197
ENSG00000258912,0.28471886320657863
ENSG00000258859,2.1744349931454012
ENSG00000258807,NaN
ENSG00000054983,-0.5317505600315682
ENSG00000140030,-0.5044390358697528
ENSG00000258867,4.59729426408137
ENSG00000100433,5.994407772601633
ENSG00000042317,-0.07567706529813495
ENSG00000070778,2.5637846442625736
ENSG00000100722,-0.10448968450832828
ENSG00000278576,0.8739248197858536
ENSG00000165521,9.667211970312
ENSG00000165533,0.7381047058103473
ENSG00000053254,-0.8187505433080791
ENSG00000258752,-0.34527588962129035
ENSG00000258380,-0.8010262874957675
ENSG00000258920,-0.7192805374986547
ENSG00000259073,NaN
ENSG00000258792,NaN
ENSG00000140025,5.521557420804768
ENSG00000042088,-0.057333632627470904
ENSG00000152315,1.8150842376106684
ENSG00000100764,-1.8309571039863752
ENSG00000119720,-1.09079072597024
ENSG00000275198,-0.46420049477747727
ENSG00000198668,-0.4324809882861056
ENSG00000258424,NaN
ENSG00000233208,NaN
ENSG00000259789,NaN
ENSG00000165914,6.996379286019835
ENSG00000287663,NaN
ENSG00000258884,31.214700055795902
ENSG00000100784,0.39602323325116906
ENSG00000133943,1.3036202140462396
ENSG00000119714,-0.9376898672824939
ENSG00000258875,-0.9320528957131342
ENSG00000260810,1.8280110880546678
ENSG00000286607,NaN
ENSG00000015133,0.13352868291211561
ENSG00000258798,-1.251382784150968
ENSG00000100796,-0.38988381654649806
ENSG00000133962,2.4323529663874224
ENSG00000260711,17.382700567072465
ENSG00000165929,4.019207759993269
ENSG00000140092,-0.8138247641068637
ENSG00000100815,1.4008296192374379
ENSG00000066427,0.9187184007141825
ENSG00000183648,-1.4012106908120978
ENSG00000165934,2.1541993358408575
ENSG00000258481,NaN
ENSG00000140090,6.595785157256858
ENSG00000100599,0.8147466256290532
ENSG00000100600,0.6658918493106929
ENSG00000066455,-0.7514398383260225
ENSG00000100605,0.2908268286133602
ENSG00000258730,-0.21711577515846034
ENSG00000165943,-1.1421165627875929
ENSG00000153485,-1.6115909369362371
ENSG00000170270,-0.6303039910674355
ENSG00000012963,-0.751745984714192
ENSG00000011114,0.9992478715985256
ENSG00000133958,-1.2853730851042453
ENSG00000278396,NaN
ENSG00000100628,1.511317551501938
ENSG00000258987,NaN
ENSG00000089723,1.732243500862885
ENSG00000089737,-0.9794569002469987
ENSG00000165948,-1.3387997528142033
ENSG00000165949,19.936318486622078
ENSG00000119632,0.804031735235629
ENSG00000119698,0.7712637983308479
ENSG00000197249,4.801352070651165
ENSG00000289541,-2.4487792771020676
ENSG00000100697,-1.0682353647998404
ENSG00000235706,-0.9461056018614091
ENSG00000165959,3.8560906526288017
ENSG00000258630,NaN
ENSG00000176438,-0.6458805965138019
ENSG00000258572,-1.0274956770734966
ENSG00000247092,0.09197190384945095
ENSG00000182512,-0.5787128144271838
ENSG00000258927,0.7542620843504286
ENSG00000187621,4.585886792318475
ENSG00000213231,10.707767206264625
ENSG00000100721,26.258757859110723
ENSG00000257275,12.954964770356574
ENSG00000250366,3.264905543550298
ENSG00000227051,-0.9667481417112652
ENSG00000066739,0.9323411779246843
ENSG00000100744,-1.0433285794744867
ENSG00000140057,-1.1322015129007497
ENSG00000260806,-0.47768895131089684
ENSG00000090060,-1.2211022452126332
ENSG00000100749,-0.012314812940912443
ENSG00000246084,1.5372952973388465
ENSG00000258869,NaN
ENSG00000246223,3.4231058081277608
ENSG00000259097,7.877257944318754
ENSG00000258511,1.7723666225852344
ENSG00000229402,NaN
ENSG00000127152,3.389847151571699
ENSG00000235785,1.6047994261541505
ENSG00000289137,3.3014149726235735
ENSG00000183576,0.31999266515663505
ENSG00000090061,-0.7143292596684598
ENSG00000205476,-0.9408372769505768
ENSG00000247970,0.9044514811574309
ENSG00000182218,NaN
ENSG00000036530,2.4351834513112505
ENSG00000066629,0.8100437671741663
ENSG00000196405,0.15010732860226023
ENSG00000258560,3.7667753931339267
ENSG00000168350,11.387516907421125
ENSG00000258982,-0.21682293969265726
ENSG00000100811,-1.3842397416235293
ENSG00000258904,7.2344813380336594
ENSG00000259052,-0.2722865071100865
ENSG00000197119,-0.2637247187178471
ENSG00000140107,NaN
ENSG00000258666,-1.219602179213864
ENSG00000140105,2.4759124828952346
ENSG00000176473,0.6887387342975799
ENSG00000258620,NaN
ENSG00000183092,-0.5499189483728854
ENSG00000258717,NaN
ENSG00000289278,-2.257530170987052
ENSG00000185559,NaN
ENSG00000214548,12.355809193969565
ENSG00000225746,-0.6926245010938901
ENSG00000288302,-0.2774055541365581
ENSG00000259004,-2.330802352290954
ENSG00000258497,NaN
ENSG00000258919,0.8811232480119042
ENSG00000258404,1.095758622339669
ENSG00000258512,-0.648607237978442
ENSG00000289049,-1.1389534854186893
ENSG00000078304,0.33564941409929705
ENSG00000259088,5.556889850163456
ENSG00000256705,-0.6333035323472953
ENSG00000289482,NaN
ENSG00000271780,0.8628180037629777
ENSG00000272444,-0.1498285743840178
ENSG00000197102,-0.9306065231300608
ENSG00000080824,-1.1547294834313702
ENSG00000140153,0.5395654868361585
ENSG00000080823,-1.0242599790446634
ENSG00000022976,-0.7694735303119161
ENSG00000100865,-0.9160981670760397
ENSG00000196663,2.9946350524343686
ENSG00000156381,41.38331042690983
ENSG00000289862,2.0439737691488524
ENSG00000089902,0.065313123416461
ENSG00000259508,-0.5903067976340893
ENSG00000131323,0.49343761972425787
ENSG00000166126,-0.21690177732699056
ENSG00000198752,-0.158521068152744
ENSG00000259515,3.3325361049867235
ENSG00000289207,4.521711809561504
ENSG00000259717,-0.21386385712370112
ENSG00000185215,2.491782227201719
ENSG00000259775,-3.198529690318995
ENSG00000100664,-0.8623556221936244
ENSG00000075413,-0.4287492355773873
ENSG00000166165,11.804707261664708
ENSG00000260285,NaN
ENSG00000166166,1.5717838796175878
ENSG00000258851,-0.9955673583971593
ENSG00000166170,-1.0945484361201063
ENSG00000126214,-1.323576504990111
ENSG00000256053,-1.6568461835154398
ENSG00000246451,-0.7376148489569807
ENSG00000270108,1.1051728625784398
ENSG00000269910,-0.4498214386440867
ENSG00000269940,0.20625135458663543
ENSG00000269958,3.063230403976079
ENSG00000126215,-1.652905193515169
ENSG00000100711,9.989753142051578
ENSG00000088808,3.6904182974932276
ENSG00000258735,NaN
ENSG00000258534,0.15190593929435323
ENSG00000287346,-0.5869482294764438
ENSG00000156411,-0.63054082205406
ENSG00000156414,-0.3353654186567069
ENSG00000166183,NaN
ENSG00000258913,0.6392018007996736
ENSG00000258986,NaN
ENSG00000203485,10.203226455320019
ENSG00000185100,-1.8119915066561691
ENSG00000184990,-0.26336731108594486
ENSG00000142208,-0.8821146949197398
ENSG00000179627,-0.7471082045616974
ENSG00000258701,1.5141755888981627
ENSG00000258811,NaN
ENSG00000258593,0.7566716366883515
ENSG00000099814,-0.5978795168966599
ENSG00000166428,7.339679430271434
ENSG00000185567,NaN
ENSG00000140104,-0.8273258651645214
ENSG00000170779,-0.09797891612837814
ENSG00000183484,3.0119416623955666
ENSG00000257556,2.44160976832383
ENSG00000287459,NaN
ENSG00000184916,-2.0221366465992223
ENSG00000183828,-1.2736118570379604
ENSG00000185024,-0.6672322372174329
ENSG00000184887,-0.36709158129935937
ENSG00000179364,2.084508842557595
ENSG00000226174,-0.0445767895326839
ENSG00000251602,-1.1269813663582637
ENSG00000182979,0.44975283444566894
ENSG00000182809,1.2085632077069224
ENSG00000213145,1.8543416150745713
ENSG00000185347,-1.1179222601135943
ENSG00000184986,2.4529682322231836
ENSG00000211890,12.084224087703335
ENSG00000211891,NaN
ENSG00000211892,12.362813067437337
ENSG00000211893,798.8016908062007
ENSG00000253755,912.9408096244058
ENSG00000211895,754.4545974895747
ENSG00000211896,471.51598565880795
ENSG00000211897,1006.1518488936288
ENSG00000211898,18.121303221944974
ENSG00000211899,18.611243691833852
ENSG00000211900,NaN
ENSG00000237111,NaN
ENSG00000242472,NaN
ENSG00000289536,6.9172683592091015
ENSG00000226777,8.819634936269033
ENSG00000288730,10.226880235190036
ENSG00000211933,NaN
ENSG00000211934,NaN
ENSG00000211941,NaN
ENSG00000253883,NaN
ENSG00000289598,-1.0701030249233132
ENSG00000211949,0.3034820031813489
ENSG00000276210,NaN
ENSG00000270550,7.749041244884403
ENSG00000211955,NaN
ENSG00000211956,NaN
ENSG00000232216,NaN
ENSG00000270816,-0.5494781116748477
ENSG00000211962,NaN
ENSG00000211964,1.492762048540254
ENSG00000211965,NaN
ENSG00000211966,NaN
ENSG00000211967,-4.746793934158526
ENSG00000211968,NaN
ENSG00000274576,NaN
ENSG00000258654,0.4200318288757679
ENSG00000290376,11.832541242233182
ENSG00000260409,-1.1923580626254904
ENSG00000230031,NaN
ENSG00000258710,NaN
ENSG00000247765,NaN
ENSG00000284988,NaN
ENSG00000291003,-1.1462305424243324
ENSG00000291004,NaN
ENSG00000290399,10.797687230164422
ENSG00000274253,6.445787304744302
ENSG00000170113,1.9353009302011435
ENSG00000140157,-1.0905646575886099
ENSG00000273749,0
ENSG00000275835,-0.2620420848654688
ENSG00000290912,0.5024378041678892
ENSG00000179455,1.264694339721466
ENSG00000182636,-1.257180577399576
ENSG00000286973,2.310127824698176
ENSG00000260232,0.4928997607706826
ENSG00000259905,0.6143281202403317
ENSG00000128739,4.329948778783693
ENSG00000273173,-0.21649428226484993
ENSG00000224078,1.3248699445349428
ENSG00000114062,-0.9342238207885523
ENSG00000235731,3.0359528421545776
ENSG00000206190,4.872847846184357
ENSG00000206187,NaN
ENSG00000259150,NaN
ENSG00000235160,NaN
ENSG00000166206,NaN
ENSG00000182256,0.9674140940353345
ENSG00000128731,0.205815752316298
ENSG00000291259,-0.20156434141062524
ENSG00000291082,-0.9716804814743821
ENSG00000188626,0.0117258439250323
ENSG00000261480,0.580411590068582
ENSG00000290879,8.69760057787877
ENSG00000291058,NaN
ENSG00000291258,-0.43844358399517125
ENSG00000289209,NaN
ENSG00000287894,NaN
ENSG00000034053,6.330918939131617
ENSG00000259277,0.734421263808058
ENSG00000104059,-0.23656901883233378
ENSG00000185115,1.1030738433654563
ENSG00000104067,-1.0972675354423114
ENSG00000259647,NaN
ENSG00000290997,-2.1723444959842944
ENSG00000225930,NaN
ENSG00000166664,-1.9323096639498696
ENSG00000186399,-1.2099696507668014
ENSG00000289397,-0.7645613359089038
ENSG00000289083,-0.7605894498902857
ENSG00000290876,-1.4142265993570813
ENSG00000270055,40.239806856724734
ENSG00000260693,0.7755479799432456
ENSG00000178115,0.32328019210350034
ENSG00000290723,-2.688365400959463
ENSG00000261794,1.196692133987163
ENSG00000270016,NaN
ENSG00000247728,-0.6433279920651196
ENSG00000285077,1.2271654829859344
ENSG00000290886,3.499353832585013
ENSG00000198690,0.1321478219000561
ENSG00000166912,-0.8111045702138637
ENSG00000259720,-0.25720734588346017
ENSG00000134160,-0.4442977393917059
ENSG00000259772,-0.6645104744693988
ENSG00000259448,3.28700416831634
ENSG00000169926,-1.0757797878362652
ENSG00000169918,-0.9754011162904465
ENSG00000175344,1.2878620642645007
ENSG00000261064,-0.6190832424188599
ENSG00000276724,1.0499077785487245
ENSG00000262728,-0.8854573533313267
ENSG00000232653,-1.1818472835830276
ENSG00000198826,1.506399415774803
ENSG00000166922,-0.23805003052671467
ENSG00000241818,NaN
ENSG00000248905,5.048592747170406
ENSG00000198838,-0.6341587580874949
ENSG00000259408,1.7800585326093645
ENSG00000259287,NaN
ENSG00000169857,2.0347121792468967
ENSG00000184984,1.3071884642399907
ENSG00000134153,-1.083603169321592
ENSG00000182405,1.140045778373069
ENSG00000134152,-0.05121560565180461
ENSG00000128463,-1.314172927533602
ENSG00000140199,0.6604452823498018
ENSG00000259468,-0.5959163937215146
ENSG00000182117,-1.217471813659716
ENSG00000184507,NaN
ENSG00000176454,0.03480680672009766
ENSG00000175265,0.274463872558566
ENSG00000215252,6.747573665972238
ENSG00000021776,-0.5368357988388386
ENSG00000198146,-1.0760734256385618
ENSG00000259181,NaN
ENSG00000289289,NaN
ENSG00000259336,0.9239781717708603
ENSG00000134146,6.048377279917498
ENSG00000248079,0.6435506628657556
ENSG00000259639,NaN
ENSG00000186073,4.107177000378458
ENSG00000261191,-0.3156109213601652
ENSG00000134138,NaN
ENSG00000259434,NaN
ENSG00000259225,6.435108220265454
ENSG00000236914,-0.5111898473324658
ENSG00000259380,1.058385284486176
ENSG00000166068,3.6042008498607307
ENSG00000171262,-0.6666299601626132
ENSG00000172575,2.3048640880325806
ENSG00000286786,-0.28518857076337584
ENSG00000259326,NaN
ENSG00000259598,-0.902072430201709
ENSG00000175779,71.4810682766904
ENSG00000274281,NaN
ENSG00000259345,12.267086995466862
ENSG00000175746,NaN
ENSG00000259269,NaN
ENSG00000137801,24.719402865300353
ENSG00000150667,4.058049824023027
ENSG00000261136,NaN
ENSG00000166073,-0.15516311785983378
ENSG00000128829,-0.42796016707320617
ENSG00000140319,-1.6495621054255365
ENSG00000248508,-0.05811621543778849
ENSG00000259584,5.474623175874111
ENSG00000104081,-1.7727444251484716
ENSG00000156970,-0.44910922712859913
ENSG00000137843,0.664143213056645
ENSG00000137841,0.6188025283744159
ENSG00000273855,-0.0038415150092947063
ENSG00000259330,32.67283759202165
ENSG00000188549,8.65972649505526
ENSG00000233041,NaN
ENSG00000140323,0.6760692577958877
ENSG00000128944,-1.0236839460408746
ENSG00000128928,0.04528952395479609
ENSG00000140320,-0.21590417336386603
ENSG00000259364,NaN
ENSG00000259211,NaN
ENSG00000169105,-1.354811824893376
ENSG00000259536,0.07193859740925211
ENSG00000128891,1.345999530968737
ENSG00000166133,-1.2982500195886133
ENSG00000137812,1.5978002488298244
ENSG00000245849,-0.5025140120297965
ENSG00000051180,0.025306196918132774
ENSG00000137824,-0.4975474954814285
ENSG00000137880,-0.620924644309079
ENSG00000104129,0.5990556879843174
ENSG00000188277,0.12027864371294482
ENSG00000166140,0.9715997742193224
ENSG00000166143,NaN
ENSG00000261183,1.3913876649506687
ENSG00000166145,-1.3946381477807215
ENSG00000104142,-0.9650269892705448
ENSG00000251161,NaN
ENSG00000128965,NaN
ENSG00000128908,0.15885622936034116
ENSG00000259617,-0.9324077922357308
ENSG00000259463,-0.9867243281763819
ENSG00000259521,2.2072849807623474
ENSG00000280036,4.146081155846468
ENSG00000178997,0.4140412701166997
ENSG00000187446,0.6465314721667741
ENSG00000247556,-1.0070853562954551
ENSG00000104147,-0.29086792812311735
ENSG00000137804,4.875745781240594
ENSG00000259396,NaN
ENSG00000137806,1.6943484623382739
ENSG00000137815,-0.7316886831144908
ENSG00000137825,-0.992486315838754
ENSG00000062524,0.8327523811347021
ENSG00000103932,5.254144129079532
ENSG00000092445,3.271216056426806
ENSG00000260926,NaN
ENSG00000174197,0.8726472988695592
ENSG00000137802,2.1026638729674816
ENSG00000243789,0.377171109515779
ENSG00000243708,-0.31200493264780754
ENSG00000137877,3.7341481538400347
ENSG00000174171,1.490827246191947
ENSG00000103966,-0.4464091741941099
ENSG00000259883,-0.8121170059820194
ENSG00000246740,-0.8876320265803156
ENSG00000188089,NaN
ENSG00000168907,NaN
ENSG00000166887,-0.3099317927375308
ENSG00000261002,-0.8871617417975739
ENSG00000103978,-0.003693890240098632
ENSG00000214013,0.2993981194747053
ENSG00000092529,0.28059326282858094
ENSG00000103994,0.17915265852766715
ENSG00000092531,4.869440401145226
ENSG00000261684,1.27655450139802
ENSG00000180979,0.7029232251202612
ENSG00000137814,-0.5340028250827727
ENSG00000261822,NaN
ENSG00000159433,3.7256176599327837
ENSG00000140326,1.6219889233490674
ENSG00000128881,0.08891186868778399
ENSG00000286877,0.11456743422739066
ENSG00000159459,0.4804078154702419
ENSG00000285080,-0.12269858348260067
ENSG00000137842,1.2867585597161384
ENSG00000261687,NaN
ENSG00000166946,-0.7696582696519307
ENSG00000104055,NaN
ENSG00000168806,-0.6677393631285945
ENSG00000168803,-0.7241275503544421
ENSG00000140265,0.09323395225446712
ENSG00000137822,-0.1282665202996803
ENSG00000067369,0.6368911595928143
ENSG00000166963,23.516237860670326
ENSG00000168781,1.5901109592901073
ENSG00000237289,NaN
ENSG00000242866,NaN
ENSG00000166762,0.34860342404591843
ENSG00000275601,-1.4918586488643246
ENSG00000290691,0.9284563733149581
ENSG00000291053,-0.3711438357427984
ENSG00000167004,-0.18386034168600704
ENSG00000128886,2.286928734592623
ENSG00000140264,0.23439355903050865
ENSG00000184716,NaN
ENSG00000242028,-1.555298187426718
ENSG00000140259,-0.3652955755644797
ENSG00000092470,-0.02263714652859107
ENSG00000171877,0.10293956018931529
ENSG00000289277,-0.36388666462156505
ENSG00000166734,1.0792227758607447
ENSG00000259595,-0.49086329250093297
ENSG00000137770,0.6302117882927786
ENSG00000179523,1.2263540064212768
ENSG00000104131,-0.40565848766007667
ENSG00000104133,0.7110904026161909
ENSG00000259659,-0.32307359204792174
ENSG00000229474,2.8367455826915564
ENSG00000166710,-1.0995325154861522
ENSG00000185880,2.161272200046581
ENSG00000290387,NaN
ENSG00000140263,-0.5975466160995472
ENSG00000259418,NaN
ENSG00000140279,NaN
ENSG00000140254,16.829484586709373
ENSG00000137857,0.9689037007114262
ENSG00000259539,-1.0955716724014
ENSG00000138606,0
ENSG00000259519,-0.09583122383359212
ENSG00000259932,NaN
ENSG00000260035,-0.7667101956215098
ENSG00000259520,-1.5848767628885765
ENSG00000137860,5.248896321465264
ENSG00000171766,1.691704802106802
ENSG00000275672,0.12737432556236863
ENSG00000171763,-0.9886688249144161
ENSG00000166920,0.36536869551231244
ENSG00000259354,-1.408453476481439
ENSG00000104154,8.777157620942406
ENSG00000259681,NaN
ENSG00000275709,-0.9010420852187285
ENSG00000104164,-0.6180638278288878
ENSG00000137767,-1.04274385121925
ENSG00000273972,-1.0375946333635326
ENSG00000259200,-1.416220129861047
ENSG00000287020,NaN
ENSG00000287704,NaN
ENSG00000259255,NaN
ENSG00000137872,6.139644513899879
ENSG00000287439,NaN
ENSG00000188467,NaN
ENSG00000104177,0.4553184997733641
ENSG00000074803,-1.038757174170362
ENSG00000259488,-0.7800066509640203
ENSG00000128951,-0.823071887928619
ENSG00000166147,-1.5868896355092226
ENSG00000273925,NaN
ENSG00000103995,0.10199433950816521
ENSG00000259469,-3.9910779271686065
ENSG00000185634,7.334624218334164
ENSG00000255302,-0.7909195103335517
ENSG00000138593,0.9592997220775421
ENSG00000166200,-1.4019814941644326
ENSG00000156958,0.22873126988715367
ENSG00000166262,0.6996549662543624
ENSG00000275580,-2.8430820452112875
ENSG00000140285,NaN
ENSG00000104047,0.742226822854261
ENSG00000104043,4.85366788782578
ENSG00000259188,NaN
ENSG00000140284,-0.5083262557717053
ENSG00000140287,NaN
ENSG00000104064,1.5901686472004535
ENSG00000285410,-1.2287329558192661
ENSG00000244879,0.9800222281298343
ENSG00000259715,0.5561675455558616
ENSG00000138592,-0.8035361724205883
ENSG00000170236,1.2173595034062146
ENSG00000092439,-0.2528339250946705
ENSG00000259684,NaN
ENSG00000138600,-0.17995381707676586
ENSG00000259773,NaN
ENSG00000273674,0.11008039932720438
ENSG00000081014,1.1783861407682985
ENSG00000259240,-2.1193818314535178
ENSG00000183578,NaN
ENSG00000137869,NaN
ENSG00000259678,NaN
ENSG00000104093,5.388168455796319
ENSG00000104112,NaN
ENSG00000259241,NaN
ENSG00000259296,0.21947594602324477
ENSG00000140280,-2.146633667517343
ENSG00000128872,-0.7331159816548136
ENSG00000259377,NaN
ENSG00000138594,-0.7177980514034846
ENSG00000259201,3.289622024510957
ENSG00000166477,0.3969457556975475
ENSG00000069956,-0.9317691602446162
ENSG00000259438,0.04615476548065768
ENSG00000274528,NaN
ENSG00000259398,-0.14827117750307975
ENSG00000259712,0.8773069758499156
ENSG00000137875,NaN
ENSG00000069966,4.156614146085805
ENSG00000259327,-0.41256845875469633
ENSG00000259709,0.52042532982674
ENSG00000259577,1.2488034921684723
ENSG00000128833,2.4629622192558682
ENSG00000197535,1.1841049670406067
ENSG00000128989,-1.379163170622959
ENSG00000260618,-0.8529799859384919
ENSG00000047346,0.4375493979302621
ENSG00000259935,1.809483270838467
ENSG00000287500,6.219657490663223
ENSG00000169856,NaN
ENSG00000259237,NaN
ENSG00000166415,-0.04398168418762334
ENSG00000137766,-1.5958972295712934
ENSG00000279145,-0.975598973535993
ENSG00000137876,-1.6669147487831337
ENSG00000069974,1.0277760524107047
ENSG00000276533,-0.8863464810091519
ENSG00000225973,-1.3582344856840134
ENSG00000069943,0.8568513042800854
ENSG00000260916,-0.8577194565815373
ENSG00000274765,NaN
ENSG00000277548,NaN
ENSG00000261652,1.1682549622491174
ENSG00000256061,1.9799051006762558
ENSG00000166450,NaN
ENSG00000069869,2.0569933738531656
ENSG00000181827,0.6937898169239682
ENSG00000151575,16.295926237807986
ENSG00000259941,NaN
ENSG00000138587,NaN
ENSG00000260392,3.21160083113749
ENSG00000137871,-0.14928760645541245
ENSG00000274667,-1.1029327822846755
ENSG00000285331,-0.36184478327064723
ENSG00000276524,NaN
ENSG00000140262,-0.5442863030493875
ENSG00000247982,14.255853392095622
ENSG00000260172,6.565734021018591
ENSG00000128849,1.3300435703582654
ENSG00000263155,36.688943945135264
ENSG00000137878,2.7201710891654263
ENSG00000255529,-0.10182135644398632
ENSG00000261219,NaN
ENSG00000128918,0.2603133440965759
ENSG00000103569,3.651842001849372
ENSG00000289948,-0.8907214216922573
ENSG00000166035,1.8834045385344804
ENSG00000277229,NaN
ENSG00000259250,-0.17663626918094333
ENSG00000137845,-0.04997727980286147
ENSG00000286897,NaN
ENSG00000245975,NaN
ENSG00000128923,2.301042770469853
ENSG00000259353,-0.2396615312095939
ENSG00000157450,-0.6827856501785128
ENSG00000137776,-0.6522120323204503
ENSG00000288745,-0.7021484700140489
ENSG00000157456,-0.3231256790331515
ENSG00000277144,NaN
ENSG00000259732,NaN
ENSG00000157483,5.303070590014207
ENSG00000259771,-1.0029937284289343
ENSG00000259735,1.229137298903212
ENSG00000157470,1.8147547288267212
ENSG00000140297,-0.45721124477842773
ENSG00000140307,-2.4055610462041623
ENSG00000140299,1.6290331985766207
ENSG00000259238,-1.2130370000065573
ENSG00000171956,0.9329258488678849
ENSG00000182718,1.3023164956563746
ENSG00000128915,0.046382505575543145
ENSG00000245534,1.858691036463519
ENSG00000069667,5.592936284396051
ENSG00000259274,-0.8753189639289324
ENSG00000273958,-0.10986560449282305
ENSG00000286457,NaN
ENSG00000287508,-0.240054919567689
ENSG00000259616,0.8954334076161352
ENSG00000259675,NaN
ENSG00000259564,-0.025396428026543922
ENSG00000129003,-1.0073293714655642
ENSG00000259251,NaN
ENSG00000205502,NaN
ENSG00000259697,NaN
ENSG00000171914,4.341648776675052
ENSG00000259458,NaN
ENSG00000140416,47.25540002542473
ENSG00000259498,NaN
ENSG00000259672,NaN
ENSG00000103642,-0.718674487760398
ENSG00000185088,-0.5524303584333594
ENSG00000166128,0.02648271296816951
ENSG00000138613,0.0015368356005872874
ENSG00000259459,NaN
ENSG00000259268,NaN
ENSG00000276651,-0.6179921233989174
ENSG00000140455,-0.27847610313275556
ENSG00000259248,-0.02845980260212202
ENSG00000197361,-1.4097744290118472
ENSG00000103657,-0.8858354456127284
ENSG00000259589,0.03152373325897879
ENSG00000035664,4.917606988918624
ENSG00000259351,NaN
ENSG00000166797,-1.1621256061083731
ENSG00000028528,-0.8781988481569405
ENSG00000157734,0.5887617056823976
ENSG00000166794,0.15962030315306963
ENSG00000169118,0.7058402876103362
ENSG00000166803,7.927829791811797
ENSG00000103671,0.44043268267734137
ENSG00000180357,0.1068414217934439
ENSG00000259682,NaN
ENSG00000180304,-1.5005953816304058
ENSG00000265967,-0.8280766013991068
ENSG00000264937,-2.569291667571716
ENSG00000259635,-0.178855363950437
ENSG00000166831,-1.161453107290805
ENSG00000140451,0.9033507828934151
ENSG00000241839,-1.425898056198458
ENSG00000287494,-0.259321552479114
ENSG00000166839,1.519452333835875
ENSG00000275332,NaN
ENSG00000274383,-1.2925296548912675
ENSG00000090487,-0.10587175704573357
ENSG00000103707,2.189144595615552
ENSG00000186198,NaN
ENSG00000278737,NaN
ENSG00000246922,1.1780576706823935
ENSG00000090470,-1.2306651261291288
ENSG00000166855,-1.121189683190817
ENSG00000138615,0.10270915032434999
ENSG00000138617,1.3472386383376158
ENSG00000174498,NaN
ENSG00000103742,NaN
ENSG00000074603,-0.03614846221444936
ENSG00000074696,1.3137074420419534
ENSG00000138614,-1.3571798367941985
ENSG00000074621,-0.6433868360293717
ENSG00000275638,NaN
ENSG00000174485,-0.25522349968746966
ENSG00000103769,0.8044135508851624
ENSG00000261544,-1.2528492154449005
ENSG00000289992,NaN
ENSG00000157890,-0.09033499281574274
ENSG00000261318,3.320320348817302
ENSG00000166938,-0.2945313866613294
ENSG00000260773,0.4196974156741301
ENSG00000075131,-0.6283633492301522
ENSG00000169032,-0.32348088956117377
ENSG00000261351,-1.2890753153599552
ENSG00000174446,-1.4794294953749436
ENSG00000174444,-1.1017371697821745
ENSG00000174442,0.35908633900055775
ENSG00000188501,NaN
ENSG00000259471,NaN
ENSG00000137834,NaN
ENSG00000277152,NaN
ENSG00000259437,NaN
ENSG00000259289,-3.0229899026305422
ENSG00000259347,0.31042512819974977
ENSG00000166949,1.4031652659258085
ENSG00000259202,-0.7953580867335789
ENSG00000103591,-0.18829844947122443
ENSG00000103599,1.6771212592939289
ENSG00000259673,1.1938888689369258
ENSG00000189227,-1.4085374549831398
ENSG00000270964,NaN
ENSG00000137764,0.513268563811281
ENSG00000188779,-0.4449689130398042
ENSG00000259410,-0.4796369241418486
ENSG00000033800,-0.5077341738713067
ENSG00000129007,-0.2250571291402663
ENSG00000128973,-1.464701346979989
ENSG00000260657,NaN
ENSG00000169018,-1.1783250667753213
ENSG00000137809,3.8397431974537355
ENSG00000103647,7.480492948271799
ENSG00000289998,-0.7314068008508664
ENSG00000140350,-1.3102784588522915
ENSG00000258484,-0.17242965299675564
ENSG00000138604,0.5580740526949283
ENSG00000259504,NaN
ENSG00000137819,-3.491122558725105
ENSG00000259426,NaN
ENSG00000137807,3.2577663014398808
ENSG00000137818,-1.0358916108786362
ENSG00000259215,3.0437385289637655
ENSG00000245750,1.0121339725219194
ENSG00000289525,NaN
ENSG00000140332,-0.7988738167104046
ENSG00000259473,NaN
ENSG00000137831,0.4953185121020912
ENSG00000259532,1.1881501573658968
ENSG00000259624,NaN
ENSG00000166173,NaN
ENSG00000137821,0.24605356281662016
ENSG00000129028,-1.0842028906540186
ENSG00000187720,-1.2405206237042463
ENSG00000259964,-0.8648937977797428
ENSG00000278570,NaN
ENSG00000066933,0.6070086551772691
ENSG00000261632,0.4414707440395719
ENSG00000166192,-0.17651666287994894
ENSG00000260173,NaN
ENSG00000175318,-1.2284199498050863
ENSG00000067225,8.743944945723102
ENSG00000137817,1.308907308603758
ENSG00000261460,1.1441639187548094
ENSG00000140488,1.2886580257412763
ENSG00000213614,-0.7513987310239517
ENSG00000260339,1.4553788877869267
ENSG00000261423,0.050963171849843364
ENSG00000261187,0.40329573920521794
ENSG00000166233,-0.8543897032193611
ENSG00000259783,9.677319793732702
ENSG00000260672,NaN
ENSG00000175202,-0.618879245191897
ENSG00000140463,3.358299652777143
ENSG00000159322,-0.7529675902778586
ENSG00000260898,-0.33447820708182047
ENSG00000067141,3.275980812605871
ENSG00000183324,-1.0856708962661679
ENSG00000156642,0.8081351930506776
ENSG00000281183,-0.9112546086142145
ENSG00000103855,NaN
ENSG00000261801,0.01655403015913127
ENSG00000129038,-0.868760361118961
ENSG00000067221,1.5266369752664855
ENSG00000140464,-0.8004148024120953
ENSG00000137868,NaN
ENSG00000140481,NaN
ENSG00000277718,NaN
ENSG00000138623,-0.9003176353960335
ENSG00000138629,-1.1507925756320754
ENSG00000247240,0.5327251563747888
ENSG00000261775,NaN
ENSG00000179361,-0.07894011202120374
ENSG00000179335,-1.6222492447088865
ENSG00000275527,NaN
ENSG00000260919,0.749434276402106
ENSG00000179151,0.6508153674437301
ENSG00000103653,-1.4043965592381833
ENSG00000140506,NaN
ENSG00000140474,-1.3372019044458268
ENSG00000140497,-1.5780577433413605
ENSG00000178802,-0.7298027649213327
ENSG00000178761,-0.893513642511087
ENSG00000178741,-1.3793460186795088
ENSG00000178718,-2.155549246257665
ENSG00000198794,5.4286998141148395
ENSG00000138621,0.9354615004948142
ENSG00000167173,-0.8179813766961284
ENSG00000140365,-1.1271589399761714
ENSG00000275645,-0.12123804639472853
ENSG00000140398,2.7834041820009694
ENSG00000140400,-0.7513092928332846
ENSG00000260274,-0.2996598751201076
ENSG00000169375,-0.927414177373997
ENSG00000276744,0.9452921545683552
ENSG00000169410,2.267813039166875
ENSG00000169371,0.6751395282435834
ENSG00000260206,NaN
ENSG00000177971,-1.9633196321248394
ENSG00000275454,1.5004660586429752
ENSG00000274515,0.009211253834929652
ENSG00000173548,-2.158437458183178
ENSG00000246877,-0.7203315094813403
ENSG00000260288,-1.439303774525733
ENSG00000140367,1.4341669285917928
ENSG00000167196,-0.008900275705950061
ENSG00000169752,-0.9734031000017532
ENSG00000169758,-0.041123785547061704
ENSG00000259422,NaN
ENSG00000140374,3.1341331844717715
ENSG00000287503,2.0729645834402772
ENSG00000159556,-0.5228155419403481
ENSG00000140386,1.0808996240235795
ENSG00000117906,-1.3575424865947323
ENSG00000140368,-0.6057712202120173
ENSG00000140391,2.089388000501929
ENSG00000259652,NaN
ENSG00000269951,2.251400193440798
ENSG00000173517,4.845812697208335
ENSG00000140382,1.935263034661943
ENSG00000169783,0.9307033757621918
ENSG00000290665,NaN
ENSG00000261403,NaN
ENSG00000167202,2.8073937269033777
ENSG00000183476,8.198145040576138
ENSG00000136425,0.06308529600474361
ENSG00000166411,-1.0256337350766451
ENSG00000260988,NaN
ENSG00000103740,2.0079280736688703
ENSG00000140403,-1.511106538735558
ENSG00000140395,-1.601385392235959
ENSG00000136381,-0.3024047819874451
ENSG00000259474,-0.5351233030229999
ENSG00000188266,-0.1435948330482626
ENSG00000041357,-1.5750248652159908
ENSG00000169684,-1.021027223880706
ENSG00000117971,-0.4737107157348146
ENSG00000259555,NaN
ENSG00000290426,NaN
ENSG00000136378,NaN
ENSG00000185787,-1.3001183437017965
ENSG00000103811,0.003965848360070829
ENSG00000058335,2.035671166996532
ENSG00000177699,NaN
ENSG00000259234,NaN
ENSG00000166557,-1.0809339804178728
ENSG00000289561,-1.416109735455599
ENSG00000169330,3.6921283535221776
ENSG00000136371,0.044912085642246635
ENSG00000286813,0.3023354899380016
ENSG00000180953,-0.8758057585605536
ENSG00000278600,1.457182864818015
ENSG00000259642,2.9563906645777847
ENSG00000140379,1.6175280335690891
ENSG00000086666,-0.41443059324970366
ENSG00000103876,0.8484116837816961
ENSG00000259495,NaN
ENSG00000172379,2.227704498465178
ENSG00000136379,-0.6037845476097221
ENSG00000103888,-0.9480454107255127
ENSG00000259649,-0.21748265238906062
ENSG00000117899,-0.007549631649212641
ENSG00000277782,-0.9713062560368166
ENSG00000140406,-1.263653698220625
ENSG00000156206,1.6205828143709968
ENSG00000172349,0.5966142057355814
ENSG00000271725,21.379199225742777
ENSG00000172345,-1.3177703809094046
ENSG00000286488,-0.04430438019156682
ENSG00000259343,1.3404497626682945
ENSG00000188869,NaN
ENSG00000259543,3.1387286799821807
ENSG00000259692,0.05849827668919513
ENSG00000183496,-2.1605279519384113
ENSG00000140598,2.0127580099625453
ENSG00000289704,-0.13860170147191672
ENSG00000285974,NaN
ENSG00000188659,1.4489094408116359
ENSG00000278662,-0.5239607780024503
ENSG00000290945,0.8335480468849225
ENSG00000197978,-0.2548975843041557
ENSG00000290948,-0.7963669390291948
ENSG00000182774,-1.214974415518106
ENSG00000278013,1.5419804010447309
ENSG00000214575,1.8568278150871433
ENSG00000259462,0.34279511568553706
ENSG00000103723,-0.1944124538819697
ENSG00000259442,-0.7853541241672756
ENSG00000286817,-1.156924549255659
ENSG00000250988,-0.8662979183216888
ENSG00000186628,6.6389159210974755
ENSG00000156232,-0.6823975984727105
ENSG00000103942,5.807340040120543
ENSG00000259805,-0.14851267105719662
ENSG00000169612,-0.9141606417413388
ENSG00000169609,0.34162828505537396
ENSG00000288850,NaN
ENSG00000064726,0.07998656490639496
ENSG00000259767,-1.5631439578645872
ENSG00000286872,-3.9136204421345098
ENSG00000136404,9.992281013789626
ENSG00000166503,4.575990723485555
ENSG00000259986,-1.3548942033266866
ENSG00000140600,1.6746059068680323
ENSG00000156218,0.8573060838448041
ENSG00000291062,NaN
ENSG00000290688,NaN
ENSG00000290689,-0.6197984623578052
ENSG00000184206,0.26017083732667917
ENSG00000291027,0.7689153536816836
ENSG00000291028,-1.0842581207997342
ENSG00000275120,1.3813825550121606
ENSG00000176371,-0.8640707598294253
ENSG00000256278,NaN
ENSG00000276278,-0.5841887600488536
ENSG00000291159,-0.10469249484794904
ENSG00000177082,-0.5898948635409677
ENSG00000197696,-0.485480303950426
ENSG00000140612,-0.9322149433344891
ENSG00000259654,-2.764556679304005
ENSG00000285667,0.33957512776826737
ENSG00000166716,0.38790456440296023
ENSG00000136383,1.5682556726602426
ENSG00000156222,NaN
ENSG00000073417,0.8633294664996238
ENSG00000291210,NaN
ENSG00000291211,-0.8274638707752378
ENSG00000291212,0.6817458340368312
ENSG00000170776,-0.8859426412131568
ENSG00000259367,-0.8514275243247714
ENSG00000259453,NaN
ENSG00000259407,-0.7028777366738465
ENSG00000259416,NaN
ENSG00000183655,0.12661073317450167
ENSG00000273540,-1.1242747216517561
ENSG00000259620,NaN
ENSG00000259560,-0.8301894392102147
ENSG00000287391,NaN
ENSG00000140538,-0.5300725349137451
ENSG00000260305,NaN
ENSG00000259494,-1.3886663197181135
ENSG00000181991,-0.5917277012115849
ENSG00000140543,1.1733674971559953
ENSG00000249487,1.002132841659741
ENSG00000181026,-0.9688527782372237
ENSG00000172183,0.9326398078727526
ENSG00000157766,NaN
ENSG00000140511,1.5908709429223324
ENSG00000140545,1.924403588519873
ENSG00000261407,NaN
ENSG00000140526,-0.32416914929059243
ENSG00000140522,NaN
ENSG00000140525,3.8000597613035314
ENSG00000140521,-1.1396309634435853
ENSG00000261441,-0.2230458572214548
ENSG00000255571,1.7487894110197402
ENSG00000289128,NaN
ENSG00000140519,NaN
ENSG00000140534,NaN
ENSG00000259615,NaN
ENSG00000166813,8.288521570129218
ENSG00000166819,NaN
ENSG00000166821,-0.9980908557077182
ENSG00000140527,NaN
ENSG00000166823,-1.1050499790192583
ENSG00000188095,0.8474008355342014
ENSG00000166825,6.0724196929553695
ENSG00000157823,0.9139949550515435
ENSG00000242498,-1.5697463859316934
ENSG00000140548,1.3987514792022833
ENSG00000273691,-1.0695970235953998
ENSG00000259291,0.8087045533272258
ENSG00000182054,-0.9026704086442847
ENSG00000259685,4.967993292500819
ENSG00000185033,1.395655098610562
ENSG00000185043,-1.5797780683858889
ENSG00000183208,-0.8223185642579353
ENSG00000213471,-0.48232177322966113
ENSG00000182768,-1.330693215579941
ENSG00000275345,NaN
ENSG00000196391,NaN
ENSG00000140575,-0.6312531521538894
ENSG00000259177,2.1433988996026208
ENSG00000140577,0.26507235101633425
ENSG00000259212,NaN
ENSG00000259314,0.15367032348423884
ENSG00000259736,0.14313848880683488
ENSG00000285560,3.3256380614223415
ENSG00000278370,NaN
ENSG00000197299,1.1085517117054253
ENSG00000287061,NaN
ENSG00000259704,0.3590713845704622
ENSG00000140564,0.060327004649763316
ENSG00000182511,-0.7040767279995178
ENSG00000196547,1.7884351963075127
ENSG00000184508,-1.4358774971525032
ENSG00000140553,-0.4763964407321433
ENSG00000258384,NaN
ENSG00000166965,-0.43335757364675875
ENSG00000198901,1.817642895502975
ENSG00000258725,1.015604195280571
ENSG00000184056,-0.6910892339027926
ENSG00000214432,0.7446987522263734
ENSG00000285661,-0.43203776943868016
ENSG00000258551,2.943402275380818
ENSG00000258954,NaN
ENSG00000176463,1.9012357494024013
ENSG00000260661,-0.23684477199499152
ENSG00000140557,NaN
ENSG00000185442,0.8214377994138905
ENSG00000260361,-0.8921762718354184
ENSG00000274215,-0.9434099978934417
ENSG00000272888,-0.9141375311599687
ENSG00000289200,2.7367709266174276
ENSG00000288872,3.6135777787921928
ENSG00000173575,-0.1860076375914557
ENSG00000289017,0.03719958421411137
ENSG00000182175,0.10144908079184967
ENSG00000257060,-1.2212482189111922
ENSG00000258631,NaN
ENSG00000258754,-2.4240139136326477
ENSG00000258476,-2.0026221825254678
ENSG00000258831,1.1852458772484329
ENSG00000258785,0.7797896607586006
ENSG00000140563,5.58543214789059
ENSG00000287950,1.9203897318544092
ENSG00000259134,-0.31166002461342346
ENSG00000275016,0.158571148847937
ENSG00000275443,NaN
ENSG00000247809,1.2662450273962687
ENSG00000259275,NaN
ENSG00000259542,NaN
ENSG00000259664,NaN
ENSG00000251209,0.820302907132457
ENSG00000140450,1.5506978750166527
ENSG00000258483,0.10649842674213886
ENSG00000259199,NaN
ENSG00000259424,NaN
ENSG00000140443,4.535043850818631
ENSG00000278022,-1.0239773675067327
ENSG00000287191,-0.5422187483768572
ENSG00000259621,0.6753449067340381
ENSG00000259475,0.9729361792178459
ENSG00000278090,NaN
ENSG00000182253,1.3769186702497782
ENSG00000103852,2.021540935139097
ENSG00000261616,0
ENSG00000168904,4.3898702039817925
ENSG00000259341,NaN
ENSG00000068305,0.4249737705553854
ENSG00000183060,-1.2394561866524256
ENSG00000290767,0.2674774271651311
ENSG00000259363,3.0791041377797908
ENSG00000254744,NaN
ENSG00000140470,4.810574463711162
ENSG00000189419,-0.6274545466651448
ENSG00000259430,NaN
ENSG00000154227,1.8383277517471621
ENSG00000270127,1.7295866591445084
ENSG00000140471,2.785288940727579
ENSG00000183475,2.4201799454933264
ENSG00000259579,-0.05150752582775027
ENSG00000232386,-3.4324108511899
ENSG00000259583,0.8916026061498332
ENSG00000154237,1.9564056339692983
ENSG00000259376,NaN
ENSG00000259755,NaN
ENSG00000131873,-0.10548825538096392
ENSG00000131871,-0.42659632939587533
ENSG00000131876,-1.0501870440825123
ENSG00000140479,10.610226381649449
ENSG00000259172,1.2636978962035013
ENSG00000277210,NaN
ENSG00000286733,NaN
ENSG00000184277,0.21780636740749507
ENSG00000289028,-1.3137001205024261
ENSG00000185418,2.5692989416716756
ENSG00000290760,-0.8738145175280887
ENSG00000291225,6.976730575533555
ENSG00000290823,5.072813707798241
ENSG00000290355,NaN
ENSG00000231439,-0.5256686397061863
ENSG00000161980,-1.408113261985092
ENSG00000161981,-0.5275850633019319
ENSG00000007384,0.034672391837237686
ENSG00000103152,-1.5808379692141785
ENSG00000103148,1.1787762480607318
ENSG00000269482,2.0633100028680196
ENSG00000228779,-0.7490026864489117
ENSG00000130656,NaN
ENSG00000188536,2873.242632182492
ENSG00000206172,463.00334966394155
ENSG00000086506,3.7681362178807793
ENSG00000268836,1.805893246607
ENSG00000007392,0.3253699081335931
ENSG00000167930,-1.1020477158206297
ENSG00000076344,NaN
ENSG00000103126,4.20144227404495
ENSG00000086504,-1.46321407949819
ENSG00000129925,1.0084914505627292
ENSG00000103202,-0.7317360044975076
ENSG00000242612,-0.8567792751892066
ENSG00000276984,NaN
ENSG00000090565,2.1788248450662278
ENSG00000103326,0.5705728886957415
ENSG00000007541,0.5775605998075638
ENSG00000257108,-1.3639478542957284
ENSG00000197562,1.7556000198562762
ENSG00000127578,2.3787709407495297
ENSG00000130731,-2.087929061517799
ENSG00000172366,-1.3963819725644937
ENSG00000228201,-4.629307504872338
ENSG00000161996,4.058601120650185
ENSG00000262528,-4.981986759974756
ENSG00000140983,1.0327990532086342
ENSG00000103269,-0.14858010687502055
ENSG00000103266,-1.1641569027972374
ENSG00000161999,-1.4612408297130657
ENSG00000127580,-1.3328134330890604
ENSG00000261659,1.7863098937535622
ENSG00000127585,0.13203209469936955
ENSG00000259840,NaN
ENSG00000103260,-0.91452979537311
ENSG00000103254,-0.7746804649468687
ENSG00000162004,-0.3595113767565496
ENSG00000103253,-0.6620945109094256
ENSG00000103245,-1.2413694233534442
ENSG00000102854,3.359233021060362
ENSG00000162006,-0.497386817044317
ENSG00000007376,-1.0934212943825798
ENSG00000127586,-1.0256411536727081
ENSG00000287855,1.3189307877538143
ENSG00000275438,NaN
ENSG00000103227,0.5295505135246148
ENSG00000260316,-0.6352600667618987
ENSG00000260439,-0.8661886279414228
ENSG00000276931,NaN
ENSG00000260807,-0.08987084887150876
ENSG00000005513,NaN
ENSG00000260496,-0.02167858384409265
ENSG00000196557,13.256091858758312
ENSG00000260710,NaN
ENSG00000274751,-0.7799751055749811
ENSG00000103275,-1.6347837368038967
ENSG00000261505,-0.7999340103554161
ENSG00000007516,-0.6826140928881442
ENSG00000007520,-1.1233402692406194
ENSG00000090581,-0.947157364897894
ENSG00000260425,2.335858796132914
ENSG00000059145,-1.3474298242864964
ENSG00000260132,-0.2714029116350155
ENSG00000174109,-1.3355971901758203
ENSG00000197599,0.35496362412020394
ENSG00000103249,-0.3728922675333527
ENSG00000261641,NaN
ENSG00000260051,NaN
ENSG00000261430,NaN
ENSG00000100726,-0.9114954781402914
ENSG00000187535,0.2642156798211729
ENSG00000260646,-0.8431953766328825
ENSG00000131634,-0.16786066800075894
ENSG00000260954,NaN
ENSG00000260989,3.2877516733953627
ENSG00000007545,1.374325663186963
ENSG00000206053,0.4605375884788018
ENSG00000138834,-0.8214362358737379
ENSG00000275092,-1.2001147836937842
ENSG00000261399,NaN
ENSG00000261207,1.93472760786894
ENSG00000103024,-1.2697745799896218
ENSG00000074071,-1.907330989890997
ENSG00000197774,-0.6168293121950921
ENSG00000162032,1.3543846821246501
ENSG00000095906,-1.3748484963737553
ENSG00000099769,NaN
ENSG00000063854,0.4249097293996871
ENSG00000180185,-1.0652048222377455
ENSG00000162040,NaN
ENSG00000198736,0.14019679726690615
ENSG00000140986,NaN
ENSG00000140990,-2.132101996190127
ENSG00000140988,-1.0576775058215167
ENSG00000255198,-0.6098581671206496
ENSG00000277602,2.3276065390791683
ENSG00000183751,-0.8664347800042873
ENSG00000127554,-1.5547960276926398
ENSG00000127561,-0.6034160678032116
ENSG00000167962,-1.1195342965240018
ENSG00000183971,0.46219670877441443
ENSG00000065054,-0.8013920780898292
ENSG00000065057,-0.9984389284599263
ENSG00000103197,-0.7979980687453048
ENSG00000008710,-1.0856751925246102
ENSG00000259933,NaN
ENSG00000167964,1.0949108341777172
ENSG00000260260,-0.18258907929716958
ENSG00000131653,-1.1405056212509677
ENSG00000167971,NaN
ENSG00000167965,-1.1261653815818198
ENSG00000182685,4.44102783154571
ENSG00000184207,0.9516958705521362
ENSG00000167967,-0.5837650541610051
ENSG00000259780,NaN
ENSG00000167968,0.20280022829913502
ENSG00000167969,-1.5885669687832713
ENSG00000261663,NaN
ENSG00000205937,-1.5283832567150584
ENSG00000260778,-1.0896227397966538
ENSG00000167972,3.132516667282594
ENSG00000162063,0.11218916921109659
ENSG00000285970,NaN
ENSG00000162062,NaN
ENSG00000259895,8.580778673140943
ENSG00000162065,-0.6728070958996886
ENSG00000260293,4.678735634454247
ENSG00000185883,0.32652772367440785
ENSG00000162066,0.20129939722593285
ENSG00000205923,NaN
ENSG00000140992,-1.0340502261390598
ENSG00000261613,0.18318147708813487
ENSG00000269937,-1.307784359382805
ENSG00000261140,-1.5766048999417983
ENSG00000261093,NaN
ENSG00000291228,-1.069309239241679
ENSG00000290728,-1.4100663192400014
ENSG00000260565,0
ENSG00000167977,-1.0953277977675098
ENSG00000172382,-0.8465084730104844
ENSG00000205913,-1.146065365374319
ENSG00000167978,-0.8277727352850403
ENSG00000103363,-0.9966146582145202
ENSG00000276791,-1.335661931853726
ENSG00000007038,-1.5237485733546037
ENSG00000162078,-2.3308036955792915
ENSG00000291300,3.8013133156808467
ENSG00000005001,3.180504620552085
ENSG00000263280,NaN
ENSG00000162076,-1.0219958326077307
ENSG00000289222,-1.0312703443607707
ENSG00000059122,1.4952003139741037
ENSG00000262482,-0.3420153140334134
ENSG00000131650,15.29097009428873
ENSG00000127564,15.00485062048518
ENSG00000162073,-1.9333819871842213
ENSG00000274367,NaN
ENSG00000262362,NaN
ENSG00000289281,NaN
ENSG00000213937,NaN
ENSG00000184697,NaN
ENSG00000006327,4.895271766277038
ENSG00000103145,-0.5535109527706551
ENSG00000131652,-1.1076481077582618
ENSG00000162069,3.0536396576471603
ENSG00000205890,NaN
ENSG00000261971,2.6845713366680983
ENSG00000008516,0.1616988365425787
ENSG00000008517,5.338290892173672
ENSG00000262370,1.7550796630877135
ENSG00000263072,0.003794275512215587
ENSG00000122386,-2.4207056117477177
ENSG00000085644,-0.829526794907053
ENSG00000261889,1.1473528254136796
ENSG00000168124,-0.12692471647088202
ENSG00000010539,-0.1606375550393174
ENSG00000103313,3.143758986713389
ENSG00000281005,-1.2912227752241403
ENSG00000290183,0.4847605942336141
ENSG00000006194,-1.0689604759853188
ENSG00000140993,-1.197474869308109
ENSG00000162086,0.32343297939506543
ENSG00000140987,0.12970768909027489
ENSG00000103343,-0.8632989919355326
ENSG00000167981,-0.9130349782139262
ENSG00000122390,-0.7969549486674388
ENSG00000103351,-0.10460389127662258
ENSG00000167984,1.9759797734464049
ENSG00000262312,-0.4074200102641288
ENSG00000188827,-0.24868139661755465
ENSG00000213918,1.2409710048535478
ENSG00000263235,NaN
ENSG00000126602,1.6300720895237986
ENSG00000276754,NaN
ENSG00000005339,-0.810462947525128
ENSG00000262185,1.9566415893862803
ENSG00000162104,6.004820240221662
ENSG00000263105,NaN
ENSG00000185739,-1.2608606263755926
ENSG00000262468,-1.3076482302215795
ENSG00000090447,-0.15883403393061626
ENSG00000288935,-1.070774579878176
ENSG00000126603,-0.3774348352301215
ENSG00000262686,NaN
ENSG00000217930,-1.607004400523262
ENSG00000262246,-0.3641499951161417
ENSG00000168140,-0.6918935574388577
ENSG00000103423,-0.2972837668552411
ENSG00000277170,NaN
ENSG00000277440,NaN
ENSG00000153406,0.5887346980980032
ENSG00000103415,0.21775187690059322
ENSG00000089486,3.5776276506795344
ENSG00000205832,3.538950665441597
ENSG00000261789,NaN
ENSG00000153443,1.6684003169593344
ENSG00000102858,-1.352591060579385
ENSG00000261442,-0.17454800135221696
ENSG00000168101,-1.3785943788282438
ENSG00000168096,-0.30248729736290897
ENSG00000166246,0.4318262856992186
ENSG00000103199,-0.06900767681323096
ENSG00000140623,-4.037890326646173
ENSG00000267795,-0.5900445533390426
ENSG00000067836,-1.2264913376209965
ENSG00000140632,-0.9338963881237571
ENSG00000275056,-1.0474911468831791
ENSG00000118900,0.4409728802433825
ENSG00000118898,-0.10398041804569126
ENSG00000103184,NaN
ENSG00000103174,-1.2575840855293425
ENSG00000033011,-0.07333991863235179
ENSG00000153446,NaN
ENSG00000118894,-0.4169024737839367
ENSG00000267070,0.43783732849549234
ENSG00000285567,7.7155924670637805
ENSG00000078328,0.822187368058653
ENSG00000232258,NaN
ENSG00000067365,1.2102442247547658
ENSG00000183044,3.7054099528552085
ENSG00000184857,3.7665545446230024
ENSG00000140650,0.4756100764666328
ENSG00000153048,-0.6323364284248796
ENSG00000261481,-0.17392957870694795
ENSG00000187555,-1.2967270049801234
ENSG00000260979,-0.6867130245269804
ENSG00000182831,-1.3421530317631785
ENSG00000260349,-1.1740318640665728
ENSG00000260071,NaN
ENSG00000283003,NaN
ENSG00000183454,-5.094452579682765
ENSG00000166669,3.1642056044000526
ENSG00000289023,-0.5580751231032607
ENSG00000213853,NaN
ENSG00000153060,NaN
ENSG00000289073,NaN
ENSG00000103274,-1.2838264445153904
ENSG00000166676,3.1018690255343047
ENSG00000262151,2.513596269391596
ENSG00000179583,2.5141549973343937
ENSG00000182108,-0.6882701514152179
ENSG00000038532,1.1724239280181372
ENSG00000262020,-0.01611885985283626
ENSG00000287121,1.020848833741411
ENSG00000263033,-0.16147977800615013
ENSG00000175643,0.182902790240773
ENSG00000185338,0.48766151485733555
ENSG00000263080,NaN
ENSG00000188897,4.560555145661694
ENSG00000262999,NaN
ENSG00000189067,-0.4050119771986242
ENSG00000184602,13.296787734715817
ENSG00000153066,0.5640169416384645
ENSG00000262420,1.3744855894100945
ENSG00000122299,0.2818433328659623
ENSG00000277369,-2.0255378003777476
ENSG00000262117,-0.3429500455866859
ENSG00000171490,-1.7445147718069478
ENSG00000263307,1.0151856709521418
ENSG00000103342,0.848697055015622
ENSG00000261560,-1.174808377503167
ENSG00000261216,-0.43972611957172264
ENSG00000234719,1.5698548083257224
ENSG00000048462,13.378843196172811
ENSG00000048471,0.9397699098991598
ENSG00000260488,NaN
ENSG00000175604,1.0196271912257284
ENSG00000261394,1.2125273748081835
ENSG00000260723,NaN
ENSG00000260601,1.910619182791057
ENSG00000259876,NaN
ENSG00000259899,0.4542118472818157
ENSG00000103381,4.946685389544876
ENSG00000260378,-1.8347078836089
ENSG00000261158,-0.24233102775956322
ENSG00000237515,0.6376929252514854
ENSG00000262801,0.760990579415524
ENSG00000262267,0.3979291691054627
ENSG00000175595,-0.09156776483508419
ENSG00000262732,NaN
ENSG00000262097,-1.6887484834535689
ENSG00000186260,1.8479165732348617
ENSG00000276564,0.2597085658622143
ENSG00000262529,-0.412075360210907
ENSG00000262454,-1.0491887917771248
ENSG00000260009,NaN
ENSG00000263257,5.838748507510496
ENSG00000140694,0.24202406795656164
ENSG00000103429,-1.3500981554938605
ENSG00000069764,0.6114259210240279
ENSG00000103512,0.12829455206243562
ENSG00000258354,NaN
ENSG00000183426,-1.3627507609784162
ENSG00000179889,-0.8660982433828607
ENSG00000275910,NaN
ENSG00000157045,2.1112967819412565
ENSG00000085721,-0.29470802302732985
ENSG00000290396,-0.6649178027174609
ENSG00000291272,-1.098951469409519
ENSG00000257391,0.0029452414956827734
ENSG00000183793,0.057889302448553163
ENSG00000156968,-1.0853036701319414
ENSG00000166780,2.971705971263136
ENSG00000166783,0.3836723407010779
ENSG00000072864,-0.7401869101079903
ENSG00000262380,-0.9098084430968609
ENSG00000280206,-1.149773924184715
ENSG00000133392,-0.11358217567419392
ENSG00000133393,0.06012542047298849
ENSG00000103222,0.18921749052969133
ENSG00000091262,-1.7914227480472484
ENSG00000103226,-0.8330652380385685
ENSG00000262848,NaN
ENSG00000183889,-1.5927793254594091
ENSG00000214967,NaN
ENSG00000260126,-0.8922606574725356
ENSG00000103489,1.9093627793548584
ENSG00000261448,-0.26740484032032347
ENSG00000286849,-0.6051175097855532
ENSG00000275927,NaN
ENSG00000285850,0.12978692791989938
ENSG00000259929,1.0396018863560343
ENSG00000214940,7.485232732029756
ENSG00000290386,NaN
ENSG00000233024,NaN
ENSG00000290383,-1.4539607858441213
ENSG00000185164,-0.7998316451320542
ENSG00000134419,-0.979648872035886
ENSG00000170540,-1.513818112678383
ENSG00000260017,0.20555512756182487
ENSG00000157106,-0.22258274187480206
ENSG00000260352,0.1330286799782735
ENSG00000170537,-0.4760897757651588
ENSG00000261465,2.353754546765668
ENSG00000167186,0.10026130124459205
ENSG00000260430,0.1672492717976626
ENSG00000278389,NaN
ENSG00000205730,-1.066110048095009
ENSG00000261759,-3.504431239335471
ENSG00000103528,6.991514039068099
ENSG00000286790,NaN
ENSG00000261210,NaN
ENSG00000259925,NaN
ENSG00000103534,-0.4064238833032932
ENSG00000006007,-1.0059498223429961
ENSG00000103540,0.7226674994366009
ENSG00000103544,-0.22031664157098477
ENSG00000276571,NaN
ENSG00000103550,0.1328149952108321
ENSG00000261312,-1.6262860210276222
ENSG00000174628,1.3835433731464828
ENSG00000261195,NaN
ENSG00000167191,0.34276582097888475
ENSG00000180269,-0.5158813059494565
ENSG00000169344,NaN
ENSG00000183549,-0.382991673990116
ENSG00000183747,NaN
ENSG00000005187,4.935553773492468
ENSG00000166743,0.2560169670831555
ENSG00000066654,-0.34965937668257185
ENSG00000260510,-1.178675932994506
ENSG00000196678,0.43985341193659455
ENSG00000005189,0.0228942846386495
ENSG00000188215,-0.10143641836329022
ENSG00000102897,-1.44153972964221
ENSG00000158486,1.2260460417859071
ENSG00000289640,NaN
ENSG00000263331,-0.5796195988631876
ENSG00000011638,-1.3003653540325462
ENSG00000262983,NaN
ENSG00000289978,NaN
ENSG00000175311,NaN
ENSG00000103316,0.11887240395003754
ENSG00000290192,1.3756095712553789
ENSG00000169246,0.493573772986514
ENSG00000291073,-0.9933817913814467
ENSG00000287809,0.21801141890177683
ENSG00000197006,-0.16778330632923172
ENSG00000261596,-0.2996511060332365
ENSG00000140749,2.440885405046432
ENSG00000155719,0.7800686079117582
ENSG00000260306,1.3864973843473094
ENSG00000291066,-0.3228986782786462
ENSG00000185864,-0.8969789342105369
ENSG00000291262,-2.012648413905999
ENSG00000290674,0.8951408630256604
ENSG00000290675,NaN
ENSG00000274460,0.05366279356678789
ENSG00000140740,-1.5475978843200429
ENSG00000155714,0.5239219625247046
ENSG00000275445,1.1017399352395567
ENSG00000185716,1.4509350111120811
ENSG00000175267,2.883853061903256
ENSG00000183921,-0.5630729177371897
ENSG00000287739,NaN
ENSG00000103319,2.412072796220863
ENSG00000261113,NaN
ENSG00000058600,-0.5565696133185088
ENSG00000286808,-0.8470932281152025
ENSG00000140743,1.860148163163965
ENSG00000260635,-1.2789897179945116
ENSG00000260790,0.8485767810164195
ENSG00000290865,-1.211993335425238
ENSG00000291060,-0.6973116311503642
ENSG00000243716,-1.521463238986159
ENSG00000290866,-0.5684188716002425
ENSG00000122254,NaN
ENSG00000261090,NaN
ENSG00000103404,1.2127002385757912
ENSG00000168447,0.2691312150468355
ENSG00000168434,0.21328936083703884
ENSG00000259782,-0.6308158885740413
ENSG00000260136,0.692300221109889
ENSG00000103365,0.7286069610760799
ENSG00000103356,-0.628380709400668
ENSG00000103353,0.34250431783404744
ENSG00000260751,9.854965092322766
ENSG00000004779,-2.213559754305369
ENSG00000083093,0.3559675020842468
ENSG00000261723,5.65782536839528
ENSG00000166847,-1.355236409153511
ENSG00000260482,NaN
ENSG00000166851,-0.42505834047597185
ENSG00000166501,-0.02531717582643388
ENSG00000006116,-0.9051698839588332
ENSG00000260072,NaN
ENSG00000122257,1.777138905196598
ENSG00000289171,-1.287703031622638
ENSG00000090905,-0.5921544301388366
ENSG00000261669,0.37917487734312916
ENSG00000158865,-0.7952022387807086
ENSG00000140750,0.7618977787171827
ENSG00000291179,-1.0500618009605216
ENSG00000262155,1.6848968225734964
ENSG00000260448,0.26550780918205197
ENSG00000275494,-1.075974536425829
ENSG00000205629,-1.3625748229924612
ENSG00000260034,-0.27452498048127627
ENSG00000103375,NaN
ENSG00000155592,0.645621023078559
ENSG00000274925,0.12277088845491585
ENSG00000236481,NaN
ENSG00000155666,2.0690724535806124
ENSG00000259940,NaN
ENSG00000169189,-0.6214937773279329
ENSG00000245888,-0.4069570847406923
ENSG00000274092,0.3641478253560678
ENSG00000077238,12.595615185301515
ENSG00000103522,1.230761971011748
ENSG00000259954,0.39796410171980573
ENSG00000077235,-0.17570692715372346
ENSG00000047578,0.08424943137320919
ENSG00000261736,NaN
ENSG00000261329,-0.20500703717468535
ENSG00000169181,-0.30829880916343394
ENSG00000169180,-0.6831437297358081
ENSG00000283662,NaN
ENSG00000188322,0.48550819589873234
ENSG00000246465,NaN
ENSG00000198156,-0.8507903521924653
ENSG00000205609,1.3051112482259832
ENSG00000233232,-0.9399562694087904
ENSG00000188603,-0.9556473499665553
ENSG00000184730,-0.38693722255892865
ENSG00000197272,-1.9702076359070173
ENSG00000176046,NaN
ENSG00000275441,-0.8372274436973723
ENSG00000176476,-0.0680155431993915
ENSG00000197165,0.5490124377281922
ENSG00000196502,-0.05700358448568278
ENSG00000184110,-1.5154367289163344
ENSG00000196993,NaN
ENSG00000251417,-1.3894912902077723
ENSG00000260796,-0.0026213581863473536
ENSG00000275807,-0.9561640485472117
ENSG00000168488,-1.2327420295815041
ENSG00000260570,6.958405133767763
ENSG00000178952,-1.8086357938168076
ENSG00000178188,-0.8379323193959753
ENSG00000261766,-0.5505817141762903
ENSG00000260442,2.0024336816755413
ENSG00000196296,0.8466227426805418
ENSG00000177548,1.2457890530843938
ENSG00000177455,2.4738524061009586
ENSG00000176953,-0.4023705791031012
ENSG00000260853,-1.261812625692231
ENSG00000260367,-0.7358000674786124
ENSG00000169682,0.7317985356191041
ENSG00000213658,4.072591656485149
ENSG00000290677,-0.5851244775765438
ENSG00000291188,-0.017910562571690117
ENSG00000284685,0.5157701462798925
ENSG00000260517,-1.1628518816418076
ENSG00000289080,1.1628459452187787
ENSG00000259807,-1.0613000342855716
ENSG00000273582,3.683710664328405
ENSG00000260953,-1.5997233113439795
ENSG00000277999,0.3175024243072994
ENSG00000290680,0.8028972300352348
ENSG00000254206,0.7133000622211121
ENSG00000181625,-2.180939897006429
ENSG00000213648,-0.7924132733676084
ENSG00000290678,NaN
ENSG00000169203,0.3343176590026666
ENSG00000197471,-0.5327147292583815
ENSG00000103485,-0.8636963316562996
ENSG00000185905,-0.5761203633946995
ENSG00000260719,-0.3289320001411522
ENSG00000079616,-0.9215176413997197
ENSG00000275857,1.2155961954343697
ENSG00000103495,0.44832839856973056
ENSG00000259952,1.6204624672996513
ENSG00000238045,0.2632966705298006
ENSG00000167371,-0.8813795070763124
ENSG00000280789,-1.392818297116449
ENSG00000013364,-0.553777976676901
ENSG00000103502,-1.4468916532231684
ENSG00000174938,-0.3123559173205152
ENSG00000174939,-0.5240789187388751
ENSG00000174943,0.7622532789029247
ENSG00000247735,NaN
ENSG00000149932,-0.31322414452143743
ENSG00000149930,-1.5969983183646448
ENSG00000149929,2.1208083469223324
ENSG00000169592,0.8883091447728638
ENSG00000149927,-3.255090733230268
ENSG00000167194,NaN
ENSG00000285043,0.567174178147985
ENSG00000149925,0.5879761768157666
ENSG00000274904,0.21978319750684797
ENSG00000149923,-1.3460918531265682
ENSG00000149922,-0.42398262957795335
ENSG00000090238,-1.437972881381882
ENSG00000250616,3.14070104260305
ENSG00000102886,0.09883241853627912
ENSG00000261367,-0.09025670784790711
ENSG00000275371,NaN
ENSG00000102882,0
ENSG00000102879,-1.256980682720394
ENSG00000261416,-1.1355070148930504
ENSG00000169627,-1.301615734796241
ENSG00000132207,-1.0903508801561919
ENSG00000261052,-1.3405240512071968
ENSG00000290692,-0.012215467934012906
ENSG00000198064,1.348736555631406
ENSG00000291047,-1.6209465792050461
ENSG00000291266,-0.1864830808129844
ENSG00000169217,-1.4253189570660048
ENSG00000260219,2.6963420976192736
ENSG00000169221,-1.6173282867347032
ENSG00000274653,-1.7366315950878712
ENSG00000180209,-0.638831742038079
ENSG00000180035,-0.48946624198182176
ENSG00000180096,-0.145261903057255
ENSG00000179965,-0.6206253910697577
ENSG00000179958,-1.977068509792593
ENSG00000179918,-0.5790660253664307
ENSG00000005844,1.1363458603236132
ENSG00000261346,0.6717805078875893
ENSG00000260487,NaN
ENSG00000261332,14.48193139886987
ENSG00000169957,-0.5952314039408583
ENSG00000169955,-1.292450795618185
ENSG00000235560,-0.6679009404167003
ENSG00000169951,0.18441049485544794
ENSG00000229809,-0.6629258766996028
ENSG00000239791,0.9496266044382221
ENSG00000197162,1.0457192003333875
ENSG00000260167,-1.031095621242583
ENSG00000156853,-0.8260956472191117
ENSG00000288983,0.33693125911270067
ENSG00000156858,1.1704199741779373
ENSG00000156860,-1.2430689162386932
ENSG00000261840,-1.1197943194416062
ENSG00000080603,-0.9743620675376751
ENSG00000281991,-1.195374767146495
ENSG00000156873,-1.6281663850874322
ENSG00000196118,0.045242921882646676
ENSG00000103549,-0.16218546691239563
ENSG00000102870,-0.2810582735644357
ENSG00000274678,0.9050761887747153
ENSG00000099385,-1.2842557372853536
ENSG00000260083,0.7445466401968489
ENSG00000150281,2.6213743140903016
ENSG00000260852,-1.3840671195861791
ENSG00000099364,-0.21552513590771524
ENSG00000175938,-0.35102167552102836
ENSG00000275263,NaN
ENSG00000099381,-0.7436212212017193
ENSG00000099377,-2.4396374992564036
ENSG00000099365,0.6093838036840383
ENSG00000103496,0.38351425445170917
ENSG00000260911,1.2545592137356292
ENSG00000232748,0.11510645212207005
ENSG00000167394,-1.0067809646956738
ENSG00000261124,1.0449229920447092
ENSG00000167395,-0.7770043857728544
ENSG00000151006,-0.8394919754074623
ENSG00000167397,1.391986296879336
ENSG00000103507,-1.5558084731196538
ENSG00000103510,-0.2558956282335145
ENSG00000262766,0.06351922473762925
ENSG00000278133,-1.3916016778054026
ENSG00000052344,NaN
ENSG00000178226,-0.7494888472550946
ENSG00000089280,-0.8908765169772446
ENSG00000260304,NaN
ENSG00000260060,-0.5979566966367401
ENSG00000103490,0.01863225766218649
ENSG00000261359,0.16547502144345586
ENSG00000177238,1.3659950204679587
ENSG00000169900,NaN
ENSG00000169896,4.540183446082212
ENSG00000289930,NaN
ENSG00000140678,2.2413909004648533
ENSG00000156886,10.149182656594792
ENSG00000176723,0.09096249730201085
ENSG00000261474,-0.5234528889711706
ENSG00000260267,-0.6283964204367349
ENSG00000140691,7.638888855535974
ENSG00000140682,6.701082059553077
ENSG00000140675,0.8130414705870206
ENSG00000260740,-0.10278445451674649
ENSG00000140688,1.9002971322403472
ENSG00000260625,-1.0614524829417387
ENSG00000290927,0.4468094776665208
ENSG00000276867,-0.5701351348947062
ENSG00000197302,-0.07552840435115668
ENSG00000259810,NaN
ENSG00000185947,-1.1097257534500666
ENSG00000286473,NaN
ENSG00000290845,NaN
ENSG00000205456,NaN
ENSG00000261682,NaN
ENSG00000261200,-0.6117839013534238
ENSG00000291264,0.374917682150897
ENSG00000260958,NaN
ENSG00000171241,-0.6010197170052486
ENSG00000261512,-1.8944657625943842
ENSG00000069329,-1.360317865929462
ENSG00000261131,NaN
ENSG00000091651,-1.151084420984906
ENSG00000140795,-0.29155414762370363
ENSG00000155330,-0.07234200814856748
ENSG00000166123,-1.6365347166099837
ENSG00000069345,-1.1519588960768363
ENSG00000261173,-0.8977357414197704
ENSG00000259821,3.231730017236389
ENSG00000171208,0.04907099423761045
ENSG00000260281,1.1936849438309378
ENSG00000129636,-0.36982442899405793
ENSG00000260744,4.349398937124093
ENSG00000261369,-0.6161511282683376
ENSG00000102893,-0.24193607031706438
ENSG00000262038,-0.06128631895589728
ENSG00000261231,1.6807632836562085
ENSG00000140798,-0.1001241030250437
ENSG00000121270,0.49686590799422725
ENSG00000102910,-0.2970094899527491
ENSG00000196470,1.2667504970579744
ENSG00000102921,0.6493706020170725
ENSG00000261267,1.503064215236213
ENSG00000289119,-0.06964404279843929
ENSG00000260086,1.9166154812676848
ENSG00000260052,NaN
ENSG00000287469,NaN
ENSG00000279249,NaN
ENSG00000102935,NaN
ENSG00000205423,-0.8926200340951151
ENSG00000259843,-1.0305019988252127
ENSG00000155393,-1.1141811030654147
ENSG00000260381,1.4623883265901874
ENSG00000287444,5.391699552781282
ENSG00000121274,2.1898697115143606
ENSG00000121281,-0.5019749081877322
ENSG00000166164,-1.1250570112699347
ENSG00000261393,NaN
ENSG00000260573,-0.017791323169631355
ENSG00000140807,1.5996465208768444
ENSG00000260249,NaN
ENSG00000167208,-0.21747351287021613
ENSG00000167207,-1.1674985151472945
ENSG00000270120,1.1117270289990693
ENSG00000261644,-0.6155666410730347
ENSG00000083799,-0.15843709447097304
ENSG00000260616,-0.6623920584787119
ENSG00000261637,NaN
ENSG00000260850,NaN
ENSG00000224578,0.35259920760183694
ENSG00000261190,NaN
ENSG00000260975,NaN
ENSG00000103460,NaN
ENSG00000260963,NaN
ENSG00000261261,-1.1873801324378597
ENSG00000277639,NaN
ENSG00000177200,0.6335739531443668
ENSG00000291103,-1.2613992360494986
ENSG00000261804,0.15077777478089452
ENSG00000262714,1.7212365250147994
ENSG00000103479,0.4048039614475137
ENSG00000259926,-0.3203674539555945
ENSG00000166971,0.11973215581411265
ENSG00000287909,NaN
ENSG00000103494,-0.40970216751144495
ENSG00000275191,NaN
ENSG00000140718,1.5220264489982287
ENSG00000261630,0.6078133192278491
ENSG00000261049,NaN
ENSG00000259517,NaN
ENSG00000177508,55.787394511292725
ENSG00000245694,-1.8475327785002846
ENSG00000159387,NaN
ENSG00000087245,NaN
ENSG00000274508,NaN
ENSG00000260135,-3.1093585338496466
ENSG00000087253,1.3208459143472275
ENSG00000261997,-1.2156749326791358
ENSG00000256812,NaN
ENSG00000291109,NaN
ENSG00000198848,0.13835176303779384
ENSG00000246379,1.2208085763465422
ENSG00000087258,3.683997983287468
ENSG00000159461,0.7451136881886834
ENSG00000260621,-0.20286563974913507
ENSG00000167005,-1.239730507425654
ENSG00000087263,0.0026959628516129656
ENSG00000125124,-0.1845305613526929
ENSG00000087250,2.0551258132889645
ENSG00000125148,1.8933666010780896
ENSG00000260823,-0.7593791042577123
ENSG00000291105,-0.5182111692484542
ENSG00000169715,0.10499853764129032
ENSG00000291095,NaN
ENSG00000198417,-0.879099247586422
ENSG00000125144,NaN
ENSG00000187193,-1.0585362181575488
ENSG00000261302,0.10706199041404699
ENSG00000102900,-0.03520994195673882
ENSG00000070915,3.6827156833786656
ENSG00000051108,-0.35905287222015125
ENSG00000261270,NaN
ENSG00000261114,-0.8688751674272548
ENSG00000087237,36.28171490640721
ENSG00000140853,2.174727536685061
ENSG00000260145,0.49535280225642325
ENSG00000140848,-1.0360055690774692
ENSG00000172775,-0.5039520217601825
ENSG00000285979,-1.2184720194344312
ENSG00000159579,0.5085273477166977
ENSG00000102931,-1.9458331470335002
ENSG00000102934,-1.0295932123946319
ENSG00000006210,NaN
ENSG00000102970,NaN
ENSG00000005194,3.5165202620770515
ENSG00000088682,2.612418813824395
ENSG00000102978,-1.083477545123023
ENSG00000125170,0.022318933366578912
ENSG00000135736,-0.6321792026074112
ENSG00000159618,6.964268389527166
ENSG00000205336,6.540787652114856
ENSG00000182885,4.690949579344877
ENSG00000260467,NaN
ENSG00000159625,3.058204800382552
ENSG00000288753,NaN
ENSG00000140854,-0.8971123653060616
ENSG00000140859,18.590348768738334
ENSG00000276166,NaN
ENSG00000187185,NaN
ENSG00000070729,-2.364499720236133
ENSG00000159648,-1.1052415455698792
ENSG00000166188,-1.661073506765502
ENSG00000103005,-1.2522626666962127
ENSG00000102996,1.813968355623436
ENSG00000070761,0.3194224447810618
ENSG00000260545,0.22059098281582545
ENSG00000260927,1.1886229264313068
ENSG00000070770,-0.5508827217919678
ENSG00000260867,NaN
ENSG00000103021,15.62174793938626
ENSG00000181938,-0.8517324932830745
ENSG00000260186,NaN
ENSG00000103034,-0.9413598945718092
ENSG00000289004,0.8930429705495596
ENSG00000103037,-0.10689134714719789
ENSG00000125107,-1.2218713314265357
ENSG00000103042,-1
ENSG00000125166,-0.711783432219563
ENSG00000245768,7.960196615883635
ENSG00000261638,NaN
ENSG00000261807,NaN
ENSG00000261436,-0.3633254469285278
ENSG00000150394,-2.337070416675941
ENSG00000261502,NaN
ENSG00000260658,1.796602265559697
ENSG00000259846,0.9361321334967591
ENSG00000260834,NaN
ENSG00000261742,NaN
ENSG00000179776,NaN
ENSG00000246898,-0.7476717050535132
ENSG00000166546,0
ENSG00000261656,2.5867689402146175
ENSG00000166548,-0.37833831484685576
ENSG00000260755,0.44205962535669585
ENSG00000261519,NaN
ENSG00000217555,-0.4398705627314678
ENSG00000089505,-0.7910466665145764
ENSG00000289353,0.6310052542096319
ENSG00000140932,1.4483519593900962
ENSG00000140931,-1.3304153982845481
ENSG00000183723,2.6276354634251136
ENSG00000135720,-1.1958870844818572
ENSG00000260465,-0.3029934518567442
ENSG00000287965,-1.0580958407063235
ENSG00000260558,-0.4351101610179824
ENSG00000246777,NaN
ENSG00000249961,0.9929785111749889
ENSG00000159593,-0.6111292541828869
ENSG00000258122,0.5693237178069943
ENSG00000168748,NaN
ENSG00000172840,0.3858767895461291
ENSG00000166592,6.774366296573108
ENSG00000166595,-2.265155957420909
ENSG00000172831,2.9745375628349278
ENSG00000172828,NaN
ENSG00000172824,-1.0874775366714655
ENSG00000289415,-1.5304746051522982
ENSG00000067955,-0.3390412306460022
ENSG00000125149,-0.3299986425536931
ENSG00000237172,-1.3061739991426593
ENSG00000102871,0.697883703042762
ENSG00000135722,-0.9850700497619074
ENSG00000102878,-1.358501159606171
ENSG00000140939,-1.8313286564486269
ENSG00000196123,1.4806748997739536
ENSG00000179044,-2.4852152700644385
ENSG00000205250,-1.1054798321682497
ENSG00000102890,-0.7329172693761813
ENSG00000168701,-0.8518296926477747
ENSG00000135723,-1.2758172271121437
ENSG00000135740,-0.6826181244639571
ENSG00000196155,2.152957436190876
ENSG00000168676,-1.0891320055787803
ENSG00000159708,4.259218800612297
ENSG00000159713,-1.5054873435700986
ENSG00000159714,-1.4910101495552894
ENSG00000176387,-0.2970967552664613
ENSG00000159720,-0.0924926943869459
ENSG00000270049,3.464809320203104
ENSG00000159723,1.8957309150093797
ENSG00000276075,-0.49077869162561233
ENSG00000039523,-0.43000612692168894
ENSG00000259945,NaN
ENSG00000261386,0.2557113598294865
ENSG00000259804,NaN
ENSG00000102974,-0.7235677937745779
ENSG00000237718,NaN
ENSG00000159753,-0.0774995144979831
ENSG00000102977,-0.5483056177150071
ENSG00000102981,-0.6700672729019249
ENSG00000124074,-1.2829708836061424
ENSG00000159761,-1.0306340594431882
ENSG00000141098,1.434295288458185
ENSG00000141084,0.4261567305794153
ENSG00000270165,-1.04703785195419
ENSG00000289164,-1.3439337296892186
ENSG00000102904,0.8706372926129765
ENSG00000102901,1.360393520743326
ENSG00000168286,-1.875748978820426
ENSG00000102898,20.731054412303532
ENSG00000038358,-1.2327936817063958
ENSG00000188038,-1.1558121937611305
ENSG00000159792,-1.230381840564433
ENSG00000141086,-0.11384009607206433
ENSG00000205220,-1.1790841581521343
ENSG00000213398,-1.2670203506158448
ENSG00000124067,-0.2826355533968249
ENSG00000141096,2.1411219077301915
ENSG00000167261,0.5352910837176469
ENSG00000167264,0.20703113783635946
ENSG00000289618,11.636397510102796
ENSG00000182810,-2.050802798362093
ENSG00000072736,0.5320135010554934
ENSG00000262514,1.784171455109476
ENSG00000260891,0.4396544870717536
ENSG00000263276,2.7507991940255514
ENSG00000262160,NaN
ENSG00000103067,NaN
ENSG00000103066,-1.3174069565646938
ENSG00000260441,0.0078047270759250865
ENSG00000103064,0.06654784794506387
ENSG00000103061,2.1447199191141593
ENSG00000132600,0.051977014982234816
ENSG00000259797,NaN
ENSG00000103056,2.605512432138524
ENSG00000287760,NaN
ENSG00000184939,-0.674804287859512
ENSG00000260084,4.009853710517378
ENSG00000275383,0.8422529085238836
ENSG00000062038,3.0871891036146297
ENSG00000039068,1.860866067095173
ENSG00000103047,1.0212770102276911
ENSG00000260999,-0.4140031577412695
ENSG00000266801,-0.4755722732107086
ENSG00000103044,-1.5915180051429667
ENSG00000168802,-1.0562724170801934
ENSG00000141076,-1.0885450317012704
ENSG00000168807,4.179715372925123
ENSG00000132612,-0.7311989570217434
ENSG00000213380,0.2084522064229419
ENSG00000132603,-1.1444928733660051
ENSG00000157315,-0.4583264121357719
ENSG00000132604,-0.841691992280073
ENSG00000103018,-0.7807336338541333
ENSG00000102908,1.2333112508024615
ENSG00000274093,NaN
ENSG00000181019,-1.596360738710561
ENSG00000261602,NaN
ENSG00000262136,1.1627735146508658
ENSG00000141101,-1.8704251057883212
ENSG00000198373,-0.25683727752999486
ENSG00000157322,NaN
ENSG00000290459,-1.5262042530259416
ENSG00000290709,-0.6085824578310396
ENSG00000090857,-0.06144748488149468
ENSG00000247228,0.04429788707486106
ENSG00000157335,1.5342022780117754
ENSG00000291263,9.073952832115408
ENSG00000291219,0.5347831503881105
ENSG00000223496,-1.6352786622929234
ENSG00000090861,-0.6952001686081201
ENSG00000157349,-0.785305198964329
ENSG00000261777,-0.8338653054953162
ENSG00000168872,-1.1691989220385655
ENSG00000285710,-0.06285942719232668
ENSG00000157350,0.5075996519865146
ENSG00000260111,-1.231413108577282
ENSG00000157353,-1.3177173732260339
ENSG00000103051,0.6951821155502674
ENSG00000189091,-0.9672523959934952
ENSG00000157368,-0.14827703954177018
ENSG00000132613,-0.49077244418013677
ENSG00000103043,0.2215690403643198
ENSG00000214353,4.067306623018541
ENSG00000157423,0.5283706228716345
ENSG00000180917,-1.0244326430116582
ENSG00000261260,-0.293603730394786
ENSG00000172137,NaN
ENSG00000261348,2.6382859019302023
ENSG00000167377,1.693869752927214
ENSG00000247324,NaN
ENSG00000157429,1.9366860802739732
ENSG00000140835,NaN
ENSG00000260886,0.28544418785951653
ENSG00000198650,NaN
ENSG00000140832,NaN
ENSG00000040199,1.0671194730777942
ENSG00000260185,-0.325815243188209
ENSG00000166747,-0.1071525376734271
ENSG00000224470,-0.4033804543943802
ENSG00000182149,-0.8851085873383727
ENSG00000102984,1.9722782915255086
ENSG00000277481,-0.43765693775036985
ENSG00000102967,-1.4894304242528942
ENSG00000140830,2.33514644877151
ENSG00000257017,0.7471962402231883
ENSG00000140829,-0.21917711674284993
ENSG00000118557,0.7548023875493812
ENSG00000261673,NaN
ENSG00000261008,5.606015470768649
ENSG00000260664,-0.8548598416062092
ENSG00000259768,0.4452562274982412
ENSG00000140836,2.492041159120618
ENSG00000272330,-1.7782805783630322
ENSG00000271009,-3.246577398623288
ENSG00000284675,NaN
ENSG00000258779,-0.15465912364395074
ENSG00000261404,-0.20394030428829363
ENSG00000261248,0.001828611250408972
ENSG00000275236,-0.8763346686571867
ENSG00000103035,-1.9873644017132333
ENSG00000259972,1.289792442209547
ENSG00000260884,-0.4125576075943799
ENSG00000261079,0.9466401730326454
ENSG00000196436,-2.2573790737693114
ENSG00000140839,NaN
ENSG00000261170,0.9322619759923372
ENSG00000090863,-0.46205850066920123
ENSG00000168411,-0.17721359577324625
ENSG00000168404,-0.4813893153789027
ENSG00000103089,-0.41934316756763423
ENSG00000103091,0.6901428534176599
ENSG00000186187,1.5488220539549544
ENSG00000166816,-2.7160480429915648
ENSG00000261058,1.3483343211370094
ENSG00000184517,-1.2052715102156215
ENSG00000050820,NaN
ENSG00000153774,0.2425271667802183
ENSG00000261783,8.222180789266384
ENSG00000274220,-0.5963277118295636
ENSG00000166822,-1.3299123474341583
ENSG00000261476,-0.27191947687940504
ENSG00000183196,NaN
ENSG00000203472,NaN
ENSG00000291051,-1.7063984810970851
ENSG00000135702,NaN
ENSG00000205084,0.28530617853279167
ENSG00000034713,2.2700381272184655
ENSG00000276523,NaN
ENSG00000065457,0.4854495002301996
ENSG00000065427,-1.0524453163830048
ENSG00000166848,-0.5559374759463929
ENSG00000284484,1.0314974017878273
ENSG00000282757,NaN
ENSG00000283755,NaN
ENSG00000261313,NaN
ENSG00000260223,NaN
ENSG00000260983,0.3974349453474577
ENSG00000152910,-0.8219222536943737
ENSG00000250514,NaN
ENSG00000259995,11.951281888531524
ENSG00000103111,0.0060332331308942085
ENSG00000205078,-0.5632177111024405
ENSG00000261063,0.016382835475581264
ENSG00000260922,NaN
ENSG00000140873,-0.3883075825491884
ENSG00000140876,-0.8384885730797305
ENSG00000171724,0.22679052995970586
ENSG00000186153,4.397103388394134
ENSG00000276007,-1.3017105949903724
ENSG00000260969,1.924748847684123
ENSG00000260733,-0.7439150179514253
ENSG00000261837,NaN
ENSG00000260816,1.0422249268635566
ENSG00000261537,NaN
ENSG00000260694,NaN
ENSG00000260479,NaN
ENSG00000260511,NaN
ENSG00000261722,0.8047593983539688
ENSG00000178573,4.043236498063601
ENSG00000260876,5.020062604064395
ENSG00000261390,NaN
ENSG00000261082,NaN
ENSG00000260706,NaN
ENSG00000259867,6.166654754288571
ENSG00000168589,-0.08637126611061466
ENSG00000260737,-0.8858997880094528
ENSG00000166446,2.154465014577415
ENSG00000260064,0.45027429074311554
ENSG00000260594,NaN
ENSG00000260896,NaN
ENSG00000103121,-0.60029941931834
ENSG00000166451,-0.351035220946469
ENSG00000260213,-0.08159990046238774
ENSG00000166454,-0.2704529770773624
ENSG00000166455,-0.059219776108553106
ENSG00000261141,NaN
ENSG00000261838,NaN
ENSG00000245059,2.50050326402814
ENSG00000140905,0.0670248681516732
ENSG00000166473,-0.7803830531647619
ENSG00000135697,-0.03685590211127097
ENSG00000260495,-0.9298993283583898
ENSG00000289067,-1.6415355031188619
ENSG00000261609,0.34469252156388874
ENSG00000153815,0.12729377554065097
ENSG00000261218,4.553763730298032
ENSG00000197943,2.641001689345243
ENSG00000184860,2.801739292463992
ENSG00000086696,0.17896218184425972
ENSG00000261235,0.5610373378117686
ENSG00000135698,-0.8850240571395093
ENSG00000261029,3.1767627802998093
ENSG00000140945,-0.6772831698899688
ENSG00000230989,-0.46385652593064564
ENSG00000260788,NaN
ENSG00000260228,-2.4318102537964434
ENSG00000103150,3.4578174035335874
ENSG00000140961,-1.6393247982801182
ENSG00000166558,0.6180391003447565
ENSG00000140943,-0.8364736927338611
ENSG00000260018,-1.0774914482269389
ENSG00000103160,-0.6817798312229033
ENSG00000154099,0.6813358108852002
ENSG00000103168,2.1087072105069153
ENSG00000250685,-0.28285577905075077
ENSG00000103175,NaN
ENSG00000064270,0.16926949726587892
ENSG00000261286,-0.6254712205681625
ENSG00000140950,6.4402610342124715
ENSG00000103187,2.024278652940396
ENSG00000135686,-1.4697532467052332
ENSG00000103194,-0.5104533608454245
ENSG00000285848,-0.3037301365200671
ENSG00000103196,1.7850448327374164
ENSG00000279622,NaN
ENSG00000260340,-4.242560696635613
ENSG00000153786,-0.45569252617594586
ENSG00000289551,-1.1123997314783405
ENSG00000135709,4.612615709035722
ENSG00000153789,NaN
ENSG00000278214,-2.061679133923306
ENSG00000131149,0.7857530543454017
ENSG00000179219,NaN
ENSG00000270124,NaN
ENSG00000260417,NaN
ENSG00000131153,1.7437244442630728
ENSG00000154102,2.8716060383439737
ENSG00000275393,-1.0286938464166686
ENSG00000287125,0.15844489235024392
ENSG00000269898,-0.9509970758433597
ENSG00000131148,-1.0851518253357657
ENSG00000131143,-1.5269171687499272
ENSG00000289932,NaN
ENSG00000140968,6.0311760342845275
ENSG00000285163,-0.4571923615703388
ENSG00000268804,-0.20372635398902242
ENSG00000285040,-2.496700968559433
ENSG00000285012,NaN
ENSG00000261177,-1.1612405791662848
ENSG00000270020,NaN
ENSG00000103248,5.238804436123073
ENSG00000261175,NaN
ENSG00000289336,NaN
ENSG00000260456,-0.44066899172052665
ENSG00000270006,-0.35850072762715696
ENSG00000103264,-0.886640176635456
ENSG00000269901,0.11724100153905169
ENSG00000140941,0.3659499003812245
ENSG00000261592,0.1450730406929331
ENSG00000140948,2.2318981084674285
ENSG00000276337,-0.6620944665418173
ENSG00000288568,NaN
ENSG00000154118,-0.9816369710269854
ENSG00000226180,1.6994144036141825
ENSG00000104731,4.08363195977519
ENSG00000260498,0.961169934292269
ENSG00000260177,3.1555647628208754
ENSG00000103257,0.8060480490688795
ENSG00000174990,NaN
ENSG00000172530,-0.8319837709848813
ENSG00000261193,0.45132843231088826
ENSG00000260166,NaN
ENSG00000205037,NaN
ENSG00000289563,1.9421775598349438
ENSG00000261327,NaN
ENSG00000260420,-0.4787417900249155
ENSG00000261816,NaN
ENSG00000261273,NaN
ENSG00000225614,-1.1903561405412877
ENSG00000179588,0.019107897170092873
ENSG00000261744,-0.2545294697677323
ENSG00000289151,NaN
ENSG00000158545,-0.33209510329910535
ENSG00000051523,-0.8687157691304903
ENSG00000167508,1.289142601472783
ENSG00000260630,-1.0741935278518877
ENSG00000185669,-1.1543042756155335
ENSG00000158717,-0.8062047801397012
ENSG00000174177,1.261314998702515
ENSG00000278341,1.4061325180868578
ENSG00000103335,-0.5495933958992826
ENSG00000260121,NaN
ENSG00000224888,-0.5260862922871938
ENSG00000260617,NaN
ENSG00000182376,-0.027129735783896658
ENSG00000167513,0.892311913594285
ENSG00000198931,-1.4792641155612976
ENSG00000141012,0.7773416757577766
ENSG00000167515,-1.5400258426722104
ENSG00000129993,0.3911460397289592
ENSG00000259881,NaN
ENSG00000261226,-0.9499794782923867
ENSG00000205018,-1.489324415878043
ENSG00000259989,NaN
ENSG00000256982,NaN
ENSG00000176715,-0.40709056150464673
ENSG00000261546,NaN
ENSG00000129910,NaN
ENSG00000259803,NaN
ENSG00000259877,0.12440400544377615
ENSG00000170100,21.60409593135371
ENSG00000167522,-0.8742527875543085
ENSG00000268218,-0.5692663448276419
ENSG00000260279,1.3646423661518532
ENSG00000261253,19.290873926303345
ENSG00000261692,NaN
ENSG00000287351,0.21723175508227482
ENSG00000197912,-0.24850652073231239
ENSG00000261118,-0.13499982410592232
ENSG00000167526,-0.9260416388522018
ENSG00000178773,0.3361580557471858
ENSG00000015413,0.38666315945477897
ENSG00000131165,-1.152564679931426
ENSG00000167523,0.4869599088531597
ENSG00000275734,2.881030662317669
ENSG00000185324,0.47771825880383084
ENSG00000260259,NaN
ENSG00000158792,-0.9208004040871279
ENSG00000075399,0.3462793870807426
ENSG00000261373,-0.8495443303065807
ENSG00000158805,0.6909355512151487
ENSG00000187741,0.07819372323336661
ENSG00000204991,-0.8216112204627546
ENSG00000141002,-0.6055386953590574
ENSG00000258839,-0.004490867080231516
ENSG00000258947,3.10008339651825
ENSG00000140995,-1.3488016895414483
ENSG00000003249,2.518761342354387
ENSG00000141013,0.057267519010763004
ENSG00000290738,NaN
ENSG00000126856,NaN
ENSG00000260528,-1.3047848318648174
ENSG00000260507,-0.8500168715417752
ENSG00000260923,-1.8940619088830613
ENSG00000280136,NaN
ENSG00000268320,28.29331792730638
ENSG00000272636,NaN
ENSG00000273172,NaN
ENSG00000181031,4.524536179547839
ENSG00000262061,NaN
ENSG00000262294,NaN
ENSG00000241525,-1.2014074998538686
ENSG00000187624,1.0296024080136348
ENSG00000183688,-0.5639419806270067
ENSG00000263015,0.12562962483647583
ENSG00000141252,-0.8678314979222027
ENSG00000263300,-0.6636499931807099
ENSG00000167695,-0.2735086817937911
ENSG00000179409,-0.1528462625522207
ENSG00000167699,-1.901193342204651
ENSG00000262228,0.8279945725892378
ENSG00000171861,-1.5090518686355603
ENSG00000167693,2.1646420045885377
ENSG00000177370,-1.4435287909122616
ENSG00000159842,-0.0515145878903439
ENSG00000235361,NaN
ENSG00000262213,NaN
ENSG00000184811,1.2956498085331698
ENSG00000108953,-0.578838313128098
ENSG00000167193,-0.4025272987588168
ENSG00000262777,NaN
ENSG00000197879,0.9259212822972681
ENSG00000132376,-1.0496178638386988
ENSG00000236618,-1.1835676067075425
ENSG00000174238,0.24978803726806814
ENSG00000167703,1.9014201439261467
ENSG00000074660,-0.18782496174491606
ENSG00000167705,-0.34512075078528887
ENSG00000174231,-0.7400799534999605
ENSG00000277597,1.3616844169426796
ENSG00000185561,1.7090906453992636
ENSG00000186594,0.4948135413192836
ENSG00000167716,-0.25297980826956606
ENSG00000262791,-0.46035563921436706
ENSG00000167711,-2.1149816360329825
ENSG00000132386,5.098232205163649
ENSG00000186532,-0.2496244442863068
ENSG00000132383,7.534409863882087
ENSG00000185924,0.8392082808455712
ENSG00000262445,NaN
ENSG00000108963,-1.4308328051209087
ENSG00000287553,2.734545767048299
ENSG00000263050,0.6397279862296698
ENSG00000177374,1.5074324784434456
ENSG00000070366,0.5842833372322745
ENSG00000262810,0.3126869138606011
ENSG00000236457,NaN
ENSG00000167720,0.08820786514791612
ENSG00000167721,-1.621155747480393
ENSG00000141258,1.0461095857598908
ENSG00000263345,-0.4796523525407533
ENSG00000070444,-0.9993262683727138
ENSG00000127804,0.7922517884487438
ENSG00000007168,-0.7581351371572587
ENSG00000272911,NaN
ENSG00000132361,-0.7150957323172294
ENSG00000262050,3.8564270847211297
ENSG00000277200,-1.1905108845910517
ENSG00000132359,3.3203400817852433
ENSG00000262884,-0.03577877146704564
ENSG00000261848,-0.00976333148157741
ENSG00000221882,3.5350574459639676
ENSG00000180042,NaN
ENSG00000159961,NaN
ENSG00000141255,6.0002193427133195
ENSG00000108381,NaN
ENSG00000167723,2.6092316925561096
ENSG00000196689,0.26569606533796186
ENSG00000263338,NaN
ENSG00000261916,-1.0253763177563058
ENSG00000197417,0.22889217846165474
ENSG00000040531,-1.046244352353557
ENSG00000213977,16.76896244501223
ENSG00000127774,-2.1337088790442063
ENSG00000083454,4.85956097935496
ENSG00000083457,-0.5081228581482446
ENSG00000262692,NaN
ENSG00000177602,-0.10911007253508391
ENSG00000074356,-1.3006480879607225
ENSG00000004660,-0.11496359804323766
ENSG00000108405,5.511656201902844
ENSG00000074370,4.7927473473223134
ENSG00000263312,NaN
ENSG00000074755,-0.6282825249749203
ENSG00000167740,3.412224050005123
ENSG00000185722,0.1480679860318961
ENSG00000132388,-0.7170286619624908
ENSG00000182557,-0.2782775798731551
ENSG00000262823,-0.8292687476644973
ENSG00000183018,-1.0075676014789217
ENSG00000132382,-0.5286183173994642
ENSG00000167741,NaN
ENSG00000188176,NaN
ENSG00000161905,NaN
ENSG00000141456,1.8632007849926486
ENSG00000235085,-0.16437081474338625
ENSG00000244184,0.5747995559794515
ENSG00000141480,-0.7830227755361862
ENSG00000161920,-0.7175305468577104
ENSG00000261898,NaN
ENSG00000161921,-0.7288482963202721
ENSG00000141497,-1.8079195105099943
ENSG00000182853,8.407149519276313
ENSG00000182327,0.38178154433459094
ENSG00000142507,-1.9573974868728317
ENSG00000262165,1.8530944027288638
ENSG00000129219,-0.48670168291158383
ENSG00000141503,0.20107048951261036
ENSG00000108556,-0.5604612815905125
ENSG00000205710,0.4187583239963786
ENSG00000185245,37.826437757944724
ENSG00000108528,-1.5131143478998688
ENSG00000108523,-1.4668353308841422
ENSG00000108518,-0.5488302057464763
ENSG00000108515,1.242116692205201
ENSG00000091640,-1.3650218654062456
ENSG00000108509,-0.15333056734881562
ENSG00000262429,-0.9903349545718338
ENSG00000262678,NaN
ENSG00000262227,2.7516469280202345
ENSG00000196388,1.6406471635114424
ENSG00000129250,-1.2119763074698224
ENSG00000227495,-0.444162721627889
ENSG00000132517,0.3403632292785812
ENSG00000180787,-1.1486024481514923
ENSG00000234327,-0.8103016808884437
ENSG00000167840,-0.7891280548218288
ENSG00000129204,32.15744426590913
ENSG00000180626,0.7243036583518492
ENSG00000261879,1.2384862685865565
ENSG00000161929,2.8498003106794285
ENSG00000029725,0.6761028240303704
ENSG00000108559,1.0506383878452183
ENSG00000263220,-0.4028473837448528
ENSG00000129197,-0.7724232872282075
ENSG00000263272,-0.29084416112109956
ENSG00000108561,-1.8884110972576562
ENSG00000005100,-0.3340952790374712
ENSG00000072849,-1.5668481215003736
ENSG00000167842,0.3514541685990685
ENSG00000091592,-0.3325249869343089
ENSG00000284837,5.468691153719396
ENSG00000179314,NaN
ENSG00000129221,NaN
ENSG00000129195,-2.40910939152528
ENSG00000091622,0.7189048777106891
ENSG00000198920,-0.3653207725360485
ENSG00000282936,NaN
ENSG00000129235,-1.701981984167664
ENSG00000108590,0.06782410984903299
ENSG00000256806,-1.1688490355290357
ENSG00000261996,-0.9368132022400738
ENSG00000290366,0.16247208143360872
ENSG00000132530,3.0221075594157876
ENSG00000177294,2.650951082814689
ENSG00000167858,-0.18226763312315739
ENSG00000291084,4.700286167678393
ENSG00000215067,1.4317877920438509
ENSG00000263316,NaN
ENSG00000262089,-1.2927750812065815
ENSG00000108839,10.102421457160391
ENSG00000219200,0.1255787731082359
ENSG00000258315,-1.2667390467229291
ENSG00000174327,4.284393285408247
ENSG00000174326,-0.14196053398994313
ENSG00000132514,9.755771262896534
ENSG00000161944,-0.3811710054616612
ENSG00000289977,0.4289752607186974
ENSG00000141505,0.5723404416836263
ENSG00000132535,-1.7173002717570907
ENSG00000072778,-0.2955703942164792
ENSG00000004975,-1.5000459758574285
ENSG00000040633,-1.3823278444060572
ENSG00000170296,0.34848628258648434
ENSG00000175826,-1.8647830818060718
ENSG00000170291,-0.3664387729577758
ENSG00000181885,-1.3480672875520876
ENSG00000181856,NaN
ENSG00000132507,-1.102846194411591
ENSG00000132522,-0.34706071917481096
ENSG00000215041,1.418074302191207
ENSG00000072818,0.6455733264167886
ENSG00000213859,-0.9088549656624504
ENSG00000174292,-0.6778774743893163
ENSG00000187838,-0.5872656796114945
ENSG00000205544,-1.9377675269591657
ENSG00000169992,-0.295564459722049
ENSG00000181284,-1.2982585860167273
ENSG00000161958,-1.2661498326501575
ENSG00000170175,-0.8882610389065173
ENSG00000174282,-1.0912596716073624
ENSG00000259224,NaN
ENSG00000181222,1.7357663529941025
ENSG00000239697,-0.6026087815121307
ENSG00000161955,0.1920085108065105
ENSG00000161956,-0.3902593860291684
ENSG00000161960,-0.939549392936611
ENSG00000129226,3.590107900446407
ENSG00000233223,-0.8634061173828181
ENSG00000129255,-0.8259406873970941
ENSG00000129194,-1.3161241409748488
ENSG00000129245,-0.5152065374647797
ENSG00000129214,0.06948978874757333
ENSG00000141504,-1.3574414258591707
ENSG00000129244,NaN
ENSG00000141510,1.2130588113069347
ENSG00000141499,0.7853245712368899
ENSG00000183914,0.7936107440703715
ENSG00000132510,-0.9362765569190407
ENSG00000288929,0.6695718251356955
ENSG00000288748,-0.5711224299085972
ENSG00000167874,-1.4496114078763933
ENSG00000183011,-0.6526605747347826
ENSG00000182224,-1.1183322649069762
ENSG00000170004,3.7171285231841664
ENSG00000179859,-1.1189538612615721
ENSG00000170049,-1.1312101062397686
ENSG00000170043,2.559510259485473
ENSG00000170037,-0.6097132264998719
ENSG00000132518,0.6010207378237382
ENSG00000179593,-2.5436400602160862
ENSG00000179477,-1.2102820639850311
ENSG00000214999,NaN
ENSG00000179148,4.570926785148857
ENSG00000288993,NaN
ENSG00000179094,-0.6471113219207367
ENSG00000220205,-1.1649167205408708
ENSG00000179029,-0.1962582115391858
ENSG00000266824,NaN
ENSG00000196544,2.899792722007339
ENSG00000178999,1.340206430248291
ENSG00000178977,0.6373842878790759
ENSG00000178971,1.4689202097193217
ENSG00000178921,1.7945369325769382
ENSG00000269947,1.873125763396111
ENSG00000125434,-0.11388887766628414
ENSG00000108961,-1.3021162032446112
ENSG00000184619,1.5980625625738085
ENSG00000265749,-0.8203578623017886
ENSG00000161970,-1.37748343194154
ENSG00000288750,NaN
ENSG00000189051,0.7396287301418133
ENSG00000166579,-0.8053668376781384
ENSG00000133026,-0.04734427113298842
ENSG00000161973,0.8778410476497426
ENSG00000183318,NaN
ENSG00000276231,0.024466545606274887
ENSG00000141506,-0.46054651193807916
ENSG00000266389,14.47170106240577
ENSG00000265975,-0.9228798404823673
ENSG00000065320,1.1689271682716273
ENSG00000273816,3.513286940230975
ENSG00000170310,0.8719003188820085
ENSG00000263708,0.5639959095005014
ENSG00000225751,-0.5072264180004816
ENSG00000262815,NaN
ENSG00000271851,5.124597744481097
ENSG00000166596,2.909689030244823
ENSG00000154914,1.8805542202073022
ENSG00000282882,NaN
ENSG00000214978,NaN
ENSG00000109047,1.4834220526583723
ENSG00000007237,6.114083023839695
ENSG00000273388,-1.0081295840113915
ENSG00000006788,-1.2322454537826883
ENSG00000264067,NaN
ENSG00000109063,0.7757477839123137
ENSG00000261433,NaN
ENSG00000133028,-1.1767321182048334
ENSG00000170222,-0.6796267546687681
ENSG00000187824,0.7753394172631962
ENSG00000263400,1.1205319485428664
ENSG00000264016,5.459585357505007
ENSG00000263429,-0.24504225424423776
ENSG00000289964,NaN
ENSG00000263508,1.0451859383825794
ENSG00000285541,NaN
ENSG00000188803,8.818848500402925
ENSG00000264727,NaN
ENSG00000007174,3.8661588712494317
ENSG00000266368,0.32776149380692915
ENSG00000154957,-0.3167430604216235
ENSG00000289910,-0.834337160503991
ENSG00000065559,-0.5881978225520181
ENSG00000179136,-0.3728933228618846
ENSG00000141052,NaN
ENSG00000006740,1.8382654032332724
ENSG00000006744,-1.057425503162271
ENSG00000153976,NaN
ENSG00000236088,4.965364335190982
ENSG00000006695,0.906869038062509
ENSG00000125430,1.6332291977465458
ENSG00000266709,-2.1610617031628054
ENSG00000266378,1.563593782749463
ENSG00000230647,5.546867838968135
ENSG00000238212,NaN
ENSG00000287307,NaN
ENSG00000109099,-0.598228416599221
ENSG00000125409,NaN
ENSG00000266667,6.320793470278388
ENSG00000239704,0.31621325535676104
ENSG00000175106,2.0570630808939323
ENSG00000266538,-0.1550509429832263
ENSG00000241322,-1.2750920083247894
ENSG00000221926,1.516514018729525
ENSG00000266261,NaN
ENSG00000187607,-0.6503736745062298
ENSG00000276855,2.5066352287578573
ENSG00000237057,16.632686729621362
ENSG00000290377,NaN
ENSG00000170425,-1.859537961446629
ENSG00000214941,-0.979846664056713
ENSG00000011295,-1.143427487022941
ENSG00000275413,-1.3144795484304401
ENSG00000141027,-1.2259784429459584
ENSG00000227782,-0.6888686192391404
ENSG00000108474,2.179019802396297
ENSG00000166582,0.00431547870699826
ENSG00000170315,-0.6149588095471491
ENSG00000264739,1.0411161262288249
ENSG00000187688,-0.8554089487030306
ENSG00000175061,-0.6950587747350415
ENSG00000181350,-0.13079400242522474
ENSG00000141040,-0.7503355834161051
ENSG00000266803,NaN
ENSG00000197566,7.115249314125935
ENSG00000170160,-0.9961495837373296
ENSG00000290976,NaN
ENSG00000290698,0.5263839023222834
ENSG00000240505,1.792533185630989
ENSG00000230709,NaN
ENSG00000230969,NaN
ENSG00000287910,NaN
ENSG00000133030,-0.21444359819992112
ENSG00000225442,-0.013159860307760517
ENSG00000263624,0.832944613453975
ENSG00000179598,-0.5282332135886346
ENSG00000154803,-1.1802411243605375
ENSG00000266498,-1.7281447617829702
ENSG00000141030,-0.79940822677028
ENSG00000205309,73.1453959229863
ENSG00000290056,-0.21335996323812995
ENSG00000141026,0.5613280087476671
ENSG00000108551,0.5137716879247471
ENSG00000133027,-1.0109234255415045
ENSG00000264666,-0.08089370136786535
ENSG00000223979,NaN
ENSG00000108557,-0.5055613320714384
ENSG00000237328,0.5659131290191353
ENSG00000226746,-0.9013622329534225
ENSG00000264167,NaN
ENSG00000072310,1.7747193562770656
ENSG00000175662,0.9238072967017711
ENSG00000197815,NaN
ENSG00000171962,-0.12675222568279004
ENSG00000171953,-0.20564808979174745
ENSG00000141034,0.38144857122064774
ENSG00000108591,-1.5537365685208129
ENSG00000091536,-0.6869697902655939
ENSG00000266677,-0.057904107184686075
ENSG00000091542,-0.6416973713646696
ENSG00000131899,-0.6785499884889861
ENSG00000177731,-1.7442071741067473
ENSG00000177427,10.77975291009392
ENSG00000260647,NaN
ENSG00000177302,-0.49348836059910167
ENSG00000176994,-1.2898151767952735
ENSG00000176974,-0.5448858212965514
ENSG00000220161,4.804648696604063
ENSG00000171916,0.6486336775208573
ENSG00000273018,0.511634893391813
ENSG00000290659,NaN
ENSG00000291090,-0.5929993243875793
ENSG00000290687,0.15281265674717442
ENSG00000240445,1.787717371817942
ENSG00000291110,-0.5115379616969628
ENSG00000171931,NaN
ENSG00000171928,-0.03897147216048887
ENSG00000265478,-1.1072958888602857
ENSG00000141127,0.5884984828370328
ENSG00000289213,2.7420008860542597
ENSG00000264273,1.5696647054929669
ENSG00000154025,-1.1743402487590773
ENSG00000188522,-0.5437137824555229
ENSG00000154016,-0.01298090332900657
ENSG00000263394,5.016532306086595
ENSG00000228157,0.9817955957465471
ENSG00000262202,0.5181069801135736
ENSG00000189152,-0.35129761828945333
ENSG00000266664,NaN
ENSG00000262292,3.0686234651863105
ENSG00000266311,NaN
ENSG00000072134,2.9157424710961335
ENSG00000235397,0.6377460816357028
ENSG00000108641,-0.35388022099601213
ENSG00000166484,-1.431365691100062
ENSG00000128482,NaN
ENSG00000235979,-1.67714017049911
ENSG00000142494,0.8912066217928236
ENSG00000262769,-1.3848240175326356
ENSG00000072210,-0.3771725806903818
ENSG00000180638,2.0001672882289503
ENSG00000083290,0.7705821029856056
ENSG00000276406,NaN
ENSG00000270091,-1.4791508192194571
ENSG00000108599,-0.19400808877361533
ENSG00000266126,-0.770272231052178
ENSG00000128487,1.8312431333122978
ENSG00000263494,-0.5811096388418803
ENSG00000291194,-1.2053966371856306
ENSG00000291195,NaN
ENSG00000170298,1.3667986407002906
ENSG00000227685,NaN
ENSG00000290430,NaN
ENSG00000291074,-0.50232444370733
ENSG00000233098,0.2160496062880442
ENSG00000124422,0.5017290964609163
ENSG00000236819,NaN
ENSG00000109016,2.1583000913553034
ENSG00000178307,-1.5337696255241784
ENSG00000235530,-0.3725084551062477
ENSG00000274180,-0.4923683308272391
ENSG00000289453,NaN
ENSG00000034152,0.46338609088973215
ENSG00000212719,-0.7057300460249261
ENSG00000287671,0.442615977119838
ENSG00000266466,NaN
ENSG00000290919,-0.11112735902101618
ENSG00000263609,NaN
ENSG00000264262,NaN
ENSG00000109046,-0.6127997601496727
ENSG00000266313,-1.3662403523169158
ENSG00000141068,1.9812537127328083
ENSG00000265801,-1.520471378834315
ENSG00000168961,-0.3930266512821542
ENSG00000266527,0.10564264360373976
ENSG00000232859,3.8938497244864942
ENSG00000087095,1.284509025955443
ENSG00000288923,-1.0615121398779537
ENSG00000287721,1.4014108283720417
ENSG00000290671,NaN
ENSG00000109084,-0.2436658040875838
ENSG00000109083,-0.07992916540451862
ENSG00000109079,3.649494638603258
ENSG00000004142,-1.3145516316575179
ENSG00000244045,-1.206223751199156
ENSG00000004139,0.06918517449407396
ENSG00000277450,4.169930337718221
ENSG00000076351,-0.16738332090368951
ENSG00000265254,NaN
ENSG00000167524,0.1986105740199347
ENSG00000109103,-1.1791222473781373
ENSG00000087111,-1.6755867096702903
ENSG00000109107,-1.1630185523906342
ENSG00000076382,-1.8317085985753288
ENSG00000227543,-0.9022258200152362
ENSG00000265287,-1.3823050372278483
ENSG00000007202,-0.6522062486287246
ENSG00000132581,-1.123926570704685
ENSG00000109111,-0.5057670447257543
ENSG00000265205,2.5246896848295584
ENSG00000167525,0.45617741984084925
ENSG00000109113,-2.057258934635512
ENSG00000198242,-0.9342359251072848
ENSG00000264577,2.2172408010301514
ENSG00000160606,1.204030055423164
ENSG00000160602,-0.28556755439825976
ENSG00000265073,-0.7087002953973032
ENSG00000076604,-0.5363671832579762
ENSG00000173065,2.3326750626248574
ENSG00000132591,-1.3237475531927196
ENSG00000132589,-0.2368852376657078
ENSG00000264304,-0.9401200384843437
ENSG00000266642,NaN
ENSG00000167536,-0.190067119236025
ENSG00000109118,-0.5527360462847127
ENSG00000265845,1.7872625752703488
ENSG00000179761,9.151648109963553
ENSG00000063015,-0.027670763760742182
ENSG00000196535,-1.1478632600705587
ENSG00000263709,0.7554137519947184
ENSG00000108255,0.045885251482087434
ENSG00000108256,0.5545515027898372
ENSG00000264808,2.9523553924360657
ENSG00000266111,-1.2882154372669923
ENSG00000160551,-0.44666816680226296
ENSG00000168792,-0.2990626306964437
ENSG00000264031,-0.2474407657749092
ENSG00000167543,14.31632777853119
ENSG00000290082,0.747441386197
ENSG00000264290,-0.389613005902124
ENSG00000108262,-0.9626984471931069
ENSG00000198720,0.229591208727066
ENSG00000167549,NaN
ENSG00000141298,-0.6588291647454433
ENSG00000265625,-0.3232883373340056
ENSG00000263657,-0.12190953266583612
ENSG00000263477,-1.1719333368095632
ENSG00000176927,-0.14431269420747858
ENSG00000265394,-0.8621088056785411
ENSG00000126653,0.19799257731762226
ENSG00000265739,-0.1042477248725709
ENSG00000266987,-1.004405203849329
ENSG00000108576,4.252385055778027
ENSG00000264125,NaN
ENSG00000266120,0.6272562675616518
ENSG00000108578,-0.06252773586092729
ENSG00000108582,0.7496636619926419
ENSG00000108587,0.775695320543989
ENSG00000290404,-0.6100334328777504
ENSG00000231421,NaN
ENSG00000214719,-0.0684900795639063
ENSG00000290450,-0.9900316083649707
ENSG00000290928,-0.18522401902551883
ENSG00000263603,NaN
ENSG00000176390,-1.1269571377383916
ENSG00000265791,-1.4764465843606407
ENSG00000266490,1.3399806421319862
ENSG00000276250,0.6550745959254751
ENSG00000176208,2.198476032231989
ENSG00000265334,5.394509423410917
ENSG00000263531,1
ENSG00000172171,-0.9102833829452839
ENSG00000275185,NaN
ENSG00000184060,0.3699967387910657
ENSG00000286194,-1.6203706031358645
ENSG00000181481,-0.8245755464212737
ENSG00000264456,-1.7036124032584061
ENSG00000266340,0.5041688828862593
ENSG00000291063,0.2738834347847783
ENSG00000290858,3.7761025532757735
ENSG00000264107,-0.8843591589888539
ENSG00000196712,1.9367613618466786
ENSG00000266371,-0.7673591870150108
ENSG00000126861,1.3995636304921328
ENSG00000185862,0.7453089895178633
ENSG00000126860,0.10469091601211385
ENSG00000131242,0.4694174837567376
ENSG00000278546,NaN
ENSG00000266877,NaN
ENSG00000172301,-1.785106589884833
ENSG00000108651,2.8352643859248565
ENSG00000263990,-1.0192306978475671
ENSG00000178691,-0.49625136185204444
ENSG00000185158,-0.3818239643893915
ENSG00000290975,NaN
ENSG00000277511,-1.138916252589018
ENSG00000214708,-0.578541401680443
ENSG00000126858,-0.323057470454702
ENSG00000141314,2.5447870388988005
ENSG00000108666,3.0379287265456094
ENSG00000010244,-1.2291554860989338
ENSG00000274341,1.4408219094198362
ENSG00000278668,1.1229464395067197
ENSG00000266385,-0.33788407914599916
ENSG00000279762,0.23324961331968447
ENSG00000264083,0.8065109285292461
ENSG00000108671,-0.9211198940540425
ENSG00000176749,-0.39050783903343844
ENSG00000176658,7.259857146170794
ENSG00000266718,-0.501839551142371
ENSG00000266599,0.34885187335160533
ENSG00000264458,1.54183171653614
ENSG00000236377,3.027931549698394
ENSG00000006042,1.7656927106900167
ENSG00000141316,NaN
ENSG00000108684,-0.647147530855728
ENSG00000266535,NaN
ENSG00000279668,-7.762213289035634
ENSG00000264622,NaN
ENSG00000132141,-0.5565692856092384
ENSG00000198783,-1.3469428385732103
ENSG00000005156,-1.3119002739814805
ENSG00000092871,1.4567953232213045
ENSG00000273687,NaN
ENSG00000185379,1.3898971158933353
ENSG00000073598,0.6511898683559176
ENSG00000073536,-1.370220011264957
ENSG00000141161,1.4759929918416324
ENSG00000266947,-1.3929983790820184
ENSG00000289211,-0.012852383272270701
ENSG00000166750,0.7713421614232063
ENSG00000267364,-0.26331580393690435
ENSG00000172716,1.1267674848062406
ENSG00000267711,-0.5956958505359622
ENSG00000267547,-2.02405822129635
ENSG00000172123,0.16876158405419645
ENSG00000154760,1.3776376577049851
ENSG00000205045,8.379838343840403
ENSG00000267074,-0.6684966915244643
ENSG00000267035,-0.1422784349620807
ENSG00000236320,20.81714199185358
ENSG00000267359,0.6600540015966093
ENSG00000267625,NaN
ENSG00000267321,-0.4100958793218213
ENSG00000108733,-0.5422839757104645
ENSG00000006125,-0.7935317159607534
ENSG00000270885,NaN
ENSG00000270765,NaN
ENSG00000271447,0.3021679142371998
ENSG00000270806,0.8932943091164033
ENSG00000270829,NaN
ENSG00000270647,-1.1480549084711298
ENSG00000270871,-0.6451135020169938
ENSG00000270894,-0.4755660413849965
ENSG00000270379,0.9216568542166823
ENSG00000270240,21.087686432480766
ENSG00000271503,36.11429436137514
ENSG00000278023,4.197943746326842
ENSG00000275152,NaN
ENSG00000274736,NaN
ENSG00000275385,NaN
ENSG00000277089,2.5872884646421017
ENSG00000277632,14.12801125994256
ENSG00000275302,30.819352833305715
ENSG00000276241,8.718258829467523
ENSG00000289485,5.618805673505327
ENSG00000274767,0.6255866586751629
ENSG00000289011,NaN
ENSG00000273611,-1.788573517509092
ENSG00000278259,-0.3887898192583857
ENSG00000277161,-0.2871373988786538
ENSG00000278311,-0.904143833003234
ENSG00000278535,-0.8458502943718215
ENSG00000278619,-0.11140032890211718
ENSG00000275720,NaN
ENSG00000275613,0.5255345514741787
ENSG00000275700,-1.1278218879249153
ENSG00000277911,-0.2795595667121426
ENSG00000277589,-0.8382303306819654
ENSG00000277579,NaN
ENSG00000278638,-0.6640149948960559
ENSG00000278540,2.390490444397502
ENSG00000278505,0.7541915085183428
ENSG00000276234,-0.06890234566006184
ENSG00000289110,NaN
ENSG00000276023,0.06280635465039425
ENSG00000275066,0.15375171319895745
ENSG00000277688,NaN
ENSG00000278053,-0.878665435856338
ENSG00000277501,NaN
ENSG00000275410,NaN
ENSG00000290810,0.03521586183918308
ENSG00000274512,NaN
ENSG00000291088,1.833817390096824
ENSG00000278845,-1.624694232949156
ENSG00000274211,1.0758818054890582
ENSG00000275832,-0.23034181798577022
ENSG00000273604,-1.4075961893151898
ENSG00000277969,-0.9263914117221163
ENSG00000275532,-0.04604342221980327
ENSG00000275023,0.9659499363103804
ENSG00000275665,-0.34197125207529266
ENSG00000277972,-0.9857559382213732
ENSG00000277258,-1.1905268636390083
ENSG00000277182,NaN
ENSG00000277791,-1.7826611976376936
ENSG00000276293,-0.26326108525485425
ENSG00000273559,-0.9964103518276717
ENSG00000275489,NaN
ENSG00000125691,-1.3415904431347319
ENSG00000002834,-0.5245245556192593
ENSG00000263466,NaN
ENSG00000263874,0.11032028450303513
ENSG00000204952,3.2881219031712354
ENSG00000161381,9.998799017651102
ENSG00000286443,7.752797853063331
ENSG00000141748,-1.00052024096796
ENSG00000266101,NaN
ENSG00000067191,0.6094411920660987
ENSG00000108298,-0.8655839668588814
ENSG00000141750,NaN
ENSG00000108306,0.40085931495477956
ENSG00000266469,6.967987203525986
ENSG00000125686,-0.19018081796435474
ENSG00000167258,-0.6579339655620896
ENSG00000171532,0.8394732863134091
ENSG00000131748,-0.40383013343539903
ENSG00000173991,NaN
ENSG00000141744,-0.5136923565315196
ENSG00000161395,-1.0464679602166915
ENSG00000141736,0.2756689678638532
ENSG00000141741,-1.124124893911621
ENSG00000141738,NaN
ENSG00000161405,4.470272993950639
ENSG00000186075,6.301144222362662
ENSG00000073605,0.6477224249923715
ENSG00000172057,-0.5474450299701002
ENSG00000204913,NaN
ENSG00000264968,NaN
ENSG00000167914,3.0688051439548
ENSG00000108344,-1.6577296355602622
ENSG00000008838,-1.2949885914147017
ENSG00000126351,-0.848591923891919
ENSG00000126368,-0.1846971660995035
ENSG00000188895,-1.6180672901793858
ENSG00000108349,1.5975001399549078
ENSG00000108352,-0.3855925402718628
ENSG00000171475,-0.005214493552017996
ENSG00000094804,-0.6019733195926991
ENSG00000131759,-0.7061325931971065
ENSG00000287644,-0.9477602031795775
ENSG00000265666,-0.9909650449472985
ENSG00000266208,NaN
ENSG00000131747,8.069865830841257
ENSG00000141753,0.2888544987470246
ENSG00000131746,NaN
ENSG00000266088,2.916347534301767
ENSG00000126353,2.5135912192160634
ENSG00000073584,-0.9093520638683167
ENSG00000278834,-1.4296311028802904
ENSG00000186395,-1.9628187538236626
ENSG00000167920,-0.06931222307198315
ENSG00000234477,-1.4590833965402934
ENSG00000108244,-0.08851788980888044
ENSG00000126337,NaN
ENSG00000173812,-1.4440412956415325
ENSG00000173805,NaN
ENSG00000173801,1.07441680152798
ENSG00000141696,-0.41384706159776496
ENSG00000141756,NaN
ENSG00000141698,-1.6608943484900553
ENSG00000161594,1.3352304701939568
ENSG00000178502,16.765880303672905
ENSG00000131473,-1.0370433973267437
ENSG00000204815,0.18292799664664225
ENSG00000173786,-1.0357376493496342
ENSG00000168259,-1.419102259031092
ENSG00000168256,-1.7539098126653925
ENSG00000187595,1.1031683330750743
ENSG00000267221,5.940663461118559
ENSG00000108771,-1.7835967887026114
ENSG00000108773,-0.42374589960016334
ENSG00000108774,-1.580630566741985
ENSG00000267658,NaN
ENSG00000089558,2.3066813078798525
ENSG00000161610,31.139722351337472
ENSG00000167925,-0.7847130267274075
ENSG00000173757,0.737567415592922
ENSG00000267758,-0.5673544956109039
ENSG00000236194,0.5430101619853763
ENSG00000278829,-0.9002996954830509
ENSG00000126561,-1.4588527244240852
ENSG00000168610,0.04395041630298868
ENSG00000177469,6.051570739862115
ENSG00000033627,1.334387825254486
ENSG00000267222,-1.7351228383052215
ENSG00000267632,-1.4972925977321898
ENSG00000108784,-0.6758270104572144
ENSG00000266962,-0.7893235207807054
ENSG00000108786,2.0323376665838295
ENSG00000068120,-0.847835610928537
ENSG00000108788,-2.1767590988770746
ENSG00000131470,-1.2495931311467634
ENSG00000287710,0.6144359548480642
ENSG00000141699,0.7199322437610143
ENSG00000131462,-0.7631685144821582
ENSG00000037042,1.2047498868004747
ENSG00000068137,-2.8128376823777437
ENSG00000184451,0.809802814812179
ENSG00000267042,13.670035453017272
ENSG00000108797,0
ENSG00000267765,-0.08000945477765493
ENSG00000108799,1.7151684726801442
ENSG00000197291,-2.2784263671801486
ENSG00000131475,-1.9380787842942355
ENSG00000126562,-0.22320722135575302
ENSG00000183978,-2.0229401205365294
ENSG00000176563,0.4413164979639842
ENSG00000126581,-0.3433364468361594
ENSG00000131467,-1.5865685677172339
ENSG00000131480,NaN
ENSG00000131471,0.4933693124043114
ENSG00000213373,-1.0819150597255063
ENSG00000266967,-0.2658319437738705
ENSG00000267060,2.435880720590703
ENSG00000198863,-0.860229109673853
ENSG00000131469,-1.3174688180409817
ENSG00000068079,-0.6472340155095
ENSG00000108828,-0.4677498302722312
ENSG00000108830,1.8831388179732864
ENSG00000012048,6.425967046257426
ENSG00000198496,-0.8425865453099561
ENSG00000267002,-0.5249928942359068
ENSG00000188554,-1.4094953084467499
ENSG00000184988,0.210106894367517
ENSG00000236383,3.47177660044504
ENSG00000188825,0.7922371784004212
ENSG00000288909,-0.8146834052870655
ENSG00000175906,0.16869551007562428
ENSG00000067596,-0.5444560116128705
ENSG00000175832,-0.2588941909250996
ENSG00000005102,0.3539488624619076
ENSG00000108861,-0.7456387410940024
ENSG00000161647,-1.451427906070118
ENSG00000108852,1.5943384117451795
ENSG00000282199,-1.4983837241392903
ENSG00000261514,NaN
ENSG00000108849,NaN
ENSG00000131096,-2.1082077090838536
ENSG00000161653,0.7224518861237841
ENSG00000091947,-0.6409998115980217
ENSG00000161654,0.029556608418863567
ENSG00000141349,-1.2819480456284988
ENSG00000108840,3.24772325938248
ENSG00000267638,NaN
ENSG00000125319,-0.9917652559051039
ENSG00000161664,-0.2510674396799749
ENSG00000267080,-0.5741737067290414
ENSG00000168591,-1.4977313045909015
ENSG00000087152,0.30030557160071286
ENSG00000267394,-0.4965129120947409
ENSG00000108312,-0.16365711624307588
ENSG00000260793,0.9010948377370465
ENSG00000288877,-0.6850197408284703
ENSG00000004939,1.1518080587006982
ENSG00000267750,-1.3700544179636966
ENSG00000108309,NaN
ENSG00000013306,-1.7638260054882142
ENSG00000288961,-0.2840473978438738
ENSG00000267211,NaN
ENSG00000030582,3.351046385467431
ENSG00000161682,-0.9173466040908671
ENSG00000005961,117.25828503963207
ENSG00000186566,-0.3324299261556754
ENSG00000283045,-1.4106453868272388
ENSG00000180340,-2.714665869541376
ENSG00000180336,-1.228608197281429
ENSG00000180329,-0.7174055651305236
ENSG00000267160,NaN
ENSG00000161692,1.5432337748382348
ENSG00000073670,0.4441498319979974
ENSG00000182963,0.7732309954843961
ENSG00000131097,1.1079299226313797
ENSG00000108883,0.20531322141282307
ENSG00000167131,9.805899576424553
ENSG00000186185,-1.535519522919544
ENSG00000136448,0.2451657553465485
ENSG00000131094,NaN
ENSG00000172992,1.8409836410464058
ENSG00000161714,-0.759396976739023
ENSG00000181513,-0.5042422491812127
ENSG00000276728,-1.0495387423940363
ENSG00000186834,2.501962224328208
ENSG00000224505,-0.6067507698087262
ENSG00000168517,17.707121920263695
ENSG00000267288,-1.4655367081483557
ENSG00000267121,0.8186230169630853
ENSG00000184922,-0.7481217967152174
ENSG00000233175,-0.616128477558184
ENSG00000267278,0.7274503159834302
ENSG00000184361,-0.17617495810766368
ENSG00000006062,0.3399379866082405
ENSG00000159314,0.6217810574350613
ENSG00000267344,NaN
ENSG00000225190,-0.4145431460327087
ENSG00000236234,1.7459055286705571
ENSG00000291175,-0.9887205586643902
ENSG00000131484,1.6742416357264889
ENSG00000267198,0.6636255774211723
ENSG00000285668,5.435663124053426
ENSG00000120088,NaN
ENSG00000264589,NaN
ENSG00000186868,1.4063931457309435
ENSG00000120071,-0.5008663246362564
ENSG00000262372,NaN
ENSG00000214401,-0.8480098163888233
ENSG00000291018,NaN
ENSG00000228696,2.9214940281565185
ENSG00000176681,-1.3032233148583956
ENSG00000185829,-0.6973647470971501
ENSG00000238083,-1.1818828083561725
ENSG00000232300,-1.1186640211100667
ENSG00000073969,-0.8487628285200297
ENSG00000108379,-0.09446668088863651
ENSG00000158955,-1.32229178299976
ENSG00000261886,NaN
ENSG00000108433,-0.09325435950926855
ENSG00000291209,4.87984940431547
ENSG00000262879,1.4540958406726734
ENSG00000004897,-0.3127429966635667
ENSG00000262265,-0.5991979271401318
ENSG00000261872,NaN
ENSG00000198336,NaN
ENSG00000259207,65.07126940473624
ENSG00000263293,3.932904202811494
ENSG00000178852,1.0041952312326736
ENSG00000253347,-0.3557688353522923
ENSG00000291120,-0.4584165009977748
ENSG00000141279,-0.18891595937139297
ENSG00000263766,-0.07179820896929781
ENSG00000108424,-1.1646930368508548
ENSG00000198933,0.5868420760619827
ENSG00000073861,9.643733457744178
ENSG00000006025,0.036266936998263416
ENSG00000159111,-1.3231201684901002
ENSG00000141294,-0.25681549689027183
ENSG00000141295,-1.2479455108631663
ENSG00000189120,NaN
ENSG00000264920,0.8971463286773677
ENSG00000167182,-1.0478200172001015
ENSG00000234494,-0.24289273167398232
ENSG00000108439,-1.1538381746892457
ENSG00000167183,NaN
ENSG00000108465,-1.0575282669472283
ENSG00000264701,NaN
ENSG00000005243,-0.2123115145506894
ENSG00000263412,NaN
ENSG00000082641,0.20261454167683243
ENSG00000278765,NaN
ENSG00000108468,-1.2176314549037754
ENSG00000002919,-0.6263590058577044
ENSG00000141293,1.685204744038981
ENSG00000263787,0.3947299447160817
ENSG00000235300,-0.2668612563984811
ENSG00000264451,NaN
ENSG00000173917,-0.23727472584265605
ENSG00000230148,-0.6692034763406447
ENSG00000120093,0.5047845676495127
ENSG00000233101,0.7517168800026337
ENSG00000182742,0.37516303132899764
ENSG00000257178,NaN
ENSG00000108511,NaN
ENSG00000260027,NaN
ENSG00000272763,NaN
ENSG00000244649,11.900518356931796
ENSG00000170703,-0.05404549902725544
ENSG00000136436,-1.0886399760678636
ENSG00000159199,-2.2887123502591504
ENSG00000159202,-0.6411794718919748
ENSG00000159210,-1.9134730223319545
ENSG00000230532,-1.1742246395264822
ENSG00000289021,0.8621096357785109
ENSG00000159217,-0.761061150143996
ENSG00000167083,-1.0325369467050753
ENSG00000108798,0.7911409239936331
ENSG00000173868,0.313445475582834
ENSG00000177369,-0.21994967838141266
ENSG00000198740,0.04821072814807644
ENSG00000248714,5.250441042882858
ENSG00000262039,0.06448754065736019
ENSG00000167085,-2.0330344749629647
ENSG00000064300,0.4355154282308598
ENSG00000249906,NaN
ENSG00000121067,-0.597207965551604
ENSG00000121073,-1.2925780312761679
ENSG00000250751,-0.9859791512084485
ENSG00000121104,0.850208887345331
ENSG00000136504,0.09662628422293126
ENSG00000262837,-0.2869138269827643
ENSG00000176358,-0.9705430576013871
ENSG00000204584,-0.8643269676192711
ENSG00000248954,3.490776047901892
ENSG00000108813,-2.5101239033497222
ENSG00000248172,3.8948757165118075
ENSG00000246640,NaN
ENSG00000005884,-0.11840964838347778
ENSG00000276851,NaN
ENSG00000005882,-1.0656475514051718
ENSG00000167100,34.877754800452266
ENSG00000108819,-1.3046367391524074
ENSG00000236472,-2.1723335510631503
ENSG00000253730,1.9067091669503737
ENSG00000261959,NaN
ENSG00000108823,0.30275596835503854
ENSG00000108821,NaN
ENSG00000249406,NaN
ENSG00000251179,NaN
ENSG00000015532,-0.8074336175117933
ENSG00000108826,-1.2641804889204558
ENSG00000154920,NaN
ENSG00000108829,-1.5324278915349756
ENSG00000167107,0.06015757409948478
ENSG00000136457,-0.6124485599772025
ENSG00000275897,NaN
ENSG00000136444,-0.2772948902948038
ENSG00000249451,NaN
ENSG00000136449,1.3583356237879347
ENSG00000250286,-0.49378328017463013
ENSG00000006282,2.8611791026159326
ENSG00000006283,NaN
ENSG00000108846,52.40056991318782
ENSG00000154945,-0.7128407920278621
ENSG00000262967,-0.8030560604918106
ENSG00000108848,-0.3924920482901484
ENSG00000167117,NaN
ENSG00000290053,20.189984254032517
ENSG00000141232,-0.4198561103892543
ENSG00000229980,-0.6404449576135703
ENSG00000262006,NaN
ENSG00000247011,-0.1102941473337126
ENSG00000008294,-0.488237954272874
ENSG00000249870,-0.4214199922377126
ENSG00000239672,-0.9191431828390392
ENSG00000243678,-1.1859296905314929
ENSG00000011258,0.3711800508518191
ENSG00000264895,-0.3682265979008766
ENSG00000011260,-1.0146678495281884
ENSG00000267452,0.4942454357824033
ENSG00000154975,NaN
ENSG00000263317,NaN
ENSG00000226364,NaN
ENSG00000285939,-0.7791757696586038
ENSG00000141198,0.7670128746984881
ENSG00000166260,-1.2055200655496545
ENSG00000166263,2.5051899082617997
ENSG00000108924,1.7728799977412062
ENSG00000263096,NaN
ENSG00000262079,NaN
ENSG00000108960,79.29902836630846
ENSG00000141179,3.002506450616066
ENSG00000262052,NaN
ENSG00000153930,-0.28299468741657374
ENSG00000183691,0.12718651206612225
ENSG00000214226,-0.5517659698839645
ENSG00000153933,-0.11026941425214576
ENSG00000121060,-0.24119360346958316
ENSG00000274213,-0.7044506764050964
ENSG00000121058,-1.141730826106453
ENSG00000121064,0.2876572418510111
ENSG00000263120,5.15865621544248
ENSG00000263004,-0.8232659787864088
ENSG00000121057,-1.142737501823301
ENSG00000263089,2.8502339922908235
ENSG00000286732,NaN
ENSG00000153944,1.1969605847457103
ENSG00000266100,NaN
ENSG00000263499,NaN
ENSG00000265542,-0.5284675830344071
ENSG00000181610,-2.2807749974891767
ENSG00000180891,-0.02459020574292765
ENSG00000136451,-1.1568339662849092
ENSG00000264112,-0.6222670347502092
ENSG00000136450,-1.455879545709852
ENSG00000285930,NaN
ENSG00000266290,NaN
ENSG00000264364,1.2045191191063598
ENSG00000141194,0.2737344768475938
ENSG00000121053,0.18440687946229928
ENSG00000278627,NaN
ENSG00000011143,-0.06693880239238409
ENSG00000287337,NaN
ENSG00000005381,-2.5371944575153975
ENSG00000005379,2.125846356013594
ENSG00000265148,5.699286074064789
ENSG00000265206,1.2847213030347868
ENSG00000213246,0.7099323222680471
ENSG00000108375,1.751353318083572
ENSG00000176160,1.2014113645151538
ENSG00000108389,-1.0002692940138938
ENSG00000289147,-1.0285606778971284
ENSG00000264672,0.718520395471642
ENSG00000108387,46.58217802437539
ENSG00000121101,4.693258944682948
ENSG00000290039,-0.1147937756635936
ENSG00000108384,-0.8521286704943158
ENSG00000175175,-1.3706026099849848
ENSG00000263938,NaN
ENSG00000108395,0.26672194560453827
ENSG00000224738,0.8723845576885341
ENSG00000182628,-1.057266752809205
ENSG00000068489,1.360070865309272
ENSG00000167447,-1.0597644587739206
ENSG00000153982,1.7029034571966273
ENSG00000175155,1.0566761739489905
ENSG00000266002,NaN
ENSG00000265313,1.1932530864223925
ENSG00000108406,-0.7728083533557729
ENSG00000273702,3.0333385961871793
ENSG00000141367,-1.3797671978337014
ENSG00000141378,-0.6713122038582895
ENSG00000062716,2.035384038593628
ENSG00000108423,-0.19362345346813095
ENSG00000108443,0.17148947601573997
ENSG00000189050,-1.1117719550499188
ENSG00000267302,0.09676531873985118
ENSG00000068097,-1.008610269635361
ENSG00000267416,-0.8561640356234288
ENSG00000267248,2.4884243774096686
ENSG00000170832,0.4380016387746484
ENSG00000141371,-2.1633334352073934
ENSG00000062725,0.1522876929518242
ENSG00000259349,1.9516686453284784
ENSG00000267772,NaN
ENSG00000170836,0.9130076921256585
ENSG00000141376,0.9422983642620938
ENSG00000267207,0.8686328556871565
ENSG00000286997,0.0018315451816952211
ENSG00000267131,1.6687213516085737
ENSG00000267280,NaN
ENSG00000253506,-1.1494209252701066
ENSG00000136492,2.881838432379641
ENSG00000108506,1.3892224164772984
ENSG00000108510,-0.32660588010423725
ENSG00000285879,0.12078854382850558
ENSG00000289293,6.29758805749069
ENSG00000172421,-1.768308457665302
ENSG00000087995,0.1557762332257158
ENSG00000146872,-0.5920595261200511
ENSG00000264546,-0.612205049698321
ENSG00000277463,0.26527619050331824
ENSG00000274565,-1.8283889140337592
ENSG00000011028,1.8289995180860847
ENSG00000265702,4.893148280529088
ENSG00000173838,0.757997841934985
ENSG00000265000,NaN
ENSG00000283538,-0.03102579912889442
ENSG00000170921,2.66162031164725
ENSG00000264513,0.13241463659477895
ENSG00000233635,-0.05110729341695615
ENSG00000263644,NaN
ENSG00000265282,NaN
ENSG00000008283,0.9015245985911156
ENSG00000159640,-0.4276525385150614
ENSG00000173826,NaN
ENSG00000136485,-0.14524525717578302
ENSG00000136463,-1.1830326165747431
ENSG00000198909,0.5261378410316592
ENSG00000266173,-0.38691085656945134
ENSG00000136490,-0.9329054059588431
ENSG00000108588,-0.3225771032081729
ENSG00000198231,-1.7533745373957337
ENSG00000108592,-1.2197359163919024
ENSG00000087191,-0.618318751378491
ENSG00000108604,-1.339550050455019
ENSG00000259384,NaN
ENSG00000007312,10.237617337980431
ENSG00000007314,NaN
ENSG00000264954,-0.2066626481565865
ENSG00000224383,0.1052405496008384
ENSG00000108622,4.656118385694312
ENSG00000178607,1.7289402286815139
ENSG00000286629,NaN
ENSG00000289957,1.1875804700534234
ENSG00000266402,-0.012692746051588601
ENSG00000136478,2.1236432170200596
ENSG00000261371,3.0050383741829325
ENSG00000271605,1.0155718918082937
ENSG00000256525,6.07245783084455
ENSG00000108654,-1.4361398971322321
ENSG00000258890,-0.3352741045020789
ENSG00000108854,0.7876278374337451
ENSG00000291117,-0.9824362830693946
ENSG00000176809,-0.072515749758295
ENSG00000265218,1.1607436965799485
ENSG00000266644,-1.1363790594840164
ENSG00000290457,-0.6143447500906679
ENSG00000265912,5.020777608223183
ENSG00000291140,-0.7785449691367934
ENSG00000120063,1.295634273893211
ENSG00000266598,-0.8035365044501873
ENSG00000108370,0.6336245991016499
ENSG00000168646,-0.16280860684831194
ENSG00000154240,3.9953056320167337
ENSG00000091583,NaN
ENSG00000154229,3.569736831173488
ENSG00000264630,1.53633026113146
ENSG00000289587,0.43448126072698184
ENSG00000229330,NaN
ENSG00000075429,-2.3223880684926943
ENSG00000075461,NaN
ENSG00000198265,-0.6160159899029675
ENSG00000285877,9.209675825597717
ENSG00000266473,-0.9883230226025624
ENSG00000197170,-1.1637205299690327
ENSG00000154217,1.7316592628178646
ENSG00000264754,NaN
ENSG00000130935,-1.1054092700958258
ENSG00000171634,-0.5360152193331914
ENSG00000266717,-0.6007902962446876
ENSG00000186665,-0.5979411895580462
ENSG00000182481,2.301410852195392
ENSG00000265055,NaN
ENSG00000291214,0.14781773948014276
ENSG00000278730,4.847941701047068
ENSG00000290646,-0.31375689768242276
ENSG00000274561,10.152894855288624
ENSG00000277476,4.7185564043150965
ENSG00000278740,-0.22486067187700276
ENSG00000267731,-0.601310522557512
ENSG00000196704,0.1778548473617563
ENSG00000290793,-0.948762170842373
ENSG00000265100,-0.8174015112100076
ENSG00000141337,0.46623693206190453
ENSG00000108932,-0.0014973366085914066
ENSG00000267009,-0.40151975888160946
ENSG00000070540,1.3820480323252065
ENSG00000108946,0.22921859751398993
ENSG00000108950,0.34104296370541903
ENSG00000267461,3.5134444281979964
ENSG00000267659,-1.4500636770112234
ENSG00000267250,NaN
ENSG00000154258,-0.24182310733745588
ENSG00000154262,0.8321037099512448
ENSG00000154263,1.7767856180915305
ENSG00000285931,NaN
ENSG00000154265,1.8853405112490875
ENSG00000108984,4.617594706932264
ENSG00000267653,-0.3823846204077745
ENSG00000227517,5.921217945727415
ENSG00000230258,0.47313099220781096
ENSG00000267365,-0.7825905669763141
ENSG00000123700,-2.0071834098480985
ENSG00000289371,NaN
ENSG00000260785,NaN
ENSG00000286387,NaN
ENSG00000283517,NaN
ENSG00000256124,NaN
ENSG00000234899,-0.14317531539029327
ENSG00000227036,6.216551297459647
ENSG00000133195,1.274252293932487
ENSG00000180616,0.08366672961142448
ENSG00000166685,-1.115407464395159
ENSG00000277728,NaN
ENSG00000133193,-1.03911814761369
ENSG00000141219,-1.2869080898711427
ENSG00000187959,NaN
ENSG00000179604,-1.2853480010800766
ENSG00000069188,6.037066622542987
ENSG00000177338,NaN
ENSG00000288006,NaN
ENSG00000285648,NaN
ENSG00000172809,-0.9811957434962824
ENSG00000246731,-1.842763738298915
ENSG00000141540,-0.9151008466285979
ENSG00000264272,NaN
ENSG00000171595,2.6119941811124643
ENSG00000196169,7.357525950610514
ENSG00000204347,NaN
ENSG00000170412,1.9877178042399515
ENSG00000167851,2.8676859275693203
ENSG00000178789,0.02117391650334918
ENSG00000289070,-1.208516884334107
ENSG00000167850,0.2928495003923498
ENSG00000284690,-0.6562097010167629
ENSG00000204345,NaN
ENSG00000261222,-0.12439131715943574
ENSG00000186407,3.475602085206977
ENSG00000264659,0.2834764340814107
ENSG00000172794,12.317711757490514
ENSG00000186074,1.166241568921045
ENSG00000109062,0.6029804831142017
ENSG00000109065,-1.0780535400613263
ENSG00000109066,-0.5674547503368795
ENSG00000161509,-0.7246731232931879
ENSG00000161513,0.21028723955671658
ENSG00000172782,-2.0312892135419403
ENSG00000182040,NaN
ENSG00000183034,NaN
ENSG00000182938,NaN
ENSG00000167861,-0.6176312728365303
ENSG00000109089,NaN
ENSG00000167862,-1.221103517039608
ENSG00000180901,-1.5129901456354655
ENSG00000167863,-1.4472371453447597
ENSG00000170190,-0.2497097183269738
ENSG00000125449,6.6171896034259685
ENSG00000125458,-1.0325873059601227
ENSG00000189159,-1.6281287664104445
ENSG00000265800,NaN
ENSG00000263786,NaN
ENSG00000188612,-1.5991255324122962
ENSG00000125450,-0.318153658581271
ENSG00000125447,0.035154568631934856
ENSG00000125445,-1.6738733150211784
ENSG00000125457,-0.13547376452780885
ENSG00000263843,-0.7066616298319658
ENSG00000125454,0.059008397012876336
ENSG00000177885,-0.4975375937816193
ENSG00000265987,0.1726651340902391
ENSG00000264853,4.111273259716665
ENSG00000177728,0.19522823943850715
ENSG00000177303,NaN
ENSG00000182173,0.07442723133661464
ENSG00000073350,3.4159528473527705
ENSG00000266714,-0.3876064553537522
ENSG00000108469,-0.9473264802227641
ENSG00000204323,36.84360157179805
ENSG00000259120,-0.2505681355485611
ENSG00000161526,-0.21608605326239358
ENSG00000132470,0.4406229683476787
ENSG00000108479,-1.3115330916321004
ENSG00000132475,-0.5172367000337846
ENSG00000132478,-0.4842277121836602
ENSG00000266980,NaN
ENSG00000092929,2.3353089317773597
ENSG00000132471,8.014389640261884
ENSG00000132481,12.868747319235384
ENSG00000267801,NaN
ENSG00000141569,-0.5320421732484025
ENSG00000267342,1.3486371581616503
ENSG00000204316,-1.0544124624943474
ENSG00000188878,0.2543746710505028
ENSG00000161533,0.9290673598053442
ENSG00000257949,-1.6144915665681157
ENSG00000250506,-0.038755368489901035
ENSG00000167880,-0.8937301133399501
ENSG00000167881,-1.6807360023076832
ENSG00000182473,-1.6950390843012424
ENSG00000129654,-0.8885067841142146
ENSG00000267128,-0.6833842741754697
ENSG00000141576,5.218726453298783
ENSG00000185262,-0.2071715274010329
ENSG00000129646,0.11260315011811217
ENSG00000161542,-0.3383115044182794
ENSG00000176170,8.903447012877004
ENSG00000175931,1.6970493865045573
ENSG00000129673,-0.5550598796707652
ENSG00000129667,0.4048318294695814
ENSG00000161544,NaN
ENSG00000214140,29.64584098728572
ENSG00000267546,-1.1925151224564143
ENSG00000163597,-0.9305001679087469
ENSG00000284526,-0.7137871179917993
ENSG00000070731,-1.6333897752007702
ENSG00000286750,NaN
ENSG00000070526,-0.7869112571869727
ENSG00000261335,4.171435195609673
ENSG00000182534,7.379939874851872
ENSG00000070495,-1.3109475597628897
ENSG00000181038,-1.3749413901299534
ENSG00000161547,-0.7739565238576136
ENSG00000092931,0.774487762561831
ENSG00000267065,0.9717241583593027
ENSG00000287836,NaN
ENSG00000267535,NaN
ENSG00000167889,-0.688720576975402
ENSG00000267568,3.386059606336535
ENSG00000234912,-1.1118525314674654
ENSG00000129657,-0.49354161295083093
ENSG00000263718,NaN
ENSG00000184640,-0.8208409282240199
ENSG00000266998,-0.7366835924993118
ENSG00000267263,NaN
ENSG00000267016,1.8372860520424281
ENSG00000267665,NaN
ENSG00000267506,NaN
ENSG00000285535,-0.9731579741455425
ENSG00000204283,0.4300438384541358
ENSG00000078687,0.9432571541196374
ENSG00000141524,0.33451423166935484
ENSG00000167895,0.660939576794915
ENSG00000187997,3.534913989550139
ENSG00000108639,-1.1445136124768165
ENSG00000167900,2.488036246653039
ENSG00000183077,-1.2287791927017366
ENSG00000089685,11.828490199818456
ENSG00000204277,NaN
ENSG00000267737,-1.1836650330392207
ENSG00000184557,4.005766842588046
ENSG00000266970,-0.06669000173818172
ENSG00000087157,-0.29057792334937205
ENSG00000187775,0.13783747779337538
ENSG00000267432,NaN
ENSG00000267123,-0.7892341074351245
ENSG00000108669,-0.8517512799373325
ENSG00000055483,0.20848546669458456
ENSG00000287539,-0.10452654442062918
ENSG00000035862,3.1911061317149745
ENSG00000267601,NaN
ENSG00000178404,-0.514762729974906
ENSG00000267491,NaN
ENSG00000108679,0.06312036002696587
ENSG00000171302,-1.9537319786790692
ENSG00000173918,NaN
ENSG00000167280,-1.3130053176005514
ENSG00000167281,6.800026762031079
ENSG00000267719,NaN
ENSG00000173894,-3.4381565878813984
ENSG00000141570,-2.0528871170312772
ENSG00000262772,NaN
ENSG00000141582,-0.6718029142157701
ENSG00000262188,NaN
ENSG00000167291,-0.5959650614943698
ENSG00000141519,-0.26716764374040336
ENSG00000171298,-0.9029654579082128
ENSG00000141543,0.5223313976313045
ENSG00000275479,NaN
ENSG00000141527,-0.7314426610176328
ENSG00000262580,-1.340899844635766
ENSG00000181523,2.739135104221953
ENSG00000181045,-0.5901858129634407
ENSG00000173821,-0.1102994455012618
ENSG00000262979,0.3688885876522336
ENSG00000276863,NaN
ENSG00000263069,0.17076299254441105
ENSG00000173818,1.3852476842050407
ENSG00000260369,NaN
ENSG00000141564,-0.3200365769746505
ENSG00000262833,-0.11288331042319709
ENSG00000261924,NaN
ENSG00000176108,0.7105855512050383
ENSG00000263218,NaN
ENSG00000262873,0.06952884731898314
ENSG00000226137,-1.5126480075286661
ENSG00000175866,-1.3403370580356315
ENSG00000181409,-0.8083799477855284
ENSG00000225180,NaN
ENSG00000141577,-1.3604248120395952
ENSG00000167302,-0.9737940857579563
ENSG00000224877,-1.5374858977892838
ENSG00000157637,-0.649181362156962
ENSG00000276101,NaN
ENSG00000185168,-1.3791164574388892
ENSG00000185332,NaN
ENSG00000287431,-2.4754666050317446
ENSG00000263154,NaN
ENSG00000262223,-2.1102120252614975
ENSG00000274833,NaN
ENSG00000262877,-2.2674375955142523
ENSG00000266074,-2.0538618959068393
ENSG00000184009,-0.3641907469414567
ENSG00000229848,0.06526513627009603
ENSG00000289182,-0.6348046199310793
ENSG00000186765,0.623104714947106
ENSG00000185504,0.5698388150546827
ENSG00000182446,-0.13057477701231066
ENSG00000182612,-0.6287565380098886
ENSG00000185527,-1.1008417533042192
ENSG00000204237,-0.11816217290993285
ENSG00000185298,-1.1802208440993402
ENSG00000214087,-0.6939672519797073
ENSG00000185359,0.8555765622758585
ENSG00000262049,-0.5865550748945927
ENSG00000262814,-1.495212856392624
ENSG00000183048,-0.3969436639934389
ENSG00000225663,-0.15493641291565974
ENSG00000182676,-0.05512898412871425
ENSG00000185624,-1.1770188155732737
ENSG00000141522,-0.6593011890907801
ENSG00000263731,-1.3903397934151707
ENSG00000263859,NaN
ENSG00000183684,-1.5892742907515913
ENSG00000141552,-1.6425158937284845
ENSG00000185813,0.7931147134737936
ENSG00000187531,-1.149471227811112
ENSG00000197063,0.8370052260469467
ENSG00000265688,NaN
ENSG00000183010,3.856718016488158
ENSG00000185105,NaN
ENSG00000235296,0.23947339405803417
ENSG00000185269,NaN
ENSG00000169696,1.2246950054323669
ENSG00000169689,-1.5037937241297263
ENSG00000169683,6.130400817315675
ENSG00000169750,-2.2951745480702703
ENSG00000169738,-1.3294468051678199
ENSG00000264569,0.1103190884047998
ENSG00000169733,-1.4203274918735875
ENSG00000169727,-1.5666597698353104
ENSG00000169718,0.008388637504528616
ENSG00000169710,-1.1952197917617617
ENSG00000176155,0.4466630797983037
ENSG00000266654,NaN
ENSG00000264548,-1.0630394264937464
ENSG00000141526,0.49002927846187205
ENSG00000141551,-1.3152812677483898
ENSG00000275888,-2.273349256250226
ENSG00000287737,0.6716477516284596
ENSG00000265692,-0.296112752146161
ENSG00000260563,-0.9120726187804746
ENSG00000173762,4.974039812897161
ENSG00000141574,-0.646341246642036
ENSG00000181408,0.31847370276317005
ENSG00000260011,-0.7767530175097914
ENSG00000181396,-0.4441255928435859
ENSG00000264812,0.29323776176315464
ENSG00000169660,0.44997832679347244
ENSG00000279066,-0.2681764027132507
ENSG00000178927,-1.3815165205263782
ENSG00000287193,-0.06642077563352879
ENSG00000265458,-0.8054599148354471
ENSG00000141562,-0.056175749852973515
ENSG00000266236,0.6045786091482015
ENSG00000141568,-0.5369790371986264
ENSG00000262652,NaN
ENSG00000261845,0.7785448072788784
ENSG00000141580,0.3043236300736129
ENSG00000141542,1.417785381383836
ENSG00000263063,NaN
ENSG00000141560,-0.7613521266001708
ENSG00000167363,0.14184852835971465
ENSG00000141556,1.8795043500909077
ENSG00000141579,NaN
ENSG00000262663,0.5182528379319701
ENSG00000175711,-0.07469030465868978
ENSG00000176845,3.0239168243768493
ENSG00000274370,-3.382236013527565
ENSG00000261888,-0.27431242274026313
ENSG00000262898,-0.9041487629279623
ENSG00000290877,NaN
ENSG00000101557,-0.7948272804209182
ENSG00000079134,0.7842682771035785
ENSG00000263884,-0.6877931026152598
ENSG00000158270,5.186702171246911
ENSG00000079101,NaN
ENSG00000176912,-2.3126802652685035
ENSG00000176890,7.633081500634993
ENSG00000132199,2.283700212645891
ENSG00000176105,6.732431943745554
ENSG00000266171,NaN
ENSG00000264339,NaN
ENSG00000264635,-0.3906074375016758
ENSG00000273355,28.536151771090513
ENSG00000265671,-0.39676114025585163
ENSG00000263551,12.274360411993277
ENSG00000132204,4.367063638468722
ENSG00000266602,11.435844500749118
ENSG00000263745,NaN
ENSG00000286975,-0.9714902241476797
ENSG00000101574,0.6827252699928729
ENSG00000080986,-0.0320647236191731
ENSG00000101596,-0.3973674726531917
ENSG00000266049,1.0603968810692466
ENSG00000289061,-1.3218016347444288
ENSG00000132205,2.266713449140307
ENSG00000101577,0.3968268083252735
ENSG00000272625,-1.4200473686414736
ENSG00000265907,1.135088419454997
ENSG00000266397,-1.3216189683722324
ENSG00000101605,3.3340615780992238
ENSG00000265399,0.1509598029899266
ENSG00000272688,-1.2872474323349634
ENSG00000101608,3.153188503823718
ENSG00000264235,-1.1039221580520429
ENSG00000118680,-1.297222184261246
ENSG00000266578,NaN
ENSG00000259256,NaN
ENSG00000177426,-1.2887425480864463
ENSG00000266835,NaN
ENSG00000170579,11.861852461129004
ENSG00000177337,0.18978350718721496
ENSG00000262001,5.883778621069579
ENSG00000266401,NaN
ENSG00000263724,-1.3849383498690166
ENSG00000263878,NaN
ENSG00000266268,5.150053310948692
ENSG00000266153,NaN
ENSG00000265091,0.4768544023770737
ENSG00000264575,-1.1364640910142245
ENSG00000263753,-1.3366359359596711
ENSG00000198081,-0.40383353241390774
ENSG00000264254,0.07217547382303598
ENSG00000266288,-1.6703827806305753
ENSG00000082397,1.961735553116214
ENSG00000265316,-1.9945417775244865
ENSG00000264000,NaN
ENSG00000261738,NaN
ENSG00000264449,NaN
ENSG00000266846,3.5402517048178583
ENSG00000154655,5.651645163694361
ENSG00000088756,NaN
ENSG00000101680,-0.9429829953896222
ENSG00000173482,13.698590761350886
ENSG00000265413,NaN
ENSG00000206418,0.3472002168830382
ENSG00000265962,NaN
ENSG00000168502,1.00180373777256
ENSG00000288939,-0.6550399839777895
ENSG00000178127,-1.2479200405712703
ENSG00000263847,-0.06592925516390624
ENSG00000266053,1.7711665088036266
ENSG00000101745,-0.831326822420401
ENSG00000273284,0.31903497174874645
ENSG00000264964,1.2001269677108193
ENSG00000128791,3.510746123754459
ENSG00000287509,-0.9128350004535577
ENSG00000017797,-1.0533025335575914
ENSG00000266805,-1.597341428882967
ENSG00000154845,0.6802231116921503
ENSG00000266541,NaN
ENSG00000263627,-0.8903790155168658
ENSG00000168461,3.7489733055131227
ENSG00000272799,NaN
ENSG00000101558,0.2644554652131565
ENSG00000265554,-2.271082337300645
ENSG00000287065,NaN
ENSG00000154856,7.793961572152265
ENSG00000134265,-0.469991682276101
ENSG00000266604,NaN
ENSG00000154864,0.9121526538705572
ENSG00000267051,-0.41338646381194044
ENSG00000291183,-0.3125543222645161
ENSG00000141404,3.3885287464952816
ENSG00000255112,-0.1779965770751941
ENSG00000267165,NaN
ENSG00000154889,-0.8349593250828962
ENSG00000273141,-1.8781643709732514
ENSG00000141401,0.39751249711767056
ENSG00000176194,NaN
ENSG00000289550,NaN
ENSG00000176014,1.5087638815378173
ENSG00000141385,-0.805969067672474
ENSG00000141391,6.769714931729371
ENSG00000267108,NaN
ENSG00000267199,0.1680107167470249
ENSG00000134278,0.7013633783792453
ENSG00000128789,-2.03687006180475
ENSG00000101624,1.8044041986142239
ENSG00000267249,NaN
ENSG00000260302,0.2426125004816332
ENSG00000175354,-0.12893038394983808
ENSG00000085415,-0.8739267780172307
ENSG00000266969,-0.9962797809755946
ENSG00000101639,-0.4829176853736491
ENSG00000168675,2.4697735867078907
ENSG00000267393,NaN
ENSG00000267690,NaN
ENSG00000267694,-0.440873904840835
ENSG00000267136,0.008271035177658297
ENSG00000267503,1.2373282258899485
ENSG00000177150,-0.6807421588361967
ENSG00000101654,1.6534669613988304
ENSG00000288839,-0.7376140851442636
ENSG00000175322,1.32032840451878
ENSG00000290461,2.057241203220711
ENSG00000283294,1.5515220564076413
ENSG00000290462,NaN
ENSG00000180777,NaN
ENSG00000265737,NaN
ENSG00000263635,NaN
ENSG00000286293,NaN
ENSG00000067900,-0.8850985827005284
ENSG00000141449,-0.44144038474045877
ENSG00000265751,-1.2422351596979264
ENSG00000141446,-0.21933691370241687
ENSG00000167088,-1.6688464237144487
ENSG00000158201,1.6961758097593833
ENSG00000265656,-0.4932995099258392
ENSG00000101752,1.0547385221455248
ENSG00000265142,3.906435214143292
ENSG00000264149,-0.45822977344874016
ENSG00000265758,0.15125611842076125
ENSG00000141448,0.8241122229798724
ENSG00000273348,2.79038415625464
ENSG00000265943,-0.4236444753796243
ENSG00000101773,0.39015567256298556
ENSG00000134508,0.5559335671103321
ENSG00000134490,2.522168650161126
ENSG00000101782,1.9250763544766543
ENSG00000141452,-0.340886925107549
ENSG00000141458,2.298862469348656
ENSG00000154065,1.4913810805239995
ENSG00000053747,0.5477272652900104
ENSG00000265752,0.18736694567445575
ENSG00000168234,1.8755417009905913
ENSG00000264745,0.9348655987604194
ENSG00000265204,0.5324979198572443
ENSG00000264924,2.1729334852398647
ENSG00000154040,0.264698479715908
ENSG00000265750,NaN
ENSG00000141447,1.2520993110106666
ENSG00000264365,-1.3348667204795375
ENSG00000273321,NaN
ENSG00000154059,-1.0390445081807815
ENSG00000265094,0.6903810498171646
ENSG00000134489,NaN
ENSG00000266489,NaN
ENSG00000265485,NaN
ENSG00000266573,NaN
ENSG00000198795,-0.2052349540736935
ENSG00000141380,-0.8982788649724887
ENSG00000154611,2.035213778065849
ENSG00000141384,0.972151322920956
ENSG00000266237,NaN
ENSG00000263862,NaN
ENSG00000134504,0.003486158941329081
ENSG00000277534,2.228901475036512
ENSG00000260372,-0.017787444051016437
ENSG00000154080,NaN
ENSG00000264151,NaN
ENSG00000170558,-0.2910062945369537
ENSG00000265994,0.24344988798374023
ENSG00000286605,NaN
ENSG00000134762,NaN
ENSG00000134755,1.8715010988371832
ENSG00000265888,NaN
ENSG00000134765,-0.5896900589063786
ENSG00000266729,NaN
ENSG00000134757,NaN
ENSG00000046604,-0.13984455728037637
ENSG00000118271,NaN
ENSG00000118276,3.4122428736740003
ENSG00000259985,NaN
ENSG00000153339,-0.5360233002171562
ENSG00000263924,NaN
ENSG00000276282,-1.3340508566136524
ENSG00000263823,0.30086892486065947
ENSG00000101695,1.6239375013138
ENSG00000274275,-0.25068013588387417
ENSG00000265008,-0.7677471778896662
ENSG00000134758,-0.19893290023467425
ENSG00000263393,5.713385346025531
ENSG00000141441,0.5206084977023842
ENSG00000141434,NaN
ENSG00000285095,-0.002039936915289748
ENSG00000197705,5.466794058459862
ENSG00000228835,2.5196247387864243
ENSG00000166960,3.7284630626486535
ENSG00000101746,-0.6381085125163526
ENSG00000134769,1.7990774844292763
ENSG00000289867,NaN
ENSG00000166974,1.5047663925420987
ENSG00000274400,-0.7139419759187234
ENSG00000186812,-0.8335292891766242
ENSG00000186814,-0.536189070565727
ENSG00000274184,-1.1959150861020538
ENSG00000268573,2.7781866730081393
ENSG00000172466,-0.891746768382885
ENSG00000186496,-1.0975406898108218
ENSG00000275512,NaN
ENSG00000267583,NaN
ENSG00000153391,-0.7756068694451171
ENSG00000289891,-0.6052117586985447
ENSG00000141429,-0.38749790995779937
ENSG00000266965,NaN
ENSG00000267397,-0.21901050065738564
ENSG00000267627,NaN
ENSG00000141428,0.34843025462627414
ENSG00000141425,-0.40365018587965507
ENSG00000141424,-0.3469741378384255
ENSG00000288917,-2.1138812665900195
ENSG00000134759,-1.1200163419246156
ENSG00000260552,NaN
ENSG00000075643,0.16842002468013817
ENSG00000134775,11.396487946064706
ENSG00000134779,-0.8040282399188226
ENSG00000150477,3.2694666694768086
ENSG00000267039,1.4436948257847795
ENSG00000101489,-0.5562406416130257
ENSG00000267707,1.426912403483783
ENSG00000267374,0.9792886343485319
ENSG00000283458,NaN
ENSG00000078142,-0.040549705256630146
ENSG00000276174,0.6264433613567405
ENSG00000267586,3.6177227726066357
ENSG00000152214,-1.0847508357583877
ENSG00000267337,66.490012151592
ENSG00000267414,NaN
ENSG00000152217,7.796716860355805
ENSG00000132874,-1.0474463555044227
ENSG00000267097,NaN
ENSG00000285790,NaN
ENSG00000287943,NaN
ENSG00000288545,2.072358985647861
ENSG00000141469,8.325128414047605
ENSG00000152223,-0.14754553345584676
ENSG00000197046,2.061448767570405
ENSG00000152229,3.0434981709017768
ENSG00000152234,-1.657616984150355
ENSG00000152240,-0.8083423363333317
ENSG00000152242,-0.7972125569930532
ENSG00000141622,6.190925538712281
ENSG00000167210,4.456765595022298
ENSG00000101638,4.130642887297145
ENSG00000270112,2.0038183202944517
ENSG00000274776,NaN
ENSG00000078043,0.6782321220891788
ENSG00000289168,-0.058311131544181494
ENSG00000167216,-0.37412917467571055
ENSG00000266957,0.009152367916312038
ENSG00000167220,3.8999913236798918
ENSG00000134049,-1.5167880212552598
ENSG00000267761,NaN
ENSG00000175387,0.13351396040436625
ENSG00000269365,NaN
ENSG00000184828,0.25805481656118356
ENSG00000286583,NaN
ENSG00000134030,0.6302794071846276
ENSG00000267762,NaN
ENSG00000267764,-0.751972937724028
ENSG00000101665,0.47004995197298594
ENSG00000264269,-0.1479342236629677
ENSG00000141627,-0.5811099185156228
ENSG00000265128,-0.9224663493429435
ENSG00000266696,-1.1720038352026352
ENSG00000263895,NaN
ENSG00000177576,-1.3590265786076656
ENSG00000265496,0.5754985812639294
ENSG00000265681,-1.2086441617
ENSG00000101670,NaN
ENSG00000167315,-1.2624467600662335
ENSG00000267322,4.160537005817368
ENSG00000167306,0.09384471600659533
ENSG00000172361,-0.8159365518701015
ENSG00000141644,-1.296246600212612
ENSG00000154832,-1.0894302785139114
ENSG00000154839,-1.2406614042479154
ENSG00000141639,NaN
ENSG00000134042,NaN
ENSG00000082212,-0.33340499156365977
ENSG00000141642,-1.75774653959872
ENSG00000289868,-1.4020600611147844
ENSG00000141646,-0.9901945640393818
ENSG00000176624,-0.4364288427002864
ENSG00000227115,NaN
ENSG00000187323,-0.2959450837123488
ENSG00000260433,NaN
ENSG00000134046,-1.003268253181171
ENSG00000277324,-0.35924890063846504
ENSG00000101751,-0.2560717351688797
ENSG00000174448,-1.8051611303786537
ENSG00000166845,-0.16769190350359323
ENSG00000041353,31.759691257836778
ENSG00000166510,-0.9226892917675837
ENSG00000196628,33.99296374440994
ENSG00000267028,-0.5417701302702868
ENSG00000267402,NaN
ENSG00000267284,-0.7066073535968748
ENSG00000267325,NaN
ENSG00000260930,-0.322884125597528
ENSG00000267327,NaN
ENSG00000206129,-0.007129486444493419
ENSG00000287248,NaN
ENSG00000289876,NaN
ENSG00000091164,-1.5137410985574953
ENSG00000091157,0.45240292881581534
ENSG00000267225,0.045469273594654656
ENSG00000119547,NaN
ENSG00000066926,-0.587738086430445
ENSG00000278703,1.0838374289062496
ENSG00000134440,-0.6610092875631796
ENSG00000267040,-0.4847104573951812
ENSG00000267787,3.08976279485689
ENSG00000081923,2.285605986918124
ENSG00000049759,1.402890100816102
ENSG00000198796,1.9858533099557483
ENSG00000267257,-2.3857974276493055
ENSG00000267579,NaN
ENSG00000275418,-0.06830864638983081
ENSG00000267226,-1.503510408567524
ENSG00000172175,-0.2577530252142392
ENSG00000267476,0.4866434600158371
ENSG00000267705,NaN
ENSG00000267593,NaN
ENSG00000074657,2.178502954316005
ENSG00000166562,2.3253135134469183
ENSG00000074695,-0.2970604799312648
ENSG00000267677,NaN
ENSG00000183287,4.927356667809414
ENSG00000141682,0.6983007235093105
ENSG00000267686,-0.7086317230541521
ENSG00000285681,NaN
ENSG00000267098,0.466104835669872
ENSG00000101542,13.676776840546204
ENSG00000267316,30.701422046309293
ENSG00000267279,22.735544982760064
ENSG00000267175,14.839088536489516
ENSG00000176641,1.9780112354410286
ENSG00000197563,0.3208515207370785
ENSG00000134444,-0.7626868297196775
ENSG00000266900,7.995929124701898
ENSG00000141655,1.4639277671553097
ENSG00000267341,NaN
ENSG00000141664,2.014727475852785
ENSG00000278017,1.0392599310211799
ENSG00000081913,3.50088373644143
ENSG00000171791,6.5150908641706415
ENSG00000267766,NaN
ENSG00000283125,0.07758450718312422
ENSG00000119537,-0.666568229077692
ENSG00000267390,-0.7806945100404126
ENSG00000119541,-1.8986499629701727
ENSG00000206072,NaN
ENSG00000197632,4.5111392135664845
ENSG00000242550,0.2854231516340788
ENSG00000283667,-1.9305605157976187
ENSG00000166401,-0.6259038542563212
ENSG00000267134,0.1340685981163929
ENSG00000266952,NaN
ENSG00000286800,NaN
ENSG00000264232,0.8539228081517742
ENSG00000265217,NaN
ENSG00000081138,-1.3139808825123624
ENSG00000071991,NaN
ENSG00000171451,-0.09268071177942606
ENSG00000265533,-0.6226712427841226
ENSG00000263594,0.7018717398095876
ENSG00000287907,NaN
ENSG00000166479,-0.8362785826047336
ENSG00000150636,0.9248244699728299
ENSG00000276092,NaN
ENSG00000273584,NaN
ENSG00000206052,1.6798135080114291
ENSG00000266840,NaN
ENSG00000150637,6.598014495036299
ENSG00000176225,1.816139905996741
ENSG00000170677,-0.7589003548148889
ENSG00000266258,NaN
ENSG00000288828,NaN
ENSG00000263417,-0.6306857766576802
ENSG00000265484,NaN
ENSG00000166342,7.82187367863945
ENSG00000263958,2.13176389956021
ENSG00000263711,-0.7975258823020482
ENSG00000261780,NaN
ENSG00000263655,1.0561825161887295
ENSG00000141665,1.5277735861069002
ENSG00000075336,0.3532128145249569
ENSG00000260569,NaN
ENSG00000166347,0.45197612121285513
ENSG00000206043,0.7441058663635207
ENSG00000133313,-0.9588523866558112
ENSG00000276934,-2.3548291371011754
ENSG00000150656,-0.5056095404370757
ENSG00000264247,2.6931916615594154
ENSG00000215421,1.0944245641886983
ENSG00000278607,-1.0490579258052681
ENSG00000273669,-0.9398135171245192
ENSG00000180011,-0.5727435073189125
ENSG00000179981,-0.2111507594406347
ENSG00000261194,NaN
ENSG00000101493,0.683264745890979
ENSG00000263982,-0.03628997796674263
ENSG00000265778,-1.518572768648281
ENSG00000275763,0.8385134759018168
ENSG00000266256,-1.1394218732398103
ENSG00000266312,NaN
ENSG00000264278,0.3370821545253797
ENSG00000278107,-0.7464384798279764
ENSG00000130856,2.2647077982369934
ENSG00000266844,-2.687432582085858
ENSG00000197971,0.027313773906379214
ENSG00000287680,NaN
ENSG00000278330,0.44114426422731046
ENSG00000265844,NaN
ENSG00000166573,1.958041255299834
ENSG00000166377,-0.6384909464775415
ENSG00000267655,-2.0278410511048772
ENSG00000286245,-0.12952906225635372
ENSG00000267628,NaN
ENSG00000131196,0.24057982452791685
ENSG00000286186,-0.8798503589292078
ENSG00000267287,-0.2704044795141115
ENSG00000267409,NaN
ENSG00000178412,2.5209984063847246
ENSG00000274828,7.005405981289733
ENSG00000060069,-1.5774165674083853
ENSG00000178342,3.5499401206452643
ENSG00000122490,-1.0667373531753825
ENSG00000287879,NaN
ENSG00000226742,-0.021326895818371383
ENSG00000141759,-1.6023054721747272
ENSG00000101546,-0.9328971717780337
ENSG00000261126,-0.649047006729815
ENSG00000101544,0.6528635503112086
ENSG00000267270,-0.4012599290890599
ENSG00000178184,3.267834741273532
ENSG00000278000,-0.09493449481463481
ENSG00000282508,2.268006240679018
ENSG00000282393,-0.6727135230980816
ENSG00000105556,-1.301480345570418
ENSG00000105549,NaN
ENSG00000099866,4.207433952857814
ENSG00000266933,2.8424025205213295
ENSG00000141933,1.1566016660539105
ENSG00000099804,0.5492451958741352
ENSG00000197540,5.760944032482377
ENSG00000267751,-1.190913375140221
ENSG00000172270,-0.7554017962124824
ENSG00000099822,-0.18050404385558397
ENSG00000099821,-1.444401905596433
ENSG00000070388,0.8512446960664599
ENSG00000070423,2.3951320857807255
ENSG00000267666,0.6765214539316367
ENSG00000070404,-1.7226013190035983
ENSG00000185198,2.399581969218679
ENSG00000099864,NaN
ENSG00000099812,NaN
ENSG00000267530,1.4347324861816366
ENSG00000011304,-0.8157469648690655
ENSG00000129951,2.2810230464505765
ENSG00000172232,-1.1291373125288937
ENSG00000197561,NaN
ENSG00000197766,3.944864604509649
ENSG00000175221,-1.3439723102969896
ENSG00000198858,8.151070451350847
ENSG00000116014,0.1428363546386808
ENSG00000116017,0.9653876763260555
ENSG00000275162,NaN
ENSG00000065268,-0.29613102337063685
ENSG00000266990,-1.1692663216786443
ENSG00000116032,1.8345892872041099
ENSG00000182087,-1.111158915340826
ENSG00000064666,-1.184983225948972
ENSG00000064687,0.838538252396132
ENSG00000180448,-1.2219997574857788
ENSG00000099817,-0.4703384042367108
ENSG00000167468,3.5505216754544398
ENSG00000064932,1.8419788625545033
ENSG00000290166,NaN
ENSG00000118046,-0.6155211734890426
ENSG00000099625,NaN
ENSG00000267778,NaN
ENSG00000099624,-0.9697591095015481
ENSG00000288704,-1.2304863221364821
ENSG00000167470,0.29340094879299805
ENSG00000099622,-1.1486272405110607
ENSG00000267493,NaN
ENSG00000228300,-1.5509653453049037
ENSG00000099617,1.3644398200390797
ENSG00000160953,2.224630480129654
ENSG00000115286,-2.5977278387151346
ENSG00000248015,NaN
ENSG00000130005,-0.9272105231418369
ENSG00000071626,-0.8647438285643774
ENSG00000115268,-1.0879833650845028
ENSG00000268798,-0.4611258720646449
ENSG00000115266,-0.15318519773350667
ENSG00000267317,-0.10018597385332707
ENSG00000119559,0.7995759336820131
ENSG00000115257,24.1566566426679
ENSG00000115255,-1.4690532769723268
ENSG00000185761,-0.26859228877229774
ENSG00000185988,-0.8198786209595964
ENSG00000267092,NaN
ENSG00000181588,-1.2754527659663417
ENSG00000071655,-0.010242271956032693
ENSG00000127540,-1.3207283467074273
ENSG00000071564,1.2232253419351398
ENSG00000205922,NaN
ENSG00000130270,0.012461362968222396
ENSG00000079313,-0.23255362905927085
ENSG00000267007,NaN
ENSG00000267125,NaN
ENSG00000129911,-0.7330983161021564
ENSG00000261526,-0.8367852168367916
ENSG00000267232,NaN
ENSG00000129968,1.3699511905502793
ENSG00000227500,-0.14981053592810434
ENSG00000213638,0.9408565620404061
ENSG00000133275,-0.8453427631162322
ENSG00000180846,-1.0637974266755954
ENSG00000133243,0.8988276415765711
ENSG00000267283,0.3064557544069858
ENSG00000099875,-0.4387236340373112
ENSG00000172081,-0.6613154071950292
ENSG00000099840,-1.4304104236863047
ENSG00000065000,-0.4486825411566564
ENSG00000104885,0.19384582400095976
ENSG00000267122,NaN
ENSG00000104886,0.9304931315864993
ENSG00000104897,-0.7175777883290148
ENSG00000104899,0.47967117564042683
ENSG00000167476,3.726356072873125
ENSG00000104904,7.9419733438541655
ENSG00000188305,-0.5742441275758751
ENSG00000220008,1.6260825295643653
ENSG00000288156,-1.7469694010652872
ENSG00000130332,-1.6771721888669162
ENSG00000005206,-0.7412963211010459
ENSG00000178297,-0.7139478311167115
ENSG00000099800,-1.672009467726711
ENSG00000176619,-0.9149375952369204
ENSG00000099860,0.5599991736734785
ENSG00000176533,12.18948782780014
ENSG00000267412,-0.36080464044979715
ENSG00000267214,NaN
ENSG00000267749,-0.8010184408017395
ENSG00000276097,1.728500041403949
ENSG00000176490,1.4130162659956624
ENSG00000261342,NaN
ENSG00000141873,9.029844394913944
ENSG00000104969,-1.1505086345593871
ENSG00000172009,-1.3665387672826894
ENSG00000172006,1.0661886995466991
ENSG00000186300,-1.2058621980050708
ENSG00000267063,NaN
ENSG00000287766,NaN
ENSG00000172000,3.2212979264710135
ENSG00000171970,-1.4268918708174785
ENSG00000253392,36.97042393470761
ENSG00000175691,0.3992529771156091
ENSG00000288906,-1.069378077979117
ENSG00000104953,NaN
ENSG00000065717,1.9652561864365121
ENSG00000267469,3.3456482407703487
ENSG00000104964,-0.4380284798218925
ENSG00000088256,-1.116878891786391
ENSG00000267688,NaN
ENSG00000060558,-0.11308521443421525
ENSG00000267551,9.130352273779081
ENSG00000125910,-1.4329714406144185
ENSG00000289471,-1.4456810331136938
ENSG00000125912,-0.86560816352489
ENSG00000161082,0.21341488801854305
ENSG00000141905,-0.1286252692553419
ENSG00000095932,-0.006985010190327019
ENSG00000129932,0.22357990841267167
ENSG00000105325,-0.38067147804108203
ENSG00000161091,-1.370911992206066
ENSG00000183397,0.36503904380851926
ENSG00000267436,5.223515445792116
ENSG00000267231,NaN
ENSG00000064961,2.393506996768991
ENSG00000179855,NaN
ENSG00000006638,10.161510278169741
ENSG00000226800,NaN
ENSG00000105298,-0.8966120397667265
ENSG00000186111,-1.9408113492593688
ENSG00000105289,-0.5923528805960789
ENSG00000011132,-0.08877001359396126
ENSG00000267205,NaN
ENSG00000183617,-1.8653707823767363
ENSG00000007264,6.62361156147294
ENSG00000105278,-0.28566860650776704
ENSG00000167654,NaN
ENSG00000289254,-2.272005434042925
ENSG00000167657,0.43053620056919534
ENSG00000167658,-1.2517153590035253
ENSG00000105229,-1.0509395740718044
ENSG00000178951,-0.17207713916887915
ENSG00000268670,-2.0244911296989714
ENSG00000126934,-1.3857721359695074
ENSG00000060566,0.6131987543043882
ENSG00000077463,-1.326211011120577
ENSG00000089847,-0.44831435364850375
ENSG00000105246,-0.5630513495588119
ENSG00000105248,-0.5611776767004245
ENSG00000105251,2.7746641394257083
ENSG00000167664,0.2771205998959622
ENSG00000105255,-0.1534948408035053
ENSG00000178078,0.14744171016579957
ENSG00000269425,NaN
ENSG00000008382,-1.3694292413342
ENSG00000269807,-1.5677329328305794
ENSG00000269318,4.807549640211272
ENSG00000141985,0.9631374110724759
ENSG00000267980,1.2314662519006587
ENSG00000167670,-0.7649863626800766
ENSG00000267255,-6.394692585025704
ENSG00000167671,-1.0008014617370662
ENSG00000267011,2.0016522549966065
ENSG00000167674,-0.4890401399650526
ENSG00000167676,1.3190581280465241
ENSG00000214456,-1.6558198875957932
ENSG00000171236,-1.946930631666411
ENSG00000167680,-0.34991809261133944
ENSG00000185361,5.438534954741008
ENSG00000074842,-0.07614009214797314
ENSG00000268565,NaN
ENSG00000142002,-0.5353081117283104
ENSG00000205790,0.005491248864730747
ENSG00000176840,NaN
ENSG00000268536,NaN
ENSG00000141965,-1.1546097984398591
ENSG00000269604,-1.0938393663267347
ENSG00000290068,-2.431366151431319
ENSG00000127666,-1.2855115635064742
ENSG00000267484,NaN
ENSG00000105355,-0.6686276592296598
ENSG00000205784,1.2202768844065748
ENSG00000276043,0.2398299419489719
ENSG00000127663,-0.08482843700854129
ENSG00000105426,12.76051299804516
ENSG00000267550,-0.1317393330152505
ENSG00000223573,-1.229409180151192
ENSG00000130254,-0.8592226171679944
ENSG00000160633,-1.4803227297680184
ENSG00000130255,-0.8766543897054955
ENSG00000174917,-1.37485995306518
ENSG00000167733,-1.6806647714352843
ENSG00000196365,-0.7775409771055746
ENSG00000174898,0.17818973124229195
ENSG00000212123,-0.8007120736079261
ENSG00000141994,-1.2257037232019459
ENSG00000171119,-1.64384835074748
ENSG00000289543,0.23255041112601776
ENSG00000156413,NaN
ENSG00000130383,NaN
ENSG00000174886,-2.1653715514356713
ENSG00000266941,NaN
ENSG00000187650,-0.5313968253831002
ENSG00000267571,-1.0203954643478488
ENSG00000105519,0.7859166775748487
ENSG00000031823,-1.208269017476593
ENSG00000266983,-0.41417927613229544
ENSG00000087903,5.976312269005209
ENSG00000267262,-1.607663587670161
ENSG00000267299,-0.8120634404590391
ENSG00000130377,26.90693211385365
ENSG00000130382,3.355989394780072
ENSG00000267563,-0.4947063166997838
ENSG00000167769,1.5443047661210185
ENSG00000269802,-0.6969126098844272
ENSG00000125656,-1.6163832055714156
ENSG00000125652,-1.8087260254589463
ENSG00000125650,3.1157446576049406
ENSG00000125651,-1.3784252782305888
ENSG00000269444,NaN
ENSG00000088247,-0.9165163947512157
ENSG00000125648,0.6690910780078988
ENSG00000130545,1.3201058416676403
ENSG00000205744,0.24191947782383447
ENSG00000275234,NaN
ENSG00000104833,-0.9742212258412386
ENSG00000125657,-0.5561156564851235
ENSG00000125726,5.408209847997429
ENSG00000125735,0.5843087421754779
ENSG00000125730,-1.7274414254983699
ENSG00000125734,1.3609954557689112
ENSG00000125733,0.9391101652060595
ENSG00000269680,1.4855091521997903
ENSG00000125731,0.08576996692736627
ENSG00000141968,-0.2326802299507435
ENSG00000174837,-0.45361947011176873
ENSG00000290427,-1.4634370550134002
ENSG00000182315,NaN
ENSG00000130544,-0.1578045754875972
ENSG00000171105,1.9700089920907378
ENSG00000104880,0.4518401179176753
ENSG00000267852,-0.402166361096519
ENSG00000104883,1.688344138668245
ENSG00000198723,0.00387089805031734
ENSG00000198816,0.6154197235464337
ENSG00000090674,-1.0972887236392912
ENSG00000032444,-1.4587603036872954
ENSG00000076826,-1.3080154721042805
ENSG00000076924,0.9348082891254121
ENSG00000229833,-1.566526832995861
ENSG00000174788,21.429376790166074
ENSG00000268204,-0.4070959443354746
ENSG00000076944,1.4174568133694356
ENSG00000104918,5.694370957232483
ENSG00000183019,3.369145184986083
ENSG00000181029,-0.912574216616656
ENSG00000104921,10.448543110848169
ENSG00000182566,0.5414791722104155
ENSG00000090659,-2.3663576487348124
ENSG00000104938,NaN
ENSG00000142459,-0.6768868805928445
ENSG00000183248,NaN
ENSG00000268120,NaN
ENSG00000214248,13.022584486327005
ENSG00000076984,0.5649234101421209
ENSG00000260001,6.052278643742682
ENSG00000104976,1.2904439404724184
ENSG00000104980,-0.8974490508800098
ENSG00000286138,0.21484113254811207
ENSG00000066044,-1.5064024442976038
ENSG00000269813,NaN
ENSG00000289255,0.3184766206368198
ENSG00000267939,-0.06557941748314276
ENSG00000142449,NaN
ENSG00000090661,3.4510733251822487
ENSG00000271717,4.5699002256993495
ENSG00000167775,-0.12334306688740473
ENSG00000267855,-0.3195099657585611
ENSG00000233927,-1.022388970403631
ENSG00000186994,0.9747238496165014
ENSG00000167772,0.1391857475345533
ENSG00000269386,1.3562595496683463
ENSG00000185236,-0.7399551134300587
ENSG00000099785,22.36276750205123
ENSG00000268931,-0.24083731639618014
ENSG00000099783,-0.3380357372797777
ENSG00000133246,2.341599007190212
ENSG00000133250,-0.9369738668338423
ENSG00000142347,0.6829331723042928
ENSG00000142303,0.7430868152925346
ENSG00000267986,0.599502475546143
ENSG00000268480,4.341751772305766
ENSG00000167785,-0.5383841409867308
ENSG00000170948,1.1907443816319025
ENSG00000269400,NaN
ENSG00000181143,-0.9398968465759416
ENSG00000130803,-1.3189596590656285
ENSG00000188000,1.4161667668244151
ENSG00000196110,-0.35887012122817913
ENSG00000267510,NaN
ENSG00000188321,-0.4553917003792671
ENSG00000188629,-0.5833220953378995
ENSG00000283108,-1.2712339621572408
ENSG00000174652,-1.1354773102157203
ENSG00000287275,1.1070527236832415
ENSG00000198028,NaN
ENSG00000130818,-0.697417640111014
ENSG00000278611,0.48307993172982305
ENSG00000197961,-0.5997827978260465
ENSG00000171469,-1.448208656596836
ENSG00000267106,0.5585506196494682
ENSG00000171466,-0.25810004535036835
ENSG00000277587,NaN
ENSG00000196605,0.7112856158951654
ENSG00000266950,0.09355780903213864
ENSG00000127452,-1.5858816923934944
ENSG00000198258,-1.3943609364066099
ENSG00000267289,0.8352324111876718
ENSG00000127445,0.07714649032987066
ENSG00000105088,-0.654538692130949
ENSG00000080573,18.098939902019207
ENSG00000291164,0.22578492933902686
ENSG00000130813,-0.8674967601671435
ENSG00000130812,-0.7581934284639342
ENSG00000130810,2.7001843893065463
ENSG00000244165,1.2653673100866683
ENSG00000130811,-0.9660537193772208
ENSG00000130816,0.35130039991176415
ENSG00000267534,-0.9003290081784572
ENSG00000105364,-0.5318271513248902
ENSG00000266978,0.7231276735702178
ENSG00000267105,NaN
ENSG00000090339,1.8341608381736283
ENSG00000267607,NaN
ENSG00000105371,-1.9436618905228134
ENSG00000105376,-1.8628512366158376
ENSG00000220201,19.10822718978662
ENSG00000267673,-0.438647093163627
ENSG00000161847,-1.5233281602533617
ENSG00000274425,1.2802990218990717
ENSG00000076662,-0.8893702285766448
ENSG00000105397,-0.8406774280930259
ENSG00000105401,0.3366677673699193
ENSG00000065989,-0.136426895305581
ENSG00000079999,-1.3541778202761796
ENSG00000180739,1.726046176529539
ENSG00000130734,-0.19449796152182447
ENSG00000129347,-0.8331891272118851
ENSG00000129355,21.161801238201452
ENSG00000129354,8.175556005556931
ENSG00000129353,0.30928564146790405
ENSG00000267100,0.3893082917286337
ENSG00000129351,-1.7273568142087563
ENSG00000213339,1.0327811200362655
ENSG00000079805,-0.5082846576330601
ENSG00000099203,-0.8252066146395342
ENSG00000214212,1.1464789344865223
ENSG00000142453,-1.1398441728872069
ENSG00000130733,-1.5680652246236564
ENSG00000142444,-1.5751867616088062
ENSG00000127616,2.124729293187781
ENSG00000266936,-0.916572638307518
ENSG00000130164,1.6641509613195669
ENSG00000161888,13.335904477845663
ENSG00000197256,3.1014542629342183
ENSG00000130158,-0.6626411415345406
ENSG00000267082,NaN
ENSG00000130173,NaN
ENSG00000267174,1.3297990661947439
ENSG00000130167,-1.077911901617459
ENSG00000105514,0.36648253970621747
ENSG00000267576,NaN
ENSG00000105518,-1.1642597135243022
ENSG00000183401,-1.3338918445594357
ENSG00000105520,6.87982255675387
ENSG00000267277,-0.5388038979110529
ENSG00000173928,-0.029568058500063697
ENSG00000187266,3.6168439156197505
ENSG00000205517,1.6552032172624558
ENSG00000198003,11.104011138587284
ENSG00000130175,-1.695784790523819
ENSG00000196361,1.2096660850313274
ENSG00000161914,-0.2737473972492975
ENSG00000130159,-0.5372834429773413
ENSG00000130176,NaN
ENSG00000130165,-1.3380088807597499
ENSG00000198551,-0.05993009478830735
ENSG00000102575,-0.11314818742930213
ENSG00000197332,-1.0658803294923627
ENSG00000289985,-2.001928567040429
ENSG00000197933,-0.632127266533806
ENSG00000197044,1.16003579964697
ENSG00000177599,0.3790666876531295
ENSG00000171295,2.8807558959519604
ENSG00000171291,0.5520634432239927
ENSG00000198429,-0.5387550255932269
ENSG00000196757,-0.08223533615695941
ENSG00000267274,-0.7458958676168108
ENSG00000197054,-0.2039792917164098
ENSG00000219665,0.9561370580163747
ENSG00000197647,-1.0079226497704887
ENSG00000257446,-0.5725174418845551
ENSG00000223547,0.8466988689846704
ENSG00000290812,2.379174680240313
ENSG00000132010,-0.42771671574524966
ENSG00000257591,1.652045042911211
ENSG00000196646,1.730123716185664
ENSG00000291101,1.2368256882332769
ENSG00000197857,1.4428986989706538
ENSG00000188868,3.10858022685654
ENSG00000198342,-0.7003532903402315
ENSG00000196466,0.2849766035364302
ENSG00000180855,-0.2378668890274015
ENSG00000234848,-1.0213144955921218
ENSG00000242852,0.08561460732364541
ENSG00000249709,-0.4467481773478313
ENSG00000269560,NaN
ENSG00000230310,NaN
ENSG00000188033,2.407273490722293
ENSG00000173875,0.1772549571189109
ENSG00000104774,-1.09807859723564
ENSG00000123154,-1.0352596814256931
ENSG00000105583,-0.7506812666693138
ENSG00000285583,-0.5096712111109044
ENSG00000095059,-1.5742661190494691
ENSG00000268945,1.9169021100538222
ENSG00000132004,-1.462483061175378
ENSG00000105576,2.402110344458876
ENSG00000267004,NaN
ENSG00000123144,-1.331713120837328
ENSG00000198356,1.5841717984289716
ENSG00000039987,28.72115744757919
ENSG00000095066,-0.07292146869123911
ENSG00000171223,-0.6088583457679231
ENSG00000167815,-1.3619190325199848
ENSG00000267062,2.486598025723936
ENSG00000284491,8.968790296647573
ENSG00000104889,1.984848808331812
ENSG00000267424,NaN
ENSG00000105613,0.30635376884189336
ENSG00000105612,-1.4915267947664423
ENSG00000105610,-2.39538050933086
ENSG00000105607,-0.8175659103875941
ENSG00000161860,1.3292950609743792
ENSG00000179115,-1.274896763569943
ENSG00000179218,0.04342227651683915
ENSG00000267458,2.444475440198012
ENSG00000179262,-1.5916572810656102
ENSG00000179271,-1.7413445705927428
ENSG00000179284,NaN
ENSG00000008441,-0.8656635136256429
ENSG00000104903,21.079553251542436
ENSG00000104907,-0.5847517207246723
ENSG00000160877,-0.1633381615156923
ENSG00000266897,NaN
ENSG00000267512,NaN
ENSG00000104915,-0.17685535452095796
ENSG00000160888,0.060694665174930544
ENSG00000287296,-1.397532690118914
ENSG00000267598,-1.6277614209330677
ENSG00000141837,1.2099172546815413
ENSG00000104957,-0.7768945721309497
ENSG00000037757,1.242860108752996
ENSG00000267633,6.548049418425801
ENSG00000104979,-1.9371813274757739
ENSG00000132003,0.7145638268764152
ENSG00000267519,5.794232785209004
ENSG00000187556,-1.7905452405363136
ENSG00000132016,2.563044011118149
ENSG00000132024,6.566564986344184
ENSG00000132000,-2.6644551599869444
ENSG00000132017,-0.2615064902816571
ENSG00000132005,1.2942280967049182
ENSG00000275091,-0.7879989091996248
ENSG00000171136,-0.9830555363041059
ENSG00000267670,-0.13927740608631597
ENSG00000104998,0.5965612831812523
ENSG00000141854,20.90191556686837
ENSG00000141858,-1.219402275080152
ENSG00000072062,-0.5618503210774972
ENSG00000267783,-1.962339746073619
ENSG00000105011,2.626260774125639
ENSG00000267169,-1.1141243569380865
ENSG00000072071,-0.3304019927564567
ENSG00000267723,1.661195124471592
ENSG00000266913,0.990098004238273
ENSG00000267147,-0.45750221960708004
ENSG00000123146,2.058278003256153
ENSG00000267379,-0.4468430597062525
ENSG00000123136,-0.3508403797343976
ENSG00000123143,-1.1037095020721062
ENSG00000267474,-0.7796903006716468
ENSG00000160951,NaN
ENSG00000123159,0.48308181030344793
ENSG00000132002,1
ENSG00000099797,-0.029656218795534615
ENSG00000099795,-1.328703209726573
ENSG00000187912,3.588655007137223
ENSG00000131355,0.5290455765492095
ENSG00000160961,0.6445309475890039
ENSG00000127507,5.4624115957717745
ENSG00000127530,NaN
ENSG00000185385,-1.1350068267806224
ENSG00000105143,NaN
ENSG00000105141,NaN
ENSG00000094661,NaN
ENSG00000105137,NaN
ENSG00000105135,-1.5150963144732497
ENSG00000268564,NaN
ENSG00000074181,1.08524844865139
ENSG00000269635,NaN
ENSG00000105131,0.3996403681959291
ENSG00000141867,-1.078554151732331
ENSG00000290008,-0.4855089697737896
ENSG00000273218,1.0309545482497955
ENSG00000105127,0.02425083401500841
ENSG00000011243,0.811016303094124
ENSG00000011451,3.988066255703608
ENSG00000105122,1.1923571148190517
ENSG00000161031,-1.5523992689210278
ENSG00000171954,-0.22574432490214563
ENSG00000186529,1.990262249072911
ENSG00000186204,0.17676510538095955
ENSG00000267308,-1.052212403891677
ENSG00000167460,5.583248624108445
ENSG00000167461,-0.5472336304532707
ENSG00000269243,6.216772068745828
ENSG00000196684,1.844266830644184
ENSG00000141977,-0.5603534741861192
ENSG00000105058,-0.25732228662420714
ENSG00000267033,-0.376572055798415
ENSG00000072958,-0.4788685806977072
ENSG00000267275,-0.004875683956751068
ENSG00000289333,NaN
ENSG00000127528,-0.8163171053101498
ENSG00000277825,-0.1528853953335248
ENSG00000127527,0.4988054812028988
ENSG00000290070,0.12995971969975165
ENSG00000267703,0.11600406075329943
ENSG00000289330,2.7346868312171195
ENSG00000269058,NaN
ENSG00000105072,-1.4856760250844212
ENSG00000085872,0.38855357833966997
ENSG00000269399,-0.4465150012024666
ENSG00000127526,-0.9700804269713653
ENSG00000279529,-0.042565557387465904
ENSG00000105085,0.1626588572765792
ENSG00000269578,-1
ENSG00000268087,3.037061439575726
ENSG00000269427,-0.8460888810808899
ENSG00000214046,-1.7367656567500758
ENSG00000269044,-0.04471065715208989
ENSG00000267904,0.5459449085736664
ENSG00000072954,1.3043972775266053
ENSG00000188039,-1.1483098710794604
ENSG00000127511,-0.4464976046418531
ENSG00000127533,NaN
ENSG00000160111,20.189803552902838
ENSG00000131351,1.0576889008327406
ENSG00000268289,-0.7375568194319784
ENSG00000099331,-0.31176272145929557
ENSG00000269066,-1.1945219905622873
ENSG00000268056,-0.6784227770718229
ENSG00000269836,-1.3672125580721153
ENSG00000053501,-1.148004135666079
ENSG00000099330,-1.0046731647847378
ENSG00000160113,-1.8499163653431292
ENSG00000130307,1.7395611111628433
ENSG00000105393,-0.19239343979940585
ENSG00000160117,-1.2305744823842535
ENSG00000127220,0.3191641448311699
ENSG00000130312,-1.631365844332201
ENSG00000130311,-0.80071498121929
ENSG00000074855,-1.0596375973332155
ENSG00000130299,-0.20155950423432806
ENSG00000130300,1.2022222930783169
ENSG00000269720,-0.7122803690651225
ENSG00000130303,-1.4836858622361253
ENSG00000282851,-1.6266341936584772
ENSG00000141971,-0.9528788574713941
ENSG00000269481,-0.38174769393857433
ENSG00000269053,NaN
ENSG00000188051,0.8678785728384182
ENSG00000130304,0.7063907468335487
ENSG00000269439,0.0492599947004518
ENSG00000130313,-0.7764046029782351
ENSG00000269161,NaN
ENSG00000167483,11.016356765304492
ENSG00000130309,0.042448155943226866
ENSG00000130477,0.7667471077404908
ENSG00000130479,-0.27779914894513263
ENSG00000268112,2.51865654652083
ENSG00000130475,-0.6257993575629298
ENSG00000179913,1.1701201764624607
ENSG00000248099,-0.917028204198813
ENSG00000105639,0.7998214556882121
ENSG00000105640,-0.9766722258993008
ENSG00000105641,0.2067415455769083
ENSG00000007080,-1.4834318463280431
ENSG00000105642,-0.8736242863115966
ENSG00000105643,-0.6679987371361485
ENSG00000096996,2.402321226187441
ENSG00000099308,-0.6447568454795046
ENSG00000269145,0.61885017860824
ENSG00000105647,-1.315340389136998
ENSG00000216490,6.237929492153024
ENSG00000254858,-1.2386478906568674
ENSG00000105649,1.1676059586261645
ENSG00000268650,0.1790449578789526
ENSG00000105650,5.5140860182183715
ENSG00000284797,3.6561862034702495
ENSG00000130518,1.3464996540840668
ENSG00000130522,-0.9009580585266002
ENSG00000130520,-1.6069152749433389
ENSG00000130517,0.4694306612600623
ENSG00000130513,22.395486106463284
ENSG00000175489,2.8218133378657
ENSG00000130511,-0.34675731545145727
ENSG00000105655,-0.3467218705895955
ENSG00000268199,NaN
ENSG00000105656,-0.45085087053993095
ENSG00000105701,1.828774962555777
ENSG00000269191,0.9863302010437085
ENSG00000105700,1.2664299121835245
ENSG00000268030,-1.5747025408498905
ENSG00000221983,-1.4906893018765128
ENSG00000006016,-1.0441666594839911
ENSG00000006015,-1.508216711921665
ENSG00000167487,0.43721597921150746
ENSG00000105662,1.004390925277983
ENSG00000005007,-0.7095001893587553
ENSG00000105669,-1.0771221426920004
ENSG00000105671,-0.9154477099131832
ENSG00000051128,-0.8589134423324439
ENSG00000269019,0.988278948505008
ENSG00000064607,-0.03800707329213676
ENSG00000105676,1.1939085309477018
ENSG00000181035,2.0032852528913616
ENSG00000064545,-1.1427968580792136
ENSG00000213999,1.100335980808651
ENSG00000254901,0.5820478763460006
ENSG00000064490,-1.0133749881622216
ENSG00000184162,-1.3038395813814454
ENSG00000187664,NaN
ENSG00000213996,NaN
ENSG00000105705,-0.08114909635737859
ENSG00000129933,-0.8133445937004747
ENSG00000167491,-0.5222260815821376
ENSG00000178093,-0.6178854968284684
ENSG00000186010,-1.6221462657034995
ENSG00000250067,0.16295271568194794
ENSG00000105717,3.9938140215072755
ENSG00000259242,0.3593265994404343
ENSG00000064547,2.389499158855231
ENSG00000089639,-0.5394667578678427
ENSG00000105726,-1.5059347743351383
ENSG00000181896,1.3742337258365844
ENSG00000105708,0.6522184106875094
ENSG00000266904,1.1220457093350216
ENSG00000287533,0.4223558196422005
ENSG00000291177,1.5122653669006012
ENSG00000081665,0.289732759192189
ENSG00000267481,5.32713993380245
ENSG00000256771,0.1105752289847103
ENSG00000184635,-0.20355261099494726
ENSG00000197124,1.2864465740609545
ENSG00000213988,-0.7795123184903057
ENSG00000267383,0.6749576042628581
ENSG00000256229,-1.1761488348050138
ENSG00000291130,2.1102356322922895
ENSG00000269043,-0.33717861032645974
ENSG00000237440,0.46225623331889903
ENSG00000188171,1.1244414320571647
ENSG00000288815,-0.4391131668223263
ENSG00000160229,-0.31797645111342804
ENSG00000105750,0.6738503239552582
ENSG00000289297,NaN
ENSG00000118620,-0.6790926654559669
ENSG00000160352,0.20579165788754802
ENSG00000196705,1.5559311761307952
ENSG00000182141,-0.33911361363592474
ENSG00000172687,3.2741029598557385
ENSG00000196268,-0.7680795678047057
ENSG00000268119,-0.7872955127634553
ENSG00000197013,-0.685145078986866
ENSG00000268081,0.2392220510066123
ENSG00000268555,62.888594987809185
ENSG00000268240,NaN
ENSG00000197020,-0.3046089954056219
ENSG00000268184,NaN
ENSG00000198521,2.81224466641629
ENSG00000160321,1.1011178526145737
ENSG00000197134,3.064974498168888
ENSG00000197360,-0.8390304374572102
ENSG00000229676,0.3404983871771473
ENSG00000268981,NaN
ENSG00000213973,NaN
ENSG00000268696,NaN
ENSG00000183850,-0.11232496361102982
ENSG00000196081,-0.8456731515775496
ENSG00000284428,-0.9152823362126409
ENSG00000167232,0.2817314375362798
ENSG00000267934,NaN
ENSG00000197372,-0.4080790673427649
ENSG00000196172,-1.085926345663988
ENSG00000288920,-0.8398641959278104
ENSG00000267924,-0.5163471501786498
ENSG00000213967,-0.2694670941242974
ENSG00000269289,NaN
ENSG00000268362,3.105633250257491
ENSG00000213096,0.8375386458992479
ENSG00000276030,NaN
ENSG00000261824,3.2078958091944094
ENSG00000261770,0.3479924098220736
ENSG00000267575,4.691867601011253
ENSG00000281468,-2.3406632297719123
ENSG00000266977,-1.2742730761964114
ENSG00000267509,-0.11620154033076104
ENSG00000260725,NaN
ENSG00000267423,NaN
ENSG00000267339,NaN
ENSG00000169021,-1.8677515341730853
ENSG00000267498,11.980129187630522
ENSG00000187135,NaN
ENSG00000105171,-1.4475886691737356
ENSG00000166289,1.1419214777624005
ENSG00000131943,1.8182672260927726
ENSG00000289030,-0.8351316628526859
ENSG00000105173,-1.5665645672507846
ENSG00000286538,NaN
ENSG00000105176,-0.7283395378086884
ENSG00000287859,-0.0008318252594183141
ENSG00000288072,NaN
ENSG00000267223,NaN
ENSG00000121297,2.4446317224296137
ENSG00000267777,0.3148069303201917
ENSG00000267662,-0.04639530758344928
ENSG00000267489,0.26706237535994776
ENSG00000286041,NaN
ENSG00000288790,35.9042059364778
ENSG00000168813,1.4506075212324052
ENSG00000267213,-0.391030857336584
ENSG00000178904,0.931597778054311
ENSG00000105185,-1.1609491260726352
ENSG00000105186,0.2911670558198592
ENSG00000267557,1.3046288910950017
ENSG00000186326,NaN
ENSG00000267475,-1.7497498499758555
ENSG00000213965,0.8904493744780541
ENSG00000173809,9.696418664674054
ENSG00000021488,2.4056421753610366
ENSG00000121289,2.351221244662448
ENSG00000131944,-1.3599105600245602
ENSG00000131941,1.5678346365236477
ENSG00000076650,2.9657935217075506
ENSG00000166359,0.13930677064957106
ENSG00000289378,NaN
ENSG00000130881,0.48426180358933174
ENSG00000267054,NaN
ENSG00000130876,NaN
ENSG00000245848,0.761495771717153
ENSG00000267296,-2.3199169611498083
ENSG00000267130,-2.010444542977185
ENSG00000153879,-1.1972300782704801
ENSG00000124299,-1.6374592485478967
ENSG00000124302,29.575206226623564
ENSG00000153885,-1.1883187948403415
ENSG00000287526,-0.8146846126369374
ENSG00000257103,-0.6280296411140387
ENSG00000166398,1.3441057565371406
ENSG00000267219,0.24544165082764233
ENSG00000105220,-1.0612176175790538
ENSG00000126249,-1.2673207626333014
ENSG00000267024,NaN
ENSG00000126261,-1.1570981740900244
ENSG00000142279,-0.12546161605495545
ENSG00000268751,NaN
ENSG00000205209,4.3949900312674455
ENSG00000268683,-0.40553600597462797
ENSG00000089335,-0.07143877606892494
ENSG00000274104,-0.2206744923322986
ENSG00000197841,-0.5891543939463187
ENSG00000153896,6.582276219325336
ENSG00000267767,0.6953434451532015
ENSG00000261754,NaN
ENSG00000269086,-0.5769453770476499
ENSG00000271109,1.1597051347127207
ENSG00000168661,2.793609513759114
ENSG00000180884,1.6112493547359377
ENSG00000089351,2.386592639145382
ENSG00000269303,-0.9339878867614098
ENSG00000271032,1.8609220998693399
ENSG00000105711,39.16544725295097
ENSG00000105707,NaN
ENSG00000227392,-0.7983906617405678
ENSG00000153902,-0.7940333279795206
ENSG00000266964,1.1959883823035165
ENSG00000221946,-0.2052966880373966
ENSG00000089327,-0.7413880147308665
ENSG00000177558,NaN
ENSG00000105699,0.3242315237339535
ENSG00000271366,0.8487815111861506
ENSG00000268947,0.32648739219411815
ENSG00000288942,-0.16183124295604562
ENSG00000105698,2.393448051905065
ENSG00000105697,1.2422288462974718
ENSG00000105695,1.6389850365984688
ENSG00000289845,NaN
ENSG00000012124,11.313874652412103
ENSG00000269553,1.0967361473208985
ENSG00000126266,4.625741749349832
ENSG00000185897,10.652505396634021
ENSG00000126251,8.015385036114019
ENSG00000288731,-2.1339293109908994
ENSG00000126262,-1.7731594940359874
ENSG00000161249,-0.3635477284559557
ENSG00000105679,NaN
ENSG00000236144,-0.6848559038420172
ENSG00000105677,-1.6232555163369986
ENSG00000283907,NaN
ENSG00000267626,0.6762601155987213
ENSG00000249115,-0.30826469992992495
ENSG00000126254,-1.2332672421776723
ENSG00000105672,-1.2298497604128258
ENSG00000126267,-1.279007758002779
ENSG00000105668,NaN
ENSG00000226510,NaN
ENSG00000011590,-0.3236947057844104
ENSG00000272333,-0.7075034842980709
ENSG00000126246,-0.5547812316676927
ENSG00000161265,-1.1186196641522916
ENSG00000205155,-1.094132175284769
ENSG00000267439,-0.04257749534441231
ENSG00000267796,-0.6240939145766546
ENSG00000004776,NaN
ENSG00000167595,2.970746539468979
ENSG00000004777,-1.4205894068356621
ENSG00000161270,1.006220581401609
ENSG00000126259,NaN
ENSG00000105290,NaN
ENSG00000167604,0.3780035472275262
ENSG00000126264,1.0794486818234856
ENSG00000011600,3.272778252138858
ENSG00000126243,0.9985557396930671
ENSG00000267786,0.436530612759761
ENSG00000267388,NaN
ENSG00000205138,-1.1154169488657228
ENSG00000181392,-0.35643881712577735
ENSG00000239382,10.913570805066916
ENSG00000267698,-0.2673354959114593
ENSG00000105270,-0.5493006180482402
ENSG00000161277,-0.739960741515009
ENSG00000075702,5.036782028572401
ENSG00000105261,0.666588202637039
ENSG00000105258,-1.8598382823065704
ENSG00000105254,-1.4223576294962421
ENSG00000126247,0.01901747613462065
ENSG00000270760,NaN
ENSG00000161281,1.3395049031475688
ENSG00000196357,-0.14865744595816796
ENSG00000167635,-1.1523408809882156
ENSG00000267053,-0.3487614915028814
ENSG00000232677,0.6309016936149197
ENSG00000142065,0.4116359727389689
ENSG00000181007,0.16817728645998334
ENSG00000186017,-0.21478961691049353
ENSG00000267309,NaN
ENSG00000254004,0.8019460523140042
ENSG00000228629,2.4363275552936248
ENSG00000186020,-0.00792018470271524
ENSG00000233527,1.7958856495258844
ENSG00000161298,0.3121356590581101
ENSG00000197808,1.3599329694803677
ENSG00000276071,NaN
ENSG00000225975,-0.9446485242073265
ENSG00000189042,0.33807999773457087
ENSG00000267041,1.3718456234625307
ENSG00000267260,0.4773209631900524
ENSG00000267353,NaN
ENSG00000267254,-0.22703562782491882
ENSG00000197863,0.0334368288520292
ENSG00000251247,-0.1081129836733756
ENSG00000185869,1.5363377075455513
ENSG00000198453,0.2660574702495116
ENSG00000197050,1.519649111814949
ENSG00000267345,-0.42526458026894687
ENSG00000267672,-0.4930707359034215
ENSG00000196967,-0.8577595869317537
ENSG00000245680,0.10429005139550551
ENSG00000188283,-0.4065937881628386
ENSG00000267605,0.4524642317649544
ENSG00000226686,-0.4589824172077011
ENSG00000181666,-1.0222667568497508
ENSG00000276846,NaN
ENSG00000267682,NaN
ENSG00000189164,-0.8728135932621411
ENSG00000196437,3.5362088471419018
ENSG00000171827,1.9478792600057948
ENSG00000266916,1.3638515872542079
ENSG00000188227,0.7812488523737051
ENSG00000267470,-0.4789590860317903
ENSG00000171817,-0.1706750452358587
ENSG00000180479,-0.1676927848407272
ENSG00000120784,-0.3990309587538369
ENSG00000290988,3.294149583709048
ENSG00000198182,0.4241715046044498
ENSG00000267152,-0.7459775891259784
ENSG00000189144,0.13096821452550492
ENSG00000291089,0.7602877532863882
ENSG00000290722,NaN
ENSG00000171804,NaN
ENSG00000105738,4.403165406739251
ENSG00000268051,-0.6026561484172147
ENSG00000268764,NaN
ENSG00000269653,NaN
ENSG00000268499,NaN
ENSG00000011332,-0.784422821164188
ENSG00000167642,1.023534778749741
ENSG00000167641,12.871494414467355
ENSG00000167645,1.3574403947094358
ENSG00000167644,68.73174845081715
ENSG00000099337,3.992461217152767
ENSG00000099338,2.3035430584867393
ENSG00000099341,-2.149476830821891
ENSG00000188766,-2.1433530205043327
ENSG00000130244,2.466758738756339
ENSG00000171777,0.12335469054754343
ENSG00000196218,-0.8633221961042942
ENSG00000104814,0.8962102647767588
ENSG00000267291,0.06371576643516953
ENSG00000178982,-1.6375415915539162
ENSG00000130402,-0.9196301533861855
ENSG00000267375,-0.7936550025710507
ENSG00000182472,0.8104634271294604
ENSG00000267892,10.60630996514123
ENSG00000171747,0.6332214810766511
ENSG00000104823,-1.87921028013031
ENSG00000104824,-1.5335030787218016
ENSG00000269688,-0.17017853411481587
ENSG00000187994,0.3351614509251661
ENSG00000269050,-0.7835227626255845
ENSG00000068903,0.5741205508536513
ENSG00000104825,-0.5681947193748236
ENSG00000262484,4.252525264617935
ENSG00000104835,-0.9468549640387982
ENSG00000128626,-1.4594521678480434
ENSG00000269190,NaN
ENSG00000287271,0.21713678733318242
ENSG00000161243,1.2791072978861715
ENSG00000183760,3.783186739191824
ENSG00000130669,1.1108050518166912
ENSG00000269172,-0.5490084812883828
ENSG00000182393,-0.06694705037699802
ENSG00000128011,-0.8223010919056735
ENSG00000130755,-1.3928565620473183
ENSG00000290031,4.768012018715898
ENSG00000269246,-0.6836511609578603
ENSG00000179134,-0.5044064377301918
ENSG00000006712,-0.2184968146276156
ENSG00000063322,1.9251389329443316
ENSG00000288919,-0.403843923597317
ENSG00000128016,1.8265756679927083
ENSG00000090924,7.021447373484289
ENSG00000105193,-0.8207564871776323
ENSG00000196235,-1.1819998086509667
ENSG00000105197,-1.0621377666110183
ENSG00000090932,-1.3840393613753768
ENSG00000288770,0.6517953994917236
ENSG00000176401,-0.8413731595027447
ENSG00000176396,-1.5566929144231842
ENSG00000291086,5.662623249684826
ENSG00000006659,NaN
ENSG00000276445,NaN
ENSG00000105204,-0.7700948232205924
ENSG00000105202,-0.6040064297264982
ENSG00000275395,1.6920730880864583
ENSG00000013275,-0.969272151796373
ENSG00000187187,0.17488941246728987
ENSG00000128000,-0.030622156827584766
ENSG00000197782,-0.6390616052977743
ENSG00000269296,1.6551899352410069
ENSG00000130758,-0.09389413904603693
ENSG00000105219,0.120273973845947
ENSG00000105221,-0.1295878145690326
ENSG00000205041,NaN
ENSG00000160392,-1.556516609047199
ENSG00000105223,-0.6505607674919822
ENSG00000160396,2.6893941298874617
ENSG00000105227,1.4472045104281892
ENSG00000197019,1.1863610071997062
ENSG00000277453,NaN
ENSG00000167565,-1.2908620518734348
ENSG00000090013,1.6504117619490257
ENSG00000160460,0.7591675287584989
ENSG00000160410,-0.5008033878919383
ENSG00000090006,-0.2989825333919898
ENSG00000105245,-0.7957599928099818
ENSG00000123815,-0.5083485793763114
ENSG00000086544,-0.7485290878988003
ENSG00000188493,-1.5259397948327873
ENSG00000077312,-1.3900464492805746
ENSG00000261857,1.1086593186340168
ENSG00000167578,0.10870131289062582
ENSG00000282951,-0.1504911713125924
ENSG00000269858,-0.7501071774921627
ENSG00000269843,-0.599591884882493
ENSG00000290611,NaN
ENSG00000291083,0.9526655961240479
ENSG00000197838,NaN
ENSG00000197446,-1.1043466225504504
ENSG00000167600,-2.483643442325025
ENSG00000167601,0.6108128375438824
ENSG00000105323,-0.8173687261170878
ENSG00000105329,5.951019458805577
ENSG00000286177,2.238162413834067
ENSG00000142039,1.6979533007632701
ENSG00000142046,1.6079696697534696
ENSG00000123810,-1.1075176168083134
ENSG00000077348,-1.4548422380774921
ENSG00000248098,-1.535563001395727
ENSG00000177191,-0.7371353691297251
ENSG00000105341,-1.1703468571254898
ENSG00000204978,NaN
ENSG00000267107,NaN
ENSG00000289298,2.0602303493452743
ENSG00000270164,-0.0002031832471479704
ENSG00000268027,-0.4701177460524031
ENSG00000007129,0.5515250464007648
ENSG00000291001,-0.7024492220507862
ENSG00000105352,-1.144054949561107
ENSG00000007306,NaN
ENSG00000105388,1.5479556506403465
ENSG00000268833,NaN
ENSG00000170956,-1.925568190564271
ENSG00000142025,NaN
ENSG00000105372,-0.7685264837036092
ENSG00000105369,15.026641555912112
ENSG00000076928,-0.5756384025723785
ENSG00000268041,-0.8274354285092832
ENSG00000105404,0.19092806117035202
ENSG00000105409,-0.6341258016322209
ENSG00000105737,1.1700090543246904
ENSG00000105732,-0.6560245615119515
ENSG00000289115,-1.3682521516988597
ENSG00000028277,1.3897994801204592
ENSG00000254887,-0.2497102305682341
ENSG00000259436,-1.1961853899603412
ENSG00000160570,-1.3199578142774677
ENSG00000167625,1.377052972795301
ENSG00000105723,-1.1483222971468046
ENSG00000105722,0.3292563330003526
ENSG00000079432,-1.500200601545996
ENSG00000079462,-1.0916879505582362
ENSG00000188368,0.11781487498791818
ENSG00000167619,NaN
ENSG00000105429,11.171028372172161
ENSG00000105427,-0.6423565070320824
ENSG00000213904,1.9426140084554366
ENSG00000079435,0.8051174439084458
ENSG00000189377,0.05968030336169902
ENSG00000079385,0.7390338834758042
ENSG00000124467,NaN
ENSG00000282943,-1.0834764678588213
ENSG00000183668,NaN
ENSG00000231412,-1.4810069666443102
ENSG00000124466,0.032058081459982825
ENSG00000176531,0.7109141626902993
ENSG00000105755,-1.6977437378834952
ENSG00000176472,-0.7105213414232898
ENSG00000073050,-0.8103092339180339
ENSG00000234465,0.44896032293455834
ENSG00000167378,8.238726431723327
ENSG00000124444,-1.2737070665681767
ENSG00000226763,1.2892673563533326
ENSG00000131116,-1.0592036261767566
ENSG00000105767,-0.2691784524510692
ENSG00000011422,13.761584041720992
ENSG00000290609,-0.9978840691187966
ENSG00000124449,NaN
ENSG00000105771,0.02004652187455954
ENSG00000104783,-1.0507996232584895
ENSG00000159871,-0.8842880317758408
ENSG00000167637,-0.3424428047789419
ENSG00000176222,-0.46768307755871547
ENSG00000267058,5.511981190453585
ENSG00000267191,1.1337992534900256
ENSG00000124459,-0.2296614463788112
ENSG00000159905,NaN
ENSG00000204920,0.8151183053185944
ENSG00000277806,NaN
ENSG00000266921,NaN
ENSG00000159882,-0.06422781555895388
ENSG00000159885,-0.9082944486137154
ENSG00000178386,-1.03616849876084
ENSG00000186026,-1.14991838444311
ENSG00000267680,-1.1838959286867667
ENSG00000186019,-0.8986790348811731
ENSG00000256294,-1.250288092507026
ENSG00000289428,NaN
ENSG00000263002,-0.453147562978098
ENSG00000287035,NaN
ENSG00000167380,-1.5429340600811647
ENSG00000131115,-1.0900937513711664
ENSG00000159917,5.406174705428325
ENSG00000159915,0.60845050429654
ENSG00000062370,8.452421198470594
ENSG00000267508,1.907349946068987
ENSG00000278318,1.1683183894085645
ENSG00000167384,0.03427206360445906
ENSG00000273777,NaN
ENSG00000290603,-1.163252795632634
ENSG00000216588,-1.0093267907347159
ENSG00000266903,-2.0699273655783803
ENSG00000073008,-1.3166029758514828
ENSG00000186567,-1.5224831155353162
ENSG00000069399,-0.6660950814106407
ENSG00000142273,NaN
ENSG00000187244,NaN
ENSG00000130202,-0.702427418995299
ENSG00000267282,-0.20186674881678132
ENSG00000130204,-0.6441837409480511
ENSG00000130203,0.1297938041588377
ENSG00000130208,-3.195127380148989
ENSG00000267114,-0.4733599401995243
ENSG00000104853,-0.9138594371743585
ENSG00000104856,0.813122527647222
ENSG00000104859,0.5464195093653678
ENSG00000170684,-0.20842388466277334
ENSG00000267348,0.36190017132079866
ENSG00000142252,-1.7899848981764113
ENSG00000007047,1.0951505865624709
ENSG00000104866,-1.3263061371622689
ENSG00000267044,NaN
ENSG00000179846,-1.125781598785005
ENSG00000007255,-1.7417144807979603
ENSG00000189114,-0.8387508248183753
ENSG00000283632,-0.42846167478406527
ENSG00000104879,-1.4684101508975176
ENSG00000104884,-1.3453316972012486
ENSG00000104881,0.17626061506624985
ENSG00000117877,-1.154323812597107
ENSG00000012061,0.10000502069636923
ENSG00000125740,-0.18171979413597278
ENSG00000125744,5.237924679010099
ENSG00000213889,0.799314058537107
ENSG00000125753,0.5060841543518504
ENSG00000125741,0.3224592927950849
ENSG00000125746,-0.16175406268985304
ENSG00000267757,3.6906270849079794
ENSG00000010310,3.570465833884543
ENSG00000125743,-1.187763251255072
ENSG00000011478,-1.2229362419680867
ENSG00000177051,-0.0782970898240218
ENSG00000177045,0.5198154937364857
ENSG00000104936,20.219213006969223
ENSG00000185800,-0.2530410938797621
ENSG00000104941,-1.084886540726227
ENSG00000125755,-0.9352016158546588
ENSG00000269148,-0.36028133154989256
ENSG00000170604,-1.349769809270965
ENSG00000176182,-0.9013453945714938
ENSG00000104967,NaN
ENSG00000104983,3.560737550916163
ENSG00000268401,0.2964711251385377
ENSG00000267922,-1.8727821278417682
ENSG00000269729,NaN
ENSG00000268621,NaN
ENSG00000124440,NaN
ENSG00000011485,-0.5155413149464952
ENSG00000268810,NaN
ENSG00000269151,-0.6804588348480732
ENSG00000182013,NaN
ENSG00000291145,3.134576817252107
ENSG00000204851,NaN
ENSG00000160014,13.6852783191147
ENSG00000269292,NaN
ENSG00000160013,24.91362232270124
ENSG00000167414,23.95790862088673
ENSG00000197380,2.431932199436364
ENSG00000245598,-0.0646015043159516
ENSG00000105287,0.19061003815940014
ENSG00000090372,5.576891999849057
ENSG00000181027,-0.9169536726002939
ENSG00000105281,-1.3566405531465695
ENSG00000275719,-2.095799818872717
ENSG00000042753,0.9944928599442149
ENSG00000160007,4.159954046940854
ENSG00000130751,-0.4460167751020566
ENSG00000130748,-0.5412324426453289
ENSG00000130749,-0.09295886049735046
ENSG00000142230,1.2765816537457946
ENSG00000105327,0.18533175691328757
ENSG00000289915,-0.3172790361448964
ENSG00000286669,NaN
ENSG00000105321,0.5929411233361529
ENSG00000257704,-1.1043643149733693
ENSG00000197405,10.729890374585777
ENSG00000134830,3.5413419496468665
ENSG00000134815,0.6790398387173128
ENSG00000288827,-0.962579314169818
ENSG00000105419,NaN
ENSG00000118160,1.1124463982682988
ENSG00000287896,5.642004410930922
ENSG00000118162,-1.4263229453158621
ENSG00000268061,0.579179757616651
ENSG00000105402,0.7061601732334543
ENSG00000118156,0.8197371198890578
ENSG00000268746,-0.4187560681717158
ENSG00000277383,-1.1959553918139247
ENSG00000063169,-1.1618283877896465
ENSG00000269806,-0.579608096232819
ENSG00000024422,NaN
ENSG00000105373,-0.8080868084309962
ENSG00000269656,1.288141521194876
ENSG00000178980,-0.9776336053233338
ENSG00000178928,NaN
ENSG00000105392,-0.6081852000806564
ENSG00000105398,0.54927776789492
ENSG00000169393,NaN
ENSG00000105507,36.110890255527636
ENSG00000105499,0.425923989570671
ENSG00000105486,2.884815671256805
ENSG00000269534,-0.5764141305379425
ENSG00000185453,-0.7406401235840632
ENSG00000105483,-0.552671951199959
ENSG00000268583,0.7478181127668603
ENSG00000268001,-0.8899168600811612
ENSG00000268186,17.158965707705118
ENSG00000178150,-0.8110524336489211
ENSG00000105479,-1.3613861800005342
ENSG00000142227,-0.7178567391501467
ENSG00000161558,1.0760499590423684
ENSG00000105467,0.025853175954508728
ENSG00000105438,-1.092997179431716
ENSG00000105464,8.311025680429962
ENSG00000105447,-0.9249438573745214
ENSG00000182324,0.3255870413904377
ENSG00000268530,NaN
ENSG00000105443,0.5914644700675851
ENSG00000142235,-0.5480754571726083
ENSG00000287603,3.263200889302791
ENSG00000088002,2.0787341736082547
ENSG00000105523,1.299869416985366
ENSG00000063177,-1.0005075774419185
ENSG00000268093,-0.00857195956457327
ENSG00000063176,-0.01654879589062265
ENSG00000105516,-0.8187990161381223
ENSG00000063180,0.2049500276625969
ENSG00000142233,-0.4636388454044594
ENSG00000176920,3.272900566250666
ENSG00000176909,-0.3727709294469695
ENSG00000105538,-0.18694013419929525
ENSG00000182264,NaN
ENSG00000174951,NaN
ENSG00000105552,-0.09395598863524071
ENSG00000286024,-0.8533005605665398
ENSG00000087076,0.2031744267695546
ENSG00000105559,-1.0234854519973557
ENSG00000087074,-0.1874822307481362
ENSG00000104804,7.386175626571901
ENSG00000104805,-0.0772863468387622
ENSG00000235191,-0.5276924006316605
ENSG00000260366,NaN
ENSG00000104808,0.09779317745952663
ENSG00000087088,-1.2805446711423636
ENSG00000087086,2.1072322461824875
ENSG00000104812,-0.14752914608592183
ENSG00000183207,0.37267353543655996
ENSG00000104826,-0.6522761498475008
ENSG00000104848,NaN
ENSG00000104852,-0.7668929172179075
ENSG00000104863,0.9526507723741576
ENSG00000221916,-0.1844713859507773
ENSG00000177380,1.0957755247992897
ENSG00000130528,NaN
ENSG00000130529,11.718689073318568
ENSG00000063127,6.029262455037293
ENSG00000197813,-0.8175180462458626
ENSG00000104894,1.4728677612353724
ENSG00000074219,1.0082631638915096
ENSG00000268157,NaN
ENSG00000104901,NaN
ENSG00000268686,1.3852424296054233
ENSG00000161609,NaN
ENSG00000104888,NaN
ENSG00000104872,-0.06641011804781977
ENSG00000161618,-0.7842011611386718
ENSG00000090554,2.3837372098680683
ENSG00000142541,-1.0432702216893637
ENSG00000142534,-1.3258905646797026
ENSG00000104870,1.6353538867872155
ENSG00000142552,0.902233243478494
ENSG00000142546,2.601976285837959
ENSG00000126460,-1.1459749392418417
ENSG00000126464,0.7086627288720054
ENSG00000126458,6.836336116330579
ENSG00000126461,-1.3374742783522993
ENSG00000126456,0.09647958909615234
ENSG00000126453,-1.3898408691432733
ENSG00000126457,-1.7611275110311302
ENSG00000224420,-0.257059496629783
ENSG00000169169,NaN
ENSG00000126467,-1.8692794911141255
ENSG00000196961,-0.3325423513933187
ENSG00000010361,0.08036503224305253
ENSG00000269194,-1.022812314160633
ENSG00000104973,-0.6702142633985105
ENSG00000268006,0.4323382865256205
ENSG00000104960,-1.2439638479050008
ENSG00000268047,NaN
ENSG00000269352,NaN
ENSG00000039650,-0.8953178192232306
ENSG00000204673,-1.2097135465159077
ENSG00000104946,-0.4962935512792791
ENSG00000104951,29.2698665730919
ENSG00000213024,-0.9050207317624969
ENSG00000169136,-0.6489752711818398
ENSG00000161640,-1.15673989477678
ENSG00000161643,-1.8821540064258917
ENSG00000105053,-1.276255112308935
ENSG00000142528,-0.37544745733902823
ENSG00000269091,-0.014770115701001958
ENSG00000204666,-0.45448473343437656
ENSG00000105357,1.1481454850028336
ENSG00000131398,-1.5459876254845113
ENSG00000131408,-0.49912984262184035
ENSG00000291230,8.477229577490997
ENSG00000131400,2.4077663654585457
ENSG00000269392,NaN
ENSG00000062822,0.06474129939801569
ENSG00000269404,5.12058445337784
ENSG00000086967,0.7465449103862408
ENSG00000142530,NaN
ENSG00000161671,-1.3730255654128056
ENSG00000268854,NaN
ENSG00000268518,-2.5658431390258563
ENSG00000289950,-0.43471849427246784
ENSG00000161677,-1.5130892164263152
ENSG00000204653,NaN
ENSG00000131409,1.2521662497360475
ENSG00000213023,NaN
ENSG00000235034,-1.2612143983458963
ENSG00000161681,-0.3051391514948713
ENSG00000105472,-1.1686401623611227
ENSG00000261341,0.02095030170696707
ENSG00000142513,NaN
ENSG00000167748,3.262268913548933
ENSG00000290915,NaN
ENSG00000129451,NaN
ENSG00000167757,NaN
ENSG00000129437,-0.6693084030760911
ENSG00000142544,-1.0568426877977735
ENSG00000129450,-0.14466126831087991
ENSG00000168995,-0.9679996305488366
ENSG00000269072,NaN
ENSG00000291114,0.7724225121442507
ENSG00000105383,0.9542889856648538
ENSG00000179213,-2.1365782935383657
ENSG00000186806,-2.256363951026976
ENSG00000267984,0.6978840509372672
ENSG00000105379,-0.6529309693055129
ENSG00000160318,-0.43722787048499606
ENSG00000105374,23.544702073988503
ENSG00000105370,2.9697559354316905
ENSG00000262874,NaN
ENSG00000268889,0.8764920432967637
ENSG00000142512,1.6266381611100778
ENSG00000255441,NaN
ENSG00000254521,-0.3018314835050988
ENSG00000105492,-0.7532540880024133
ENSG00000105497,-1.5911642752687307
ENSG00000289037,NaN
ENSG00000268500,-1.243106261908449
ENSG00000254415,0.5109070435884194
ENSG00000182310,-0.7270605873386349
ENSG00000171051,2.8051662817688805
ENSG00000171049,-0.15378107772969377
ENSG00000286236,NaN
ENSG00000187474,-2.9210898275531485
ENSG00000161551,-1.3175635005271202
ENSG00000268095,-0.4177984953736379
ENSG00000198093,-1.3440216940315535
ENSG00000176024,0.051090163555014126
ENSG00000269235,-0.42174231282731295
ENSG00000256683,-1.1403907650945397
ENSG00000197619,-0.8728584645099494
ENSG00000142556,-1.3240716379652495
ENSG00000256087,0.10989657325808576
ENSG00000275055,-1.1912943612307745
ENSG00000260160,1.1852986648307247
ENSG00000197608,-0.5951813775505581
ENSG00000204611,3.37327061058437
ENSG00000268458,-0.9359254515739345
ENSG00000196267,2.454967498733612
ENSG00000105568,-1.7612437140702994
ENSG00000268015,0.04774525377197668
ENSG00000196214,-0.1614728553918386
ENSG00000269102,-0.046882059693743795
ENSG00000198464,-1.222873554937614
ENSG00000269535,1.3266420093985016
ENSG00000167554,-0.5255270519130676
ENSG00000221923,-0.6338015971725972
ENSG00000269834,0.100740046965046
ENSG00000167555,-0.5452112008192668
ENSG00000198633,0.9291088029678567
ENSG00000258405,6.968839575718772
ENSG00000288253,-0.3024248666995759
ENSG00000198482,-0.8997770160644372
ENSG00000167562,-0.5164183738110361
ENSG00000289102,-0.10877458239332768
ENSG00000290721,NaN
ENSG00000167766,1.3507532167617302
ENSG00000268970,NaN
ENSG00000290073,0.9853025439697761
ENSG00000269825,1.0624986737876472
ENSG00000288953,-0.8738104537349748
ENSG00000213020,2.2127453855420662
ENSG00000189190,0.9244758534076125
ENSG00000198538,-1.249994308994022
ENSG00000204604,-1.6900662962885635
ENSG00000182986,-0.11787008273525336
ENSG00000213793,-0.44325594173193356
ENSG00000269646,NaN
ENSG00000180257,-0.8857478893421763
ENSG00000268964,NaN
ENSG00000170949,-0.5814874125976268
ENSG00000170954,0.3647861425855572
ENSG00000197937,-0.5733501521309028
ENSG00000197497,-0.44276594340549774
ENSG00000291131,-0.7374944764822435
ENSG00000197928,-1.1102703614548584
ENSG00000269288,NaN
ENSG00000196131,NaN
ENSG00000213799,-0.3940698473539864
ENSG00000203326,-0.9545929982646336
ENSG00000196417,-0.3567381398389239
ENSG00000160336,-0.8855549488261152
ENSG00000287608,0.6118961205965536
ENSG00000198346,-0.3315437569309763
ENSG00000130844,4.0852012073387165
ENSG00000290755,NaN
ENSG00000204595,0.2568001362843248
ENSG00000269842,NaN
ENSG00000269564,NaN
ENSG00000269877,-1.8431468927764463
ENSG00000142405,1.4565341386728707
ENSG00000228323,-0.689249322342295
ENSG00000179820,1.2215665776811087
ENSG00000232220,0.523448153989605
ENSG00000126583,-1.1965372153277463
ENSG00000130433,NaN
ENSG00000189068,-0.604435164923679
ENSG00000170909,0.3450766976187751
ENSG00000170906,-1.9482323962508483
ENSG00000105619,-1.2448002327005365
ENSG00000105618,-0.25127133228763543
ENSG00000237017,NaN
ENSG00000088038,-1.697948128412743
ENSG00000105617,-0.6647617099791387
ENSG00000167608,0.007039475400116562
ENSG00000125505,-0.4402539418789998
ENSG00000170892,-0.15274348103490484
ENSG00000170889,-1.2663534696286003
ENSG00000204577,-0.05377280709388802
ENSG00000269524,NaN
ENSG00000244482,0.8983130431980152
ENSG00000131042,0.2989173721049809
ENSG00000187116,0.7732090126548947
ENSG00000239961,13.22488037964043
ENSG00000167613,-0.5282532509806341
ENSG00000288742,NaN
ENSG00000167614,-0.02220638013951787
ENSG00000227407,NaN
ENSG00000269873,NaN
ENSG00000267838,-0.7855743545951118
ENSG00000226696,-0.5117688914033736
ENSG00000167615,1.6773146651739579
ENSG00000275183,-1.1244291242959106
ENSG00000167617,NaN
ENSG00000167618,4.5296391038036825
ENSG00000290933,0.6720090212079061
ENSG00000239998,0.7917925610084937
ENSG00000104974,0.12818879226158933
ENSG00000104972,1.2045048724133631
ENSG00000224730,NaN
ENSG00000186818,-1.7173039853593932
ENSG00000243772,6.216671988334456
ENSG00000125498,3.532383670459961
ENSG00000189013,5.694047511842326
ENSG00000167633,NaN
ENSG00000221957,7.119047170102987
ENSG00000240403,3.0504437060098337
ENSG00000186431,3.8438981218248762
ENSG00000189430,9.372082331022831
ENSG00000167634,0.3611449637797332
ENSG00000022556,1.4206666935740884
ENSG00000267265,4.845995153298615
ENSG00000088053,0.6127704944069344
ENSG00000160439,-0.31039068951091886
ENSG00000131037,0.9478588869312924
ENSG00000125503,-0.5458992417904158
ENSG00000287170,1.2873262979713542
ENSG00000105048,2.0925219226292553
ENSG00000167646,NaN
ENSG00000129990,0.23027974380078864
ENSG00000286230,0.6530519095987373
ENSG00000267649,-0.22692570048442187
ENSG00000180089,-1.1147135359095992
ENSG00000105063,-0.012540946789977988
ENSG00000133265,-1.1765730376250416
ENSG00000160469,0.8138796803607847
ENSG00000268729,NaN
ENSG00000180061,-1.8795389659694786
ENSG00000276831,NaN
ENSG00000133247,-0.9917037683479037
ENSG00000160471,-1.1484484258121233
ENSG00000095752,NaN
ENSG00000233493,-0.8474323767829416
ENSG00000108107,-1.3018565935857827
ENSG00000108106,-0.28035091469906126
ENSG00000063241,-1.7106181638735938
ENSG00000269859,NaN
ENSG00000197483,-0.8079690451923651
ENSG00000090971,-1.0457067957453652
ENSG00000179954,-0.9427527132303374
ENSG00000218891,-0.3567255536417513
ENSG00000179943,-0.44483981352751756
ENSG00000171443,-1.8311909763542575
ENSG00000261221,-1.5113142544008902
ENSG00000179922,-0.8328315831030353
ENSG00000213015,-0.9378390125154287
ENSG00000171425,-1.3427538826451075
ENSG00000173581,-1.1057621438026821
ENSG00000063244,-1.4449305806672248
ENSG00000267523,-1.0762257852842911
ENSG00000267096,-0.6987109474178194
ENSG00000063245,0.020342657493368065
ENSG00000267117,NaN
ENSG00000185792,NaN
ENSG00000160505,1.2053782615167286
ENSG00000173572,1.9206722862993066
ENSG00000179709,-0.9100809508391455
ENSG00000171487,NaN
ENSG00000142409,-1.301036333350573
ENSG00000167685,-1.0572812298906344
ENSG00000131848,0.22733607973075712
ENSG00000267710,-0.30295828490702364
ENSG00000267549,2.6145098654093712
ENSG00000290720,35.79501388008697
ENSG00000018869,-0.7890054800687935
ENSG00000267192,NaN
ENSG00000267454,2.0749230645356733
ENSG00000198440,-0.3611822897397162
ENSG00000198046,-0.04997212985259377
ENSG00000166770,1.465657054670055
ENSG00000196263,1.6133940348721783
ENSG00000267421,-0.28405023196210283
ENSG00000196867,0.055940344054121974
ENSG00000269696,1.0381624321030587
ENSG00000197016,4.466146634521754
ENSG00000197951,-1.2406245232625004
ENSG00000268182,NaN
ENSG00000127903,0.5886784928372996
ENSG00000286125,5.11273205132116
ENSG00000198300,NaN
ENSG00000131864,NaN
ENSG00000258873,NaN
ENSG00000083844,0.5896215182051399
ENSG00000105146,0.46070562636479706
ENSG00000204524,-0.8567457941535771
ENSG00000267871,6.815055620110967
ENSG00000197714,-0.9208328990432164
ENSG00000288899,-1.1394757701493017
ENSG00000268205,-0.6402110077269855
ENSG00000178229,-1.4199610944493737
ENSG00000268678,NaN
ENSG00000131845,-1.0882566536635936
ENSG00000152433,-1.1221929615135398
ENSG00000256060,-1.3399564945868017
ENSG00000188785,0.2448594318281746
ENSG00000186272,-0.4126281998205597
ENSG00000186230,-1.5079673160820066
ENSG00000276449,1.2712759467727026
ENSG00000178201,NaN
ENSG00000197128,-1.8094354063030327
ENSG00000105136,-0.8409120684038349
ENSG00000152439,-1.1439974892804807
ENSG00000121406,0.4678614196074948
ENSG00000251369,-0.7047824664699758
ENSG00000083817,-0.613303088683006
ENSG00000171649,0.13552212156634996
ENSG00000183647,0.006383710571128332
ENSG00000213762,-0.55565136630255
ENSG00000268392,2.3526244944811583
ENSG00000121417,0.8712705265696133
ENSG00000180532,NaN
ENSG00000204519,-0.5718426373123836
ENSG00000179909,-0.3670259610101688
ENSG00000083814,-1.0413314156845144
ENSG00000152443,-0.33654438110232965
ENSG00000083828,1.1664481193828893
ENSG00000178935,-0.9223391129526785
ENSG00000269343,-0.7418747270791788
ENSG00000204514,-0.1145315323724583
ENSG00000198466,-0.4295862255174277
ENSG00000269867,0.40291609690535146
ENSG00000173480,-1.0919303486835847
ENSG00000196724,1.5383577868582616
ENSG00000152454,-1.5311024065397147
ENSG00000177025,12.087937620017563
ENSG00000166704,-0.7016097902989721
ENSG00000176593,-0.6584929879189324
ENSG00000152467,5.028160282354868
ENSG00000176293,-0.2647973080702744
ENSG00000121413,0.29654611938045994
ENSG00000181894,0.1485766367876437
ENSG00000286632,NaN
ENSG00000171606,0.6355721488653552
ENSG00000198131,0.42915786853705273
ENSG00000268516,-0.5534227859273402
ENSG00000278129,-1.1476766534551017
ENSG00000142396,-1.5888311144526361
ENSG00000283103,-1.191498743138948
ENSG00000182318,-0.21233459272120966
ENSG00000121410,-1.3115419244904654
ENSG00000268895,-0.9398772654359294
ENSG00000174586,-0.36619261848754486
ENSG00000268049,NaN
ENSG00000269054,0.65773925359712
ENSG00000152475,-0.7694557548852436
ENSG00000083845,-0.6423065872020809
ENSG00000171574,-0.09900637802390455
ENSG00000232098,-0.8824766724142389
ENSG00000268912,NaN
ENSG00000131849,-1.1562090863038363
ENSG00000269473,4.3574016044857515
ENSG00000249471,-1.532531624602869
ENSG00000083812,-1.0124641068631122
ENSG00000083838,0.7379854337535076
ENSG00000269106,NaN
ENSG00000083807,-0.7883347268659084
ENSG00000273901,NaN
ENSG00000119574,0.6338575010178713
ENSG00000130726,-1.319410420926538
ENSG00000130724,-1.6194972653812536
ENSG00000130725,-1.5625726013792307
ENSG00000267858,0.12586455082838943
ENSG00000099326,-0.5131527872274211
ENSG00000272874,-0.9340772348353736
ENSG00000196476,-1.5596456942997896
ENSG00000247315,-0.9227250608108845
ENSG00000225377,9.8022605473207
ENSG00000177732,-0.6316969188141885
ENSG00000125841,-0.28392993741106815
ENSG00000101255,-1.3235728779317033
ENSG00000125826,-1.5793934605236861
ENSG00000125875,2.697916236228377
ENSG00000101266,0.6519935667083478
ENSG00000125878,NaN
ENSG00000271303,-1.4506841665097887
ENSG00000101276,NaN
ENSG00000125898,20.47311859264635
ENSG00000101280,NaN
ENSG00000101282,2.252587646671152
ENSG00000286787,3.734950102912772
ENSG00000125818,-1.094038530363484
ENSG00000215595,NaN
ENSG00000244588,NaN
ENSG00000101298,-0.05918663858010816
ENSG00000125775,-1.2758053136754348
ENSG00000234684,0.573626355983991
ENSG00000229728,-0.15496415599723212
ENSG00000088832,4.716358823106418
ENSG00000088833,-1.1031509861590916
ENSG00000196209,0.7736687192546974
ENSG00000125900,0.32938089808756765
ENSG00000101307,0.16334088200802369
ENSG00000089012,0.663088049099574
ENSG00000237914,2.0476772478442546
ENSG00000286288,-0.5968411356923355
ENSG00000276649,-2.441226451828574
ENSG00000198053,1.0573318150490303
ENSG00000233896,0.3115057510825766
ENSG00000125834,0.06819749704762315
ENSG00000287213,NaN
ENSG00000226644,0.36898786172607834
ENSG00000125780,-1.9129243039744772
ENSG00000166948,NaN
ENSG00000125835,-1.182652766587039
ENSG00000088876,-1.5861439583740895
ENSG00000149488,NaN
ENSG00000101361,-0.9753490449188421
ENSG00000101365,-1.636134520565526
ENSG00000228293,-0.39995794342689417
ENSG00000088881,2.981299354335635
ENSG00000088882,-9.69886473749005
ENSG00000132635,1.8536362005366058
ENSG00000215305,-0.6308977276856641
ENSG00000132670,0.5004088879105407
ENSG00000125901,-1.8434222932797828
ENSG00000101405,-0.8718572938317741
ENSG00000235958,1.1076717127488491
ENSG00000185019,0.2531266161697472
ENSG00000215251,-1.3544296114390113
ENSG00000088899,0.21089412842560892
ENSG00000198171,-1.4048926638239931
ENSG00000289494,NaN
ENSG00000125877,-0.2206150693353603
ENSG00000088836,NaN
ENSG00000277287,NaN
ENSG00000088854,1.2874015403930377
ENSG00000288577,0.38045937685514436
ENSG00000088812,0.6254017159243958
ENSG00000088827,-0.4394984008644407
ENSG00000132622,-5.62613273980221
ENSG00000101220,-1.0066896308742854
ENSG00000125817,-1.281916666030062
ENSG00000101224,1.3687654080904466
ENSG00000275491,2.4828682461147724
ENSG00000125843,-1.3181989689147078
ENSG00000088888,-0.9943422731965311
ENSG00000229539,-0.6008735690729946
ENSG00000125779,-1.5903874421980322
ENSG00000275582,NaN
ENSG00000101236,1.7657458833020394
ENSG00000205300,NaN
ENSG00000088826,110.4518800225559
ENSG00000171867,-1.0226095910925144
ENSG00000101265,0.9568897952953483
ENSG00000089057,-0.3770811604807431
ENSG00000278816,NaN
ENSG00000277425,-0.2763147905349783
ENSG00000089063,-1.9024238839792298
ENSG00000132646,1.2002174099632104
ENSG00000101290,0.1390016334433286
ENSG00000266908,NaN
ENSG00000205181,-0.2549447678571907
ENSG00000235820,-0.025396625856570047
ENSG00000125772,1.618191535986695
ENSG00000171984,1.917573310403019
ENSG00000089199,NaN
ENSG00000089195,-0.42694362850073864
ENSG00000125885,0.26859249902158017
ENSG00000278719,-0.8876138075593336
ENSG00000275632,1.8406984744376047
ENSG00000088766,0.060382395668978676
ENSG00000125872,NaN
ENSG00000101311,NaN
ENSG00000232271,NaN
ENSG00000125827,4.371683424797392
ENSG00000229766,1.2333711017651061
ENSG00000182621,4.679390514830695
ENSG00000101333,5.299955912518603
ENSG00000125869,33.389899768319204
ENSG00000101349,NaN
ENSG00000286470,NaN
ENSG00000132623,-1.590152391152069
ENSG00000227906,5.360045158706396
ENSG00000132639,NaN
ENSG00000125863,-1.2361981026240276
ENSG00000149346,0.26260169793792965
ENSG00000101384,1.3131256853486815
ENSG00000270792,-0.4610666170446602
ENSG00000224961,NaN
ENSG00000125899,NaN
ENSG00000261411,NaN
ENSG00000228422,NaN
ENSG00000132640,0.42184662473997636
ENSG00000236526,NaN
ENSG00000234265,NaN
ENSG00000172296,4.232868084401699
ENSG00000101230,1.2750918009688537
ENSG00000226263,NaN
ENSG00000089123,1.8012135011423593
ENSG00000089048,0.23693500936302195
ENSG00000101247,0.9390453166470852
ENSG00000101251,0.22870043149578936
ENSG00000172264,11.174607824404585
ENSG00000289572,NaN
ENSG00000235914,NaN
ENSG00000286546,2.304426004440034
ENSG00000089177,0.016203672775612566
ENSG00000125870,-2.0127038224577456
ENSG00000125851,NaN
ENSG00000125864,-0.495553506382528
ENSG00000125868,-1.009703283166664
ENSG00000125844,-0.09838687335600198
ENSG00000089006,-0.8158025078575486
ENSG00000125850,1.0046405019370237
ENSG00000125871,-0.7420726378182113
ENSG00000229262,NaN
ENSG00000149474,0.6744977163069003
ENSG00000232838,-1.188807724740736
ENSG00000125846,0.5064700635390365
ENSG00000230010,-0.3974757582832531
ENSG00000089091,1.142046221774737
ENSG00000132664,-1.3541699216918854
ENSG00000089050,-0.46987741403848154
ENSG00000101310,-1.0354211225210035
ENSG00000232388,-1.6636801335645466
ENSG00000125821,0.14171708516031312
ENSG00000233993,0.2690087771874104
ENSG00000179935,NaN
ENSG00000273148,-0.48577155808948064
ENSG00000287430,NaN
ENSG00000185052,26.56904416527605
ENSG00000268628,NaN
ENSG00000132669,3.670741297042535
ENSG00000173418,-0.35992779326362045
ENSG00000101343,0.7940753200185023
ENSG00000089101,-0.20614392942517776
ENSG00000243810,NaN
ENSG00000188559,-0.08972964190599646
ENSG00000225127,0.538496883976621
ENSG00000088970,-0.38425881379725835
ENSG00000232712,-1.081077211736966
ENSG00000275457,0.24370176047662562
ENSG00000088930,-1.2460086301025508
ENSG00000279082,6.021932693196861
ENSG00000280350,NaN
ENSG00000230400,NaN
ENSG00000230492,-2.5185171246498697
ENSG00000178726,3.293522007019378
ENSG00000125810,1.5176411773068545
ENSG00000233746,NaN
ENSG00000230387,NaN
ENSG00000277901,NaN
ENSG00000234832,-1.0832834776881173
ENSG00000132661,-1.608333417685262
ENSG00000232645,-0.7666413222339488
ENSG00000125812,-1.5483512856332564
ENSG00000125814,2.305969131224612
ENSG00000125823,NaN
ENSG00000101439,8.290140822357394
ENSG00000270001,NaN
ENSG00000225056,NaN
ENSG00000290390,NaN
ENSG00000230133,NaN
ENSG00000101463,NaN
ENSG00000228539,NaN
ENSG00000274173,NaN
ENSG00000077984,17.76245785110725
ENSG00000101474,1.4261027793500936
ENSG00000286444,-0.733426205133557
ENSG00000154930,-1.1456563574266108
ENSG00000230725,3.0933000012301086
ENSG00000197586,-1.0678127994796252
ENSG00000277938,-1.1527322897528773
ENSG00000274414,NaN
ENSG00000100994,0.802501144269956
ENSG00000276952,NaN
ENSG00000100997,-0.13256553290211834
ENSG00000101003,2.2417412053008694
ENSG00000101004,13.765307207803577
ENSG00000170191,-0.7008592671759751
ENSG00000213742,2.9400816048680527
ENSG00000130684,-1.4255877764472598
ENSG00000278383,NaN
ENSG00000226465,1.382422678437814
ENSG00000175170,2.5615475264068914
ENSG00000125804,4.249933610860127
ENSG00000231081,NaN
ENSG00000287569,-2.596467726720387
ENSG00000227195,6.280890635300373
ENSG00000238129,NaN
ENSG00000291100,-0.15043041782754338
ENSG00000205611,1.0155029393834671
ENSG00000290901,NaN
ENSG00000290900,NaN
ENSG00000204548,NaN
ENSG00000290996,NaN
ENSG00000101294,-1
ENSG00000274364,NaN
ENSG00000235313,-1.6285246523061088
ENSG00000230613,-0.39282289013259203
ENSG00000278276,-1.1031018916784845
ENSG00000289875,-0.49472347166633823
ENSG00000125968,1.230907328302955
ENSG00000131055,3.213283025166097
ENSG00000171552,3.425271819257961
ENSG00000236559,1.8367643167999699
ENSG00000289492,NaN
ENSG00000088325,0.7843683461341892
ENSG00000149599,NaN
ENSG00000131044,-1.1032353670203037
ENSG00000088356,-0.7818145654156426
ENSG00000260903,13.76305731730407
ENSG00000226239,NaN
ENSG00000101331,NaN
ENSG00000101336,4.90139092397413
ENSG00000101337,-0.5197769330268487
ENSG00000126003,0.5225198596030423
ENSG00000101346,-0.927428892703797
ENSG00000287850,NaN
ENSG00000101350,-0.1310746718544533
ENSG00000277692,NaN
ENSG00000171456,0.8250554244532798
ENSG00000197183,1.8464294511199215
ENSG00000286311,0.7947133016020748
ENSG00000277301,-0.3474118729438548
ENSG00000233293,-0.2980894542079534
ENSG00000204393,0.407798236981246
ENSG00000198547,-1.413605359737621
ENSG00000149600,10.814918212505283
ENSG00000088305,-1.4476942802013077
ENSG00000101367,-1.5820722137779102
ENSG00000260536,-0.586240450942248
ENSG00000260257,-1.47454284535579
ENSG00000215529,-0.2529466435585492
ENSG00000078898,NaN
ENSG00000224876,NaN
ENSG00000101391,-0.5474762656056061
ENSG00000288878,2.0798198255342726
ENSG00000101400,-1.103444538352088
ENSG00000078699,1.8514240254506078
ENSG00000125967,-0.42987463987870117
ENSG00000149609,0.6435787063688891
ENSG00000288649,-1.6804446077532653
ENSG00000271803,NaN
ENSG00000101412,11.35293637753953
ENSG00000101417,-1.2126673731747606
ENSG00000229188,NaN
ENSG00000131061,-0.6200381575359925
ENSG00000230753,-1.2275329773449153
ENSG00000101421,-1.0299926597647198
ENSG00000285230,-1.0545054694206797
ENSG00000125970,-0.6209981727787207
ENSG00000228386,NaN
ENSG00000125977,-1.8361786991414186
ENSG00000287853,2.286763710173897
ENSG00000101440,-0.29715845333227436
ENSG00000250917,-0.24248478222464415
ENSG00000101444,-1.7555204528273267
ENSG00000272945,NaN
ENSG00000078747,0.021792357434424977
ENSG00000236388,-0.9292858318210206
ENSG00000231795,NaN
ENSG00000277558,NaN
ENSG00000125971,-1.2584859656639296
ENSG00000101460,1.0477123381955071
ENSG00000101464,2.803366811348556
ENSG00000198646,-0.32009579982189845
ENSG00000078804,-0.8850147394364666
ENSG00000286803,-0.22859381855584765
ENSG00000131067,0.013443892465127972
ENSG00000131069,-0.9054462025297033
ENSG00000100983,-0.985109782571199
ENSG00000078814,0.2249232452963404
ENSG00000100991,-0.7467322515998351
ENSG00000088298,-1.191992980012925
ENSG00000101000,0.32256876022675596
ENSG00000126005,2.4562303497794638
ENSG00000125966,1.5945107569034058
ENSG00000242372,-1.7869172087955685
ENSG00000101019,-0.19239537598491327
ENSG00000125965,0.46539562655016203
ENSG00000126001,0.26246704385097647
ENSG00000230155,1.1919784927121304
ENSG00000125991,-1.617128939171893
ENSG00000061656,-1.017614771242979
ENSG00000214078,1.6125894167925487
ENSG00000244462,0.42302359528825373
ENSG00000244005,2.5016084812599213
ENSG00000125995,-0.18307124985626191
ENSG00000131051,-1.2991640723744065
ENSG00000289872,-0.7717777775769825
ENSG00000025293,-0.6772618678197984
ENSG00000171222,-2.055993551606353
ENSG00000149646,-1.0258157540810602
ENSG00000260032,6.23246084345015
ENSG00000234139,0.11780945315969825
ENSG00000237063,NaN
ENSG00000088367,36.82704249910843
ENSG00000131043,-0.775162730170363
ENSG00000080845,0.2735148305276524
ENSG00000232907,2.5519487572339994
ENSG00000101335,93.46556335594751
ENSG00000118707,0.506704660472033
ENSG00000101084,-0.7129076983044457
ENSG00000101082,7.9721688527685535
ENSG00000101079,1.4229029750597766
ENSG00000149636,-0.5260499951017159
ENSG00000149639,-0.3174690621898787
ENSG00000101342,-0.14544820503014708
ENSG00000101347,0.19038740613871016
ENSG00000080839,1.0979226049539488
ENSG00000269846,NaN
ENSG00000101353,-0.5655371053804562
ENSG00000118705,-0.8853641182539232
ENSG00000118702,NaN
ENSG00000101363,-1.6975727953554565
ENSG00000286240,NaN
ENSG00000197122,9.353402129716313
ENSG00000166619,-1.0972818324658664
ENSG00000053438,NaN
ENSG00000276603,NaN
ENSG00000274469,NaN
ENSG00000132792,-0.9565858181011337
ENSG00000101407,-0.6687123291867324
ENSG00000101413,-0.6252020861629035
ENSG00000198959,-3.101056610472736
ENSG00000149633,1.3080611014687566
ENSG00000101425,0.7551737687456344
ENSG00000129988,NaN
ENSG00000224635,6.831097522931908
ENSG00000196756,-1.0435934961910838
ENSG00000174365,-1.1832406588202393
ENSG00000170471,-0.786504695262074
ENSG00000101438,NaN
ENSG00000101442,-0.28085373080085013
ENSG00000101445,3.3937790021844783
ENSG00000101447,0.9635753915539014
ENSG00000101452,1.38866642346027
ENSG00000230324,NaN
ENSG00000287983,NaN
ENSG00000229976,5.363006427780108
ENSG00000233415,NaN
ENSG00000204103,7.819140725594177
ENSG00000198900,-0.3421917819718273
ENSG00000226648,-1.2768258096067653
ENSG00000124181,1.162935469784648
ENSG00000174306,1.5898777111740108
ENSG00000132793,NaN
ENSG00000183798,NaN
ENSG00000124177,-0.41908815174483843
ENSG00000273951,NaN
ENSG00000288843,12.013546383335967
ENSG00000228959,1.0349436106434968
ENSG00000196090,-0.8420920540391963
ENSG00000124193,-0.9818575371521221
ENSG00000185513,0.715146024915765
ENSG00000101049,-0.24025071743354706
ENSG00000282876,NaN
ENSG00000101052,0.6132073880479846
ENSG00000101057,14.066375768615268
ENSG00000124191,8.329732173877527
ENSG00000149596,NaN
ENSG00000132823,-0.2619769017326904
ENSG00000223891,-0.09724366366945174
ENSG00000124194,-0.6982767655559662
ENSG00000197296,-1.1578538602253239
ENSG00000101074,NaN
ENSG00000101076,NaN
ENSG00000168746,NaN
ENSG00000124120,-0.028869954825512415
ENSG00000132824,-0.846836562155059
ENSG00000168734,4.817645394148577
ENSG00000196839,1.377743164792976
ENSG00000283440,-0.8802267328305012
ENSG00000244558,0.5392374494685246
ENSG00000064205,NaN
ENSG00000124249,NaN
ENSG00000286100,-0.31403001103035316
ENSG00000166913,-1.2953453504384023
ENSG00000101104,0.9103920899841151
ENSG00000025772,-0.7858899432599015
ENSG00000227477,-0.834593300012264
ENSG00000101109,-0.8115096969001117
ENSG00000124102,NaN
ENSG00000289172,NaN
ENSG00000124159,NaN
ENSG00000124145,4.822981226755736
ENSG00000275894,NaN
ENSG00000204070,-1.6409698947575015
ENSG00000124251,-0.9412614699816784
ENSG00000244274,-1.7999015896347699
ENSG00000124155,-0.6097762381728605
ENSG00000277022,0.23674786429146208
ENSG00000124116,-1.9089577843147232
ENSG00000101457,-0.9189318083211195
ENSG00000175063,1.9510894669485355
ENSG00000101470,19.889397011702883
ENSG00000124104,-1.087207351484098
ENSG00000101473,-0.9509424568334015
ENSG00000132801,3.3514554462666037
ENSG00000168612,0.3384667302465034
ENSG00000124257,-0.9618437815838213
ENSG00000064601,52.38321439577784
ENSG00000100979,-1.0329116773334712
ENSG00000285796,-0.2787445347375237
ENSG00000100982,0.08453150352435398
ENSG00000198026,1.646470420173651
ENSG00000100985,-2.230918283310445
ENSG00000204044,NaN
ENSG00000124140,NaN
ENSG00000124160,0.3366520064286089
ENSG00000101017,8.639851109685022
ENSG00000149654,NaN
ENSG00000080189,0.7322738966257146
ENSG00000273828,-1.1487364223127057
ENSG00000062598,-0.48374248318035756
ENSG00000198185,NaN
ENSG00000158296,1.9693322508474935
ENSG00000172315,-1.5837418370574368
ENSG00000271784,0.33129972724188883
ENSG00000064655,1.616414694407598
ENSG00000101040,0.9379359368740708
ENSG00000267882,NaN
ENSG00000273451,-0.8975251516411907
ENSG00000231119,NaN
ENSG00000224565,2.2693816258659254
ENSG00000124151,0.4219920367490581
ENSG00000196562,1.8837216092776086
ENSG00000237423,NaN
ENSG00000286179,NaN
ENSG00000287335,NaN
ENSG00000286063,-0.09858321932603509
ENSG00000235621,1.142450010690259
ENSG00000124126,0.23207471575396046
ENSG00000286159,NaN
ENSG00000278231,-1.1650191718335638
ENSG00000124198,-0.145720305678423
ENSG00000227431,0.11121481850639946
ENSG00000124207,-0.5772258105206886
ENSG00000124214,-0.9717667259482285
ENSG00000124228,-1.1651891633210836
ENSG00000124201,-1.2033065188741268
ENSG00000177410,-1.0384593013858208
ENSG00000158445,-0.08870933912490325
ENSG00000290421,1.0579618394838035
ENSG00000124212,NaN
ENSG00000158470,2.006629270971784
ENSG00000197818,-0.3715327563537705
ENSG00000158480,-1.0509992275383027
ENSG00000124226,-0.8547188596976412
ENSG00000124216,-0.8260580456112957
ENSG00000231265,NaN
ENSG00000244687,-0.899858798543995
ENSG00000240849,-0.6395373115635598
ENSG00000237595,-1.0072253086714607
ENSG00000277449,-0.7400852276690959
ENSG00000172216,4.048030418793841
ENSG00000224397,6.749641803789713
ENSG00000203999,-2.4223093612016187
ENSG00000233077,-1.1429372120834917
ENSG00000196396,-0.548993366260683
ENSG00000232043,-1.2973961832076553
ENSG00000042062,13.842287065498608
ENSG00000234693,NaN
ENSG00000124171,0.23851896622637236
ENSG00000124243,1.3744974160840182
ENSG00000101126,-0.8010479107957712
ENSG00000259456,-0.274567744510793
ENSG00000000419,0.06614235985098875
ENSG00000124217,-1.23807117419367
ENSG00000026559,5.364926444741094
ENSG00000101096,3.82175946087406
ENSG00000054793,5.418236458262115
ENSG00000227964,0.5741047807092168
ENSG00000020256,0.9391945960784183
ENSG00000287511,-0.13532042209586895
ENSG00000234948,3.186960995692609
ENSG00000225785,NaN
ENSG00000232465,NaN
ENSG00000182463,20.448378723496667
ENSG00000286865,-0.9196623351791459
ENSG00000223492,-0.49038424447883516
ENSG00000227705,-0.6007889678452296
ENSG00000271774,8.831946944007113
ENSG00000259723,-0.8022687618101174
ENSG00000197670,0.668706473835617
ENSG00000171940,-0.7574608330770333
ENSG00000235415,4.029870673231977
ENSG00000225563,NaN
ENSG00000064787,1.0936602163404034
ENSG00000236352,NaN
ENSG00000019186,NaN
ENSG00000101132,-1.094883484284786
ENSG00000101134,0.12209398779889839
ENSG00000287478,NaN
ENSG00000124098,7.240233790510798
ENSG00000087586,2.093725055435266
ENSG00000101138,-0.9276965423634608
ENSG00000087589,1.449501711865643
ENSG00000022277,-1.1663649171011217
ENSG00000124091,0.5257615360448495
ENSG00000124103,-0.2625057444465508
ENSG00000213714,-0.3643204974559054
ENSG00000287079,NaN
ENSG00000225657,NaN
ENSG00000101144,-1.1597902842013956
ENSG00000101146,-1.8143102168657896
ENSG00000218018,-0.5129054231876472
ENSG00000132819,6.8865442747786725
ENSG00000124097,6.23934610801288
ENSG00000227297,2.3595422274729216
ENSG00000124256,0.11044911247477532
ENSG00000124225,2.7771807235787214
ENSG00000278709,4.676464357399698
ENSG00000124237,NaN
ENSG00000291067,1.0375146742050794
ENSG00000124209,-0.8861664299307797
ENSG00000124164,0.09493717519924379
ENSG00000198768,1.819350516244438
ENSG00000231290,1.8190561346432017
ENSG00000124222,-1.4278323413235088
ENSG00000215440,0.8021001619679188
ENSG00000268649,NaN
ENSG00000235590,-0.7587489900571031
ENSG00000087460,2.0347112859623624
ENSG00000225806,2.567698052539156
ENSG00000285091,1.1183891208436598
ENSG00000101158,5.010768662743538
ENSG00000101160,0.7470757925748369
ENSG00000101162,196.85289755169538
ENSG00000124172,-1.3030325949044388
ENSG00000289837,0.7011708331940087
ENSG00000101166,-1.7280955024595948
ENSG00000124203,3.9896789749895154
ENSG00000124205,-1.394747287860508
ENSG00000087495,1.5531858634961613
ENSG00000196074,-0.29031124304810424
ENSG00000196227,-1.1419175689528809
ENSG00000132825,0.4286766455595833
ENSG00000124215,0.14271937920280134
ENSG00000176659,-0.8636354293663066
ENSG00000228340,7.577086694490794
ENSG00000179242,4.6304898617300045
ENSG00000179253,-0.7019851426398818
ENSG00000130699,-0.8138156853949071
ENSG00000283078,16.771930750370206
ENSG00000289236,3.5539605104872534
ENSG00000149657,0.1448682632508677
ENSG00000101182,-1.241570855263398
ENSG00000184402,-1.006074222493206
ENSG00000289537,4.683814437554388
ENSG00000101181,-0.01310043498772995
ENSG00000130703,1.6070965483927682
ENSG00000130706,-1.4647493352624614
ENSG00000130702,-0.55803133053513
ENSG00000273619,-0.9758953248687224
ENSG00000171858,-0.7411487018151566
ENSG00000149679,-0.8803833829193393
ENSG00000275437,NaN
ENSG00000289548,53.259683936877046
ENSG00000174403,NaN
ENSG00000273812,2.243968072885527
ENSG00000167046,NaN
ENSG00000101187,0.384620014526951
ENSG00000277496,-1.3478749042450433
ENSG00000237687,NaN
ENSG00000101188,0.644387635652783
ENSG00000223669,NaN
ENSG00000228705,0.08633711205363143
ENSG00000101189,-1.5022119258849254
ENSG00000229873,NaN
ENSG00000060491,-1.77139658504694
ENSG00000092758,-0.4272719365808497
ENSG00000101190,-1.282227731238177
ENSG00000101191,-0.9240804607269253
ENSG00000273759,0.2359984694616623
ENSG00000101193,-1.082776485515136
ENSG00000101194,-0.17594070957512337
ENSG00000272259,1.872981468369672
ENSG00000231133,1.455267396739129
ENSG00000225978,-0.552882683325244
ENSG00000149658,-1.376389366736824
ENSG00000101198,NaN
ENSG00000101199,-0.5256581014553952
ENSG00000101203,NaN
ENSG00000075043,NaN
ENSG00000101210,0.8574806630191096
ENSG00000125534,1.9956532525638397
ENSG00000101213,-0.605030813832531
ENSG00000125508,NaN
ENSG00000275812,NaN
ENSG00000125531,1.2997441770997202
ENSG00000130589,0.08500072659336294
ENSG00000101216,-0.1546834836156431
ENSG00000232442,-0.2566889780022537
ENSG00000197457,0.08979541154748011
ENSG00000258366,-0.35899031438987966
ENSG00000243509,-0.38012522183987896
ENSG00000101246,-1.3260972287000936
ENSG00000197114,-0.43084720390365056
ENSG00000274501,-0.26347873164732977
ENSG00000203896,1.703341765375744
ENSG00000125520,-0.0699879600325708
ENSG00000130584,3.3140935413763253
ENSG00000229299,3.627259377864539
ENSG00000231208,3.1993384530235374
ENSG00000268858,0.7854853194565901
ENSG00000101150,-0.7140592909196343
ENSG00000101152,-0.6342982873414228
ENSG00000198276,-0.9864159926112545
ENSG00000280213,-1.254525745004744
ENSG00000196700,5.408486796880534
ENSG00000130590,-0.4540003077473904
ENSG00000101161,-1.180659180603741
ENSG00000196421,0.6840962603022568
ENSG00000171703,-1.1723074046629485
ENSG00000171700,-1.3131546344506346
ENSG00000125510,-0.9015099735894144
ENSG00000171695,-1.7943860623230476
ENSG00000286999,NaN
ENSG00000196132,-0.8706507830394337
ENSG00000203880,-0.759171850205327
ENSG00000288187,NaN
ENSG00000278903,1.6518254773294712
ENSG00000280145,NaN
ENSG00000280164,NaN
ENSG00000280018,NaN
ENSG00000278996,0.5241205634809406
ENSG00000280441,-0.6826126031904781
ENSG00000279579,NaN
ENSG00000286033,NaN
ENSG00000291050,-1.0529496825803548
ENSG00000278932,0.14128735475296517
ENSG00000279851,NaN
ENSG00000290523,NaN
ENSG00000229306,NaN
ENSG00000290541,2.194356482819046
ENSG00000290581,13.840382684792557
ENSG00000291280,13.588865311544739
ENSG00000224905,5.3582044092288035
ENSG00000185272,0.08981395405719501
ENSG00000291052,NaN
ENSG00000155304,-1.1525570101229392
ENSG00000155307,4.005536110013868
ENSG00000232884,2.683126654415506
ENSG00000291290,-0.8574783819885593
ENSG00000281903,1.2613576843306311
ENSG00000235277,NaN
ENSG00000180530,0.5375214078064076
ENSG00000231201,-0.9601981072561304
ENSG00000288555,NaN
ENSG00000288578,NaN
ENSG00000229425,3.6839656713311633
ENSG00000155313,0.34726132931882087
ENSG00000215386,3.4566993893916207
ENSG00000154639,2.0337203079952206
ENSG00000154640,1.0370907442860502
ENSG00000280594,0.5422401317275117
ENSG00000240770,0.7424620722762588
ENSG00000154642,-0.6540677448719746
ENSG00000244676,0.19506011578422652
ENSG00000231755,NaN
ENSG00000154645,13.764671120985069
ENSG00000227330,-0.4814490154230239
ENSG00000154646,NaN
ENSG00000226204,NaN
ENSG00000233236,NaN
ENSG00000224924,NaN
ENSG00000154654,7.7809664663586355
ENSG00000226043,NaN
ENSG00000287612,NaN
ENSG00000224018,NaN
ENSG00000237484,4.587981496239399
ENSG00000226983,0.024360273428042773
ENSG00000230379,-5.001246273884167
ENSG00000222042,2.27933603658683
ENSG00000185433,NaN
ENSG00000234883,0.703846511254971
ENSG00000260583,NaN
ENSG00000154719,-1.2574803657569424
ENSG00000154721,1.232692993431139
ENSG00000287109,NaN
ENSG00000154723,-1.048974645592387
ENSG00000154727,1.0066001363288448
ENSG00000142192,7.878755177373007
ENSG00000233783,-0.742200860956711
ENSG00000224541,0.632202623643123
ENSG00000289899,3.445838620656312
ENSG00000232692,NaN
ENSG00000166265,2.463886095923772
ENSG00000154734,25.607541001899623
ENSG00000154736,0.9052289063341462
ENSG00000231236,-1.1026101109767097
ENSG00000232079,NaN
ENSG00000232855,12.156606911639267
ENSG00000156239,-0.11195897592304223
ENSG00000198862,-1.3389894976484829
ENSG00000156253,-0.2089557740645722
ENSG00000273254,-0.6021562315133396
ENSG00000156256,-0.7259437745358533
ENSG00000156261,-1.9244568091205643
ENSG00000231125,NaN
ENSG00000286018,-0.30817799040397686
ENSG00000156265,88.9310691730704
ENSG00000224649,NaN
ENSG00000215533,-1.713630476316489
ENSG00000156273,2.2720593265662887
ENSG00000248476,-1.6025463581782537
ENSG00000273017,-0.889233415146186
ENSG00000232118,-2.675456911809497
ENSG00000228817,1.8516539512132313
ENSG00000171189,-1.1917732246559187
ENSG00000273464,NaN
ENSG00000174680,NaN
ENSG00000156299,4.838488266265521
ENSG00000237594,NaN
ENSG00000234509,5.459440989974478
ENSG00000142168,-1.297167611745615
ENSG00000273271,-0.6208580926363884
ENSG00000156304,-1.171686191331131
ENSG00000273091,NaN
ENSG00000142149,5.92260865262953
ENSG00000230323,7.791550459360024
ENSG00000159055,-0.9691244777952851
ENSG00000227256,2.3277881967259675
ENSG00000170262,1.5406715070344907
ENSG00000232623,NaN
ENSG00000142207,-0.32708030239970715
ENSG00000256073,15.022330154874284
ENSG00000166979,4.60016327000336
ENSG00000242220,6.164856772033087
ENSG00000159079,-1.726416429800933
ENSG00000159082,-0.10391748855860393
ENSG00000238197,-0.17286429137468887
ENSG00000159086,0.6650867847653783
ENSG00000205930,-0.37642366581762116
ENSG00000205929,-1.1225024101839989
ENSG00000227757,1.943084000197037
ENSG00000184221,-0.5199363664610811
ENSG00000159110,0.3460214289939998
ENSG00000223799,-1.3150352084442978
ENSG00000243646,-0.7966091645846862
ENSG00000289238,-0.9775454093969224
ENSG00000142166,-0.9898450376976099
ENSG00000289939,-1.8308499815492956
ENSG00000159128,0.7288118639339042
ENSG00000142188,-1.3334136513176493
ENSG00000231355,NaN
ENSG00000177692,-0.10768976155454144
ENSG00000159131,-0.6001624512412665
ENSG00000159140,-1.0908105641245214
ENSG00000159147,-0.14251485646706985
ENSG00000205758,-0.17653713802662668
ENSG00000205726,5.078664387482904
ENSG00000241837,-1.4817985841981318
ENSG00000237945,3.0754527011685404
ENSG00000273102,NaN
ENSG00000243927,0.6508774221218288
ENSG00000198743,0.32046325803875314
ENSG00000227456,1.2763589506504547
ENSG00000214955,2.621538241767294
ENSG00000225555,NaN
ENSG00000159197,NaN
ENSG00000205670,-0.23231347885525452
ENSG00000243627,NaN
ENSG00000180509,-0.3700221896847171
ENSG00000159200,-1.1153953228217053
ENSG00000159212,2.631188949342576
ENSG00000234380,1.3092085115645575
ENSG00000159216,-0.30452730048955595
ENSG00000286153,0.1216747297769066
ENSG00000185917,-0.485444321911648
ENSG00000236677,NaN
ENSG00000230212,-0.9943744775625438
ENSG00000159228,-1.8901369020334917
ENSG00000289001,2.167824923416425
ENSG00000236119,NaN
ENSG00000236830,0.15056054083606943
ENSG00000159231,0.45521369875387224
ENSG00000142197,1.2479849830916434
ENSG00000273199,1.9393915590724529
ENSG00000159256,-0.7522436917639261
ENSG00000228107,-0.3278840506123509
ENSG00000159259,-0.9283958740446262
ENSG00000230479,NaN
ENSG00000233818,25.082690404883387
ENSG00000159261,NaN
ENSG00000231324,NaN
ENSG00000159263,1.109421499512698
ENSG00000159267,3.8840079157825667
ENSG00000224790,-0.1294422017488233
ENSG00000183145,NaN
ENSG00000185808,-1.619431203336567
ENSG00000182670,-1.09254422335205
ENSG00000228677,-0.20679522251189064
ENSG00000230366,-0.321463427499698
ENSG00000242553,-1.139127317764873
ENSG00000157538,-0.39687637291141115
ENSG00000272948,0.6423070024387257
ENSG00000287637,0.29450779914132796
ENSG00000273210,-0.22540454817745179
ENSG00000157540,-0.4467763423277675
ENSG00000286717,NaN
ENSG00000157542,-0.819742284238012
ENSG00000157551,3.2728974244153073
ENSG00000289927,NaN
ENSG00000157554,0.41391595104376133
ENSG00000287470,NaN
ENSG00000157557,2.376196777551353
ENSG00000205622,-0.5141828486562426
ENSG00000289445,NaN
ENSG00000235888,-0.6196657637352142
ENSG00000183527,-0.6047547937123106
ENSG00000185658,-0.668522165915958
ENSG00000272991,NaN
ENSG00000237373,0.5307895300199904
ENSG00000255568,-0.6858675649047821
ENSG00000205581,-0.7231895212021439
ENSG00000182093,17.465103024367142
ENSG00000157578,0
ENSG00000185437,-0.5905389751786441
ENSG00000183067,0.6316076711265658
ENSG00000183036,-0.8319751188172757
ENSG00000171587,-0.9005448498867795
ENSG00000182240,4.534378823087101
ENSG00000183844,NaN
ENSG00000183486,2.364471408304279
ENSG00000157601,2.424567431179167
ENSG00000228318,-0.034337632907030825
ENSG00000184012,NaN
ENSG00000227702,NaN
ENSG00000183421,0.5675637020826603
ENSG00000289513,NaN
ENSG00000141956,0.12428470966918917
ENSG00000227698,NaN
ENSG00000157617,-0.09867180814941606
ENSG00000173276,1.1669021798019048
ENSG00000237232,-1.4975385117266835
ENSG00000177398,0.09531683971574535
ENSG00000184385,-2.157144376688973
ENSG00000160179,4.0082329150842275
ENSG00000160183,-1.1325574893232326
ENSG00000160185,0.7904242532467555
ENSG00000160188,-1.1532453365378803
ENSG00000160190,2.091094399724482
ENSG00000225431,NaN
ENSG00000160191,1.0979131607240207
ENSG00000225731,5.201184190576147
ENSG00000283051,NaN
ENSG00000225218,0.432691364919089
ENSG00000160193,1.0344081348976915
ENSG00000160194,-1.3594713948196515
ENSG00000233056,0.9621153503867611
ENSG00000160199,-0.01654164324825871
ENSG00000160200,NaN
ENSG00000160201,-1.7983443456991437
ENSG00000286549,-1.8248752192673927
ENSG00000237989,-0.15488733642197713
ENSG00000142178,-1.1866855500834745
ENSG00000160207,-0.3259105435141537
ENSG00000160208,0.27939011806045716
ENSG00000160209,-0.9496499254435553
ENSG00000287507,-0.4703422097822237
ENSG00000160213,-1.0017977622649794
ENSG00000160214,-1.8590831988964243
ENSG00000215458,-2.0764265003864213
ENSG00000160216,-0.2541037566408679
ENSG00000289546,49.44549229024544
ENSG00000160218,-0.8621088278664227
ENSG00000241945,1.3053298732794603
ENSG00000160221,-1.5081812042601028
ENSG00000225331,-1.4208765841669948
ENSG00000285413,NaN
ENSG00000237604,0.7007519363566597
ENSG00000232124,-0.3585989051105385
ENSG00000160223,0.5474687375607967
ENSG00000278158,-0.3518498975717551
ENSG00000275799,0.09957090884680615
ENSG00000142182,NaN
ENSG00000232010,0.19446301987975728
ENSG00000160224,2.2512203972099827
ENSG00000141959,-0.5003777242761109
ENSG00000241728,11.732511893507601
ENSG00000160226,-0.987475691098283
ENSG00000184441,-1.6329609484979255
ENSG00000232969,0.1870866677386663
ENSG00000260256,NaN
ENSG00000142185,-0.450251545946024
ENSG00000230061,NaN
ENSG00000160233,-0.7401916572655826
ENSG00000274225,-0.5144669741466165
ENSG00000228709,NaN
ENSG00000175894,0.513859158556906
ENSG00000182912,NaN
ENSG00000184787,-1.1721473909898836
ENSG00000236519,NaN
ENSG00000184900,1.7864296309873362
ENSG00000183255,-0.6701463369780105
ENSG00000289009,-0.5092847980020921
ENSG00000160255,0.33973899631014515
ENSG00000227039,2.1636420590301473
ENSG00000273027,NaN
ENSG00000183250,0.6117736288126265
ENSG00000272825,-1.196824789121402
ENSG00000160256,-1.3514126685437893
ENSG00000276529,-0.0997314439417084
ENSG00000197381,3.11329541655722
ENSG00000182586,NaN
ENSG00000186866,0.8432171899269303
ENSG00000223768,-1.4902546124341947
ENSG00000184274,NaN
ENSG00000182871,-0.045468482868387256
ENSG00000173638,-1.330566762165321
ENSG00000288885,4.665067802690221
ENSG00000233922,-0.8809020716160383
ENSG00000286082,30.305701955983057
ENSG00000183570,3.2003850031066032
ENSG00000275139,2.1616548556846378
ENSG00000205424,3.662465050522373
ENSG00000286886,7.610809165015672
ENSG00000142156,0.11943864731371046
ENSG00000142173,12.034749282601942
ENSG00000160282,-0.7225643750162289
ENSG00000160284,-1.5572637068368849
ENSG00000160285,0.7464458006621356
ENSG00000223901,NaN
ENSG00000215424,-0.000011661460591087948
ENSG00000160294,-0.11519278570480622
ENSG00000239415,-0.2892729900233511
ENSG00000182362,2.1352033176270098
ENSG00000160298,10.08050214468943
ENSG00000160299,-0.32993802935977395
ENSG00000289421,-0.28541809910084615
ENSG00000160305,1.8599803545511944
ENSG00000223692,0.5005532022860785
ENSG00000160307,23.34400972308788
ENSG00000160310,1.1529649492152305
ENSG00000289511,NaN
ENSG00000290397,NaN
ENSG00000279442,NaN
ENSG00000225255,-6.562751672630394
ENSG00000206195,-0.8780707254231451
ENSG00000272872,NaN
ENSG00000290418,29.659457321842876
ENSG00000283633,59.73423693466134
ENSG00000267338,NaN
ENSG00000288024,NaN
ENSG00000172967,NaN
ENSG00000290931,1.433239494596509
ENSG00000273203,5.999135033681309
ENSG00000273442,2.901160708039319
ENSG00000177663,0.3997765594282392
ENSG00000183307,10.81329195120607
ENSG00000235478,0.6568851120418394
ENSG00000069998,-1.1301227655459407
ENSG00000185837,1.8678900935054503
ENSG00000093072,-0.2143784104636649
ENSG00000241832,NaN
ENSG00000099954,4.805506019370825
ENSG00000286195,-2.1721009812118135
ENSG00000182902,-0.5163788030766807
ENSG00000236754,1.4039416896012689
ENSG00000131100,-0.3924515516246141
ENSG00000099968,-0.39513279013312014
ENSG00000015475,1.3250797232636942
ENSG00000269220,-1.0944991252639533
ENSG00000243156,6.220385142627907
ENSG00000286990,0.8761731145898172
ENSG00000235445,NaN
ENSG00000234913,1.4493905654082164
ENSG00000225335,-0.3503383546512333
ENSG00000215193,-1.080658908889712
ENSG00000183785,59.072413897003074
ENSG00000280007,0
ENSG00000184979,0.7700629160718002
ENSG00000278558,NaN
ENSG00000290425,-1.41621845194688
ENSG00000183628,-1.899170857299882
ENSG00000100033,-0.09239287599914091
ENSG00000273032,-0.8508709360943301
ENSG00000070413,0.4022434318353366
ENSG00000273311,-1.7038663299158578
ENSG00000281530,NaN
ENSG00000223461,3.2400029403312396
ENSG00000100056,-1.1292305277349057
ENSG00000260924,-0.9473851955350365
ENSG00000100075,-1.6079053459092854
ENSG00000070371,0.9235186110552435
ENSG00000287146,-0.34728795154971204
ENSG00000100084,-0.62040040820455
ENSG00000242259,-1.2200796149257183
ENSG00000185608,-2.153159507191474
ENSG00000185065,-0.4394862756914845
ENSG00000070010,0.46939196965742996
ENSG00000273212,NaN
ENSG00000093009,1.0512878139775537
ENSG00000184113,111.61321044076853
ENSG00000184702,63.62817352280456
ENSG00000203618,259.77375483578993
ENSG00000184058,1.6738699713258616
ENSG00000185838,-0.5929882643422975
ENSG00000215012,-0.2770180954508135
ENSG00000289960,-0.41173270594379124
ENSG00000184470,-1.4600330168622022
ENSG00000289946,1.8331882482440034
ENSG00000093010,-1.1297132640013074
ENSG00000099889,1.5271815352017928
ENSG00000183597,1.5829672045157877
ENSG00000236540,-1.3021398505032211
ENSG00000268292,5.265600339542494
ENSG00000128191,1.7824491506381888
ENSG00000243762,NaN
ENSG00000099899,-0.6193579170433245
ENSG00000099901,-2.1170423635552913
ENSG00000099904,-0.8266554261266735
ENSG00000249923,NaN
ENSG00000236499,-0.8198409881775246
ENSG00000040608,0.6276643660259151
ENSG00000128185,-1.958380198249995
ENSG00000273343,3.477984283319229
ENSG00000273139,0.30033040920663245
ENSG00000287446,NaN
ENSG00000185252,-0.07842053350548571
ENSG00000244486,0.21453704322890838
ENSG00000099910,1.4588550939842417
ENSG00000099917,0.2970040418935512
ENSG00000290981,-0.13025999625663734
ENSG00000291085,7.485518390329638
ENSG00000241973,-0.5291877851609788
ENSG00000099937,-0.49996729136054613
ENSG00000099940,-0.9606013711821265
ENSG00000272600,NaN
ENSG00000099942,-0.5924747954068272
ENSG00000237476,0.5834335320018805
ENSG00000183773,-1.666325110111015
ENSG00000272829,-1.5403051674380466
ENSG00000099949,-0.1774433636527748
ENSG00000184436,0.9227152027426941
ENSG00000230513,4.569150100336205
ENSG00000284130,-0.07931155339824916
ENSG00000099957,2.3738442998133378
ENSG00000226872,NaN
ENSG00000290799,NaN
ENSG00000187905,NaN
ENSG00000291044,0.3826105056816778
ENSG00000290961,NaN
ENSG00000290983,NaN
ENSG00000169635,-1.2777590775285552
ENSG00000206140,8.104824177254208
ENSG00000183246,-0.6945783538926349
ENSG00000185651,-1.826343806848825
ENSG00000161179,-1.2181639195509815
ENSG00000161180,NaN
ENSG00000128228,-1.0257485216409419
ENSG00000207751,0.19648171755174043
ENSG00000272954,-0.4216864145591779
ENSG00000100023,2.1203973690175406
ENSG00000100027,2.9072059660156695
ENSG00000286127,-0.506654540276241
ENSG00000100030,0.13151175019211886
ENSG00000289564,0.7851623895019374
ENSG00000100034,-0.07399952029958709
ENSG00000224086,-1.4701190942472084
ENSG00000100038,-0.9199478483870736
ENSG00000290847,-0.9068776239377664
ENSG00000211639,NaN
ENSG00000211640,-0.5376644100509032
ENSG00000169575,NaN
ENSG00000279278,0.8496847021218814
ENSG00000274422,0.8568892775203129
ENSG00000211643,NaN
ENSG00000211644,NaN
ENSG00000211653,NaN
ENSG00000275004,1.448975588351724
ENSG00000211663,NaN
ENSG00000211665,NaN
ENSG00000288861,1.2404695445946048
ENSG00000211666,NaN
ENSG00000289120,2.969143883599193
ENSG00000211669,NaN
ENSG00000211673,NaN
ENSG00000254709,4.2885443527533385
ENSG00000211677,63.413115423668884
ENSG00000211679,114.61839081503815
ENSG00000254029,NaN
ENSG00000254030,0.14077525489258447
ENSG00000211685,3.4568586095840406
ENSG00000100218,0.29667829196375833
ENSG00000128266,42.17701138652415
ENSG00000100228,-2.035383821336532
ENSG00000186716,0.4643963984526368
ENSG00000290920,NaN
ENSG00000234928,NaN
ENSG00000280623,NaN
ENSG00000128322,NaN
ENSG00000272733,NaN
ENSG00000189269,0.12840926562023441
ENSG00000290958,-1.0219643455906509
ENSG00000291299,0.40647035500421996
ENSG00000159496,-0.9385969827779034
ENSG00000290440,-0.6657041010363556
ENSG00000187792,-0.9447870452277692
ENSG00000128218,6.06623742204984
ENSG00000169314,0.6164939244238038
ENSG00000250479,-1.477204846739586
ENSG00000099953,-0.682222544820251
ENSG00000099956,-0.7114053784228772
ENSG00000099958,12.742809995636874
ENSG00000272973,NaN
ENSG00000133460,-0.5603639328823814
ENSG00000279467,-1.3907761985460065
ENSG00000240972,-1.028598234460071
ENSG00000218537,-1.1174087827427968
ENSG00000273295,2.9649156524458378
ENSG00000099974,NaN
ENSG00000272787,NaN
ENSG00000099977,-1.7343372813881013
ENSG00000099984,NaN
ENSG00000099991,-0.5617714013630603
ENSG00000099994,NaN
ENSG00000099998,0.49049627354882236
ENSG00000100014,1.0557181023701643
ENSG00000128271,1.686201483001854
ENSG00000178803,-0.3768248937329915
ENSG00000100024,-0.3365922589397152
ENSG00000138867,-0.706244288546865
ENSG00000100028,-1.8762436553098172
ENSG00000178026,0.09591477500121376
ENSG00000100031,-0.3028776777194449
ENSG00000284070,NaN
ENSG00000290697,15.910147705069653
ENSG00000184571,0.4060865817754835
ENSG00000167037,7.608546695839152
ENSG00000206069,-0.5627234824984851
ENSG00000197077,4.518571361213276
ENSG00000279085,NaN
ENSG00000279110,16.23625519192198
ENSG00000203280,0.4225514666672243
ENSG00000100053,3.7203597392374887
ENSG00000236641,NaN
ENSG00000244752,0.5662542520832584
ENSG00000279298,NaN
ENSG00000233577,NaN
ENSG00000290796,-0.12474736812473028
ENSG00000272942,NaN
ENSG00000291087,-0.19282449482267822
ENSG00000272977,-1.6210476562511282
ENSG00000234884,-1.2560474845304803
ENSG00000100077,3.0524176067825706
ENSG00000133454,16.328125193740835
ENSG00000231933,NaN
ENSG00000100095,3.469850015495258
ENSG00000128203,-1.605390112035828
ENSG00000100099,-0.8717926285384067
ENSG00000100104,-1.4920512426604773
ENSG00000100109,6.345593279658659
ENSG00000261188,0.02489783955751107
ENSG00000128294,5.222581372685891
ENSG00000286326,0.016923919898037782
ENSG00000100122,NaN
ENSG00000196431,NaN
ENSG00000225783,2.6625055486316347
ENSG00000206028,NaN
ENSG00000244625,0.4179977490676613
ENSG00000223704,2.196241626830343
ENSG00000279914,NaN
ENSG00000224027,NaN
ENSG00000289489,NaN
ENSG00000227838,-1.8124687229809986
ENSG00000226169,NaN
ENSG00000169184,1.9608779315912648
ENSG00000180957,-0.20243730555435674
ENSG00000235954,0.7430610541726889
ENSG00000100154,9.85048785966237
ENSG00000183765,1.4777618683441371
ENSG00000100209,-1.1157281567751218
ENSG00000159873,-1.280380582708523
ENSG00000100219,0.9550759415437852
ENSG00000226471,2.320352948783963
ENSG00000272858,0.8432717240348617
ENSG00000183579,3.241270665454063
ENSG00000177993,-1.4528660194995389
ENSG00000183762,-1.1388910121160116
ENSG00000186998,4.165818217360495
ENSG00000100263,5.5491080759446945
ENSG00000237015,NaN
ENSG00000182944,-1.590531380292289
ENSG00000185340,69.43348693450615
ENSG00000100276,-1.5112566938192902
ENSG00000273216,NaN
ENSG00000100280,-0.7764535248607332
ENSG00000290778,NaN
ENSG00000225465,11.130202955456395
ENSG00000100285,-0.8905222676556147
ENSG00000100296,-0.981322793576203
ENSG00000184117,-1.2666201004039843
ENSG00000186575,1.4526028563621363
ENSG00000232396,NaN
ENSG00000100319,-0.9754680022266016
ENSG00000184076,-1.813333289323275
ENSG00000100325,0.1361600727735748
ENSG00000100330,-0.014900367678359411
ENSG00000279159,-0.7107049601363191
ENSG00000227117,-0.8762415671813002
ENSG00000176635,NaN
ENSG00000225676,NaN
ENSG00000099985,-0.5584406060826788
ENSG00000289888,-2.4215726642920647
ENSG00000239282,-0.12092716311355259
ENSG00000099992,-0.8098575489855693
ENSG00000099995,-0.530816698281314
ENSG00000187860,-0.5462462785309337
ENSG00000099999,1.801582308014349
ENSG00000100003,-0.18859340255438906
ENSG00000273350,NaN
ENSG00000242114,-0.6350744679083641
ENSG00000273428,NaN
ENSG00000100012,NaN
ENSG00000214491,NaN
ENSG00000128242,-1.2800194974150372
ENSG00000100029,0.11527660793161659
ENSG00000223831,-0.9633560515465659
ENSG00000185339,-1.7006069039630605
ENSG00000100036,7.888390113639964
ENSG00000167065,3.203629035989666
ENSG00000184792,3.382002240747621
ENSG00000235989,0.310994639155309
ENSG00000133422,-1.0236237302516522
ENSG00000253352,0.761186226401787
ENSG00000278920,NaN
ENSG00000183963,-0.602234478848208
ENSG00000273387,-5.393332882659218
ENSG00000198832,-1.2233888560214576
ENSG00000185133,NaN
ENSG00000138942,0.480919446796107
ENSG00000182541,0.9894317779667609
ENSG00000100100,1.6058126837165436
ENSG00000228839,1.2229335187134884
ENSG00000100105,-1.3522537509992187
ENSG00000213888,0.6330871514948245
ENSG00000185721,-0.759414485361049
ENSG00000184708,0.5182995061318101
ENSG00000240591,1.3283568601962585
ENSG00000198089,2.855565259809822
ENSG00000287817,-0.2893980636738184
ENSG00000241878,-0.9956633395160066
ENSG00000183530,0.8992620462870486
ENSG00000100150,0.6268924279381493
ENSG00000128254,0.253352925011772
ENSG00000128245,24.624418142783252
ENSG00000227519,NaN
ENSG00000230866,2.7326344277553347
ENSG00000100170,NaN
ENSG00000290475,NaN
ENSG00000239674,NaN
ENSG00000205856,NaN
ENSG00000128253,0.6195258958102106
ENSG00000242082,0.9597834710191616
ENSG00000100191,NaN
ENSG00000289873,-0.5278033340484578
ENSG00000205853,-0.6530963303541912
ENSG00000243519,NaN
ENSG00000241954,4.581003108534051
ENSG00000100220,-1.3093360630192368
ENSG00000184459,NaN
ENSG00000100225,-1.7065748660839637
ENSG00000185666,22.904282136391174
ENSG00000100234,3.2344681595430664
ENSG00000231253,1.752797872771819
ENSG00000133424,26.566528133368198
ENSG00000230741,NaN
ENSG00000224973,2.8362753581604156
ENSG00000236052,-0.01408302255905402
ENSG00000100281,0.2750281159336196
ENSG00000273176,-0.43461646679531474
ENSG00000100284,-0.5827635391964342
ENSG00000282602,NaN
ENSG00000100292,3.6895450299134436
ENSG00000100297,-1.1163157285442518
ENSG00000288777,NaN
ENSG00000221963,1.0098846589760078
ENSG00000100320,-1.5972077483862364
ENSG00000279927,0.41252538697743724
ENSG00000279217,2.4449142069299707
ENSG00000279714,NaN
ENSG00000128284,-1.03392641160142
ENSG00000100336,-4.265483342037854
ENSG00000128335,-0.7800176809004505
ENSG00000100342,-1.2928950539848827
ENSG00000100345,-0.524378580004337
ENSG00000287269,-0.6816834145590217
ENSG00000223695,1.6110083312375911
ENSG00000228719,5.911250785271918
ENSG00000100348,-1.774431372406942
ENSG00000100350,0.1844476400531711
ENSG00000100353,-1.684979413460727
ENSG00000166862,1.3099870296875387
ENSG00000100360,-1.073941708136323
ENSG00000286485,NaN
ENSG00000100362,NaN
ENSG00000100365,-1.256062686127118
ENSG00000100368,0.19094105455838076
ENSG00000128311,15.840531566723426
ENSG00000128309,2.648288785740767
ENSG00000100379,-0.39710942570108454
ENSG00000187045,2.946862789013837
ENSG00000100385,9.018984610955457
ENSG00000235237,-0.7600131402332516
ENSG00000133466,-0.2044383655174795
ENSG00000278195,-0.3591033548510744
ENSG00000128340,-1.1661334365953888
ENSG00000100055,0.04975911536799848
ENSG00000100060,-1.0593570600759594
ENSG00000100065,NaN
ENSG00000128283,-1.9702875906855344
ENSG00000100079,4.464162459393068
ENSG00000100083,0.022035103922330768
ENSG00000100092,-1.3439850617014293
ENSG00000233360,-0.0805779368177105
ENSG00000241360,-0.40101713334212674
ENSG00000100097,4.092462779534907
ENSG00000273899,-0.5311046899516972
ENSG00000100106,1.177773395604698
ENSG00000189060,1.6363415116020137
ENSG00000100116,-0.742084586638894
ENSG00000100124,-1.2563198910906177
ENSG00000100129,-1.2538435691626293
ENSG00000279738,-1.0599936917835502
ENSG00000100139,0.20602767055997182
ENSG00000128346,1.2978949081719453
ENSG00000100142,-1.5462846315687042
ENSG00000100146,0.012459642534539928
ENSG00000100151,-0.45077492105265116
ENSG00000233739,-0.9066653001547906
ENSG00000100156,NaN
ENSG00000128298,-1.0717143794402189
ENSG00000272720,0.6892113496921323
ENSG00000184381,1.122827737190981
ENSG00000279080,-1.1374343493541121
ENSG00000185022,-0.27860378351348936
ENSG00000198792,-0.910458515279146
ENSG00000213923,-0.4717956594356426
ENSG00000291015,2.222014799771377
ENSG00000286144,NaN
ENSG00000168135,NaN
ENSG00000100196,-0.5969612073973763
ENSG00000100201,-1.0545889550057261
ENSG00000100206,-0.04223174003909755
ENSG00000184949,0.18720608956768636
ENSG00000100211,0.02153729862901892
ENSG00000230912,-0.06072709939592014
ENSG00000228274,0.9556512530658067
ENSG00000287219,4.599034868039746
ENSG00000100216,-1.5823077447088378
ENSG00000100221,0.6449690224829323
ENSG00000100226,-0.32532776654185697
ENSG00000100242,-0.19062796626499215
ENSG00000244491,-0.18435928152112308
ENSG00000230149,NaN
ENSG00000273096,2.2291721402881173
ENSG00000225450,-0.8287214177263676
ENSG00000272669,22.24614256050638
ENSG00000273076,NaN
ENSG00000100246,18.63889897361515
ENSG00000221890,-0.16479710676079135
ENSG00000183741,-0.2691823586441581
ENSG00000128383,4.961219648146294
ENSG00000179750,-1.4512283595446616
ENSG00000244509,6.48895892069337
ENSG00000243811,0.6303500463284767
ENSG00000128394,0.33526629125541363
ENSG00000289963,7.256062690954624
ENSG00000239713,2.1230982496008264
ENSG00000290922,0.019571448983538225
ENSG00000100298,0.8878548127438537
ENSG00000100307,-0.01681019664411413
ENSG00000279833,-0.22524686334173588
ENSG00000100311,-0.06242294984879464
ENSG00000284633,16.819096456103473
ENSG00000224794,0.09281495867811525
ENSG00000100316,-0.7659313269127102
ENSG00000100321,-1.2188005063737122
ENSG00000100324,-0.8995467693541712
ENSG00000128268,0.33451038922217935
ENSG00000100335,-0.6617716822584107
ENSG00000128272,-1.333534000702273
ENSG00000187051,-0.6971643781764844
ENSG00000100346,-1.391657479864951
ENSG00000176177,3.2542587121733932
ENSG00000100351,6.521527210027323
ENSG00000225528,0.5350900336840263
ENSG00000133477,-0.787203321575859
ENSG00000261202,-1.2857496464671807
ENSG00000100354,-0.7827007666326081
ENSG00000239900,-1.103906972550912
ENSG00000100359,1.1422335174708413
ENSG00000229999,3.1826093932078563
ENSG00000196588,-0.07709183537230803
ENSG00000232564,6.0207443118817
ENSG00000289292,3.320283231714146
ENSG00000128285,NaN
ENSG00000100372,1.1206510677127812
ENSG00000100380,-1.465734572510415
ENSG00000196236,2.818652341867356
ENSG00000172404,0.6620312569237662
ENSG00000100387,-0.7069586829909068
ENSG00000100393,-1.2397864781753456
ENSG00000232754,-0.44884595826758067
ENSG00000231993,2.554325148157365
ENSG00000100395,-0.732378427977135
ENSG00000235513,-0.30959719279619446
ENSG00000100399,1.3831480623456065
ENSG00000100401,-0.3458995409342082
ENSG00000100403,-0.04794806508192724
ENSG00000167074,1.3819058604882533
ENSG00000273424,NaN
ENSG00000183864,-0.9856018239563855
ENSG00000289841,-0.941883793040977
ENSG00000100412,-0.7474970984108488
ENSG00000100410,-0.10920284430527215
ENSG00000100413,-0.6812086522947306
ENSG00000286491,NaN
ENSG00000172346,0.2652091308359442
ENSG00000100417,-1.1762900171454491
ENSG00000100418,0.1132657013019852
ENSG00000196419,-1.6995174316841908
ENSG00000100138,-1.1957627864132279
ENSG00000167077,-0.7637445199263793
ENSG00000100147,2.879556657593032
ENSG00000184068,0.2808128653971847
ENSG00000198911,0.5648079936915081
ENSG00000234965,0.5719427107691301
ENSG00000159958,5.670037036486135
ENSG00000100162,0.09880981921123881
ENSG00000100167,-1.316534534220455
ENSG00000183066,1.7564030789101244
ENSG00000198951,-1.0308262347509887
ENSG00000286659,NaN
ENSG00000177096,1.859592040029377
ENSG00000183172,-1.643637912292122
ENSG00000184983,-0.3477443409520792
ENSG00000270083,-0.031547012097236024
ENSG00000237037,0.8071376967529027
ENSG00000100197,0.4178464970967469
ENSG00000281538,-0.0856598038485146
ENSG00000205702,-0.6003778644526364
ENSG00000100207,-0.1419123411052049
ENSG00000288719,-1.4111487979203625
ENSG00000182057,2.793976675517488
ENSG00000229891,3.142305421537165
ENSG00000235568,0.29795317128765764
ENSG00000230107,-2.2215640553758425
ENSG00000189306,-0.7633079464578487
ENSG00000183569,4.975220220871505
ENSG00000291035,1.638124403346527
ENSG00000100227,0.23126363622683768
ENSG00000270022,1.545795641253688
ENSG00000100243,2.7218127596270345
ENSG00000249222,-1.4256122201185737
ENSG00000128274,0.6319682623691457
ENSG00000242247,-0.1206244539033418
ENSG00000100266,0.5258304352453396
ENSG00000100271,-0.10782173663392312
ENSG00000100290,-1.1094245589830216
ENSG00000100294,-1.4489612775570162
ENSG00000100300,0.8779123713461204
ENSG00000100304,-1.8815367906434268
ENSG00000223843,NaN
ENSG00000186976,5.100139220954921
ENSG00000100344,NaN
ENSG00000100347,-1.6502693122637155
ENSG00000188677,29.966343847160537
ENSG00000279175,-1.0516040355346363
ENSG00000280434,-0.11297647920464955
ENSG00000138964,-0.8908152874909495
ENSG00000280011,1.580639606616705
ENSG00000188636,2.3631397605875084
ENSG00000234300,NaN
ENSG00000186654,3.3824200861282923
ENSG00000241484,2.052034499840274
ENSG00000056487,2.1443815016932
ENSG00000226328,-0.18588507828510442
ENSG00000273243,NaN
ENSG00000093000,-0.47405350441989386
ENSG00000273353,-2.0618800466653617
ENSG00000100364,0.03125747252369711
ENSG00000273287,NaN
ENSG00000100373,-1.6444693710255278
ENSG00000100376,5.686041917958545
ENSG00000077935,4.40254166838082
ENSG00000128408,18.389558642080218
ENSG00000077942,0.7317936687441177
ENSG00000238120,NaN
ENSG00000280383,0.49644346233018793
ENSG00000130638,-0.3414020908241588
ENSG00000235091,NaN
ENSG00000188064,NaN
ENSG00000273145,-0.6080432028442156
ENSG00000231711,-0.5709089566052531
ENSG00000289160,NaN
ENSG00000182257,-1.9497885959533625
ENSG00000273289,-0.7425265366133179
ENSG00000241990,-1.52553670251032
ENSG00000197182,-0.9259822047984664
ENSG00000235159,-0.4497096635543239
ENSG00000289044,4.182965428335544
ENSG00000186951,1.543735121928317
ENSG00000280384,NaN
ENSG00000205643,-0.9984129710422144
ENSG00000289858,-1.0229252590892741
ENSG00000075234,4.9899244587060805
ENSG00000277232,0.6022032742892566
ENSG00000075218,2.76456909961277
ENSG00000100416,-1.0224512229059457
ENSG00000075275,0.18049400954933476
ENSG00000075240,-0.09700858924472992
ENSG00000100422,-0.05074623789462448
ENSG00000260708,-0.9732679319494588
ENSG00000054611,-0.494547954251367
ENSG00000280080,1.7921901189662852
ENSG00000218357,3.4093531289854533
ENSG00000224271,-0.4337005522413738
ENSG00000188511,2.028631239693706
ENSG00000212939,-0.8193463388023394
ENSG00000213279,-1.2966410272795388
ENSG00000235111,1.2778812253952467
ENSG00000100425,-0.3349795813183256
ENSG00000279345,-1.4899505721478006
ENSG00000260613,0.9090120866640254
ENSG00000279494,NaN
ENSG00000100426,-0.5706974909485688
ENSG00000182858,-0.8219044295954795
ENSG00000273192,0.9843354223290957
ENSG00000184164,-0.6911761534023998
ENSG00000278869,-0.42838123132796424
ENSG00000198355,0.11790208133338607
ENSG00000188263,NaN
ENSG00000100427,0.37555937922674104
ENSG00000073146,-0.4538176053492259
ENSG00000073150,-0.27649200900891524
ENSG00000170638,-1.2380222236642024
ENSG00000273188,-0.48754172022985204
ENSG00000273253,-1.5737074762586263
ENSG00000073169,-0.2141807768711962
ENSG00000273137,1.0989944125913496
ENSG00000128159,1.8438534543175105
ENSG00000288871,0.5756355067394189
ENSG00000100429,7.89534763633418
ENSG00000188130,NaN
ENSG00000185386,2.9937390079184985
ENSG00000196576,1.6398856493132026
ENSG00000205593,-0.6542004621704645
ENSG00000100239,-0.5786835279298245
ENSG00000100241,-0.8217292635843352
ENSG00000128165,0.15870853820401412
ENSG00000100258,0.540035086605873
ENSG00000025770,-0.503988110606291
ENSG00000284194,0.794766984037236
ENSG00000025708,4.30948676502428
ENSG00000177989,-0.6194848522641021
ENSG00000273272,-1.2736305277995912
ENSG00000289947,1.7331093131237618
ENSG00000272666,-2.2105325334517003
ENSG00000130487,-1.2925951832099787
ENSG00000217442,NaN
ENSG00000205560,-0.8208400866506855
ENSG00000100288,-0.2739462496554309
ENSG00000205559,1.5398570703283678
ENSG00000100299,1.5540595085577205
ENSG00000289244,-0.34526457659956084
ENSG00000251322,NaN
ENSG00000291064,2.6687230590605817
ENSG00000079974,-0.9574467699225685
ENSG00000182378,-0.19198567110009238
ENSG00000178605,-0.6106253796677303
ENSG00000226179,1.353982681450473
ENSG00000167393,3.5377212310084785
ENSG00000281849,-1.1592093056509076
ENSG00000280767,-1.0751674086573102
ENSG00000185960,NaN
ENSG00000237531,0.8260636919571985
ENSG00000205755,-4.317478460277424
ENSG00000198223,2.4024778007745478
ENSG00000185291,6.15138943564858
ENSG00000169100,-1.195289453654349
ENSG00000236871,-1.185002612123502
ENSG00000236017,-0.7371680214768827
ENSG00000169093,-0.5738866059854063
ENSG00000182162,0.6201074209946954
ENSG00000197976,-1.3163005430995405
ENSG00000196433,0.8656035258511531
ENSG00000289620,-1.184560965862037
ENSG00000223511,1.3072082044961058
ENSG00000169084,2.03239668843128
ENSG00000223571,-1.5417744070288997
ENSG00000214717,-0.9778604228923404
ENSG00000289007,-0.13678866884821145
ENSG00000291040,0.7948046360137849
ENSG00000230542,NaN
ENSG00000002586,1.1728709057733928
ENSG00000124343,1.7464303537591732
ENSG00000056998,NaN
ENSG00000006756,-0.8632658154276641
ENSG00000157399,NaN
ENSG00000062096,NaN
ENSG00000183943,1.0065846264933525
ENSG00000236188,-0.6474144127549584
ENSG00000285756,-1.0416877302972336
ENSG00000286431,-1.4401787991237185
ENSG00000146938,NaN
ENSG00000130021,1.515269517554624
ENSG00000101846,0.2400594988565134
ENSG00000006757,-1.1478894591413398
ENSG00000285679,7.259438706736007
ENSG00000287171,NaN
ENSG00000011201,1.2362074362816455
ENSG00000177138,-0.019390793856127388
ENSG00000101849,0.9191811560938713
ENSG00000146950,1.3229309140727814
ENSG00000047644,1.3863953699835168
ENSG00000225076,1.4553069247922088
ENSG00000073464,6.490426413484133
ENSG00000227042,0.2474656311835475
ENSG00000101871,9.260786560324176
ENSG00000234129,5.394202728403385
ENSG00000004961,-1.7803145093762727
ENSG00000047648,23.246761419429074
ENSG00000282840,1.3818567949870588
ENSG00000005302,-0.8609223282944086
ENSG00000169933,-1.2368285247016764
ENSG00000101911,-0.42456863092500746
ENSG00000196664,-0.7253596672789763
ENSG00000233338,NaN
ENSG00000101916,2.023695709849449
ENSG00000288817,0.053342268305321607
ENSG00000205542,0.34549134818025384
ENSG00000289596,-1.2922877785933775
ENSG00000289959,-1
ENSG00000226985,NaN
ENSG00000198759,NaN
ENSG00000176896,0.8355237777461136
ENSG00000123595,-1.296332138844301
ENSG00000196459,6.017264750496325
ENSG00000046651,0.46485425699071903
ENSG00000046653,2.0460984919661263
ENSG00000289449,4.629725188643919
ENSG00000233535,NaN
ENSG00000212663,-0.1461234519676226
ENSG00000046647,4.489823061896417
ENSG00000101958,-0.4180914938473942
ENSG00000181544,0.19967028957813185
ENSG00000130150,0.32822974248275777
ENSG00000102048,-1.2781592914309505
ENSG00000165192,0.06227807720568836
ENSG00000165195,-0.07944796829061938
ENSG00000165197,NaN
ENSG00000087842,4.178233765766457
ENSG00000102010,2.127043319796661
ENSG00000130234,0.2957582953083749
ENSG00000147003,-0.7139724756385819
ENSG00000290746,-0.5954332556848139
ENSG00000169239,0.7656973803293559
ENSG00000281371,NaN
ENSG00000169249,-0.6883358036112367
ENSG00000182287,3.2232042233274054
ENSG00000289237,NaN
ENSG00000126010,-0.6969690835162287
ENSG00000047230,-0.013194322153666421
ENSG00000169906,NaN
ENSG00000169895,1.2265970593948947
ENSG00000086712,-0.26877729331458783
ENSG00000102054,-0.5336022812234089
ENSG00000169891,2.649009875748193
ENSG00000188158,0.04340947836609664
ENSG00000235834,-0.20957144698348465
ENSG00000047634,1.0530121713137586
ENSG00000131831,0.40232284088975345
ENSG00000177324,38.15148800142527
ENSG00000102098,4.513492299094961
ENSG00000008086,1.0617870617738292
ENSG00000102104,NaN
ENSG00000086717,3.4227868751048005
ENSG00000237221,NaN
ENSG00000237836,0.3941739661216114
ENSG00000044446,1.7470635501370564
ENSG00000286724,1.9536447774579038
ENSG00000173698,-1.0982125014591457
ENSG00000131828,0.30246151889566475
ENSG00000180815,0.1764794743902497
ENSG00000147010,-0.8542615298842022
ENSG00000173681,3.412600218250957
ENSG00000184368,-0.5217507359784572
ENSG00000173674,-0.8931498289939506
ENSG00000177189,-0.300033784315698
ENSG00000283400,NaN
ENSG00000283380,-0.5856500564995629
ENSG00000149970,2.1948940431248825
ENSG00000288832,NaN
ENSG00000185915,0.12349529399137624
ENSG00000012174,1.3844533115701267
ENSG00000230797,-0.4280343350924562
ENSG00000102172,0.6431160615089347
ENSG00000102174,5.952176754431999
ENSG00000233067,2.225836293234992
ENSG00000289084,3.3389629971440606
ENSG00000237019,1.8512665135300066
ENSG00000165186,NaN
ENSG00000123131,-0.6150938843030498
ENSG00000123130,-0.13860005987881757
ENSG00000233785,-0.21826151714059336
ENSG00000130066,3.142516606018807
ENSG00000184831,0.8784153263692809
ENSG00000165182,2.1707840119917274
ENSG00000174010,0.916253154096606
ENSG00000130741,-1.5778290359587333
ENSG00000234230,-1.5189563784744973
ENSG00000005889,-0.864645335653365
ENSG00000289472,-1.040496229261525
ENSG00000067992,0.2538312970398547
ENSG00000102230,53.55694258219322
ENSG00000101868,1.26924430344489
ENSG00000004848,NaN
ENSG00000242021,NaN
ENSG00000189186,NaN
ENSG00000177689,NaN
ENSG00000169306,-0.584985827091591
ENSG00000214107,NaN
ENSG00000120280,0.05292215691016345
ENSG00000198814,0.41779498247048585
ENSG00000229331,NaN
ENSG00000241886,-2.0740330411997667
ENSG00000243055,-0.8008861619343977
ENSG00000157625,1.3786535998554368
ENSG00000198947,1.113902288607354
ENSG00000233928,NaN
ENSG00000233571,-0.35565754729899063
ENSG00000147027,NaN
ENSG00000165164,-0.840450948835183
ENSG00000226484,0.9940519164009263
ENSG00000286475,NaN
ENSG00000290955,7.008225610652629
ENSG00000130962,-0.2756111231725559
ENSG00000147036,26.784589061578306
ENSG00000047597,8.121904173112846
ENSG00000165168,3.9616220137120175
ENSG00000165169,-1.1793267113848398
ENSG00000147041,NaN
ENSG00000101955,NaN
ENSG00000156313,0.11930480794215476
ENSG00000036473,-0.4481276527510468
ENSG00000156298,NaN
ENSG00000235806,-1.9337783209663417
ENSG00000287729,0.43608398208125565
ENSG00000165175,-0.9507446824181569
ENSG00000238123,NaN
ENSG00000289127,21.7356166436165
ENSG00000224610,24.930203005563587
ENSG00000235304,0.39391975238025206
ENSG00000234191,NaN
ENSG00000289570,NaN
ENSG00000183337,0.021819063624843493
ENSG00000288856,-0.7787853657486079
ENSG00000236393,NaN
ENSG00000182220,-0.0368654761589371
ENSG00000185753,-0.6980634730230507
ENSG00000180182,-0.3215570302295786
ENSG00000234636,-1.3106908558355306
ENSG00000287549,NaN
ENSG00000124486,-0.7714860038114532
ENSG00000215301,0.09364982601863069
ENSG00000188937,NaN
ENSG00000147044,2.7897268652336575
ENSG00000171659,-0.5251471415045239
ENSG00000171657,-1.0400626303493081
ENSG00000231772,NaN
ENSG00000287223,NaN
ENSG00000224294,NaN
ENSG00000285899,NaN
ENSG00000069535,NaN
ENSG00000183690,16.524683678456743
ENSG00000069509,-1.24481887354725
ENSG00000147050,-0.5373152493456705
ENSG00000147113,NaN
ENSG00000229563,NaN
ENSG00000270069,-0.2375465438683228
ENSG00000269902,-0.9162419740134253
ENSG00000231566,-0.5581099242427808
ENSG00000236751,3.031079274818366
ENSG00000147121,0.10277267617183243
ENSG00000251192,1.7412891262009702
ENSG00000230844,13.046578943727814
ENSG00000147119,-0.09380906493932985
ENSG00000065923,4.32185357547359
ENSG00000102218,0.5753580099085266
ENSG00000204904,-5.809432184704244
ENSG00000102221,2.5424338686958525
ENSG00000130988,-0.02350566926280953
ENSG00000288759,NaN
ENSG00000147123,-1.9739518178083517
ENSG00000182872,-0.5233368404553161
ENSG00000130985,-1.042700232714496
ENSG00000224975,-0.004263768884444895
ENSG00000102225,-1.4423470110693788
ENSG00000102226,-0.001563858905178064
ENSG00000147117,-0.9761335235056257
ENSG00000147124,0.5176247238979527
ENSG00000196741,-0.7895695181138166
ENSG00000289890,-1.1071786636298508
ENSG00000078061,1.7709868878480903
ENSG00000008056,-1.636727463719828
ENSG00000102265,19.999808798710134
ENSG00000126759,2.2531257866114545
ENSG00000126767,-0.8560857503049106
ENSG00000126756,-1.78391157262468
ENSG00000267064,-1.1558153282597388
ENSG00000290641,NaN
ENSG00000197779,-0.31383556853507244
ENSG00000147118,-0.4649622376515673
ENSG00000221994,1.3488239408886797
ENSG00000277541,NaN
ENSG00000287757,NaN
ENSG00000017483,-1.1800708934653004
ENSG00000068438,-0.9931217482603838
ENSG00000224292,0.9456580802755653
ENSG00000102312,-1.12574057617628
ENSG00000147155,-1.4814693074962102
ENSG00000068354,1.7741675212168637
ENSG00000204620,6.2248385245864
ENSG00000102317,-1.416079065802523
ENSG00000101940,1.9087030749778233
ENSG00000015285,-1.0531799276401947
ENSG00000101945,-1.283685920773066
ENSG00000232828,0.14145634722889688
ENSG00000102145,6.002390466938927
ENSG00000094631,4.124102595294683
ENSG00000187682,NaN
ENSG00000102109,-0.5020866883611708
ENSG00000102103,-1.6239888724676346
ENSG00000126768,-1.6725695451121723
ENSG00000102100,1.7648117776630825
ENSG00000102096,-0.46561353110369913
ENSG00000068308,-0.5892849647324827
ENSG00000288908,-0.8283708858982877
ENSG00000102057,4.599296740690006
ENSG00000068400,-0.3058166718774547
ENSG00000068323,-1.2548367497215247
ENSG00000147144,-0.9042487903158297
ENSG00000243279,-1.2116066061560442
ENSG00000196998,2.366815790361606
ENSG00000068394,-0.946364448236141
ENSG00000289245,NaN
ENSG00000269313,1.2665529014919226
ENSG00000102007,-0.7024082361992178
ENSG00000012211,-0.8180025671791717
ENSG00000102003,0.5345191743080673
ENSG00000237341,NaN
ENSG00000102001,2.1105699964602573
ENSG00000101997,-1.418314311730522
ENSG00000049768,7.108313995774056
ENSG00000286181,0.6912543836088914
ENSG00000049769,-0.19740587172503282
ENSG00000270012,-1.2912064170247308
ENSG00000286031,-0.8547018468402825
ENSG00000215274,13.348882890387651
ENSG00000234390,-1.047555568384529
ENSG00000273820,-0.5295990010709601
ENSG00000171365,-0.37263913207604604
ENSG00000147082,4.038734142847624
ENSG00000274588,NaN
ENSG00000158352,1.1839021781728725
ENSG00000230317,0.43431482024642404
ENSG00000229151,4.214742707406257
ENSG00000287767,0.4098887211942119
ENSG00000122824,0.024879733931779693
ENSG00000226530,0.10267984680462042
ENSG00000187690,NaN
ENSG00000196368,-0.406522510992921
ENSG00000224109,NaN
ENSG00000189369,-0.28944490912336945
ENSG00000179222,3.4256797340568297
ENSG00000287215,NaN
ENSG00000286118,NaN
ENSG00000268350,0.6855491262804244
ENSG00000184194,1.5472152658210352
ENSG00000184205,1.8307526750253078
ENSG00000232593,0.12695861827167546
ENSG00000126012,0.03796355779595159
ENSG00000235262,2.0976516158924112
ENSG00000124313,-0.221656029887746
ENSG00000072501,-1.29119704496768
ENSG00000158423,0.49509231078738813
ENSG00000072506,-1.6917058820266797
ENSG00000086758,-0.9304458738696871
ENSG00000172943,-0.7262548928114345
ENSG00000184083,0.2998460511974117
ENSG00000196632,0.33144438278551086
ENSG00000158526,-1.1548013734662534
ENSG00000102302,0.10311965094634082
ENSG00000130119,0.8375248072550459
ENSG00000102313,NaN
ENSG00000102316,15.019255539243956
ENSG00000067445,NaN
ENSG00000158571,-1.9224836620230068
ENSG00000169188,-1.2291530515483644
ENSG00000158578,NaN
ENSG00000238269,NaN
ENSG00000182518,7.209976179224484
ENSG00000158639,4.634627058871806
ENSG00000187601,-1.5378820298861167
ENSG00000247746,1.3117031404119788
ENSG00000288739,0.20082857894110578
ENSG00000083750,0.2612805206611196
ENSG00000227486,12.23863702104729
ENSG00000102349,0.5690115524311578
ENSG00000188021,-1.3390600185226993
ENSG00000230105,-0.12157466949901788
ENSG00000204272,-0.5568158221118614
ENSG00000204271,-0.5031853601046339
ENSG00000186787,1.8638729156755023
ENSG00000226310,-0.8444654443435642
ENSG00000147059,1.496818434024916
ENSG00000286977,2.3040419410949897
ENSG00000165591,5.983018629257944
ENSG00000198455,-1.2065452611161078
ENSG00000198205,0.021625172372354222
ENSG00000235437,4.032346532742518
ENSG00000186767,-0.9849069423267804
ENSG00000131089,2.000912654979857
ENSG00000184675,0.21198968293454476
ENSG00000287370,NaN
ENSG00000102043,3.5441885909326
ENSG00000126970,11.519686663428558
ENSG00000102053,15.850674562051987
ENSG00000001497,2.678517719621291
ENSG00000147065,0.7058291636816999
ENSG00000237311,5.28930171767495
ENSG00000274536,19.0515524927284
ENSG00000155659,-0.2981249156551788
ENSG00000089472,NaN
ENSG00000131080,NaN
ENSG00000169083,4.257682793127371
ENSG00000079482,1.7109239688615767
ENSG00000289038,-0.3904526595401011
ENSG00000181704,-1.034877143286454
ENSG00000130052,-0.3901693364589116
ENSG00000090776,-0.37679087544380835
ENSG00000181191,-1.2836169418443273
ENSG00000130054,NaN
ENSG00000158813,37.47343678056961
ENSG00000089289,-1.5449447296153718
ENSG00000220925,NaN
ENSG00000204195,NaN
ENSG00000120509,-0.8763501594360167
ENSG00000090889,-0.21470359826443808
ENSG00000082458,0.25846690008757733
ENSG00000120498,-0.5222692992630731
ENSG00000147164,0.6070170033611743
ENSG00000184481,0.7690630205818766
ENSG00000204165,0.5359855412793855
ENSG00000147168,-0.5885901405886608
ENSG00000184634,3.8130759848301117
ENSG00000196338,-0.4993514234591644
ENSG00000228427,0.017840558127882735
ENSG00000147130,-1.458970151296689
ENSG00000147140,-1.6882624215096242
ENSG00000147166,2.993152914712035
ENSG00000147133,-0.05669384740577567
ENSG00000147162,-0.4524721017640828
ENSG00000147174,0.6180303954479183
ENSG00000186810,1.6842959875891135
ENSG00000281852,-0.21182675450913255
ENSG00000204131,-0.955277709945435
ENSG00000242732,-3.1595085105472624
ENSG00000102309,-0.11421063600588756
ENSG00000186871,-0.35709719266101997
ENSG00000198034,-1.0228385231174106
ENSG00000125931,NaN
ENSG00000147099,2.616833989076994
ENSG00000067177,-0.9613705533182046
ENSG00000231944,NaN
ENSG00000269911,-0.5632470842523702
ENSG00000269502,NaN
ENSG00000186462,-0.5139189501571878
ENSG00000204116,0.4752891407782357
ENSG00000229807,NaN
ENSG00000230590,-0.1443753936416869
ENSG00000225470,0.6272197826244394
ENSG00000271533,-0.05984972708088816
ENSG00000147100,-1.0756308225404432
ENSG00000131263,-1.1222008832506594
ENSG00000050030,3.093532850503555
ENSG00000131269,-0.9019275797943116
ENSG00000094841,-0.5713931009564519
ENSG00000102383,0.0003325734498005816
ENSG00000102390,-1.1550395195146168
ENSG00000198934,0.3529050221667494
ENSG00000280870,1.5131314826242013
ENSG00000085224,-0.6118946662278737
ENSG00000102158,-0.9102663888300495
ENSG00000131174,-1.8303983038868852
ENSG00000165240,-1.2482345311847265
ENSG00000102144,-0.8578977581176418
ENSG00000187325,-0.8624799796977316
ENSG00000173198,1.0715160070136558
ENSG00000078589,2.9346757166283464
ENSG00000147138,2.5576938875520017
ENSG00000078596,4.74829670126369
ENSG00000174016,NaN
ENSG00000165288,1.4100381804195923
ENSG00000289132,0.8823982476704731
ENSG00000284618,NaN
ENSG00000198157,1.0490002628139727
ENSG00000131171,0.25957905891606237
ENSG00000288059,2.8876892592175456
ENSG00000183035,-1.1386750985786391
ENSG00000072133,2.235028078651506
ENSG00000165259,1.3324257372405715
ENSG00000155008,-0.03838730614878616
ENSG00000184788,NaN
ENSG00000147180,3.98341474706926
ENSG00000124429,1.3243128588159478
ENSG00000188419,-0.5283226989352164
ENSG00000126733,5.133855445355602
ENSG00000102271,NaN
ENSG00000225012,NaN
ENSG00000102290,-0.6689044224512026
ENSG00000289479,NaN
ENSG00000186310,-0.3824147938226156
ENSG00000179083,1.074912604682366
ENSG00000286523,-2.743312566666242
ENSG00000147202,1.3047944896160621
ENSG00000204086,-1.2872903811114982
ENSG00000236256,1.3515097396002587
ENSG00000281566,0.6864552975017095
ENSG00000165194,1.3794493998288777
ENSG00000000003,-0.8374028140805732
ENSG00000102362,18.510271938042013
ENSG00000101811,4.571408516588241
ENSG00000007952,NaN
ENSG00000182489,0.5644714905906535
ENSG00000174225,-0.404959284307372
ENSG00000188917,0.37163227352074585
ENSG00000225839,0.1401100894878612
ENSG00000126950,NaN
ENSG00000102384,8.924364480586277
ENSG00000102387,NaN
ENSG00000126953,-1.5096743383816968
ENSG00000010671,3.8498185437957604
ENSG00000241343,-0.9857813598067029
ENSG00000102393,5.309975507787223
ENSG00000126945,0.39531508110265445
ENSG00000196440,0.5409035559532558
ENSG00000126947,-2.094816955439347
ENSG00000290908,NaN
ENSG00000198960,0.8200408687711102
ENSG00000102401,1.7882794940718247
ENSG00000261101,-1.6071868106145457
ENSG00000286000,NaN
ENSG00000184867,-0.6943577063724872
ENSG00000290798,5.797729538083343
ENSG00000166432,0.30523299400031884
ENSG00000184905,0.3777110347001695
ENSG00000184515,0.97874435132674
ENSG00000290811,NaN
ENSG00000125962,-1.7928366301377947
ENSG00000271147,-0.21116727348174652
ENSG00000270050,-0.5903103137242627
ENSG00000198932,8.676638567456374
ENSG00000286327,1.4093643645365013
ENSG00000158301,-1.2580642874170165
ENSG00000223546,1.0905930905117238
ENSG00000239407,-1.6452125493176184
ENSG00000234050,NaN
ENSG00000286846,NaN
ENSG00000133169,-0.27822357843221424
ENSG00000147206,NaN
ENSG00000102409,-0.8900139624851744
ENSG00000180964,-0.21914234293745952
ENSG00000204065,NaN
ENSG00000133134,-0.05536880311604712
ENSG00000185222,-0.24773540879212713
ENSG00000166681,30.00120560250364
ENSG00000281091,NaN
ENSG00000234405,NaN
ENSG00000172476,-0.4931908059772213
ENSG00000287619,NaN
ENSG00000133142,-1.2393164184150065
ENSG00000196507,-0.6886139561965263
ENSG00000172465,-1.1153283680393722
ENSG00000123562,-0.4211007476329531
ENSG00000231154,1.1673221896051738
ENSG00000123570,0.7549947122379753
ENSG00000231728,0.5978817200306767
ENSG00000158427,-0.2624187545219931
ENSG00000269226,-0.7345506625711777
ENSG00000269743,0.05063244802899772
ENSG00000166707,-0.22795755452454292
ENSG00000123575,-1.2693402127308024
ENSG00000189108,2.7654849707577323
ENSG00000123572,NaN
ENSG00000147231,7.250403268490119
ENSG00000133135,0.026495565065339968
ENSG00000133138,-1.0380843604778545
ENSG00000133131,2.742948288367712
ENSG00000089682,-0.5972622384006373
ENSG00000198088,0.8736389979710317
ENSG00000147234,13.475531733449316
ENSG00000227610,5.129945930263929
ENSG00000147224,-1.1224834914611719
ENSG00000289923,-1.9354143214265813
ENSG00000157514,0.7589633171424738
ENSG00000170935,2.871254236183587
ENSG00000080561,-0.1144353712938623
ENSG00000236064,-0.5780812339737011
ENSG00000101842,-0.37761346081900504
ENSG00000101843,-1.5628106919022815
ENSG00000101844,-0.9924000401312378
ENSG00000197565,NaN
ENSG00000188153,NaN
ENSG00000101890,0.848515963303129
ENSG00000101888,-1.4554215047072099
ENSG00000176076,0.9869774962504877
ENSG00000068366,1.0948281835156934
ENSG00000289365,-1.4314009672082806
ENSG00000157600,2.4318234136765473
ENSG00000101935,3.1198732652438217
ENSG00000224142,NaN
ENSG00000133136,NaN
ENSG00000101938,NaN
ENSG00000077264,0.2292939907249964
ENSG00000077279,NaN
ENSG00000101901,-0.006880004554296349
ENSG00000229487,-1.0635817654961408
ENSG00000072315,-0.37368465071129625
ENSG00000187823,0.24974182745551446
ENSG00000182508,NaN
ENSG00000126016,0.08270741409565484
ENSG00000286072,-1.4237859123591452
ENSG00000241743,7.952733845766131
ENSG00000288595,NaN
ENSG00000147246,0.2419934353344889
ENSG00000130224,NaN
ENSG00000102024,-0.007216634352500802
ENSG00000235244,-0.6555528651149786
ENSG00000003096,6.413090411523693
ENSG00000131725,4.032128953433801
ENSG00000147251,0.06602917745988092
ENSG00000131724,1.6812105361201377
ENSG00000203650,-1.68950555025676
ENSG00000175556,0.34379854503332347
ENSG00000101856,76.18852284734875
ENSG00000226661,-0.18288999780145154
ENSG00000077713,1.2784501839032945
ENSG00000237903,-2.7798740973962137
ENSG00000224281,-0.9754972689996472
ENSG00000005022,-0.9046269875685942
ENSG00000077721,-0.7910000911175841
ENSG00000018610,-1.1528127898054248
ENSG00000186416,-0.488412814655852
ENSG00000289864,0.6726103992180659
ENSG00000125354,0.9714928704597336
ENSG00000187808,-1.538453124239836
ENSG00000198918,-1.2152716640403796
ENSG00000286366,44.4366377379182
ENSG00000125351,-1.0610283637976345
ENSG00000125352,0.38181433384535235
ENSG00000125356,-1.7944964514677122
ENSG00000186471,2.275095592874797
ENSG00000101882,0.09789732588830462
ENSG00000282933,-1.6549764619756921
ENSG00000291200,NaN
ENSG00000258545,2.7645023658866434
ENSG00000101883,0.811776381099837
ENSG00000177485,-0.9721870189614954
ENSG00000125355,0.771482538639036
ENSG00000005893,0.09029604630490104
ENSG00000158290,0.8869534116339782
ENSG00000232119,-1.8890773715637887
ENSG00000171155,-0.7554900464600758
ENSG00000182890,NaN
ENSG00000286163,8.910386186526784
ENSG00000125675,0.5217167574491011
ENSG00000125676,-1.2347903776473195
ENSG00000101966,-0.0893995385741445
ENSG00000237331,-2.554261286329078
ENSG00000232412,1.3228739051622809
ENSG00000101972,-0.9337310266609821
ENSG00000183918,0.26767870980718284
ENSG00000009694,11.999783974119733
ENSG00000225689,10.947756993858608
ENSG00000102038,1.0078277271273537
ENSG00000122126,-1.316481063411303
ENSG00000287024,1.3842399034105561
ENSG00000122121,3.135015928108033
ENSG00000122122,-0.0412478557499628
ENSG00000240143,-1.4070460803606721
ENSG00000188706,-0.3484205009440979
ENSG00000235189,-0.11203238107638996
ENSG00000156697,-1.2049686519530556
ENSG00000085185,-0.17086345187163482
ENSG00000102034,-0.5975910067535035
ENSG00000156709,-0.8384791076126215
ENSG00000286650,0.8729848285194962
ENSG00000134594,-0.8927304231873632
ENSG00000056277,-0.7641767474659817
ENSG00000102078,-0.6671595088206875
ENSG00000134597,-1.664986060425833
ENSG00000290740,NaN
ENSG00000165675,1.5618260520451408
ENSG00000147255,NaN
ENSG00000213468,2.1258800781530534
ENSG00000134602,-0.34227662922828855
ENSG00000123728,-0.7683943436408104
ENSG00000232160,2.439475819926514
ENSG00000076770,1.9177654526180106
ENSG00000171004,6.507429586221139
ENSG00000134588,NaN
ENSG00000076716,-0.891209521574185
ENSG00000147257,-0.41367797498554815
ENSG00000156531,0.28880134363441756
ENSG00000165704,-0.8813947404202009
ENSG00000223749,-2.3451760863445026
ENSG00000227060,NaN
ENSG00000170965,-0.4429011425976883
ENSG00000156504,0.5934044705834669
ENSG00000156500,5.9016830512100515
ENSG00000101928,-1.088948533060237
ENSG00000184785,-0.6116617310121351
ENSG00000212747,0.2933849040647827
ENSG00000134590,-1.3853213868037126
ENSG00000286964,-1.7588210397093698
ENSG00000203950,1.5004662477781379
ENSG00000196972,-0.7244320441050394
ENSG00000186376,1.3177180168667089
ENSG00000173275,-0.8028290270709137
ENSG00000178947,NaN
ENSG00000165359,0.1897625995682034
ENSG00000169446,-1.215689188471251
ENSG00000198689,-0.49698490127751604
ENSG00000022267,25.110289134779748
ENSG00000129680,-0.42037434102543003
ENSG00000102241,-1.1131835083341142
ENSG00000233093,0.6573827357984054
ENSG00000102245,0.545719359720155
ENSG00000129675,-0.08383825238831896
ENSG00000232611,0.9754839686392225
ENSG00000147274,-0.3331323137254627
ENSG00000291054,1.9046440892368885
ENSG00000165370,NaN
ENSG00000283692,2.114145799241891
ENSG00000129682,25.028683930734328
ENSG00000101977,3.950983321424724
ENSG00000101974,1.7947103132059006
ENSG00000203930,0.6881525564493656
ENSG00000229269,-0.6976374297200967
ENSG00000182195,-0.10212350310701293
ENSG00000277215,11.010998742103915
ENSG00000165509,NaN
ENSG00000288098,4.324558744762894
ENSG00000227303,NaN
ENSG00000179542,-0.08482976212675213
ENSG00000284377,1.0410495102299313
ENSG00000287796,NaN
ENSG00000268066,NaN
ENSG00000102081,-0.6392804940036267
ENSG00000236337,0.09340522842603208
ENSG00000176988,NaN
ENSG00000155966,8.929693551648253
ENSG00000010404,-0.9656565780644789
ENSG00000238039,-0.8081091653992689
ENSG00000241769,-0.3488476678688487
ENSG00000197620,7.11346006883189
ENSG00000269556,-0.8308252417686961
ENSG00000280752,NaN
ENSG00000197021,3.205405568355773
ENSG00000235703,0.988034225900663
ENSG00000013619,7.90382993165653
ENSG00000171100,-0.01020743550337434
ENSG00000063601,1.7408687327502252
ENSG00000102181,0.16778884996751273
ENSG00000029993,3.0927032615116574
ENSG00000287918,2.1230852793637602
ENSG00000160131,-1.1870790490162708
ENSG00000166049,NaN
ENSG00000130032,NaN
ENSG00000011677,0.24314875529805588
ENSG00000287394,1.7444255570764478
ENSG00000147400,-0.921801617694305
ENSG00000147383,-1.665747671366705
ENSG00000147394,2.064950506270619
ENSG00000198883,-0.09209710136885642
ENSG00000183837,0.3216124732443209
ENSG00000235961,-0.42486751681025253
ENSG00000063587,-0.708752413450394
ENSG00000189420,-1.652436445052665
ENSG00000183479,0.6494718223124366
ENSG00000213397,-2.056651710748759
ENSG00000262919,-0.7051690213631955
ENSG00000130822,NaN
ENSG00000130821,2.30290829820366
ENSG00000185825,-0.4364384890303727
ENSG00000101986,-1.144639412138102
ENSG00000232725,2.5687345132756705
ENSG00000067829,-0.165368645587716
ENSG00000180879,0.17810175744806842
ENSG00000067840,-0.1538905212848216
ENSG00000198910,-0.6249473143322046
ENSG00000089820,-0.1193517441010699
ENSG00000102030,-1.032424623409403
ENSG00000102032,-1.2022256964670577
ENSG00000172534,-0.9256892861164375
ENSG00000235802,5.215467667352821
ENSG00000177854,-1.3179185973733696
ENSG00000184216,2.0103847887985973
ENSG00000169057,-1.0185738191648905
ENSG00000007350,3.7844594460534413
ENSG00000231830,NaN
ENSG00000196924,3.458502571850313
ENSG00000285018,2.3522643332931885
ENSG00000102119,0.3000868104722867
ENSG00000147403,-0.9994997164579346
ENSG00000280195,2.5216828154532127
ENSG00000013563,-0.4015618556453434
ENSG00000102125,-0.8813030660141211
ENSG00000197180,1.8377104200178278
ENSG00000071553,-0.7686715027790398
ENSG00000203879,1.3642679813404375
ENSG00000071859,-1.568822351495923
ENSG00000130827,-0.5651038677367687
ENSG00000196976,-1.5026868803812914
ENSG00000102178,9.392446307509845
ENSG00000126903,-1.3085949773743557
ENSG00000071889,0.6995478951267641
ENSG00000160211,-0.49968220038386296
ENSG00000269335,-0.11264060176900956
ENSG00000160219,0.052622979256205814
ENSG00000130826,-0.7734429077793374
ENSG00000130830,48.3397637733682
ENSG00000203870,NaN
ENSG00000185010,0.6145894548333888
ENSG00000288722,0.6172293435706022
ENSG00000165775,-1.3846269052170888
ENSG00000182712,-1.550435027515232
ENSG00000214827,-0.23409475481024947
ENSG00000185515,1.3641668680095382
ENSG00000155959,-1.7334356577812646
ENSG00000155961,0.02249648030319224
ENSG00000155962,0.33053728691403944
ENSG00000224216,-3.0839922778007236
ENSG00000224533,0.3060403247503806
ENSG00000225393,NaN
ENSG00000185973,1.8825914815879403
ENSG00000168939,3.558026424671209
ENSG00000124333,3.178198388517462
ENSG00000124334,-0.5233725752389599
ENSG00000182484,38.20353632126488
ENSG00000129824,-1.1052052872134115
ENSG00000290841,NaN
ENSG00000278847,1.3616267083844005
ENSG00000067646,-0.3291911496378071
ENSG00000233070,-0.798808694682134
ENSG00000231535,0.8511906796665896
ENSG00000229308,NaN
ENSG00000099715,5.894520473167251
ENSG00000289826,1.695735426671307
ENSG00000290323,NaN
ENSG00000291032,-1.1993867869229797
ENSG00000291034,3.3611668134425248
ENSG00000114374,1.8929384372338136
ENSG00000286009,0.39375517845699787
ENSG00000067048,0.13015354874968912
ENSG00000183878,-0.4996164249007636
ENSG00000154620,15.55796080902839
ENSG00000290853,1.1197452808636421
ENSG00000165246,8.14351629412085
ENSG00000286201,NaN
ENSG00000176728,8.163128767066059
ENSG00000291031,0.21108400892652565
ENSG00000291033,-0.45283709266403727
ENSG00000260197,-0.7408916807693651
ENSG00000012817,1.45057667822803
ENSG00000288049,-1.0745342518420549
ENSG00000229236,2.925625369560708
ENSG00000198692,-0.7191704407302411
ENSG00000286247,NaN
ENSG00000280969,1.9688703125480123
ENSG00000289707,3.7419018474794856
ENSG00000290336,NaN
ENSG00000198888,3.3417717879186597
ENSG00000198763,2.788978726450061
ENSG00000198804,4.4769938283807225
ENSG00000198712,4.430600143571579
ENSG00000228253,10.071588373381957
ENSG00000198899,4.48080867142498
ENSG00000198938,4.838278716462861
ENSG00000198840,4.707450875082634
ENSG00000212907,6.5065416318686395
ENSG00000198886,4.206281672476679
ENSG00000198786,3.62878262686897
ENSG00000198695,16.152623983120343
ENSG00000198727,5.701789997502531
ENSG00000278704,NaN
ENSG00000274847,-1.7233720137171098
ENSG00000276256,1.0302739933787022
ENSG00000278384,-0.6800526840451533
ENSG00000273748,4.267630580143063
ENSG00000271254,0.4415820015459972
ENSG00000276345,NaN
ENSG00000278817,6.920189689504844
