Barcode,PC-1,PC-2,PC-3,PC-4,PC-5,PC-6,PC-7,PC-8,PC-9,PC-10
AAACCCAAGGAGAGTA-1,-41.96019897979085,-1.2261018862139679,4.414654293673354,3.2835953780072167,3.4735586745980545,1.1408659585185732,3.5521217578832314,6.765842670431194,0.0691469796504165,0.08291904655538795
AAACGCTTCAGCCCAG-1,10.551919797764645,3.704890524558337,-39.02545722717156,-3.480155563294131,0.7680534531284717,4.07486805641764,6.013322949165687,2.9957095908823526,2.3121312934667957,-4.68515639236221
AAAGAACAGACGACTG-1,15.196617557759527,8.556789321685173,12.751401397891101,-14.068943197048894,2.9170473289813224,5.22122787927202,-4.400777242213451,0.06577935193634232,1.043541356127196,0.7877433771957125
AAAGAACCAATGGCAG-1,14.607805461928798,4.286823587013359,12.85580950375607,-18.66772238530386,7.302849841970582,3.190685329464353,-5.523431314479714,-0.0938800114192615,-3.436677836253648,5.138706539459768
AAAGAACGTCTGCAAT-1,17.289443032804016,8.485286820890707,11.241444619634663,8.661860840682325,-5.7182255641562705,0.15366214629161234,-0.039848237879251514,1.6845428893839642,-9.739449607993391,0.6898750165809184
AAAGGATAGTAGACAT-1,11.397922679900116,-1.092639565176242,-29.475528997836495,-1.8628940344057487,-6.4911179515095725,6.828306087240016,-7.109426370268444,-5.747018724457486,-5.406550551310464,10.106068527072713
AAAGGATCACCGGCTA-1,13.625904983841675,0.2887262850304211,-34.11816275912602,0.04846235320111303,-2.984262901258873,5.677848566042567,-2.657948706258601,5.227758678321896,3.3994424688683695,-6.309300238411671
AAAGGATTCAGCTTGA-1,-39.16247952043085,6.287988033040918,2.5713386789513093,2.386061994836488,-3.8902616599764173,1.6173514145544163,-1.6023681480227427,1.1762338792555154,1.1136752808352464,3.2043220593685335
AAAGGATTCCGTTTCG-1,-39.22300245731554,4.538616858979211,3.716475501429835,3.8968195848443647,-0.20587804048428993,-0.4202012422907193,-0.2550460842516067,5.0059500653216915,-1.280501931034452,4.165790607341348
AAAGGGCTCATGCCCT-1,22.94434745207896,4.525184003830049,8.058432312151304,12.4312387417989,-5.327977216533661,-1.6049850736269438,-2.0663358300581667,1.8885405538707198,16.10633466585414,-3.9653260972414577
AAAGGGCTCCGTAGGC-1,16.479600459380848,8.231245850029978,11.101999470768671,-4.838592118319582,-2.068306586664871,4.423595099612911,-9.447794749991365,3.3902006877408652,-12.619504034857846,-6.4523480679947305
AAAGGTACAACTGCTA-1,-39.02880688827759,5.758751448066164,1.685900462446102,0.9232679405629298,-2.6114346475187684,0.8858012906652868,0.23260990213276145,-10.558821581554277,-0.609954358189819,-3.500753854851311
AAAGTCCAGCGGGTTA-1,23.718988690773102,-0.5893522301285969,7.070473487156119,15.263776833680158,-6.090054042253708,2.3499048372844697,-6.287589192283566,2.0704093568283177,12.05533934869742,-1.1810759885841673
AAAGTCCAGTCAACAA-1,18.246569627924394,-15.878388649394047,5.920314920411803,4.113747521351357,32.24109988521869,-24.549545468678815,36.332531925845096,-0.5741599551750589,-0.7588266211079604,7.719344607916276
AAAGTCCCACCAGCCA-1,4.367827262008628,11.808958617930543,-34.50575463600647,-6.806953863049438,-1.2089482996266216,-1.3610957562126909,4.892176533904092,-2.126205229171318,-7.114699272598582,11.321603921727025
AAAGTGATCGTACACA-1,10.11880162277514,16.440152166490492,13.999420789727601,-41.26265335896698,11.764307704949186,8.304857241177373,-5.231957802615041,2.1058752997513324,18.679739465319656,4.217377996035047
AAATGGAAGCCGCTTG-1,-36.122970252185276,6.219200452724948,0.5736712000775182,0.7387475160206358,-2.5717133521450357,-1.425476500194642,-0.6313583560861282,-5.871630791170092,-2.555264912358891,-0.013139216894725081
AAATGGACAATGCTCA-1,-38.15836212933114,5.646549587890988,0.28240218514207527,2.770415497049799,-1.7890488074506443,-1.2628233470644266,1.1995635421657802,-2.26941801202188,2.152868730641268,0.3619298620173601
AAATGGAGTACCGCGT-1,7.778998263778941,26.301026469275868,10.414840101200761,-6.605880647065646,-10.43637055685668,0.5857439118309546,-0.09589757943935595,-12.36060147050495,-8.807259705647414,18.830318105541505
AAATGGATCCTATTTG-1,13.88595705386083,-2.119695673157068,-34.5144629847388,-0.07009580622567846,2.2762544917429963,4.553434896657078,6.398830724254484,6.70834180379404,3.750510493504733,-8.830759949670483
AACAAAGGTGATGAAT-1,19.062017043181342,11.045893656306632,9.81990623961174,7.461583239121394,-4.275646219503464,-1.135908590960217,2.4757367697350965,-1.713548217951928,-10.168199429586519,4.220763372569893
AACAACCAGTAGTCCT-1,-25.365417000446357,-19.38303962592257,4.8963376689450495,5.612821249725464,7.767961415362026,-0.1625926234220907,-1.9970842160052804,9.443160255539903,1.1336098919703712,0.7826671642695402
AACAACCCACGCTATA-1,18.278151280297795,9.466804598920021,12.46115514012753,-4.790194550403543,2.116735652589057,3.6432172066809683,-5.403294582269599,4.896731863279152,-15.856903383815926,-14.86830446202313
AACAAGAGTTATAGAG-1,-31.648961142328574,5.434387732001852,-0.6241738618571979,0.4337216053265578,-2.596208949513249,0.2630594388014753,-0.7639917485492482,-19.935476661782282,0.4545755636950586,-7.413838640899744
AACAGGGGTGGGAGAG-1,17.086336956502986,4.436201739301126,13.75076909072665,-6.933808858205177,-4.51478452666084,7.482350343417531,-15.772980400295348,5.589097482622023,-13.121698016093504,-10.652066926271218
AACCAACAGCTTGTTG-1,20.547199781904407,4.556593565543707,7.122454592348799,9.584074186937915,8.586634032741783,-10.635935116137794,18.70346778621205,-3.4734637898176373,-6.675163912222196,3.024650671096512
AACCCAACAACTGATC-1,13.586615668257942,12.078140459041464,14.304614538559512,-23.46090973947959,6.85973211563536,3.622705336156849,-0.8465030441980428,-1.231344371194104,1.0088629075703,2.237526120596074
AACCCAAGTGGGCTTC-1,9.56730737242996,2.6979645135376273,-30.08852159767505,-1.2990134530223894,-4.799882063768809,5.75053443859982,-5.920561968606393,0.2780542895810951,-4.936158222939395,3.0117720109093735
AACCCAATCTTACCGC-1,11.482301181588925,14.46965703639691,12.787706026747134,-32.56542690028726,14.037374420315315,3.4065883580193335,2.842657594919203,3.631749320877674,17.084555234984208,0.405386559224973
AACCTGACATCCTATT-1,-43.576240516118446,0.8864268453283017,4.12778231405114,2.975772651012866,3.855503010009887,0.6612757985033086,4.16024119696262,10.83388713364803,0.4282931374014536,1.4249055818605458
AACCTTTGTTTCGGCG-1,14.624266802745586,2.359399868976439,12.613164183242066,-26.182021590637113,11.88302307828978,7.178785089924288,-4.843701795042811,3.784935693569828,12.036040161252048,-1.889493050216287
AACGAAAAGGTTGGTG-1,-2.403027374995961,-79.12384529136109,24.671008905012748,-62.03077064967223,-124.74196467911658,0.6026349875894428,72.9466103109437,16.469703899042543,-2.8852531251209745,-5.880648658347495
AACGAAACAATGTCTG-1,19.862974713611244,-36.62950760334439,7.314719013898751,4.468333941804179,24.233361643322077,-12.01302931306396,9.217880058461695,-7.06745840062287,4.558918671502237,7.003254002686481
AACGAAACAGCGTTTA-1,-28.261166387433853,-13.887921488110457,3.6858560292521263,7.145020250120117,3.0092465600793137,4.2940197397781175,-5.21440619865546,6.194669062166215,-0.18074856960688157,1.2627434778154027
AACGAAATCCATTTAC-1,21.159685862475158,2.578734578647399,7.840785450942132,8.310756034284214,4.868182123128777,-3.120329474146632,9.705298770009133,-0.32844297424424607,-3.2039620105147977,2.8710501710128598
AACGGGAGTCGCTCGA-1,-38.47640912837703,5.19857095017727,1.446974102469559,1.6046290508425778,-0.9640015297334834,-0.8654294618293017,0.2942887969283703,1.2225142434980318,0.7855449264866685,2.766962522106021
AACGTCAAGACGCCCT-1,-37.867158546137645,1.518264958206089,3.0823094531956627,3.50194686425694,-0.6163658263885718,0.0012738593638448314,-1.293581285127761,7.914317050675596,0.31506926834424753,5.070147388670218
AAGAACAAGACCATTC-1,20.95849214945828,5.904619016422316,9.115897843212418,-2.732538676205062,3.947896356504943,1.083503497640307,-1.690723290623973,7.710347483111535,-12.757340641852993,-18.047874247839026
AAGAACAAGCCTCAGC-1,-34.60651595181901,10.486787223277815,-0.8103348069070888,-2.066212110227132,-3.8482542468794136,0.4196943340924837,0.11599750781990892,-18.060750581429776,1.5136187344964247,-4.134790039419196
AAGAACATCTTGCAAG-1,21.085341333013403,11.747597412757486,5.508545252385403,9.242092079174702,-5.342556945683803,-1.7329105545631474,0.06576077634979427,-2.197549539951167,6.85936778034677,2.014166835380646
AAGACAACACTTCAGA-1,-40.12800274072861,5.886896672753011,1.0940905922018018,1.7473180030306454,0.9811037309500286,0.6057672558713696,3.6698690293840066,-0.40260160765625663,-0.40912637595070156,0.08860220659981932
AAGACAACAGATCACT-1,-26.05139118454894,13.333346508723139,-15.267532076772948,-1.4388171235614315,2.515335314069752,-3.2960627021252717,11.651839173564184,0.5431600906630036,-2.4523805176910445,-0.5844114604987238
AAGACAATCCGCGAGT-1,24.12791793398278,1.8268998289557317,5.605270399631374,15.298953958722521,-1.9026645117354342,-2.4432656312178405,1.890024326921644,0.7019821755076041,11.648392271169143,-1.1582832355453512
AAGACTCGTGACGTCC-1,18.01887301639304,-69.74470274934095,6.2271329614722095,2.1859372571054267,16.381317903259802,-2.4782202897317185,-18.346297245230524,-6.892207419086372,0.39615836428700324,1.7702283740408955
AAGCATCAGGTCCGAA-1,22.03260728046187,3.7169550877508186,4.824117268632054,13.775707950678157,-4.247351778605061,0.02401591034116235,1.7779151343343962,2.8559853335286416,11.243160777646159,-1.4230272662546168
AAGCATCCAGTCTTCC-1,-39.789560149740765,9.074783191192736,-1.891731810609551,-0.15249758633731414,-1.035663351470287,-3.1952224417129664,3.848603637952582,-6.976475769379324,0.9642248951387861,-1.4294488662378582
AAGCGTTCACTGATTG-1,-36.0491806375982,10.163859280071264,0.26855715244674805,-1.6233953918795954,-5.712219045976209,-2.5031109761086037,-0.24195230319300265,-3.870028097736456,-1.8681987015372818,2.8407698210827186
AAGCGTTTCGCTATTT-1,6.691450329039975,0.8965690840110483,-27.830570669777703,-4.8828696312073046,-2.7265788964499205,0.6878568218051595,-0.2840489955139738,-6.71041281845471,-3.519782030918315,3.3249735102472227
AAGGTAAAGGAAGTAG-1,16.66622129638337,6.356394322988152,12.058500619303775,-8.915188858720345,4.082055184706075,3.2019966574862764,-6.692659209430891,5.458300721142539,-15.697568342227907,-13.163869097871245
AAGGTAAAGGCCACCT-1,15.250524541780106,14.783628045615899,10.624189716465544,3.854825327654612,-4.328077892180534,-2.1924017648766387,6.614843295349974,-5.455127935808793,-10.209453476857291,10.139492344028422
AAGGTAAGTCCTTAAG-1,18.238691022353205,8.698566550910613,7.1795910555362035,8.559980801902986,-9.637001955755562,2.013793635986155,-3.745147391495257,-4.009773806337346,3.1598824098229947,5.955540461305603
AAGTACCAGCGCCTTG-1,20.72310940497401,3.9138217114656726,7.875053270946782,14.903681273965208,-6.328580551261091,-0.9700680072994567,0.7120816585145846,-1.2295536557970044,5.731964945607972,2.7063093675404915
AAGTACCAGCTCCATA-1,20.474514420206823,5.079505962270588,4.538076230894021,13.930896378804349,-2.996531940676297,-2.2405467654516933,2.8673155252638693,0.12894750720811832,10.305331277179214,2.4024070302759353
AAGTACCCAAAGAACT-1,22.191744044155744,7.040914672055337,7.224731525321732,15.12822696168307,-2.7617334626205796,-1.3982408140822231,3.8652867793568895,1.7848492480040408,6.103821086066695,1.6582439392405717
AAGTGAACATCAGCAT-1,17.132952642108833,9.60869752966471,12.288623644410933,-7.457242869974884,1.5023562150805692,3.8536630280907618,-4.296432376569234,4.030385936105185,-16.71855010535782,-10.709846811836059
AAGTGAATCGGAAGGT-1,-37.221725706207316,6.633286057350418,-0.5967001134255794,3.1976803435271357,-2.919791621340204,-3.0032720762216867,1.024490257819128,2.608612026852226,-0.3362622797368273,3.3966699316191415
AAGTTCGAGGATACAT-1,19.71045243896694,4.30593187406609,7.910959304263333,11.527295828443192,-7.028957521529808,0.9885255130452526,-3.4600118045556947,-0.841902579786348,7.265681857157159,-2.4415755733878255
AAGTTCGGTCAACACT-1,-35.527208564548665,4.926274813166614,0.557128745746466,3.616468006297142,0.4916726630193047,1.208697016424043,0.7300863817855756,0.49043897006160453,0.4536736001378818,1.2026322834906058
AATCACGAGGCTCTAT-1,9.834934635418048,-61.779440757681876,4.725111248740733,2.4942380733675034,18.09291509999977,-3.736093192152726,-14.45193516426647,-7.734547906282666,0.7489868269386188,0.3986087962105884
AATCGACAGTATGTAG-1,22.032011152269575,-15.913532951171725,8.33571358434573,3.5614626352961403,18.22038502079078,-9.593043698211979,11.200929321421068,0.9786336849413777,-0.6943894665504919,-1.094913035430693
AATCGACGTGAGACGT-1,-38.55658839805417,-1.9420243071958225,3.8461974101258014,3.508427866925488,3.180818184278497,-0.3908333831133024,1.1525842173371998,6.923591049361079,-1.4006709909015898,1.4036278980701844
AATGAAGCAGTATGAA-1,20.570770241469965,0.9868979931277408,9.352951176866702,5.689323309081386,9.163807683089159,-5.170756480804906,7.8367289596916585,5.003133732188031,-9.914662751934175,-3.0486917573868997
AATGACCGTGTCATCA-1,-29.290793649367856,16.778816889136948,6.808856049952527,-12.555099951336869,3.7392043044748675,-0.5228915764045394,5.848655708303852,-1.9541096185246758,0.21125186612883273,0.5739399418603208
AATGGAACACTCATAG-1,5.72653785497212,11.203181992172404,-29.02414655309561,-8.320042924199688,-3.8105418236222874,4.342831110399866,3.8759827653479384,-6.733467079078727,-9.763509649391937,16.674122224974834
AATGGAATCTGATGGT-1,-39.62079981049143,3.4186129706763637,2.648195859900399,2.2758639764837456,2.6746577658711015,0.046812842640343355,4.882493234861418,4.893238507650784,-1.9662191897802164,0.043403449056066634
AATGGCTAGGACGGAG-1,14.20362636931199,-15.388157116248294,5.610349000957914,-1.7343362750596332,29.979345208324737,-17.933861274732827,29.84688618043154,-2.229280981110838,-10.628521966334361,4.707536286002707
AATTCCTTCCATTGGA-1,-39.846153311816224,7.459201800237011,-0.32225577700800834,-0.4030799448135154,-1.1487341496610544,-0.7456476186028951,2.207981642371994,-12.480066355976097,-1.6889780162271013,-5.477246416893641
ACAAAGAAGCCTCAAT-1,-40.50486356108694,2.62474789377184,2.08655367802682,3.6631548213454215,1.5720698824016175,1.0149405520072254,2.8723473815298455,4.036185276876923,1.6371359815501507,0.12188772509604329
ACAAAGAGTTCCATTT-1,15.636094191336282,11.513122703698883,10.675587447866269,-0.03942800684367764,-3.2004835450754747,-0.10992205187708759,2.8872468073440487,-1.7693879367643728,-13.117327444594359,2.496909290112261
ACAACCATCTATCCAT-1,21.54003185746531,2.744025672434745,7.720237521214752,15.949579763867522,1.6783210729593083,-8.384578779560904,10.22477593525388,-2.695509243881937,5.328248032908222,0.14235794892367437
ACAACCATCTGCCCTA-1,20.50034652047198,9.158812831171801,8.38474846416771,13.72906821251869,-4.391141562644947,-1.2509185409717656,3.935535219606841,-0.5373961640244937,0.6308997757366603,2.2433725428737508
ACAAGCTGTAGGTCAG-1,13.732990035826777,18.90201891528534,9.740741122543085,0.1355238105891874,-3.357378990698571,-2.0973609770104242,11.504392395181867,-4.094556787962097,-10.902385806515355,14.66744519582048
ACACCAAAGAGTCAGC-1,19.314729509925236,6.171535224911452,6.995329717425832,13.82472379315874,-5.361020014960054,-0.7624934477167278,0.5891205431717452,-2.449602163683374,5.0717000855275325,2.7800712058815793
ACACGCGGTGTTGCCG-1,-39.720136204847506,1.4499111489329692,2.281621765005845,1.1091498187961357,1.0562979072752423,-0.039514854139939715,3.4229581749346885,-7.190798392920831,-0.6286070055288093,-4.817721718517756
ACACGCGTCACCTCGT-1,12.384750519886133,13.652627672643732,15.763003723917517,-43.77639275483689,14.076061063120699,8.791915898788886,-3.5152089481192785,2.0668034402910553,28.459501954216556,-2.465311976317195
ACACGCGTCGCCGTGA-1,-31.51222087454711,-6.4517073113415435,3.934680720202654,5.316782632632037,-1.0660848435618284,4.705051292710004,-7.4048812037887135,9.513871505571283,2.734415932318293,2.263332679503587
ACACTGATCACTGATG-1,-33.51154259369366,-3.537280976524265,2.9507921399424895,2.516514373627843,2.47724671373763,0.05703082430373296,-0.8346279556488696,2.1521877447670272,-2.7764207227251703,0.36134509291460226
ACACTGATCTTTCCGG-1,19.434390993272938,12.526678492062018,9.765636916007182,1.088221916497182,2.6438517223219513,-4.2714474428994516,10.343761346932009,-3.5554371759458747,-5.836359468802471,3.5238296219366854
ACAGAAAAGTATTAGG-1,-36.84505584990159,-0.24803841406088623,2.432065863157889,1.8293314492098278,1.4805468056759334,2.1506273767124435,1.0737389578584668,-0.2704089053505685,-0.29231801476204144,-0.9587573162226595
ACAGAAACACCAGCGT-1,-37.224840104885146,-4.964211379413449,3.1906927333522117,5.269747674552122,2.7030297726004964,0.4660617970527845,0.5675384262669496,5.0383821179424775,1.0063810464708283,-0.052918885292952744
ACAGCCGTCGCTGTTC-1,13.566924665698151,-2.8896408970337575,-32.88720622460723,-0.9553024632846627,-1.778733870422995,8.439936445004413,-3.4924169033715966,1.3354301425025268,4.417401703051199,-3.8013938783540775
ACATCCCCACAAATGA-1,17.61991966314896,0.5906469634272753,9.042629310055476,-0.38094126897428904,7.37366950142119,-3.206196887839082,6.141375579109685,-1.6431822754210774,-6.108563528799477,7.4873691488165734
ACATCCCGTAAGATTG-1,-37.734528722036856,-0.8172526825354538,3.0003399178971533,4.398890119857354,0.43773854974977766,-0.08565196735411451,1.3377198979369638,6.344732580234476,-0.5864563542173895,-0.5076311923449905
ACATCGATCTAAGAAG-1,7.6178385568103355,18.186384901893305,14.627210613494913,-43.10838520036621,9.341763893139223,7.299876924521637,-2.4013780499090025,-2.8973850797941996,20.27575414960383,11.907300788193284
ACATCGATCTGAGAGG-1,15.723893857648365,12.96451573585054,12.400434240031784,-11.212718363664825,-0.8728918570603952,2.7849700168660494,-4.455279512788623,-1.0823311136542895,-4.083865875459744,4.44142879583894
ACATCGATCTTGGGCG-1,-40.907373906237126,-3.923000109390756,3.7954123907419235,3.562547368726121,2.087786796157065,3.7554717480580093,0.7516711072289297,8.52521729215368,-0.9209537982290079,-0.7469823752586153
ACATGCAGTTGCTTGA-1,-36.36966293319583,-9.058198499340214,5.452569983006272,5.090976024012702,1.9161729973883883,3.7718591063441025,-4.297267593582728,14.624755253341483,0.9875924564864936,3.438010790561486
ACATTTCGTGCCGAAA-1,20.694767857450028,1.0636132410346875,5.07844056702837,13.760715835828154,-6.77773134367326,0.8995289953031915,-2.0198565708481713,2.3667802947424974,11.558411211203659,-1.8368286328926589
ACATTTCGTTTCTTAC-1,9.787822107502299,7.43600052672447,-40.667092233334394,-4.532841405797695,3.7037739866111767,2.085388014485379,9.69800426185786,2.2143983537354446,0.24104618541252587,-2.0343007662345425
ACCACAAAGGCCTTGC-1,-36.83645596113524,-0.7115882245932141,2.544370489891734,3.85418633063071,1.7315682121688862,1.7917186305400468,1.972076287611923,4.666793007566049,-0.7118357458883378,-0.041312876915570396
ACCACAAAGGTTAGTA-1,20.55713417068351,-51.448643749361665,4.423413527898473,1.761293136991429,21.54596797531335,-8.530717823008548,-6.74165645117654,-5.301451638183696,4.7312605309385285,3.663691769606924
ACCACAAGTCTGTGGC-1,15.044755678637825,-1.4009191510955787,-35.516613604737,-2.1895372272927767,1.1797627579479677,7.8767283992445645,2.571553391588761,6.090535033902681,5.093867627242858,-9.816221974574459
ACCATTTCATTGGGAG-1,15.202387023277222,12.460837934050929,9.651085197655899,1.0155877662123922,-5.572936718499964,0.816133657959548,0.4339308893879483,-5.562950776228475,-8.920814723113102,7.896294478593622
ACCCAAAAGCCACAAG-1,18.647087948622275,-70.11986749152356,5.91460357687962,2.3524099245583394,16.288938793742307,-2.292872985835842,-18.480336236710176,-6.982544116745574,0.45809004743140824,1.5648740201836278
ACCCAAAGTTGGGAAC-1,-12.065847906459616,4.465974686137216,-8.045750472139314,-5.9218289655109135,-8.582092166216285,-11.919328262727996,-11.706058829118797,-14.43023666301415,-3.5522351385713717,17.17893711661768
ACCCTTGGTATCGTAC-1,14.035414767754833,21.415965197306107,6.358619039525562,-2.0664767765680945,4.27422317282724,-7.6775608200506085,19.443291142613454,0.2694396605775262,3.013987473667081,6.694334607234596
ACCCTTGTCATTTCGT-1,14.171925661083547,11.82435349057073,12.542602915660884,-10.1494047425196,-3.021231926779439,6.96105460449596,-11.478665872435226,4.2344711866242175,-14.344662026238442,-8.540979516926765
ACCTACCCAACGGTAG-1,18.732084139282705,7.915390449026489,11.95038766384975,-6.710415733576765,-1.3257830305152503,6.522639414612797,-7.997691059884387,5.372847961944538,-14.602267547814467,-14.135983258827888
ACCTGAACATGAGAAT-1,20.216271530297334,11.707532711338274,7.979225816426018,11.817398237046255,-4.07654677202072,-2.11981763482986,4.824545348425406,-0.5601692682390693,5.116110979920794,-0.4997105415031613
ACCTGTCTCAAGTCTG-1,18.171630013674935,6.34354480980835,6.174954474007446,10.217472743076812,-4.962265109251181,0.9223416767968744,-0.5580306259248733,-0.655782026666742,6.109611821342476,2.5654414779700003
ACCTGTCTCTCAACGA-1,-39.36240062074753,10.556307062284006,-1.1667353118110855,-2.751935670718519,-0.8195279110802289,-1.2559426370865188,7.7015245705499105,-28.480264727810248,0.9709763564059233,-11.643072120501836
ACGATCAGTCGTTCAA-1,15.268625847304794,9.667991479424018,11.086026357189198,-3.907196955945174,-3.0452167668827705,4.689066254180951,-10.219869271424981,3.1296237877980015,-11.951397122175333,-6.910829527774522
ACGATCATCCACGGAC-1,18.501330535601664,5.73336425730912,12.038052281101333,-8.402434233559106,3.023715464144397,7.69178805997436,-7.323267804342597,7.069009949298275,-11.766593117863092,-12.127328811902089
ACGATCATCCGTTGGG-1,23.068330326426917,8.197174372414622,7.495673480788356,10.728851190256492,-5.756137377613442,0.7768650693520693,-0.24089414673083098,-2.522808393899435,14.154298163035941,-1.8220209843958592
ACGCACGAGAGAGTGA-1,8.669300615464046,3.474495747878393,5.864163693853036,-6.363597377657234,-3.8097278721686116,2.986625698132719,-7.91328873376232,-2.953672159345592,-0.1603338199540818,4.092300926303599
ACGGTCGTCACTACGA-1,20.469441863807525,4.068475081051659,10.287494693480173,9.796227365685485,-7.646613827641506,2.0142863995408984,-6.076724906082536,-2.448029927865689,-3.9894591548314358,-1.458338162358979
ACGGTTAAGTGCTCAT-1,10.339058449165227,1.805341766816369,-35.71931524747568,-6.452844750493975,-2.961877085558074,5.0959937642674245,-2.3640706189887535,-0.6649103643283585,2.167921874355521,0.5471886425548391
ACGTAACAGGTGCTTT-1,20.62387780134266,6.514681939480695,7.4028127195214095,12.15808054281329,-4.412668777015892,-2.4851698996871185,4.06348088049765,0.21277933392151027,-0.9830913133986716,1.7961641116226077
ACGTAACTCATATGGC-1,11.660771130524434,-0.07122128185808663,-30.117616705427114,0.0346630852663945,0.5694396499679097,5.208576931114127,4.037888019809685,3.77177310140228,3.55977324594494,-5.837904866379073
ACGTAACTCTTCGATT-1,-31.724291317774664,-6.4320146005504455,1.1929758999005262,3.1322088286479004,2.890342592243522,1.0823975807717323,-3.2148484115459137,-4.752024964464158,-0.26835800474780247,-1.7890168925897427
ACGTACAAGCTGTTCA-1,20.42314761697383,5.582705489809882,12.467184041292741,0.054164229214919146,-0.24042633104620492,1.2804524924135272,-5.453201662545981,4.256638783172804,-11.634823430299878,-10.093812949898354
ACGTACACAAAGCTCT-1,-39.659895025986124,8.346715973499471,0.6253021892564226,-0.7641310022234715,-4.309947942596217,-0.14197488041370332,-0.9641266439559306,-5.285257521608202,0.02742602830376084,1.7272367675789377
ACGTACACAGACGATG-1,11.59775957428674,16.189965566245846,16.18079596497825,-33.31270230617513,10.131882000768945,9.954624390213361,-3.3422210300385355,3.6549194110901215,12.991834417426753,3.2637989569685555
ACGTAGTCACGCCACA-1,12.35216484755141,0.09897339109947723,-35.26486719495013,0.12021698991612007,0.7165355936342728,4.3419479618328385,2.3335076088576834,4.464180342782196,0.2700149609835698,-2.0822557430123165
ACGTAGTCATTAGGAA-1,18.64824943896023,4.497104048071137,11.559655372632323,-6.756515608293364,5.017400258372808,2.9072044868426703,-4.62211562746233,3.930273846112197,-14.599558790205066,-13.315661354425142
ACGTTCCGTGGGTCAA-1,-32.44037209215904,-13.254533804537317,4.061853840330597,5.016929078183128,4.671219808052344,4.560541547766943,-3.303321354722071,9.280555782060757,2.2397305263928455,0.9589172604855345
ACTATCTGTGTGTACT-1,9.697353213799126,15.333824094020969,11.017388630043296,-26.88908261532429,3.9102067644863627,5.386375036270835,-5.568651044215443,0.8055413610680464,12.57106990129696,2.428248580353425
ACTATGGAGAAATCCA-1,3.817698976893702,15.1953095801546,-23.72759695693216,-10.643952994286554,-3.9871194087060786,1.8956386058008334,4.376785468642009,-10.316420565134766,-15.30396842768269,27.61340580914609
ACTCCCAAGGTTGGTG-1,9.134627683775125,18.714775518530686,15.000989078090875,-39.579705211720515,7.857093018192263,7.9949523208712865,-6.8771866955266745,-2.177582217343271,9.796097360483982,7.893424225114721
ACTCCCATCGTCCTCA-1,19.846842276821697,9.343961339376179,10.699711017884805,13.953973919735686,-3.8565838544441142,-2.6927952682612752,6.435356415478115,0.2324635022555075,4.073559344209932,3.2404796137237537
ACTGATGAGCAGCGAT-1,12.542465641304437,0.7600337913706738,-35.62791143622222,-5.08267132804621,-4.037469421216297,4.166411624239379,-7.18608923562932,1.1893088516955794,0.6296544153538894,-2.123478273978135
ACTGATGCACCAGCCA-1,14.031125471498694,0.1538566741809717,-34.8159484464038,-0.6346506894793298,-1.545896329748297,8.548570147294441,0.40005722336610816,4.070489083151296,1.9540658369977926,-4.520770237348643
ACTGTGACAACTCGAT-1,21.617389757898565,7.8382243069404325,6.497542687715936,11.277263188498582,-4.334498056838736,-2.507853604512632,-0.2651210739857355,0.8781565615588054,10.732877669977674,-2.160968380106169
ACTTATCTCTAAGGAA-1,-35.909439052962085,6.359097771409012,1.073366039744557,-1.2648458556398676,-5.355245758816075,0.1903635428328445,-6.014809805676155,-4.035884194493215,-0.062098672411650124,4.758846448099957
ACTTCGCAGAACCGCA-1,16.191968128869554,10.712486878749687,5.945760333950292,6.545579259492348,2.096474717127073,-4.6946122531677625,11.142887019016687,-1.348910215020818,-0.43326646446924033,4.644955520076298
ACTTCGCGTACTCCGG-1,10.804105229695434,-1.1260282171926548,-34.35498757438182,-2.9039341748745033,1.634670701489906,5.264131339324275,3.534870828998379,1.0799998467271505,0.4786580152252726,-3.4657635905434434
ACTTTCAAGTATGACA-1,14.481345553564541,5.819131241187421,12.288334251646262,-13.614479387574129,0.3510512553611864,7.050575310147172,-8.999165874921841,-0.10012341731417251,-2.3657270486548487,2.659118380126446
ACTTTCACAAGCGAAC-1,17.36828684761359,-16.026083367759355,8.144163862821152,-16.04324591184643,26.706154914730366,-4.925157014904205,8.87768934346554,-2.421650987364205,-6.6598879206275345,5.30093565628254
ACTTTCAGTACGCGTC-1,18.132834314631467,5.925102517889428,7.7089903922931855,10.26426066009676,-6.456259112170905,0.6868703398030105,-2.03275021690221,-1.087488950361414,-6.864646412275267,0.3948689586384031
AGAAATGTCATTCGTT-1,-27.21298006401208,-14.859858327536095,-2.850978574064883,-3.8341022477683286,27.573235492278435,-12.12309506203423,24.56495716749864,-12.656465317279253,-0.45834229399820736,-6.652838477423673
AGAAGCGGTCTAGATC-1,18.660631835544525,7.771611232080232,11.757825537841889,9.859179995205906,-11.284827119273633,3.5882334679583527,-9.337187815388544,-0.7487970686371845,-9.188247199893885,-2.721102798297439
AGAAGCGTCTGCGTCT-1,18.457156566749376,8.158770290439989,10.152704375435944,8.588077010111702,-8.686446098872835,-0.3022648099637648,-3.702378951339252,-0.49364052278375503,-6.471696521139931,1.2486486105685917
AGACAAAGTAGCTTGT-1,-39.031954173323136,4.940007986202744,1.9391734342013263,1.7088701593122766,-2.7521788099160123,1.8087527484272918,-3.0656963189620487,0.6702246960201759,0.6731970821686251,0.7136489168193516
AGACACTCAAGTCGTT-1,18.915355479669046,-0.22206368549383626,10.048725656069447,10.720540142827742,-3.8291410647811226,0.19062238529266784,-2.350330916862603,-1.1606102400294187,-9.699917710101223,-1.6160401400807292
AGACCATCATTACTCT-1,20.750143766279468,3.521257537433044,5.852362631172096,14.65956380521216,-1.4596829594842795,-2.2932526668538045,2.84578720715232,2.2655144891256036,11.25900953441792,-1.3388754080046983
AGACTCATCAACGCTA-1,18.252536556180893,12.956543009866323,7.2813664976381105,8.10147589787329,-0.4889132545791206,-2.5850739920224157,7.068985862614792,1.0870670574377002,0.5130564666989115,-2.1723176949372434
AGACTCATCAGAGCGA-1,-38.4957950182349,-2.157879713344599,4.2539198849492195,3.5150427509586724,1.5885781298922712,2.9327864401179795,-1.4562733176163096,12.963913151785952,1.5887848443541297,2.5555685837706275
AGAGAATAGAGGGTCT-1,13.893037286391248,9.049512532886766,14.415030690740572,-15.469488265326936,-2.049922188095474,8.496688644064967,-12.783746178623256,-0.44211186082396114,-3.201465652519757,-0.748522688155969
AGAGAATCACCCAACG-1,21.564035623364013,7.026490666152299,7.003346167816818,11.390524915023844,-3.319708531353495,-1.5983973089261023,3.378198766721251,0.34614849088958,11.529042172490888,-1.5351384713190117
AGAGAGCAGTTGTCGT-1,13.086333403243968,-3.7947418802812507,-31.636882705533505,0.5557735973878875,-1.2368501396574594,7.951369288771762,-1.405744787457051,3.8817762528860804,-0.017096138783913473,-3.172161515932948
AGAGCAGGTCATAAAG-1,-35.240632392387354,-14.271116864430631,6.15960268034609,5.014886979586575,4.614101251400898,5.757441690550977,-4.432688052148947,12.207427422509287,-1.4328690343045414,-0.2554684935069038
AGAGCAGGTTGAGTCT-1,21.879632161235502,2.584004272259989,7.055551025192221,16.539840011435306,-7.091288641676741,0.6445064143679016,-2.3964292072504207,0.3197524631015387,12.292633332491544,-1.4045701737136254
AGAGCAGTCGCGCTGA-1,18.04662050438996,7.78218489346537,10.700576849243404,-2.637477029202714,-2.3756801177071374,3.5844414644359643,-5.844599953645174,1.5309826936626347,-2.6337550846699473,-3.07383798922371
AGAGCCCGTCACTCGG-1,18.219075546351032,2.7485528105919315,8.222698436562933,10.722498325055065,-9.857685179132282,2.730786239078671,-8.671787423857687,-2.6898676395723813,5.0343617102268645,2.9925107325181353
AGATAGAGTGACACGA-1,-36.26522243465023,-4.500667101197195,2.0599011734111987,3.664721588900279,4.849996568220254,1.2080689704932905,1.4430917474746323,8.24078215606167,1.6151945310210591,0.23723481035217153
AGATCGTCAGGACTTT-1,17.676450075937947,6.223296585875687,12.36607974023881,-2.04412819535321,-1.0774496403571572,3.996900605008082,-7.10028274094806,2.874721873763166,-16.333267985126355,-9.659372292083404
AGATGAACAGGCACAA-1,18.332789942779073,13.49102773033809,10.669549418370638,1.7936669911165328,-1.9413285955415134,-3.243780463400991,1.8574277308962017,-0.4279842073040987,-10.247498359154063,-0.6279630755298307
AGATGCTGTACGGTTT-1,-30.71134347580815,-10.376892813367341,3.63769537340231,8.037609360763172,4.218754444295493,3.3774017659299442,-0.6261888982878485,14.54155705027664,2.1242510767063036,1.7917915834520595
AGATGCTGTGTGGTCC-1,22.050892274729268,-6.504578582842896,4.963477720520631,13.241178080155784,-5.064235744093168,2.4462175064152696,-6.959739286816577,-2.7666953704835606,6.558031742110909,0.22775033463788263
AGCATCAGTCGGTGTC-1,-36.59755945241245,4.518037001356802,1.6554366973923478,2.4858756806396567,-4.023994839920828,0.208857593563617,-3.2996064915423506,-2.754065592577618,1.6502440659679056,2.4620122027120512
AGCATCAGTGGTCCGT-1,21.031868894722628,-1.4092771709178464,7.191449744408176,14.462222903648033,-6.684523002713899,2.437623970894818,-6.588509081271731,-2.240353846538673,8.419979647688331,0.9236948291137856
AGCCAATAGTCCCTAA-1,13.630917615064725,12.144480231047638,8.267903063401352,6.367885503552184,-6.658120467461899,-0.28656970296059137,-0.38525836992228335,-3.1149193793212655,-9.656422588641929,2.5036118831447256
AGCCACGCAGGTTCGC-1,21.136613380635783,5.965614905675793,5.644239159468045,14.592035857830085,-6.9097446211595255,1.057900102916788,-2.379975259188633,-1.7495876399450654,10.169020440526777,0.7012484187183818
AGCCACGGTTCCGCGA-1,-36.49623183542676,1.4251526007309678,1.9961581259532055,2.761250063261064,-0.9618807191322922,2.808203453355458,0.5501061034559456,1.7239819707310176,-0.22914422290464898,1.0068943272210855
AGCCACGTCCGAGAAG-1,14.655925138981537,6.658245505830763,13.2724453686785,-20.751132258440805,9.144834538179733,4.761134440829353,0.455968199396537,0.18333050041935461,-4.0616591995543265,4.687027894652806
AGCCAGCGTAATGCGG-1,19.56534906862336,5.290467793003202,7.814763830190284,13.147539872354896,-8.32050884782689,0.707419701341911,-1.9423843482334373,-1.7566800795810913,5.06411626522835,0.7450573762816444
AGCCAGCGTAGTTAGA-1,-5.492463358557075,21.199753108238937,-23.848757565498406,-26.176206552751722,-23.826280713728945,-98.89502930833864,-37.59522666350061,13.507258594640724,6.270060267173227,-14.461340437840573
AGCGTATCATATGCGT-1,18.209502802304797,-69.89892606888874,5.972309800246718,2.6397383132033183,16.344473445010486,-2.374576369801388,-18.205608193319364,-7.252982208034729,0.619770552391816,1.7273287869201046
AGCGTATTCAGTGGGA-1,14.282741514487558,-4.859523371113994,-30.778880103782956,0.5441672988226354,1.7524650377568474,6.063696752263853,-0.7562700175954529,5.210491718787489,4.193431587091227,-6.3145663062670145
AGCGTCGCATTGACCA-1,19.80675553189998,-0.3690785734964095,10.120484776000993,12.037840210784818,-8.583851041536342,3.2175024767263176,-10.418856078164197,-1.4154422864988367,0.6772303499981747,0.6536528466940892
AGCGTCGTCCTTATCA-1,18.310804875690902,-67.465621441136,5.825850992609264,2.1385985399298386,12.480763493268645,-1.9579972042646692,-17.511074270274282,-5.949757499804486,2.019652400675865,2.6843485572608574
AGCTACACAGTCGGAA-1,20.390905303032554,6.882571954431839,10.129829995175397,1.128038579822202,-3.7899288120448382,3.516507100489381,-5.65413488923825,0.54243375208718,-3.8210825022486805,1.5049075494575912
AGCTACAGTCGTTTCC-1,17.20241003547931,4.655595253162332,13.433789097631898,-8.116901393459406,0.45615877254061843,5.876679782640263,-13.638600329926836,4.501802665124254,-15.631085176905724,-10.215660808242422
AGGAAATTCACCATGA-1,-34.172792855057274,2.117197321664136,1.2018663763823492,-1.719182655328431,-4.843597720846226,2.356377674746507,-5.589561671055302,-17.69503420546004,0.8512013995596184,-4.669650063525723
AGGAATACAAACTCGT-1,20.897918234690913,4.8861190206432354,6.971517543516154,10.763690757094599,-6.925161834963262,0.39004030389597366,-6.048851683014707,0.43142580375193074,8.658198228901696,-0.3447060562316233
AGGAATATCATTACGG-1,23.40658281281204,3.7269494597124577,5.112529103128882,14.665187802699279,-3.816518053073274,-2.364705318069299,2.80756688832588,-1.0723595748625074,8.790667942424188,-0.7208885948205546
AGGACGAAGACCTTTG-1,11.199591104822703,16.801074976623298,10.991172759479895,-35.34837262015304,10.77156108771717,5.939063409088446,0.2653886495283331,1.6601150632929071,16.485467533159078,0.5394601759069109
AGGACGAAGATTAGTG-1,19.280110272801874,7.964252129040233,8.050253761684994,10.919807597999165,-7.714749213497917,0.31745389366357823,-3.35751068289761,-0.41588287153912074,0.8691754357910915,2.904819045489831
AGGACGATCACTGATG-1,20.235433942578908,8.09652499786705,6.197515897047216,11.522806240384742,-7.51218534356164,-2.174382530795834,-2.382480097877041,1.22258871172009,7.575140364314975,-1.6153448332163354
AGGACGATCCAGTACA-1,15.36807769685134,15.438310718326633,11.201951849876897,-9.365733148122025,1.9770650401836818,0.7280853063595805,-0.3057574419803153,1.2202879739031731,-5.1532337165799555,1.2449811380053426
AGGACTTTCCTACCAC-1,13.905911120413819,10.892508287326379,11.185479361358205,-26.735303471428477,12.370351404330538,3.7615784824896865,2.6132507252421107,0.4796150493844049,1.1958073577042512,8.195820524616009
AGGAGGTAGGTCACAG-1,17.294719723306724,-38.92070360562478,7.153387950204524,1.5024873329273065,25.69864952443565,-13.553897533517805,9.167269816617662,-6.317160796500642,-2.2992093128058952,4.204256733657303
AGGATAAAGAACAAGG-1,20.863911363317435,-0.14511591213150155,6.389867132695971,14.396001650164816,-6.531599851482486,1.178869988109469,-4.594018324494101,-0.19504040843745685,7.608067964769122,-0.09626002308732762
AGGCCACAGGGCCAAT-1,17.05914501985682,12.584384488322513,-12.514377604704908,6.976027208964458,-6.258904361787806,0.5320754826248537,2.7990753371603425,1.4297416821415325,6.869996020291943,-0.7185589133626551
AGGCTGCAGGGCTTCC-1,10.686612660968404,0.39393793340633465,-40.47708198736208,-7.692797126137073,-0.3700174842982573,3.7171856738396842,3.6848743366242473,1.9645261284140867,-1.127842576433655,-3.5223060950670293
AGGCTGCGTGTGTGTT-1,9.548276379019148,-3.560058051115732,-29.107620956769512,-1.1969729231073956,-3.1283130665957977,7.80099065243342,-3.069946638350796,-0.6126035227730489,-0.1598005976505219,-5.4564771246786785
AGGGAGTCACCATTCC-1,18.11127573829189,-69.31233372331857,5.47169190240534,2.4121554502167397,15.85705027724967,-2.024053705562035,-18.89060964796545,-7.279964238023022,0.2056330536507256,2.088960001847041
AGGGAGTGTGTCGCTG-1,22.66445129856141,-2.3071505731725495,6.820625717442661,13.791233633229563,-6.569896362622366,0.9749166599682328,-4.511269686069841,0.22784020292957408,5.943456134658014,-0.6097948553734871
AGGGCTCCAATACGCT-1,-35.515368454543996,-6.239543439695254,3.5893155281141094,6.6168785983420815,4.246974777991213,1.758084418370471,1.2363316243198241,16.06202287697649,-0.8069472550380563,4.402218047076608
AGGGTCCCAGGACATG-1,-32.10110939706538,-8.87724747052534,4.2149115668097945,5.640705884278142,1.8490693363015307,5.624525517610122,-5.513735200743142,7.377429191585476,0.7521849366853841,-1.0254034431697576
AGGGTCCCAGTAGTTC-1,12.406753129323326,15.393146608224072,11.767128792675406,-21.11019941903959,3.243012748693001,5.867674885003721,-4.5083761225472365,0.05125158649081296,1.3553179656403052,-1.1661712372625663
AGGGTTTCAGCGTGCT-1,-38.28201631950325,3.817966860515355,1.9762836308385947,3.855195034004023,-1.4315707304566736,-0.314615169124038,0.2729492427984681,3.869548855570409,-0.14379591621253685,1.6737930269493235
AGGTAGGAGGAAGTAG-1,12.174405783321244,2.385648531602243,-32.54041181287077,-2.9002587587414745,-1.628103572284962,7.8273560348587345,3.3510281330876737,1.697330120145958,3.027314560816955,-3.9800140653004705
AGGTAGGCAAAGCGTG-1,-38.803887610960054,2.2249361241005374,3.0363782307908465,4.511728775062143,-3.130673389123098,1.8476845327165217,-3.1303821530922384,5.773246376676029,1.4993339680935742,2.482430885184365
AGGTCATTCAAGTCGT-1,-32.86522999501803,-20.580996928793446,6.162257950612811,4.462507359719151,5.835497985141744,4.081032813836313,-4.550355093890781,14.280876693328263,3.472623622843229,0.9556681581375317
AGGTGTTAGCAATTAG-1,12.804113421786298,-78.60990841593421,12.179869086123498,-19.085405663198888,-31.271723679987137,-1.282415983866867,4.1117973100331575,-1.3405142369777225,1.101298904831818,-0.0564963888604435
AGGTGTTCATTAAGCC-1,-42.39838354631146,3.419413066452009,3.064018276810055,2.5894584214913587,0.9266529416643916,2.490044365938327,1.8707619671434514,1.3029827592666399,-0.5381932845956647,1.4278342900288221
AGGTGTTGTCGATTAC-1,18.01408289315609,8.855449692481471,7.2159596312140195,8.371011642900974,-1.1582195157102788,-1.5536803355428899,7.011301589458739,-2.167740178802188,-3.5181249415813927,2.361969688252308
AGGTGTTTCAATGCAC-1,20.688861735162668,6.729718022186063,6.573635352397626,12.832184763605552,-3.262099468310314,-2.9736642648583587,3.272737060716551,-1.03827921283413,8.012093843789131,1.3009280845239408
AGGTGTTTCGTTACCC-1,-33.407664451919224,-8.293776237392528,3.160596944212634,4.533393242381092,10.004776761706573,-5.865127038732217,6.466117973825078,10.662804549625335,-2.182187899996233,1.0941697346816373
AGGTTACAGGTGCGAT-1,20.30487768348359,6.474926596000799,5.144787203165292,11.036544566910493,-8.310207311304168,0.015259992288103152,-2.8648572620128725,1.7536478662566974,9.283420576494432,-2.0350697326948035
AGGTTACGTCTGATAC-1,-32.621640708379395,9.560034487072983,-1.524164584932966,-4.4178569412387105,-0.1553506859302054,0.5950481835674362,5.276489351519455,-33.17401742159532,4.824406847108822,-16.749144709722813
AGTAACCCAAGCTCTA-1,-34.52452395188599,-8.235516215032902,2.918967090845322,4.4210554758524,4.261031881798848,2.4019707436692084,-2.016414597986195,4.058750385061492,-1.1986348911459899,0.30409146985226654
AGTAACCTCGTTGTAG-1,21.750119809229474,-1.390868138925896,7.251802491625518,16.556061333300672,-7.664734414411658,2.0574062942834876,-8.203865648616613,-1.0465700917634253,11.00428212706873,-0.8544053250212849
AGTACCAGTGGGTCAA-1,-41.866566458371786,0.3789111571879147,4.25732577978347,1.3376891312701846,2.084011919915776,1.4643139451968659,1.6433688729740332,8.604804815396061,-1.091491582690194,2.428549824608704
AGTACCATCAGCTTGA-1,10.934783801868228,20.557695543463154,13.123030854479204,-40.00207125146998,9.216131592469207,6.735649435168137,-2.9984450576071744,0.19829757924046731,16.088109876257374,1.4274063553712486
AGTAGCTAGGAGTACC-1,10.470612656783103,-0.9890768472485547,-31.22557565994291,-0.900195975444245,-2.785644062364053,5.553736526269345,-2.841179442037461,0.5794048198163217,-1.1248037415017074,3.907681883000861
AGTAGCTCACTGCTTC-1,21.23339316937514,-17.113216120101853,5.525758441615688,-3.777382144074831,26.038262800344082,-14.73500867074725,17.794208358453986,-6.377682411157433,-4.252233011868812,5.857461086341839
AGTAGCTCAGGCACTC-1,-36.20445086149078,-8.73701075783405,0.5108471341178236,2.405987069507448,12.22685655759344,-2.5786037332447482,11.206997505232945,10.20189344786293,-0.8728584752149062,-1.4322120333907877
AGTAGCTGTTAGAAAC-1,-37.68948792071254,-0.9167091255149984,1.1506677235506189,2.4741397804857717,0.4841465106889089,1.0606729670145145,-1.9572780810193589,3.3587254235905313,2.018694244108817,1.0401561357876816
AGTAGTCGTATGACAA-1,18.45684529166039,9.24701279238252,8.134092392307144,10.751786161910573,-5.940955564026336,-1.1064817473681339,4.807649205341939,-0.30696353408646804,-3.009174935253802,0.9054921785447749
AGTCAACAGTCATGCT-1,-38.445549390808246,4.210900122356762,1.6727510473757805,2.9827942911800087,-1.609713894338281,-0.7738166002905305,1.2281544476370208,1.5875262972503528,-1.4542207145531527,0.059590141700728516
AGTCAACGTACACGCC-1,-7.859488344166547,19.296128424218992,-21.458801258283664,-21.55021787241592,-17.596683582915336,-85.0096209803623,-28.704779303584424,11.879412567020019,2.125140355675777,-9.883920080750642
AGTCACATCTCCCATG-1,18.165530602160718,-14.908085275547528,7.911219275965522,2.9492966742645383,4.483593925652642,3.5212390920406413,-7.276510809535875,-0.7900353489377379,-4.045043717284397,-0.9498705891551658
AGTCTCCCAACCGTGC-1,12.008536869936862,1.9083960517391887,-25.71113860111527,-0.2658030927394597,-2.636790706007316,2.9605492652154712,-4.351963677862376,-3.443739582408812,-4.555387164751016,7.2615290197710936
AGTCTCCGTGAGTCAG-1,20.01629273706947,11.907530750176036,14.18754225226268,-10.5160005261723,3.438384480869299,4.499011121078826,-4.550854601468224,7.633194729449327,-7.441715972818022,-12.490103261794003
AGTGCCGCATCTGGGC-1,17.862025426062687,4.648708716088123,12.28684963435596,-5.403213233121329,-0.119317002276917,4.367820950192504,-9.564904019512674,4.462510320413738,-12.699456791943202,-10.942295683419392
AGTTAGCAGTCAGGGT-1,16.162818088715685,7.064578760708017,13.006531361059757,-6.501855433913326,3.3128113790090463,3.1156758170382277,-6.830813072718714,2.6629433488953964,-16.81448523844766,-11.096944621625894
AGTTAGCGTACCATAC-1,11.881694766782589,6.203258804056077,-37.668965377673906,-3.529124679947343,2.9762699649989717,1.917163232293455,8.404409903862227,0.9040732460780578,0.05392930600082013,2.9636949650876154
AGTTAGCGTTCATCGA-1,17.29325800327782,9.274497671597771,13.159145666009346,-7.329517446773824,2.095461575829612,3.8567920711463533,-6.392158144688926,4.612343338719077,-11.478380614954899,-10.861625609084337
AGTTCCCCAAACAGGC-1,9.709043840385105,18.016365735740578,14.471492973782347,-27.652022031504668,6.481710707912873,4.773164070937714,-0.26173199458819596,-4.898257568611058,-3.332618222250905,11.207273025334583
AGTTCCCGTTACACTG-1,22.824000306380007,1.7792659732550646,6.3157589700886625,14.896733400425603,-2.151567490818671,-0.6059298208052013,1.3827155710153,1.3078082134995084,6.372532791741318,-0.5882811339376834
AGTTCGAGTATGCGTT-1,13.34747775657317,-4.026843450798211,-40.14993890567618,-1.3148813188777884,1.276998386527449,7.62599906048005,1.5708210598206627,6.284636897206505,0.6582983735896306,-7.206152747973546
ATACCGACACACGGTC-1,19.433828840347275,12.282419725818002,10.271152714608421,8.19831851110494,-7.280145449736047,-1.430962835849404,2.8540266578499534,-0.9086259676972972,-3.550015876421993,1.8392829800803505
ATACTTCGTACGACTT-1,-40.70862779140642,3.9405759282902153,0.5159928331346864,2.6474909301670113,-0.15995697959501243,-0.007156275083233243,1.6993794646919191,7.445720423204644,-0.3608942482360946,2.194994135184272
ATACTTCGTTCGGTAT-1,20.09942171527229,-0.6530674859866679,5.355677768239833,12.064073718988514,-8.478344525700496,1.928743920158535,-8.622202658248582,-2.053037694161596,11.186964607541341,-0.06941460828173351
ATACTTCTCAGCTGAT-1,19.99986136911252,9.319532767116684,6.612751582277666,10.206270625579197,-6.39231011670325,-1.4465645070925783,0.6579486842250049,-0.5973958902125815,3.0282328118133455,1.4148131458384792
ATACTTCTCGCCGTGA-1,12.08090433884059,0.4478216018666501,-33.14254853880322,-2.528025192954497,1.8142003200971555,-0.16406220270101124,0.9597266195017333,1.626171690082252,-3.9417959774901554,8.047149124799434
ATAGACCTCCGCTTAC-1,13.655993022879155,11.557208857846746,11.699545503762977,-21.287783175756427,9.264979919417797,5.387835526631439,-0.11591771147850949,6.579629577503518,1.2401277098803387,-6.530155402337716
ATAGGCTGTGTTACAC-1,-35.605880031572845,-3.8140102312586777,2.750179363815601,4.0877466787893795,2.7692806491206436,1.8130820505220644,-0.3116912581451601,3.568457995291835,0.5593815325774791,-0.23640139972541485
ATATCCTGTATGAGCG-1,12.5548720949673,-1.0128235062712463,-33.67432671828006,-0.2170357720156213,-4.012629861637787,7.162998600950051,-3.68176734338056,1.2059341334508735,0.48729381213071843,-4.018118451680412
ATCACAGAGACGTCCC-1,-39.55064128329046,3.855070313457915,3.8207583583033546,3.404485707472657,-1.5722988706058096,1.2607036863959036,-1.6087824280707625,3.5008430470383587,-0.7437997259272853,1.317510855320285
ATCACAGCATGACGTT-1,-37.9908720333548,2.9110120190416495,0.9345350304311166,4.1749994120580585,1.8928950360790218,-2.0236139878569994,3.052683858036186,3.4261568979919623,-0.4039253539162899,-0.45063200348204724
ATCACGATCCGCAACG-1,13.578964928388327,6.674545792261455,13.213749047391733,-19.39083127911256,5.351871539975455,5.562544409514507,-5.025809876471987,-0.580116103642836,-0.1483854820373136,-0.4807856749091872
ATCACTTGTGGCTGCT-1,-42.767120225138854,4.230145595099728,1.6395298951887067,2.4862586859642297,2.3536726574545224,-4.047683795502332,8.978658001997069,4.040987575776779,-0.6104819419741239,0.29288093602615417
ATCCACCCAGCAGTGA-1,10.253079935659034,19.310626927851487,16.02199487344638,-42.94107360555464,9.291696236364064,5.986676006770297,-4.284664168933082,1.1290301636851776,14.230873454926659,6.0371530051306515
ATCCACCCATGTCTAG-1,9.973508121343114,16.886922581992707,13.314813475070755,-34.79620547272005,9.882457822034267,5.9660579468866874,-1.6356837952120191,1.4059338537862365,13.701176181635185,1.7476635642163334
ATCCACCGTTTGTTGG-1,-39.72572317265382,7.009468888507058,2.736218732166889,1.6253962638288448,-2.1478665833747126,1.2388141388994662,1.680312717437758,1.8848270438650045,-0.7979376681376269,1.7207049321582204
ATCCATTAGACGCAGT-1,14.713968945192956,-4.271680899849372,-35.12130806276981,-0.13301795631150792,-1.2356860321556429,8.359237451389935,-1.320216118655516,3.890338740029353,2.362482702239618,-6.5865628265017815
ATCCCTGCAATTTCTC-1,16.150715291915365,10.644048187235342,10.916589814126404,-6.972697736119256,6.044651560097798,1.7905914483972265,0.796546391973127,6.288397784841544,-12.401981858559255,-4.699362583434574
ATCCGTCCAACTCCCT-1,13.31018496436668,0.2317895216757364,-36.800665434822506,-0.19589135212868802,2.299674266621013,4.727545586859995,6.442768422035776,1.240224995222797,1.6048285269127294,-5.963873779815707
ATCCTATGTCTGTGCG-1,12.902791550713065,-9.61215034392307,-21.003100143819243,1.6315332786173606,-3.416018904809338,4.528963638428327,-9.648161638274072,-2.0435744188030123,-0.3758499144913279,4.134845950643834
ATCGATGCAACGGCTC-1,12.279260843848181,-2.604970167826849,-32.50450086296897,0.4576517312372639,-1.0806567702010916,8.13180322735354,-0.9817285758600409,1.9260314668654273,1.6251535006116884,-6.392603901677115
ATCGATGGTCAATCTG-1,10.681357038238222,18.757311050710967,13.031189330717186,-32.68569808440281,2.5310192852000064,7.826504559047713,-12.427858813113907,3.3515348064322072,8.987276334108065,2.525838690943128
ATCGGATAGGAAAGGT-1,17.487591742400042,6.167084520043545,8.688956214753928,3.8321952240249915,-6.575396513215416,3.993673150443855,-8.699736321161957,-2.053424025214325,-5.0595695584379525,-1.4915303114444063
ATCGGCGAGTCCTACA-1,20.070436773958917,-0.8573716063940111,10.737584173330735,-5.400484823058703,16.58449083997399,-4.231228030374548,11.19667711335958,6.436807011036347,-11.880241449722254,-13.27279022998252
ATCGTAGCATCGGAGA-1,-30.280165168141814,-11.246448213484186,4.455665625778202,4.536648802922454,1.7990475222822422,4.352176881512111,-4.479596937395398,2.6526357152412476,-0.7387286041497718,-1.8535487907994401
ATCGTCCAGCCTGAAG-1,-37.93234014657428,7.312635798697883,-0.9441866974883695,-0.3287406183460555,-3.1124869766384027,0.5939364480732112,-0.07621947215232439,-13.891850680845423,-0.2680635323745373,-2.774546944163017
ATCGTCCGTATGAGGC-1,-35.792825997459325,1.6792712642437664,2.7990263403332634,4.185851707152145,-3.218357079300592,3.7593810658746634,-6.353219013310403,4.2160833547908165,-0.4972447161552551,5.0146886693613375
ATCGTCCTCGGAGCAA-1,-33.45028369606001,6.0016014142848775,-0.7290334727651544,-6.03980148589965,-1.981559646797315,2.989952841336363,5.089028445127539,-42.033863441958104,3.7963217055791265,-21.5061972703438
ATCGTGAAGCAGATAT-1,-32.52568436136561,-7.093100438151488,4.193009661165687,5.430578269392914,-0.9288710316463877,4.407118957541734,-5.564727234908235,7.858340319215753,-0.1662922803387299,2.356815450459542
ATCTCTACAAGAAACT-1,-39.576496899187,6.821453432768465,2.33103816133298,1.804478109326661,-2.2249021452509865,-1.080644756282208,-1.019117147705769,1.345134444689208,-0.6936527901178413,2.0460490512091387
ATCTCTAGTCGTGGTC-1,20.89323728048094,3.791652439666507,5.09254613468051,8.189776374905787,10.791881968081885,-9.576901930412347,16.59146812605956,-1.109555305426107,4.756644651041002,4.592850793691346
ATCTTCAAGAAGAGCA-1,-31.98520107902229,-14.290523942266972,5.023544467702388,6.2005560183771244,7.066429898576534,4.228780330063405,-1.4905307469787754,6.164041882365398,0.37794091819659426,-1.5539148988510076
ATCTTCACATACTGAC-1,-37.23425756690014,-7.432002915357238,4.026822164506819,4.4082903235582265,4.283717245046493,2.2617843536460924,0.6760507569407217,13.024373121564931,1.2744488921311214,-0.37781123077355083
ATCTTCAGTCTCTCCA-1,-37.56286343522014,-4.447667225880444,3.964084089085503,3.9498422771700743,6.036190769834961,1.474208188772904,2.3590294457810153,9.348467352479434,0.8039486472728254,1.445495590275486
ATCTTCATCTCATAGG-1,17.191721742324162,8.580916296741506,12.875598172391026,-6.8434827404798035,3.369902464248584,2.9597451427171126,-5.275677083354527,8.09494440489355,-13.804694606083626,-11.22175936613902
ATGAAAGTCCTTATGT-1,21.194937015258212,11.434447198861221,8.261857191065925,7.656146454898687,-4.13798436870173,-1.1675472822497681,6.905852783557805,-0.7447476772601336,2.903866213530189,1.338500836563381
ATGACCAAGGCTAACG-1,-38.274286687587455,3.795442040627208,0.11390398258413459,2.346283670459501,-1.5492189272385364,0.14051756931289905,-0.4656248086405448,-2.4068438877651745,0.16493932019071522,1.8208302005834458
ATGACCACAATATCCG-1,16.872990635233343,9.256955009048099,8.629030505920726,7.135723676042328,-4.875092778843303,0.242642651312857,-0.7616435223263771,0.3954822943688203,-11.752337344032798,-2.4600540315644004
ATGAGTCTCCAGTTCC-1,9.483606582948422,6.626813304184893,-33.11563414029183,-4.751490448967525,-1.8039512912646547,-0.3393961036676043,3.99961146478665,-0.11792866054756335,-7.689438757725265,7.164353716790256
ATGATCGGTCGAACAG-1,11.222004712673737,-1.458477130322109,-39.155340585718484,-4.426965205500023,-4.33687020080356,7.202574186868812,-3.536280097711602,2.8720976371131712,-0.6098920596656126,-3.2289249308089776
ATGCGATGTGCTCTTC-1,10.472407554163413,-1.1549427910911163,-33.62595364794643,-2.80692069017717,-0.5892330697720976,4.9096792677331065,-0.9232192382511233,0.8420400223196705,1.4558760976683711,-2.3137302161002093
ATGCGATGTTGTAGCT-1,16.709430662328074,7.962620803841858,6.953296116843794,5.263586838464109,8.877437967307545,-6.294232303543412,18.76203082344354,-2.835748548156193,-8.815354221202238,11.083274078375752
ATGGAGGGTGTTTACG-1,23.37654694134716,-12.89584315671906,5.741250136294138,9.07734719918902,19.56571505879316,-18.194542100546666,23.22948777909825,-1.3852567269414466,15.45212722842622,-6.487878575610093
ATGGATCGTAGATTGA-1,6.309053718984346,9.745230142215874,-30.89545195594229,-8.266528989157985,-7.510265425805006,7.369137209287361,-1.7831295360051787,-10.90893881944985,-11.565001559831344,23.18209732096854
ATGGATCTCGACCTAA-1,21.100748687413137,3.1378636515486846,9.876166968215669,9.200575598528573,-0.7204235333766018,-0.6914025209193952,0.427760770913828,-4.327907751560939,-10.216485180340138,1.6868617193233588
ATGGGAGAGACGTCCC-1,17.71195057427079,5.7855475713375455,8.471776795585917,11.677213004648056,-8.59871354734225,2.3796162590966388,-3.562442303391279,-2.764866840160829,2.2719698310418446,4.991148082006463
ATGGGAGCACTCCGGA-1,-43.975883321600534,6.320079644929564,1.7517141691811373,-0.2952042548267566,1.9993431328870948,1.7841816066443879,6.34924599717888,-4.551710001454236,0.40539121648114995,-1.6477862377828902
ATGGGAGTCCACTGAA-1,-36.530876341611915,-1.3760724971230616,1.49924945408908,4.604864632402694,1.0940875803059775,0.4206950208233362,-0.20301811494226385,1.5074611772201791,-0.9652810651892867,-0.36866294908561326
ATGGGAGTCCCATACC-1,19.78229306158497,-15.335680418377784,6.761769953343583,6.526867419719027,19.52744443093492,-14.548267086259127,20.562053528025587,-2.0185081308897863,-1.3204669523530963,5.014484063468663
ATGGTTGTCACGGAGA-1,-37.31149419653731,1.0660669513067944,3.404028454768628,3.4448803051884163,-0.3491689835696068,1.5782861283852005,-1.2817383707554768,7.2414241678839595,0.105394515048159,2.5894852548304446
ATGTCCCCAGGAATCG-1,13.14960242853255,-1.9807832473486968,-32.88915494074633,-4.748624572913364,-1.9191458492686078,7.161709170024958,-1.9609456092610476,3.0689544650663017,2.5891678202562582,-4.207689794755993
ATGTCCCCATAGGTTC-1,9.819316881820832,-0.13527354061157837,-31.823410265776676,-4.787411485659973,-1.7089891326933326,0.3156346033691553,-3.077017501356586,-2.34151408299228,-2.9922017471502587,7.138246703233483
ATGTCCCGTCCTACGG-1,-40.02478393184683,0.8161110551183839,2.6301132974968864,4.755684890076545,2.4571850147124294,1.555531977193553,1.4959095724895555,10.087139146576227,0.4312395866878973,3.106598374898339
ATTACTCCAGCTTTGA-1,18.283132357986485,6.866811409433922,5.571273476896768,10.994140211613812,-3.5156125739148436,0.7441024828879783,0.9710209463431418,-0.5901031797684766,3.0138199907627783,1.7577327123596103
ATTACTCGTTGCAACT-1,11.390993503355173,2.2940538609366428,-27.303637583173828,-1.7523450145050252,-5.36026600591023,6.246403948741468,-4.263831838232285,-6.469831432865845,-6.47223955658335,14.89661660919634
ATTCACTAGAAGGCTC-1,16.026499766718956,11.574994889405957,12.927277723944002,-8.677522163298365,-2.367586074676508,5.238327930631656,-8.414217224208095,2.697390814472122,-15.501503483341978,-7.195622295337005
ATTCACTTCTCCGCAT-1,10.218463682449748,15.169628067912427,13.75263569677729,-34.384001068028134,10.06061243616441,4.979929629264128,-4.067223846870132,3.5241577625977474,14.731065195266897,0.4714715032307031
ATTCAGGCAAGTATCC-1,-33.391013871102096,-8.222467528559811,5.31012475434882,5.354096598005968,2.624966037213838,2.040008767729222,-3.453460485159111,11.978514006358303,-0.17892827942730793,2.7671606965291824
ATTCAGGCATAGCTGT-1,-35.77264940343039,5.462136487947362,0.5056731629364055,1.1684218483676005,-2.6622770938684965,-1.4522388340802523,-2.0688759856550227,2.273788072650177,0.1761304857985324,4.676003932630481
ATTCAGGTCTTCGTGC-1,16.68221525541221,5.967720578665748,10.494718433904847,0.40196533577287874,-3.773842888273496,4.77181972828274,-10.074101708055656,0.7884282281818313,-12.174487526975952,-2.1129050136049905
ATTCCATCACGACTAT-1,20.063127956542562,1.7963647606167683,8.940797113363917,2.5415013452392974,18.048022328732863,-19.001995832627628,33.52448374792023,-1.3057126012141405,-2.0777099970705857,3.4774814573755695
ATTCCCGAGTCACTCA-1,20.041155134553314,8.271565888436768,5.244917866231846,12.608073626213452,-6.079039781184665,-0.22613542025615763,3.2545350023051363,-0.39961773960082336,10.28558570135704,-2.042263471875959
ATTCCTACATGAGATA-1,-42.322171908999614,2.939741664924867,2.331934838997276,1.3530788391408923,6.6254859001578374,-4.233388543238856,9.963589660134332,5.494645604945127,-2.0555608288405223,0.7593068420357754
ATTCGTTCAGTCTTCC-1,18.271668783825177,13.765352938165762,6.822534556679829,5.068216209699438,-1.985574812268153,-4.135348790750996,6.568326660483212,-2.756234834604938,-5.682269307317494,6.067058194377295
ATTCGTTGTAACACCT-1,19.789096881538388,2.923509993063277,6.580383956855275,14.774576092385445,-8.638708970561627,2.0324536631252244,-7.9976332977805615,-0.5574083969342585,5.125059788136546,0.8848902738762134
ATTCGTTGTGTAGCAG-1,10.631757685971607,-15.028357056904767,-4.843719411284492,-4.845838409863809,-7.641304829480241,-0.8153761932195609,-26.413846064145588,-8.353422386299037,-12.2448740392613,20.430651883714642
ATTCGTTGTGTTCAGT-1,17.964229606289056,1.8196327425291656,9.65387751825509,7.740816931404183,-7.523389831927158,5.442888130038652,-7.32396725897433,0.5719034059640116,-2.041640729549483,-1.7059628021868818
ATTCGTTGTTCTTGTT-1,-37.115707649018184,-4.094828657539317,2.5840263018936596,4.316798071558468,3.0050657696934415,3.924295528494265,-1.3127825672861402,9.796379450466185,-1.3603731604462908,1.3473771164748696
ATTCTACTCTCGTGAA-1,19.13354563709515,8.460057664581868,4.219283922514317,9.160985800459727,-4.675832181742763,-2.1559270269111686,-0.26881700174740075,0.7020591709252653,11.924614441673294,0.23627322908483972
ATTCTTGAGTTCCAGT-1,17.955845038151963,-5.2180727064666925,9.83738002566433,-15.794587469164403,27.375334649920426,-8.85382876615203,17.41981058614912,1.9420581160951098,-2.4392221288701696,2.2527940930043906
ATTCTTGGTACAATAG-1,17.691443823964843,10.872188943685174,11.745603775316557,-7.065728107906846,2.9755865985950862,0.6411702023781238,-0.21434784988962718,2.9902499699667935,-11.031732819146027,-7.833875167683278
ATTTCACAGTGCAAAT-1,-35.07381408364585,2.9467353327830637,-1.0789313496518291,0.854565423964099,1.7975433096841087,0.43392265877028935,4.787720715650359,-8.92711309388829,0.3017654444056752,-4.158197138337372
ATTTCACGTGGATACG-1,-39.08505141029635,2.442523166537285,3.6199992616906496,2.3285285448715145,-2.858439473115828,-0.8070664033731669,-1.9110374065737403,2.5705516883584956,-0.29005353536324185,3.3479460149060833
ATTTCTGCAAGGTCTT-1,-39.47446943009533,3.7708043250625423,1.3585985140353065,2.8603184514043516,-2.9352946028354445,0.8243655289847474,-2.3067185961444263,5.339379378004347,2.186730348052313,3.761158430867903
ATTTCTGGTATCCTCC-1,9.042328826620377,8.316353422657969,-36.85223857804641,-7.541878412556098,1.281208753600593,-3.587497300475417,4.887484016381922,3.190926726287911,2.594324698186081,-0.6614584794869942
ATTTCTGTCGATGCAT-1,-34.92130369952619,-5.5010487324058275,3.4881100945819306,6.092153380639612,2.305730116401957,3.924313701684709,-1.7773199099684227,10.249270016893464,0.11678257569238903,1.8448252030706733
ATTTCTGTCGGCCAAC-1,18.567001875861504,9.092241212404033,9.637686715134503,9.710892705325069,-7.669402975924331,0.3150840056521287,-0.27484214917870275,-2.7431476986182375,-4.477422083784199,1.0557657439276336
CAAAGAACACATATCG-1,19.498784625395633,10.433212760865786,7.891475709533152,9.47774101707761,2.8870609963435943,-7.2634234818000465,12.75298103996553,0.0631281402068744,-5.750215328653082,3.0286311686133844
CAAAGAACAGCTGTTA-1,18.10734280774744,12.060407443575457,11.639964690392045,-5.200479702297946,2.336756675493639,2.3901687632996804,-0.5921296842261707,5.6863922808109155,-15.87061788127923,-11.050183419074765
CAAAGAAGTTCTCCCA-1,-42.39015276086827,-2.4636441322262215,4.872664781900285,5.018641273514454,1.9204004950272928,3.0969322864676547,0.7127115292669686,10.795551246377556,0.3959379018758442,1.7987257525121132
CAACAACTCGATACTG-1,16.542524889943092,10.140675316285495,8.182645410863763,-8.282011137792662,7.5550669274901,-0.9355896863062347,6.2535709068834535,0.5881804997088258,-6.484579885326369,3.5285954741959427
CAACAGTCATCCGTTC-1,22.668941310804634,9.787934434353872,5.012218024587966,14.187048109540633,-3.2051528381824994,-4.2337229377043,4.89638597707593,-0.8721550209652449,11.501449985359013,4.1956518938395995
CAACAGTTCGAGCACC-1,22.764308446746185,0.12497146034631612,6.068239489212067,14.514417092972755,-6.56325930862522,0.8696794836941764,-2.961607838218505,1.3800981603532492,13.413074404385394,-4.058344557845886
CAACCAAGTTAGAAAC-1,-33.999590718797016,-13.37131576654258,5.4905468190882365,4.505778876460242,7.088461214779549,1.8951279485482981,-1.1580746727805789,7.038538097155238,-0.18499785028537996,-1.8792660611146017
CAACCTCGTATCGGTT-1,19.20541032512289,9.509228903494716,7.250741772766491,8.29503955748575,-1.6634692114145597,-3.8448749969727376,5.832783672678101,-0.25146944768484136,-2.8215224511753094,5.311678978336564
CAACGATAGACGGAAA-1,-36.62899146980818,0.31211905940158147,3.9741877363547404,0.9161831777992788,-4.539400865197592,2.4212567806017384,-7.991606271365997,1.0938950803814267,-0.511398991688395,2.3047783925247947
CAACGATAGCCTAGGA-1,-38.040893242733354,6.843627059121346,-1.1741995862966839,1.3875463868030495,2.699161774575634,-3.9054036519573523,5.303511123724697,1.283129037163535,-0.16638194909806936,2.603679231352684
CAACGATCAAAGCACG-1,18.889208045256034,11.892809783925713,9.024498629503992,5.702921185571087,-1.554186929329136,-3.68073808237073,8.029516984024617,-2.8212441018563443,-5.373439517608024,8.227751959627376
CAACGATTCAAGCCCG-1,-38.47433356145255,1.167960311544249,2.880988633579228,3.039940115994844,1.0157591200898022,3.3485787669641516,-0.603222876199613,5.8283779883829006,0.0956583241666078,2.318711847956364
CAAGACTAGTGGAAAG-1,15.9058955247591,5.438392448842109,12.684231465898469,-5.383454469230648,-3.203186700589857,6.455561116844631,-15.488931132156134,3.055425458052614,-14.008830859218243,-10.84063581053903
CAAGACTTCAATCGGT-1,-41.729286634316594,2.2414248826208762,4.070281134596545,3.262726319149113,-2.1728114415009347,1.7466686392751778,-3.5172024286376775,8.219530135229856,1.3953605883668978,3.356931099489292
CAAGAGGTCTTCACGC-1,-41.55579313945471,7.210982130017882,1.1224428695397632,3.4305714927507203,-1.2011202002971544,0.7236322654145044,0.34580191757221,-3.9460346321310382,-0.20271849990415602,-0.928070838721593
CAAGCTAGTGGCTGCT-1,-20.72373331765239,14.802100869832046,2.1563430959092766,4.797040137697604,-3.965556058420315,-2.92769975274614,3.852481088929956,-7.8382622926992145,2.686962742534816,-2.7155182023996254
CAAGGGAAGAGTCGAC-1,16.141247699064685,14.04262359573572,9.52725384223688,5.210922919735751,-5.497151534605397,-1.5377859425813138,3.285160377312053,-8.646096163298317,-13.083040481043799,7.360701415950195
CAATACGAGGCAGCTA-1,17.456616075452917,1.1941574797337182,8.498054870593469,-15.331377161427893,28.581273460221375,-13.30616004939558,24.867999442146328,-0.1734179641544884,-8.427636127109436,5.41243854252459
CAATACGTCTCGACCT-1,18.725875358716007,-69.38825544709341,5.7862653713470955,2.4990631614958807,15.141701954774462,-1.8787782714381838,-18.706020221048735,-6.851694187093591,0.30316537978877744,1.6533764554282864
CAATCGAAGAGGATCC-1,14.465998494364745,7.563864094642838,10.504779240359579,1.996214759401687,-7.242983659075829,6.7347068116631,-9.827633787884404,-1.7481253862165707,-9.620048346720345,-1.754279486079528
CAATCGATCCGTACGG-1,19.59056845621655,8.049206280702194,10.171844278654053,9.22865375218593,-2.1402445498598848,0.23071012931467516,3.764669477681057,-1.8308326001398663,-6.845223240085062,0.7303522716735906
CAATGACTCAAGCCCG-1,18.134976687661165,8.21296341376366,6.455786314081972,9.52854001827523,-9.03879541961799,0.20882071955498782,-3.566088510600242,-2.904906558582709,3.809365642853181,0.8784363779197455
CAATTTCAGATTGCGG-1,12.984769472484196,-1.712384868916601,-30.150512332951568,-0.836679050939503,-1.7869955325862303,5.252241422733772,-4.253972536492661,1.5348012733200962,-1.2018067553990155,3.6388432452474886
CACACAACAAGAAACT-1,21.915764953078313,4.755467732745288,6.601064550900166,15.41423653263089,-2.90126309617961,-3.1632572949722313,3.8272126332949483,-1.615407809444335,7.313192018722388,-0.04696078459044051
CACACAACACGAGGAT-1,-29.05223400497494,-9.233504404696475,2.4104543909300973,2.6078640039045613,1.2038631727025209,3.655009268317788,-5.078838431871512,-1.0809638813503346,-0.7653275011072698,-3.142770942135268
CACAGATCACTCCGAG-1,-39.861776525383355,6.292085568464913,-2.2106646819172555,1.0927260365571216,0.4996858972144338,-4.076452371184612,4.445933321713937,-10.264499287589166,-0.976862753932991,-1.8905842863958666
CACAGATCATCATGAC-1,-36.45146930679891,-5.870128323808764,3.425565155543118,5.884843651850519,3.9901434181825426,1.5069488634844652,0.09208521995237717,8.115812017880677,0.5399759259618122,0.6422997841623193
CACAGATGTTCCGTTC-1,-30.971349318058707,9.603696427272084,-1.7014948860038883,-7.291894861513953,-2.3505181205820964,0.32748512040069366,6.182635276880607,-46.67691042900363,4.445585097018157,-22.78426425683513
CACAGGCCAACGATCT-1,-35.460569001301856,-2.2454513134297542,1.2251489984336619,3.670390904235735,4.674266366565098,0.7261763294281467,2.5719998736752387,6.095578863730717,0.31518466652456767,0.5429252591606846
CACATGAGTTTCGACA-1,16.77721132780038,9.91102906671054,7.917167735436092,6.748007579815948,-3.183404351932907,-1.7670130540034636,6.5829154618649675,-1.5056291378140827,-6.145867356175725,5.678344497733473
CACCAAAAGGACATCG-1,-41.58665118851329,6.955575319857331,1.1733350711299337,2.664721902339177,0.8539138909643071,-0.4872434998554538,3.3333628692739126,-0.6382727019013865,-0.49774021216741215,0.1845954238767673
CACCGTTCACCCTAGG-1,18.85768556627129,6.627185842356752,4.986870470267458,12.029783830255134,-5.164358268876196,-1.6219035556482893,3.3520467702044527,1.1643024783181994,8.925357776940407,1.3573726659601915
CACGAATCACATAGCT-1,16.97357800256513,14.40050021782315,9.237176708558037,8.310728844294804,-4.431315423498791,-2.4035555772519865,6.81086375009145,-1.1457677553884276,-3.347408628028787,2.6073742714111656
CACGAATTCAAGTCGT-1,17.006866526930946,8.614366770857771,10.808570907371962,8.030233888124606,-8.321243246302767,1.220625966517599,-2.185146488027364,-2.274666062433111,-11.81513629568837,1.333296209636472
CACGGGTAGCATTTGC-1,-39.081683576073154,4.402175088795701,2.5460368021564506,3.0352580305517893,-0.4907703885003123,-0.39939120256947147,-0.9873119167060036,3.10086808945057,-1.3728919917080342,4.210664610377312
CACGGGTTCCCGATCT-1,11.104397717281255,-0.7970337484864558,-31.511140817598115,-3.3717952549103294,-3.4096316903176955,5.7009480259847,-5.0325572082661,-1.6669500477988075,0.17557978976385247,-0.9276845936196967
CACGTTCCAGCTTCCT-1,-40.048981634005365,6.554691281318497,1.2404742874328436,1.919702291756625,0.7145488575927477,-3.1024063469098317,3.4723094030093016,2.2756044270760327,0.5954344993471488,1.793994260057862
CACGTTCTCTATCACT-1,15.998952292763738,13.604021664479362,9.766966761833615,6.290304490088948,-4.984570287900464,-1.092282374107845,1.0302244370603084,-0.4069336232401213,-12.195155978259706,0.12544366965538467
CACTAAGGTGATAGTA-1,17.965323515909656,9.25247785487835,10.620497704585365,3.2205669976233295,-2.3883347451879384,1.8606321940459098,2.2276203143627242,-2.4160191620793077,-6.166151243149212,-2.3275296355357895
CACTGAAGTCTTTCTA-1,12.46699705727275,1.9189525083097294,-38.08254867279871,-3.5193249561177518,1.9473484431383064,3.287005241030581,3.9199458855723748,6.972353370923999,0.9343435747080071,-6.733558981585954
CACTGAATCCTGATAG-1,-22.739949843880467,12.343145450344721,-5.948145192666224,-4.4192139592113815,-11.16446271816022,-8.762442445587064,-10.884208605947597,-13.600015597877741,-2.055787311032206,8.016712282300663
CACTGGGAGGCGACAT-1,-38.345642287647635,2.4872046947095328,1.7148892516966514,2.802530429566403,-0.5981877913135492,1.7425940056734581,-0.29938729329432334,0.9470031609723204,-0.07175148886991156,-0.08934229480075828
CACTGGGAGTTACTCG-1,-37.95150866502659,-5.238785829691707,4.873545775431466,5.41741967108619,3.95206891489595,2.8761937802651643,-0.3434629951798236,12.64627632088396,1.264116779335148,0.48749560408276515
CACTGGGGTCGCACAC-1,-37.8726405513049,8.465829724485772,1.6180737709135227,-4.727597284061289,-5.696754075005231,-0.41773311801191637,-2.264681196018847,-21.0836028317987,-0.45261759051459305,-3.7691200840199732
CACTGTCCACATATGC-1,9.509989804136602,5.940602744095273,-39.164782683165896,-6.140618312431215,0.24646271473817372,-2.248248110364021,3.7273517551294937,2.427839522794301,1.0636579710974376,-0.0740820086026841
CACTTCGTCACCTACC-1,-42.56894301302785,4.831907987826867,0.3065249933983827,2.514124894050049,2.7182874438919704,-0.5375783373297933,5.053949011881976,6.912868035846811,1.7259320266721376,2.976983321322565
CAGAGCCGTGCCCGTA-1,17.891399133007955,3.9357052511733883,7.045773340651096,9.653065468059097,-8.509656793897193,1.195591007691902,-5.7747590670812095,2.290543871644253,7.544353377115476,0.5476579676184512
CAGATACTCGTTCCCA-1,19.59445662909964,13.658375445687966,8.974225402528454,11.264877001897952,-1.380489790737487,-3.5223472247519645,10.336165037515137,0.4843804394933926,-3.3915753335808,0.4807484945796503
CAGATTGAGAACGTGC-1,20.52693365288802,2.5710715450530017,8.181869653294353,12.332942591518599,-4.887348910638071,0.8177873760016006,0.0732494854254675,-1.5016991397642334,1.7791170652218924,0.08138331412786703
CAGATTGAGCTGAGCA-1,17.197245997071608,3.9643047539572933,8.456161160507387,9.897627908153378,-6.050736071091656,1.1696771007637135,-3.0000810298532556,-3.142053846290231,-1.0279895008448825,3.2936052842117443
CAGATTGGTGACTAAA-1,10.374672897631333,1.3577959066878975,-31.287511576322974,-2.596760725605916,-4.467020831068783,4.567236484690964,-4.067244265213976,-2.5267844294309207,-6.704037837690473,9.640150357605592
CAGCAATGTATCGTTG-1,-38.77653504566166,6.209060596806296,-0.6916596041336049,-3.804308350366194,0.649194992439055,-0.10222465022528526,5.233670950887017,-27.121137841665114,1.8295768716345566,-12.027457424001078
CAGCAGCTCAGAGTTC-1,16.756487566466507,8.157029974808182,12.997919242985107,-15.807345249610938,2.381665095546351,6.139640091539334,-6.187461847768585,0.029772716667980426,-2.3398627203650557,-0.5550168464270313
CAGCCAGGTGGGTTGA-1,-37.94332842489423,6.285880269711058,0.3856012860382041,-3.679515850265654,-2.274023029425493,0.5071855750088687,1.5430629023613491,-21.056094020354408,1.0686566223049234,-8.281048965356437
CAGCGTGTCCATCACC-1,13.7500722035856,-1.825463184730168,-32.59555677474181,-0.4987734300199911,-4.0176433550107475,8.00441730317529,-3.18256254794443,3.210033607192875,2.868118754324371,-4.039423259221403
CAGGCCAGTTCAATCG-1,16.030983415775122,12.285454739246163,10.328698741657874,7.210798227496088,-6.243858053637691,0.45206496766833837,-1.8172261589015442,-0.16938852049817044,-6.465703655492366,0.5858708632885585
CAGGCCATCACTCACC-1,20.804875307873097,4.791300732507125,10.704248785265166,-6.979812221825293,21.87191706756638,-9.517847067086404,19.254002849355757,8.893275341063738,-21.061927000630977,-11.918932091348312
CAGGCCATCCACTAGA-1,-38.59200133720641,1.157137993162948,2.352305133451432,3.0694046798792147,4.408762587583968,0.23703711226470636,4.9450156882628775,5.313477993732258,0.07439596096882473,0.9253894251752788
CAGGGCTAGATTGGGC-1,18.245022252662526,7.997894069700791,11.037728751351889,-10.646207677186622,0.5828966066860506,5.592150545704588,-7.130756458648756,4.015267672040432,-1.2670129086010193,-5.597177261296405
CAGGGCTTCGACGAGA-1,8.317849261108632,-8.081481207987643,-9.303717983538892,-7.637939304502096,-6.299432015101189,-6.41521036647367,-19.83727376118393,-8.61405040026242,-13.564209522002315,29.261164468563024
CAGGTATGTCAGTCTA-1,-13.96494126304654,9.552197147127103,-9.551992522283932,-8.424273420503841,-13.407879149046714,-16.51533774111905,-13.642585833709441,-15.168435696273633,-3.4265874222732,15.795445466247438
CAGGTATGTGTAAATG-1,12.020581358028668,-2.0174877884697793,-33.287270655909985,-2.852114376902428,-0.9784819811554009,3.110647084414171,-3.222991476254892,5.401920701726187,3.158735813652101,-2.5324656701783654
CAGTTAGTCGGCCCAA-1,16.41662461449673,-9.183062166837537,4.047209119724978,9.699887014637925,8.359251993228003,-5.88575803552758,8.765574320055219,3.5679254569723824,6.35886846966058,-1.880575597641995
CAGTTCCCAATCGTCA-1,17.074804600835417,11.054422015103015,12.230328760137517,-7.7431099798068335,3.8090478868177016,0.8556089387094659,1.7879065417150102,4.00418379826465,-17.420817371560048,-12.213241905504638
CATAAGCGTAGCGCTC-1,20.724805133802093,6.13303012049775,6.10860070178501,15.483326353474114,-6.504146653942126,-0.9731389229031178,0.4343250103508467,-1.5706305621913375,9.538673624394251,0.130481727660396
CATAAGCTCCGTGTGG-1,-39.97683167535697,3.8844067751238356,1.9236008294350637,1.8759386336190715,0.6778531804224315,0.13056111224200828,2.6386534355745255,2.1609870346667917,-0.13182478028483025,2.040792184663474
CATACTTTCAACGAGG-1,18.24078351966941,12.49192420165376,9.283369455375563,7.836145824072048,-2.8682874164366226,-1.9365391453901535,7.125635233796665,-4.456176617389188,-5.640800368098399,7.240747000120468
CATAGACCATCTCAAG-1,16.336170380589003,-68.08420421027067,6.165987703809647,1.9154154986733818,16.545525386846737,-1.9318770112176977,-17.65045728963328,-6.509777965369204,0.2053947241686862,1.2850499679762275
CATAGACGTACCTTCC-1,17.259398276861212,-15.213931839623513,2.1014681821922183,0.19166400193981992,32.19235453541782,-21.490613745298734,36.36446023562435,-3.1165354753725105,0.18979170079744057,11.404788006701036
CATCAAGAGCGCCGTT-1,-24.36367918549979,-9.746547514503888,0.751577647444928,-5.837480796266089,0.03761419271309485,0.5898818571027054,-4.836394064470774,-49.99665798837161,6.906839483818244,-26.574102296814775
CATCAAGGTATGGTTC-1,8.43929293174073,4.306798559633648,-35.12394907739095,-4.97225096969378,0.5985937882066015,-1.0342170965030832,0.662516484212162,2.1134987280295414,0.5253095778390229,0.5627550890011488
CATCAAGGTCTAACTG-1,13.379310333550965,-12.148643942529716,-32.03690279969666,2.021796109174273,9.699294889051119,3.17623509589229,8.365048341763412,7.753228113303628,1.1143782461558445,-10.3474879797055
CATCAAGGTTGTCCCT-1,10.668286437096677,0.5602663414544082,-37.92318823264161,-2.2981758526111666,2.4634650172415054,4.81723586732679,6.377281089941075,4.149823626754321,-0.4138596983756184,-5.189980857823082
CATCCGTGTATCGCTA-1,21.42154903880528,3.9675758495616265,6.519940085323371,12.063919737408252,-6.332690556766643,-1.9366484711334693,-4.477119572535907,0.7522773768529296,8.204490153970227,-1.884486990190724
CATCGCTTCTTTGCAT-1,17.314877343585064,-61.08319099374374,9.220627447484528,-2.478031036194053,20.287132794888464,-3.484084344317332,-14.051022265788419,-8.248019404401584,-2.106009865146656,0.3234292875849136
CATCGGGTCGCTACAA-1,10.463586613661167,0.4203858561754572,-35.150685306398415,-3.128850226374301,-1.9808680173377589,4.801110029373516,-1.8052537801686768,1.1326209318028102,1.093250623134502,-3.96467222635561
CATCGTCTCCGTTGAA-1,15.368757709557556,20.539086629441016,10.54235406375162,-9.50274505202558,1.133148544430508,2.088066688772666,3.0940957341747826,-1.009840721304199,-0.2079841773049782,2.5156575146355022
CATGAGTCACCATTCC-1,13.17104496219019,18.239157072188334,12.434758509315614,-19.062228849027214,2.8364698823036107,2.5489564349132516,0.6269778592615936,-2.3068561025263303,-3.8577749599801736,4.810306808230975
CATGCCTCAATTGCTG-1,10.55575274201529,3.954574209305804,-36.519228428924215,-1.600330740380583,1.3666169457808444,3.64890362740403,6.427729209675977,3.1940803129565847,0.12490986987607888,-1.0027946462787791
CATGCCTCAGGCTATT-1,-35.88097509410813,-7.502183920773639,1.9595683855654173,2.3055579514151656,6.493093476630221,-1.8673239812125804,3.8031100512062146,5.6385865434053155,2.3479534924556273,-0.23739379246525694
CATGCCTGTTCCGCAG-1,-43.88920425382509,4.188099067557928,3.692923130069746,3.1524761462820914,4.2417629533198795,0.23360620966332313,6.283419412009067,6.4037422885683135,-0.7556926165615632,2.9595049973608334
CATGCGGTCGGTCGAC-1,21.962171398109167,-8.160958019882138,10.283453770838541,14.69200637183383,5.456924513538986,-5.137807623496235,3.935087910268688,-0.09488074491032084,2.043546109915809,-0.505095783607155
CATGCTCGTCTCTCAC-1,11.473442144642023,-14.563898979339676,-38.68980593442082,-9.22481938178661,21.185375029504556,-6.825860890194873,22.79526580981684,5.683143369591113,1.826573382883876,-9.367289789220562
CATTCTAGTAGCTTGT-1,16.378511941366945,11.740454536358087,10.818159979050119,-5.185601937568933,-3.438980670177873,3.844981898978486,-10.091682852016005,5.0390159055138515,-16.308375504934617,-8.021312743706492
CATTCTATCAGTAGGG-1,-39.44907513481428,3.2946265953186753,4.0586452496785785,3.1313477369492153,1.2651271221031113,1.691892764534749,2.3779193304816104,6.063728543404681,-0.9036473915143397,0.5768817646884767
CATTGAGAGGGACCAT-1,-38.84137335457055,8.73441507919452,0.2950172905673458,-1.4745846432999752,-0.6936048199796652,-1.3658795182034835,3.276405664165054,-5.553555423512972,0.34341520886108956,-0.2673504040782566
CATTTCATCTCTCTTC-1,-40.574316042661096,5.021458825530871,1.7364446491082437,2.0938440120114445,2.257222008229693,-1.4299261899223392,1.50765307628102,6.7826420875320395,0.40223151032702464,3.528390111054714
CCAAGCGAGCTAATCC-1,24.635489469805428,5.368879481086935,5.2870824162122645,18.503628498116694,-3.0433316629068035,-4.225568259364054,5.2736858945388185,1.4802646193485796,11.588977856756626,-3.705025459488011
CCAAGCGAGGTTCATC-1,-38.161056018462425,-5.462537526578615,5.493636290113931,5.6573605514892,2.478754272674303,2.0629746188915874,-1.771737414613792,9.827100050591127,0.16559354245574376,0.6184509138911061
CCAATGAAGGTCACTT-1,13.308097546280761,-3.342254858907488,-34.154392511668235,-1.6665237397120234,0.4291338895012409,6.079204233469072,-0.3835750304920289,3.712569902393559,1.2742267975695905,-4.8070847012653415
CCAATTTCAAAGGCTG-1,16.8008706989509,9.950323057319977,12.727338614515244,-4.783494245923267,-3.499627864798544,4.633271048649019,-9.618477344477881,5.593212292326458,-15.560164275621641,-9.606738041927635
CCAATTTCATTCGATG-1,13.335996639618948,13.036817410144593,12.88250539395813,-25.730551252588278,4.681138571687422,5.243766410316128,-4.123206139779915,-1.5715164245542264,5.117359084870964,1.593811262114376
CCACACTCAGGACTTT-1,-29.513964765523866,10.475890549284529,-1.9610228785938508,-5.484888375620537,-3.064055172143334,0.7949465551945294,4.388060314172769,-39.17500198099539,3.4909010802815974,-19.634087611774323
CCACCATAGGTCATCT-1,20.443204176528113,11.413403102595069,9.489250694118114,-4.5138281372664775,8.992350991923985,-4.630443229516641,13.035106116723071,1.1611648120460965,-4.410615858932682,-7.418053395683232
CCACGAGGTAATCAAG-1,19.351966655958595,-24.84153004323366,12.748644574929436,-10.590774551802447,31.228615447128867,-15.553320772094397,19.257045387757742,-2.9395212744040684,-9.537924276036971,-0.8158766175223322
CCACGAGTCTTCCTAA-1,-38.98161354121756,4.4675630884566715,1.9405875319997699,2.208852185706584,1.6984717081543348,-0.28351553117901496,5.625593061101615,-0.016243027379295505,-1.0978364559529117,-1.8622827662987422
CCACGTTTCATCAGTG-1,8.8754645037628,4.193178394872007,-33.06090183041618,-4.734492940491574,-0.869340813984028,0.8791668669855253,1.3537770514877963,-2.2873118669038117,-5.743648521656547,9.74591827958612
CCACGTTTCGTGAGAG-1,20.652186381127613,6.56228568250539,9.865489945630344,12.491565420453231,-6.417813709588415,0.053677752501832376,-2.145534267298027,0.3340872359566207,-0.7973728853658943,3.3764777233995726
CCACGTTTCTGCTGAA-1,8.97189104031378,5.144716420322567,-27.424788100233616,-1.952629475687826,-1.4645203692659052,-0.15261611609515024,0.008251566259620091,-3.1043539411328047,-7.419974335514816,11.5898284178996
CCACTTGCAGCTATTG-1,18.436503467585432,5.855173371590865,12.706414008312425,-6.178491946684009,7.1431185070226135,-1.454088062841027,-0.6677430964846174,2.6728890736747015,-15.274819892164903,-6.337053429079253
CCACTTGTCGCAGAGA-1,-31.021963779072003,6.264528611622751,-1.292197373818401,-5.946585873888523,-4.648735220205438,2.473889289266979,0.3168397092655866,-37.1410165752326,2.91658550708076,-18.070975171104834
CCATAAGGTGAGGAAA-1,-37.49218682710449,1.1956609285338828,1.4583299024008838,4.507997362432652,-3.5451654248139945,3.0380283677237987,-4.405175458726815,2.6795046571844683,0.4127000958335201,1.6159954863381678
CCATCACCATTAAAGG-1,10.889795109759799,5.811806232089438,-33.16440017525825,-2.7069179277097466,-1.1654299319907206,0.8783855183752838,0.9852886930522224,-3.2936646568926458,-5.152947659733715,9.993825176424288
CCATCACTCTAACACG-1,-38.36014048593782,-4.814443781299623,4.389579703416083,3.1357234304590316,3.989730088160483,1.155601665013811,0.4077338453770416,10.836285358348189,0.5324108780687442,3.8174717576539257
CCCGGAATCAAACCCA-1,22.64090545225774,7.711657174491194,3.7765389845503528,12.358772450852024,0.2678780731131347,-4.644531491270749,10.187956733559826,0.4813611429454987,13.305394381110757,2.182272257213346
CCCTAACCAGGTTCGC-1,21.361289250097126,8.26641929364277,6.449736769287997,14.67045290460803,-4.4806405982787645,-0.8493546996602275,4.25613500935437,0.9555209000404199,9.237528203662563,-2.0704554234860284
CCCTAACGTAACTGCT-1,-35.5694309929017,4.884595179429638,-0.9547607542665357,-0.5547898307856083,-1.9316433728993356,-0.017855982473719223,0.6563061593566957,-14.106012853949773,1.1966427048366568,-5.715629099855194
CCCTTAGGTTTCCAAG-1,18.31884453305277,13.787983441497602,7.19405745835715,8.311618493268071,1.1066807480717635,-5.413669434007586,11.262973310013521,-1.0239873109461612,-2.114660607124333,6.129242947533862
CCGAACGAGCTAAGTA-1,23.239733792195786,-2.766839076359716,7.253265030314078,8.977494649296126,-4.949717585202915,2.216310851549001,-5.835571279215635,1.8951913931423494,0.5524297097134194,-4.471343762243139
CCGAACGAGGAACGCT-1,-32.73246585306279,9.728180240822198,-3.584766025106176,0.08243083338301571,-5.493472285150933,-3.5627080937568976,-2.292306257543089,-10.326199067229517,-0.3385769342409477,-0.3751424869145623
CCGATCTGTGGAGGTT-1,-36.190845905205784,-1.2844930499445297,3.0787047531569076,4.795712756589358,1.2340007432600064,2.447297942734923,-1.8318658787967994,7.716423927136953,1.1774119444524322,2.4350693756912456
CCGATGGGTTCTCGCT-1,-17.11730797062866,9.605154832349498,-10.191102194785547,-3.3479326505825155,-9.678388895396132,-14.012282080524876,-10.447843671443243,-11.701369210910071,-1.268898310307838,2.9787092078742696
CCGATGGTCACCTCTG-1,-31.25449975105957,-13.409886167298687,1.52447983951122,7.839424449865247,7.683685863639232,-1.0778344408706089,-0.7595223653927476,8.381140669015805,1.343904615791281,1.6672396032526873
CCGATGGTCTGTCGCT-1,10.462708950029231,4.274029912940065,-25.274095602322703,-3.8473334983707983,-5.693087754628987,4.128029502528412,-3.23715561853653,-6.975364321207401,-9.224755896751732,18.130330016617478
CCGCAAGCATTCAGGT-1,22.271240038737457,7.207960347948017,6.074586411717339,14.312594747500007,-3.4650916175582864,-1.860053969127896,4.432080855805932,1.1794055122565394,13.206343901780535,-2.694908478854937
CCGCAAGGTACCAGAG-1,18.12420787970443,8.207812132809693,7.7178687607139205,5.143811898938189,7.328765392305015,-8.188160489454596,17.26223465475975,-1.8171732689768487,-5.6264740563935085,6.702953883681666
CCGGACAGTGATACCT-1,-35.51664033606423,6.634126520428964,-0.16377043409412373,1.0995704422304764,-2.5144815918689343,-0.40371651583647283,-0.4400886282725729,-13.074078900793902,0.8926286763700729,-2.9300391405172306
CCGGGTACACTCCGAG-1,-40.68203162807779,7.9990595639687285,0.5489119507561497,0.3538031349066051,-2.260145753884144,-0.9179562642311276,1.7179773783580963,-3.0428684297481805,-1.2420702726998807,0.5385757715339774
CCGGGTACATACCAGT-1,19.623818759393455,-8.15877259172806,6.5909644601322395,-1.2349471118311115,35.4712802680755,-26.154124393850683,47.35989835464994,-4.365621722244892,-13.072984659630867,19.357697902117
CCGGTAGGTAGTACGG-1,9.570836809426376,11.574447222680845,14.343173015022202,-35.52287067328687,7.579799367392465,9.836167067912166,-8.12027910678673,-1.1116057034150222,16.335862829956888,2.9864811524132664
CCGTAGGGTTCCCACT-1,8.958616184114527,14.927786710923286,13.678319528647467,-44.987387424788466,14.527105944746351,7.700061706020302,-3.352962685189386,2.75312812766467,26.92392660806627,8.149807315355321
CCGTAGGTCATACAGC-1,12.68495244184633,-1.2108405219268263,-36.93742039258825,1.5446472577856043,2.175807064975853,4.454513188611193,5.060897067846447,6.871659700973211,1.266943855763075,-7.754619432588417
CCGTGAGAGAGGTCAC-1,10.646991968033033,16.29665133293645,16.02689516777714,-23.97776440231428,2.5350832471599727,7.37941942859349,-8.717984213225817,1.0872470079621337,-2.277622821313506,0.8756203458262914
CCGTGAGTCGCCTTTG-1,13.453546288023947,-3.388887109079178,-37.317528248627184,-4.870217278261995,5.28203120275118,4.466804986425749,7.801119978588098,5.916554712162961,1.7630020199106489,-3.7693910907025874
CCGTTCACAGAAGCTG-1,20.157034737884704,2.978877558020656,11.599203963996295,1.1762573164705206,12.090813946782337,-4.597463330960865,14.663309106456179,5.67242242768844,-9.674907021223552,-5.867366658490184
CCTAAGAAGACTCTAC-1,17.22229264729211,21.53265103859377,11.10601175043129,0.18191356493943034,2.661776894160873,-4.835303571679691,9.246938154941358,2.4739733877774324,-9.117953923932282,-5.874996179986638
CCTATCGAGACAGCGT-1,-41.998816356560745,1.9915121596087317,3.2196106086012652,4.250584583068578,-0.4134490685865231,2.4195140083616797,-0.37178127689316653,9.448445772683977,-0.4927203326274816,3.616171780294575
CCTCAACTCTTAGCCC-1,20.869142412683015,8.69333569050356,4.006891991791915,14.290820101870064,0.022667678618574882,-4.824147562455427,9.956640153456082,0.4601689574583734,10.212185508264781,2.7862602438529347
CCTCAGTAGCAAGGAA-1,-22.847194277005393,-26.28190321567186,4.302510281006864,4.369770655577764,13.867002317819352,-0.7524473139921881,0.20807524662423305,10.998764385330212,1.8741372670235952,1.8027931762669835
CCTCAGTCATGATGCT-1,23.05361690329768,7.502474952502425,5.447577553900515,17.132140919497115,-3.0795259828877555,-1.2159876058457153,7.183326780330351,1.0663381260853804,12.866880744826265,-0.6711052704764664
CCTCAGTTCCGAGCTG-1,12.593352921018546,4.090472413260727,-31.974168619186383,-1.2129920397506484,-0.9301169224068317,2.8029340094199675,2.6851954233788753,2.172517323855655,-1.7967243395669443,1.39977151896222
CCTCATGCACTATGTG-1,9.418865264019965,18.579855672940084,13.215207531581544,-38.067446291763346,9.452437004125928,7.912446850232932,-3.9023630073175912,3.2590050273892803,17.11401965133587,5.015666017156965
CCTCATGGTTTCGCTC-1,21.004768929384817,10.16372000306714,7.53704087953057,12.21826326521005,-0.4652493931474808,-2.4763380246953304,8.31201420984232,2.114102262181617,2.4317508391052867,0.8440871341590885
CCTCATGTCTCTCAAT-1,-39.49527219693998,-2.6688314748533486,4.776076665360706,4.400169958725845,2.936963910174164,2.3450996740210215,0.2663041513150013,6.397046584506951,-0.6765272764673596,1.745335950233961
CCTCCAAAGGCCCGTT-1,-38.17789930136201,9.39987104005499,-0.7015489984926147,2.813410598135476,-0.8228670119082704,-2.1512273177625536,1.8198084150404696,0.552729447147617,2.179703165784414,4.218150991530144
CCTCCAAAGTATGATG-1,14.126866666939026,-17.74295563043826,-30.41094071355663,2.146846331827451,5.251944778106666,5.516627587194253,2.7577623417622945,5.6543734979984155,1.9279223280827775,-4.643213937156309
CCTCCAACAACCCTCT-1,12.003922752962277,15.82670700180745,12.46289326021119,-25.58489273261257,12.254781977969113,1.9131297483133318,7.14775732644728,1.1267258345329303,0.5320025289911425,-1.5171447693965003
CCTCCAACACAATGAA-1,12.992409069675514,6.296498783738826,-40.95380402601769,-3.421911853358847,1.871211850357371,4.602366108244607,8.57665799803133,3.354683991574687,4.268087689236008,-4.3783751289767
CCTCCTCAGTCCCGAC-1,7.818911825201065,4.802450434909531,-37.949042536911705,-7.206149374137919,4.333386926733516,1.2794472313233518,8.677173763473832,-0.29240139419027145,-2.09181102438372,0.14652292478087814
CCTCCTCCATTCAGGT-1,19.924635908180413,9.962918868920084,6.840905225612644,13.019674200563868,-3.1923897697001884,-2.3577572510301694,6.581929949954006,1.078185543749652,7.903131515328033,0.3445350283498123
CCTCCTCTCAAGCGTT-1,20.6230275744123,6.32175345934283,4.041420395354917,15.01632986785395,-2.7207651302489992,-3.8186284942592517,5.03403740323667,2.2261034518242964,12.006080104103312,-0.7982833216267671
CCTCTAGCAGACCTAT-1,-41.060785476413656,5.01045719096787,0.0330916931023193,1.595160115254348,2.557653741905579,-2.200046536241736,5.5734985347511525,-2.868018324963887,1.3408801331084084,-0.38559205106192707
CCTCTCCGTGTGCTTA-1,18.100034216972052,-32.23130269698479,8.214201711488947,-3.593362064313727,19.994137123430804,-5.364716288906136,-1.6851981964040785,-0.40900121129477807,-6.157119529514826,-7.8149858273553665
CCTCTCCTCGTTCCTG-1,-45.649709583084245,4.077418986703549,0.32589480157623374,1.917517739964034,5.840086952501811,-2.5365747534813505,9.654665870173613,2.530260968563443,-0.01218726244576529,-0.7076489307613731
CCTGCATAGTGGTGAC-1,-21.812602949562418,10.110125716955025,-9.309466823597056,-3.7282883772909714,-11.32140138257327,-7.177664939350576,-10.447825151285798,-14.757149191700302,-2.1383459962703597,5.461162072024043
CCTGCATCAACGGGTA-1,21.542383395638396,3.421212579555174,5.105068648919885,16.026851350127792,-3.0350963235006,-2.7532915189378446,4.0566251458954135,1.3655043446349566,12.983477974622865,-0.2733293423603862
CCTGCATGTTCTTAGG-1,19.370580574803185,12.364122325363908,8.286318611226216,3.835255021056483,0.4129450610662424,-2.4472918930538508,6.785265774371574,-2.239689868795056,-7.328547220770163,-0.40630728430822893
CCTGTTGGTGTGCCTG-1,-40.851446002993356,1.8849004167510657,3.4209602399273304,2.5771704116254446,-0.2033622950683256,0.3265352046643559,0.10592646148232987,8.894539234355182,0.16866456659501416,5.061237193554382
CCTGTTGTCAAGAGTA-1,12.634413476674315,-1.3224519776400854,-34.50985434178142,-3.61145705780736,3.2791515972297933,4.748732013429862,5.1853889975913745,1.0866165940195085,-3.0359004224952812,-1.131411647296078
CCTTCAGAGGAACGTC-1,2.2171071259178987,-73.62355832542802,19.693525694990498,-41.035359888606855,-83.61864053036867,2.685752819604467,32.06116749259083,5.088255533613028,-2.3436880906976265,-2.410492357306005
CCTTCAGCACAGAGCA-1,7.182982475753409,7.779279009446498,-31.114475373636584,-8.053405207449662,-6.8375363505762365,6.264968916674372,-3.0751618826558964,-8.11145218471359,-10.426238533568977,22.785695008054407
CGAAGGATCGACGCGT-1,16.230428622272925,12.877426666152914,10.689603423357287,7.708278309729639,-7.099514057905434,-1.487303193265733,0.8473117540503345,-5.253129499561085,-4.645430142245092,8.508073002870905
CGAATTGGTCTGTTAG-1,20.85089293462602,2.6233899436228967,5.456242652780901,12.652905125941754,-5.2942245702726645,0.3914336816532349,-5.318866802946623,0.32469956247565346,10.67498263790648,0.33554332657694497
CGAGAAGTCAAGTTGC-1,5.38258165843969,6.834278648472363,-8.57231139104541,-9.080663413592507,-15.765532870470352,-2.3250777344925853,-26.24939693404483,-12.690109341008043,-14.277738284661272,29.93645692028815
CGAGAAGTCCAATGCA-1,-31.443994128339817,11.9319153058795,-1.0711389672439688,-2.89199551860936,-9.295734393384713,-7.600219462345983,-6.9820015351798315,-6.34512943083948,-2.7532317723025033,6.41631406538624
CGAGGAAAGTCGCGAA-1,21.13757442419604,-5.2872321394067185,7.3902403283815055,15.292668988902507,-8.894933253828953,4.165888785102468,-9.789516288176026,0.5388434596405043,8.243634992480786,-0.6374825340894312
CGAGGAACACTGATTG-1,9.846915069330606,-0.0462137760631407,-32.02501559863042,-0.9791903893994842,-2.7501602770080016,6.558531489380886,-1.417928208686444,0.8832428090111835,0.8016596864872723,-1.7461559410832654
CGAGGAAGTCCTGGGT-1,-10.377714332263569,-39.10914321047327,2.095106633313854,2.485297903747029,16.287340094055878,-6.213695254554575,-3.3690985144378764,-3.8957068656534837,-1.045254827827166,1.0774928391569805
CGAGGCTCAGATCACT-1,13.150452858070906,-1.473769939744244,-38.473790756050846,-3.726706280763708,1.8809262995679994,4.623322854817805,3.4797976213492596,5.839806441234359,2.0963563216228915,-5.768328594100042
CGAGGCTCAGCATGCC-1,-39.13428366787418,-1.5144700610435535,3.068417638675859,1.5821560714089284,3.0079712385472313,0.2028891447060861,2.4547946492814425,3.5874212230323526,-1.8445313930150398,1.5816888594409948
CGAGTGCGTTCCGCGA-1,18.241650929497506,5.080124641301296,9.576261394775736,5.305993456403195,-7.425744404370803,3.2147188731115595,-8.799841719631146,0.11749132701374876,-9.695239954511393,-1.5819719109421002
CGAGTTAGTCGAGTTT-1,-35.8932314324367,-5.531170092544059,3.775597605476783,4.7089108938653395,1.9711336793170453,5.700720827956892,-3.541638109347634,5.31544246887186,2.1705904021920888,0.16155866456671397
CGATCGGCAATTGGTC-1,-33.674869282117996,-6.869008309828466,5.46150181093296,3.60138087151308,-0.2544974630753174,3.877235322534667,-4.6298927823260705,8.764153267630647,-1.4756448947320735,2.004945789219685
CGATCGGCAGCGTGAA-1,20.532364122599372,-3.975965086232094,5.224248397017336,11.847782805779378,-7.357309383993066,0.9922573079071304,-10.262402451638277,1.9499851016817757,6.933992026369761,-0.37842561008735265
CGATGCGAGCAGAAAG-1,21.42410792828688,1.5895122990998516,5.2439455223946085,15.661074861733598,-5.918318174787938,1.63301295397711,-1.4851604395405982,-0.5449231042014091,10.862489169180764,-0.9651957502582156
CGATGCGTCGAACCAT-1,11.393820303052763,-5.4459028248674315,-28.805680529849884,-0.7281623993000856,-2.718032398869804,6.247966575115797,-7.742620204825672,1.543567140099353,-0.7075307038671712,-1.4552173257736292
CGATGGCCACTCGATA-1,16.720446672813427,11.893692002549102,10.396035594761377,5.257148804129269,-4.863201207315065,1.558345011001796,-2.6266054897273943,-1.8011866430537173,-5.711467333062531,-0.019300947313970696
CGATGGCGTAGCGTCC-1,17.177630298078533,11.916195200163756,9.481693629460812,5.1469202403160335,-8.818322748553094,0.5376109436689926,-0.6551803405192853,-0.836293656687209,-7.3234002776329845,4.171235777064968
CGCAGGTGTGCTTCAA-1,14.696981213077407,-1.9729151617697767,-34.9043008483678,-1.055907434337119,-2.115018321704005,5.910854612286521,0.4288317767979173,3.2648265902552005,2.047581669203747,-6.236973474790428
CGCATAAAGTGATGGC-1,-40.23845654333369,8.005197706182841,0.12798667101355932,1.0805118567666612,-0.5373070741165211,-2.2832084224540994,3.5421205894266485,-7.225320352923715,-1.636404336836977,-1.3683101613234023
CGCATGGAGGCCACTC-1,-7.068152378668,-23.398248533173366,0.6191427241814296,5.708933981785234,-3.2985575383164765,-0.10486864266725293,-22.121798970233506,-5.790675648844907,0.5243378701043169,5.2481609991868385
CGCGTGAGTACAATAG-1,13.506072613693167,-1.8254856254583132,-35.57948904533087,-0.8198113785440535,-1.0294976115682974,3.7521250123568475,0.6500084981281908,4.734207189034667,1.6905112405749418,-9.163230305152622
CGGAACCGTATCACGT-1,-34.86699200732146,-3.805826922355294,4.35452986111536,2.7034580297742994,0.2901591605402931,1.8536046514203037,-0.9354763590620401,10.68133829663092,-0.39931298219600575,2.632238715232262
CGGAACCGTTTGCAGT-1,12.091783432638,2.2179434353877383,-28.5899185500589,0.6390946212832778,-6.076861605582337,6.657939451519518,-6.204801093509749,-3.531184239193736,-7.276486383899915,10.633600571257587
CGGACACAGGACAGCT-1,-38.54651860550073,0.9797489920295419,2.3374751746457427,5.378511287460913,-1.4899457762008002,1.452269265194026,-3.3937673529024988,6.104908250032935,0.1688884089050089,2.5785217178904825
CGGGACTGTTTCACTT-1,11.149802754004838,15.621243268208957,11.352219957266286,-29.420808474842357,3.6295874263448304,8.371715898710507,-9.680356149554026,3.351514145006499,9.228230462759829,0.9800272245315877
CGGGTGTTCCGTGACG-1,-39.81200307427665,-2.2752820922304124,3.801574131029361,4.035654242836523,-3.2639772810112504,3.694877804488425,-3.3178353641889693,7.466520484230591,2.283964129835817,2.2794128117938963
CGTAAGTGTGATAGTA-1,19.560778643396034,7.044904905906165,8.8267277621633,5.27662466025413,-4.657192590175853,1.407883183128361,-4.464676831049516,-0.3876135852740221,-0.8509401873654439,-0.9558002514318313
CGTAGTATCAGCCCAG-1,18.740802659759357,8.690352675903881,12.769844134235996,-14.486251053040638,4.092250394127499,3.616009637958581,-1.1507703451805504,-1.238421337413886,-3.541609410040712,2.651596094623608
CGTCAAACAGAATGTA-1,10.932301973394791,15.774371536714938,12.22342705571165,-27.062777295487326,5.019202028496599,7.880331331585738,-7.512796053215503,1.6128369098236748,8.054611083103204,0.05093660026240299
CGTCCATGTTTGGAAA-1,22.553298608011318,0.8029717403385916,7.102408041723969,17.058987886096443,-4.707458019760786,-0.06573994552864093,-1.4795497006505638,-0.3802949605370971,10.198781312035694,-1.925712833085508
CGTGAATAGTCGGCCT-1,20.648275472026203,4.637664685403493,7.973439321862054,11.810536963013416,-4.045431526492397,1.8907387129678384,3.678779857849353,-1.9510403096296374,0.5350597203221994,-2.524718073452754
CGTGATATCTGGTGGC-1,20.85540635579675,-17.760572735476593,6.69739688296487,5.026546144853464,24.4843748513523,-18.034090922791513,25.16136417037586,-6.477797536491054,-7.0126340730250245,9.634201831965502
CGTGCTTAGCTTTGTG-1,-40.79487516656516,-3.001805093503883,4.799455230626301,4.327726881682767,4.312528406958636,2.603304291203373,1.859310601422301,10.440831713185261,-0.7505415292802728,1.2577128343862134
CGTGCTTCAAGCGCTC-1,-39.318041914398215,3.9911648099861594,1.1944022562284058,2.7300364765451226,-1.0403784050903528,0.9215861024514869,-1.4441932720538446,-2.4646138773185613,0.7942456802386029,0.3538048502129376
CGTGCTTGTTTAGACC-1,18.362199252067573,7.938551827957696,10.432392741619587,4.479167498385085,-4.480245701067126,3.820098223368271,-2.3633094851431427,1.2697952090602245,-5.858427616997102,-2.001062315341004
CGTGTCTCACAGTACT-1,17.161387282196994,6.734912420809508,9.90595812750286,9.004750372500233,-7.771486431456086,1.3089616558098283,-6.470040209549797,-3.315267402666845,-8.874875158191909,3.1073769023996434
CGTGTCTCATGGGTTT-1,20.458395673703862,2.478903746136382,7.935371589544021,12.638782561682028,-5.016405184122153,-1.9404138765460572,0.03870251499110822,-1.0898899537409,-0.0152296050151155,2.3827318323229205
CGTGTCTGTCAGTTTG-1,-37.09247105665868,0.34801873289410423,-0.5074037078486988,-0.5236326790381982,0.8681888281786456,0.8841387388741868,1.031830754061442,-9.498555154699808,0.6308464062198127,-4.694842828119959
CGTTAGATCAGCCTCT-1,-32.61182710207179,6.766238926051713,-0.7144512681198973,-5.936323462746429,0.14203375773904447,1.174399051666486,7.046923522271058,-35.075861783867424,2.4217335129977817,-19.762249832831504
CGTTAGATCATTATCC-1,-43.4181609505744,-1.0294108515943066,4.622314320385062,-3.6789311680293175,-14.983978408580576,1.5309213173627239,11.543446408273532,5.720251111947626,-0.16995576716729843,-1.4887619822123623
CGTTAGATCCAAGAGG-1,-27.912120131135282,-14.228614759108233,3.6347701864164366,6.773253543362188,3.9712833910554863,3.759964765728399,-6.99886009494641,8.547149999117266,0.09137152376516089,1.8371505311550105
CGTTCTGTCAGCGCAC-1,22.64761803545832,3.4157631777610646,8.26712732762035,11.066302436460475,-2.5290301653116014,-1.7818072416509962,2.346798267972364,-0.3275769760131624,3.166208728452565,-0.33942886371395353
CGTTCTGTCCCGAACG-1,11.992801673623479,13.29723014132017,13.432679716179853,-41.63189916485221,13.771329397230788,9.902537594355918,-3.90846760459978,1.1891535719387667,26.76748325620728,3.738886135876995
CTAACCCAGCCGCTTG-1,20.395337849130108,5.336043805914258,4.523489289557888,13.209072748498446,-1.8218196281109922,-6.6587242279316525,5.6665563897788935,0.5528796241534168,14.957324732873973,1.6572927982845753
CTAACCCCACTTCAAG-1,12.903299723436358,16.09285899927498,7.539673899305629,2.852021907465318,0.7058903946452624,-6.052160471447921,12.61502710031893,-4.5775521528534595,-9.19174054245027,11.476207838177332
CTAACTTAGCCTCACG-1,24.717009141928088,-1.3725058349978099,4.32511421249813,9.850766001626228,15.927409646077814,-19.298940701763367,27.248829881020576,-3.6677136723764923,10.067093315626272,-4.698762714183377
CTAAGTGCACAATGCT-1,9.793125315212391,2.3280924775422136,-27.52823864464688,-3.343012361337792,-6.263090890222035,7.011192616920633,-5.992862188371577,-4.23628919751173,-7.280848003506362,10.03980060598862
CTAAGTGGTCCACTCT-1,17.18453763470904,9.491172404113158,14.913969252625584,-7.242124600536661,1.6597493024350012,3.3971238399365538,-8.183103194518369,5.153302438232021,-19.411351212341636,-13.651558217400677
CTACAGACAACAAAGT-1,7.207491180248757,-3.5373018987598286,-8.129635554481442,-7.374630935312725,-6.005873042013924,-3.7217666715753914,-18.485656806127857,-9.32656423464959,-12.202064842594305,26.817391183425162
CTACAGACAGGAATAT-1,19.301289299805973,-7.83786701473948,8.03513022367173,8.66293385366541,26.853076935685824,-23.06440957794256,36.594751448236266,-2.094849974196389,3.2399150858779486,7.026121091996218
CTACAGATCAGGAGAC-1,18.514204415704047,-4.190745200422285,11.556889083822472,-5.678387163783645,14.022925346352917,-4.30567039021664,3.278232235666117,7.25178580480523,-15.608943483561518,-14.361731102396458
CTACCTGTCTCGAACA-1,-40.47639265189161,-1.977889712877186,1.5238620961552867,4.514913323688159,5.769411128160145,-0.4202267036273606,5.856889586473056,8.519221994542583,0.46225373638048506,-1.471957217874606
CTACGGGTCACCATAG-1,18.495385564541547,-69.46371263102559,5.645830585860546,2.4252768446060866,16.591860634624645,-2.278791827463356,-18.23192784375207,-6.736234877368646,0.19512855293783082,1.6102717235043382
CTACGGGTCGTTCAGA-1,16.797534069060646,11.869487463165981,10.237533653500691,-11.247637367626721,3.2529731186879562,1.1930593388182342,-1.3924348247910618,1.8409344367783582,-6.7745288806252315,0.9659857778462286
CTAGACAGTCGTGGTC-1,-23.184042943846215,-3.959584039824229,-1.5042147936500623,-3.3720917754921973,4.12790644663006,2.0690556430325984,4.144664106370499,-34.0093756152197,5.0195901655272825,-17.71768874628596
CTAGACAGTCTAACTG-1,-35.46325224103201,6.8567038624549355,-3.24003332140897,2.731331651058431,0.271680935398285,-2.343235341984246,5.383138477014107,-9.075107375978092,0.9225283030819675,-2.7319438899625457
CTAGGTATCTAACGCA-1,13.364690387542502,-2.194953586679574,-35.446468725393366,-0.7414096136442607,1.0620015949499635,5.246831280543152,1.7918340881632844,6.6691138034732305,1.552665112108449,-7.4454852319502205
CTATCCGAGCTGTTAC-1,21.663445749237532,8.668074466871758,7.6504216567392564,13.451304260206381,-6.313827201545614,-2.075120956169697,2.2125117673364585,-2.598344914049232,6.863650626401491,-0.18071157380296388
CTCAACCGTGGATGAC-1,9.075796005082461,9.529999270338891,-27.826772756178638,-5.934475330815054,-5.333180376040893,4.301658763632823,0.05840659369665602,-6.323195638950107,-8.427140953808744,16.349646266973423
CTCAACCGTGTGTCGC-1,12.09392874923639,-4.441561288714759,-29.940723906624452,-0.4864267399910256,2.8927427073645795,0.4483595643489684,0.1698804133834848,0.5676181433107921,-3.9233600343824504,2.659214087092883
CTCAAGAAGATTACCC-1,20.638831145842815,11.360164277083754,8.207050609385528,6.6835395656919125,-0.9888488770535417,-2.2924249375071466,7.019244164817138,0.17225171972217268,-1.3172958487347548,-0.19530080847131703
CTCAAGACATCCTGTC-1,-30.02889826390357,-18.626348661468697,-1.033778954022103,0.012875965429650194,29.793828414221405,-14.406798595398772,26.137003465775024,6.656548410359191,0.7435182189054417,-1.0967529028984981
CTCAAGAGTCAAAGAT-1,5.244855886167471,19.702839941658667,12.836679849665718,-39.82261118118728,7.497925162648619,7.076094734960201,-5.843865153656202,-2.348417045165737,15.39030959540487,10.360065363822006
CTCAATTTCGGAAGGT-1,-36.42260525119408,0.16588622853475954,2.851273797261344,4.194366925103434,-0.9526624074100223,2.732985824806496,-4.670895855846878,6.716516158228806,0.9736261844108742,2.8567915934785093
CTCACTGCACCTTCCA-1,22.958465315658056,5.20217693177878,6.528745964056742,15.084554568113191,-2.794667101219506,-2.4856979512552013,5.284116643624369,0.12495259942967252,9.391001225103455,0.7044310641156515
CTCAGAACAATTGTGC-1,10.59037077322856,-4.4618511799810605,-38.14162511598582,-9.503191393118955,20.978705171352395,-11.743567304068527,24.751238611513955,-2.6097968209438998,-1.3076748905668227,2.402068883340503
CTCAGGGGTCATCGCG-1,-38.14919341644875,-4.803598759507409,3.175664454032746,5.259611580664876,6.106528596138166,1.5091208128123506,1.0331619743863918,12.16963314603652,-0.5235071856500337,1.4107832086257805
CTCAGGGTCTCACCCA-1,-33.30410290506044,9.041103377220324,-0.875753786449966,-6.4967768562367905,-1.8143929721293848,1.2804293026686553,7.306057723198741,-43.7107513930376,2.0529162524813853,-22.20261255626784
CTCAGTCAGGGACAGG-1,9.201984601973265,13.162762010761938,16.843365392697297,-42.56564334422568,10.83525734592861,9.86270859006141,-7.447783051396591,2.0195969382534056,22.047585036102973,2.740153415547817
CTCATCGAGAGGCGTT-1,20.017080777728456,5.946199362454806,8.683922275763225,15.210394717019799,-9.212699538816846,2.7285519515018235,-5.13333131681712,-1.8194102589316197,11.658570707584973,-1.753948540684866
CTCATCGTCGTACCTC-1,13.551310717915577,-3.1717645008707223,-33.07405541451193,-3.097091951577163,-2.190009985077184,7.926255464807596,-2.3498261401595038,-0.06862513813990745,1.9411577902807575,-1.958438875382666
CTCATTAAGGAAGTGA-1,-36.022647920057665,-3.319316998659758,4.011574978941734,2.3264290122054736,0.39237021646899883,2.4362052171655355,-0.8453432177010054,7.184711018057106,-0.8008320444275545,1.2018961752476724
CTCATTATCGTACACA-1,-17.01785371033118,14.677190608097078,-13.127400161696418,-8.015060565283283,-10.740142414943513,-17.969846111969535,-8.094547219939365,-14.089653576530102,-4.199028072003782,19.383232285867656
CTCCAACCAATCTCTT-1,17.184745423580306,12.097444773266062,11.179876718312865,-4.088724048272889,5.156788351447841,2.2907366519996515,2.677822711957905,6.02816394412895,-14.058520226138238,-10.71137612158497
CTCCAACGTAGTGTGG-1,17.773449519937458,9.106364338918937,10.934961647199579,9.07093333845931,-7.474651571652245,2.5645888786088156,-1.3458735801394415,0.8712417783805417,-5.915406497260386,0.5058179222732941
CTCCATGAGACAGCTG-1,12.050519501828383,1.4809843883170402,-35.65763184473222,-2.0385842138255605,-1.2919542567889746,5.813441253883721,1.386120660398639,0.2958735566073205,1.7531300609067595,-4.388819319827896
CTCCATGGTGTTGACT-1,-33.10474614489439,-12.43108602554333,3.788836204266819,6.782458417163687,6.163029271009106,2.681230493057172,-1.7375199323772588,14.987489549622016,0.9798117505272892,4.502831926199242
CTCCATGTCATCGTAG-1,23.515662099023906,3.960924835960185,9.13356869173092,15.04608541161062,-8.241801599886227,0.1813003422977144,-3.298681027944827,-0.5629448430456492,10.56308088575786,-2.9943051770719737
CTCCATGTCGTCGATA-1,-39.156106181526944,5.927693945786984,0.8972354602430386,2.581217088854517,-0.32024267029450293,0.7440436495584581,0.8105027938188023,5.25595912844571,0.7102071650577344,3.874261013473942
CTCCCAATCAATCAGC-1,8.0393058311808,21.756759048777823,13.891341347281084,-40.00826476026728,11.304933821905905,7.458675606285873,1.6222184071917098,1.17111166378624,16.36260554383335,2.7336952474162555
CTCCCTCAGCGCGTTC-1,-37.14149604064323,-5.066038920604456,3.2726383572656093,-11.479149653994584,-29.964707087192846,-1.684314037673412,27.12582623216953,4.544880181785542,-1.3005709540206298,0.4205493074034439
CTCCCTCCACCGGAAA-1,-27.39632820984096,15.638126818064137,6.803083217779893,-16.316176141843187,8.509575680854507,0.3756021587184817,10.44605071953756,4.690976548555451,3.7613183751618458,1.473452543435095
CTCCCTCGTTTACGAC-1,19.04516978082397,13.045958184353182,11.052473595592069,-15.187810840406387,15.284818540404896,-2.9010345955047065,14.113065590221222,5.944887278012251,-10.371643142603476,-0.8285913484596246
CTCCCTCTCATCGCTC-1,16.823614534836658,14.428721817832155,11.637592221564216,-15.916577924401414,19.432052076605913,-5.06910140780165,19.21635812853455,8.184943081440016,-8.124753533215674,-5.8325044001511195
CTCCGATTCCTTTAGT-1,16.65642441565124,11.429289357858394,12.246125367516253,-4.981053867953911,-1.5708095876081103,2.0713304034101885,-4.6849696954768945,3.7328740880065965,-20.821164053738404,-12.685281657038795
CTCCGATTCTTTCTAG-1,25.55992556359432,6.703699665574717,5.369202665980636,18.76972747664488,1.2543974876327866,-7.401351680919667,13.284823010805425,-0.06349908002102822,12.493278430791268,-1.2804768323517828
CTCCTCCTCACCTCTG-1,22.444970378791176,8.972418687343946,5.54780646622003,16.318850797092313,-1.7284480283526147,-4.429465166517119,8.185327948113784,1.1292392024006395,9.436474433347207,-1.0633604400010275
CTCCTTTAGATGCTGG-1,-32.464402342090665,9.227872455356263,-4.395323496372218,-3.0472595242546734,0.796250843686213,-8.585616857919387,4.777063040346693,-11.139351809571298,1.3886892849331944,-0.08400161547534513
CTCCTTTTCTACACTT-1,20.574242829683598,8.531059648096416,4.791766573266678,14.369159300095,-0.4409310833583824,-4.229021148263704,10.221623487775986,1.573008425409177,10.446809097002237,-0.05939517507548109
CTCGAGGAGCCTATTG-1,14.777302489864374,-4.359744501485132,-36.631785244677985,-0.5129064803417922,-0.6578884635584785,8.210410573022473,-0.328360604332822,5.88965804633504,2.3996172136734364,-7.7228229974537435
CTCGAGGAGGAAAGGT-1,17.515391608874353,7.793316161361773,14.492857318098142,-8.508389462075904,-2.228595025951572,7.2892866527712865,-13.384170440151841,5.487390206259526,-13.954260836445982,-10.719235601199017
CTCTCAGGTTAAGCAA-1,22.50875001747776,3.753953363876363,5.675879079913983,15.496939002867224,-3.29955290405319,-0.0819066757263558,2.357316707941557,1.9124500928116879,12.02016197176475,0.5034198642809844
CTCTCGATCCATAGGT-1,11.7504191879415,2.3141433531134368,-36.7820564901559,0.05621688172187245,3.209794887522275,4.635882012540057,8.34483144779771,6.2446281842229165,2.1321749549108446,-5.985293984129916
CTCTGGTAGTAGGATT-1,-16.375285341669063,-21.73438521571147,7.780859535727276,3.3167502168750937,-15.039363131157671,14.183357210635286,-28.129936627745426,-2.1965583389775767,2.6201012218845925,1.154953060827613
CTGAATGAGCTCTATG-1,-34.14279052012941,-3.214210170373228,4.11140350132195,4.629782136729356,0.01880692429645947,2.5067553098773656,-3.089012697036713,13.366798868507779,0.3936235040619471,2.7282542771696594
CTGAATGAGGCGAACT-1,23.44003427663486,-2.987845941922579,5.638851999492724,15.074300787263189,-4.686541746291297,1.5898247278793498,-4.2870987457369925,-1.5159281971194734,8.513989743039538,-1.7388558426237966
CTGAGGCGTTCAGCGC-1,12.81957922993075,-6.946784583679978,-30.55788560021681,1.2587383915869226,-2.5835038886245023,7.800182084268529,-6.360518703314167,1.46593620216687,2.5439269575873746,-5.350358339903709
CTGATCCGTCGCGTCA-1,17.281223425172286,0.5882407291358334,9.661143575023955,5.306441196529036,-7.496247524936461,4.588895633756071,-10.879148597113991,-3.1873440176483956,-3.6496185315058227,-2.4277309666667737
CTGATCCTCCCTCTAG-1,16.779238130234077,13.636844617947233,12.470556610755953,-10.60797185318468,-0.130444248365011,2.666954519852972,-4.983645830546134,5.800607981947225,-16.348298143378127,-9.57853228976134
CTGATCCTCTCTCCGA-1,7.434019683923111,-79.77919828758364,18.003202713974154,-35.732652736885086,-63.85582722163862,2.176345122433813,30.494905336106754,2.901367644360338,-2.607824306139749,-1.964039337765307
CTGCAGGAGCCATTGT-1,20.738826787322036,2.850812706070016,8.558153916232657,11.348096932178866,-5.837937169665889,1.9679209866472807,-2.457190966976448,-1.8175671145646168,2.462350964235405,1.2432215840853298
CTGCATCAGCGTCAAG-1,-24.66351949753016,-19.260920292684666,1.450215359907963,6.183144069860127,6.857889790567719,4.161475467341784,-2.025557056159478,1.9855978412716784,0.668131595109422,-2.8961037166223234
CTGCATCGTAAGCTCT-1,23.001046604718756,2.5954112866704975,7.2268386029849605,10.597841734257301,-4.601764295049655,2.371927798827051,-4.877841358704504,-2.6183745659963518,5.63085633499394,-1.4823265485462356
CTGCCATTCAGTGTTG-1,17.176832605323078,11.963746602017594,10.327279946433144,7.558053017219285,-7.926081007935387,1.0936819080429756,0.10951994267958298,-1.8858508098007327,-7.930095380060418,1.3957895686507178
CTGCCATTCGGAACTT-1,-40.915546800070864,5.517877709788166,0.4548593819389479,2.4865920056644613,-0.6809140667627727,-0.7057707097850374,3.7892390565722778,-3.0935510057091777,-0.12197415695829927,-1.6941779487185311
CTGCCTACAAGACTGG-1,-33.76760473233413,-10.396140144296496,4.103180059199744,3.689225186063195,6.7651136561619545,2.174226866800052,3.3621248096949614,-2.8490754806024623,-1.4314644620542614,-5.860847328075355
CTGCCTATCTTGATTC-1,10.607148365026955,4.979551127312305,-38.059824728788016,-4.685201115316032,1.4861987486704464,4.115569165143127,7.761802170844707,4.926395394679439,-1.1201717474644803,-5.484240033530173
CTGCGAGAGATTAGAC-1,-34.68154175265847,-7.780687534861272,3.352636974208487,6.455981912873902,0.2869475638892638,4.097310042219855,-7.527302509416264,2.7068160162249004,-1.2421016373306772,-1.2864519015353286
CTGCGAGAGTGCACTT-1,-38.65898357542683,0.024347399298321193,2.264583778922999,2.8548365601154995,-1.4019352289245237,2.1572692405328153,-1.33289460690529,3.5686722500134866,1.5295969094584285,-0.48527444969006206
CTGCGAGCAGATTCGT-1,11.260200089428963,1.076830749054011,-29.666405963119526,1.4090769291196867,-0.3722641696985818,1.3052096072603234,-0.2435913355178343,1.8246334022612762,-4.146447419323057,4.193219298064761
CTGCGAGGTAGGTTTC-1,-32.25444187502637,-14.33407713908057,3.3694407744669816,8.45091914518196,9.991937998146005,2.1952974314500837,0.6987995458134897,9.514107917436988,0.5527889268461956,-0.18623772779458658
CTGCTCACAGCGTTTA-1,-34.4616091596482,9.321928814244274,-1.4965386918184986,-1.4298420623052381,-1.489727555608873,-0.6130447553493137,3.243959627511572,-22.098334799176016,0.47267562536608976,-7.349211773464697
CTGGACGCAACGATTC-1,16.432969887346243,11.188543810356933,8.966423884136804,4.820740120791197,-3.845580893339399,-1.723787650612734,0.3219868433705102,0.31384010033521914,-12.26730749401158,-0.7945778555728475
CTGGACGCACACGGTC-1,-38.65901133063792,-1.6843911882799034,2.8227346797828994,5.5751767628839755,1.316739917571983,1.4741119429057528,-2.5087976565567747,7.839959149858087,-0.23805883801180605,4.795894591018128
CTGGACGGTTCCCAAA-1,16.67933183025332,12.907249795000737,8.9635566410156,-0.8086612835445464,-0.7375011269877696,1.9470295118740575,1.2481863141628722,0.4327418975568049,-5.965971938549984,-0.6998876859247858
CTGGACGTCTCATTTG-1,-40.526720010157,5.947683492727904,-1.1082335796204559,0.9429966571273978,-0.015753220818250924,-2.4235039960737668,3.6826287035683762,-6.842398439025373,0.0850123830888474,-3.005858784320533
CTGGCAGGTTGCAAGG-1,-22.829157781773624,-25.896964177193027,5.512374519006215,8.124332587841396,5.9681946158063095,4.800693966349814,-6.613979429488429,12.270943039508857,1.885100554805358,1.0921001387012412
CTGGCAGTCGTCTCAC-1,19.49006425283625,12.35403857771162,8.792745855021266,6.139593923110933,-7.103966067506768,0.35469828760977995,1.4735628426656255,-2.798967034110382,-1.9140219368776303,2.773778681360286
CTGTCGTAGCTGGCCT-1,22.941148554285643,1.581851181615292,7.06175540484236,14.660752901665685,-2.9455687119528164,-1.5917437308954534,0.7678370833548378,1.2027612981287525,9.379516129568172,-4.646299832133578
CTGTGAAAGGAACGCT-1,-43.45034458780663,1.0120340016828777,3.1588659626281386,4.399299051098597,4.952046085942938,2.2650456549946867,4.6185924341381615,4.214954023681084,1.358551031937155,-1.0988773997208914
CTGTGAATCATCGCTC-1,-37.869114364326656,-4.6007564592911265,2.968310319382274,5.4114514785292815,1.7558986212450183,1.3059651330119464,-1.1432848591524927,6.182177466754727,1.16306157891616,-0.35786280083798117
CTGTGGGGTCGTGATT-1,10.15855756550359,-8.115183066016066,-9.771654525024438,-6.67738836919494,-4.397475550726863,-1.6053752846703886,-17.442537342618056,-10.495629233451659,-17.842839958628694,33.703547428105026
CTTAGGAGTCTGTGGC-1,13.526787544062834,-5.391387381267926,-32.80407092636728,-0.5623291005190847,2.9150867799334925,6.741034797399079,4.842435520357061,6.145267344460697,2.6654904542168705,-7.77588966119019
CTTCAATGTTGGACTT-1,20.39009551725956,10.265637264920201,6.320582249746699,14.327467273231429,-3.5622541842097633,-1.7987848815145053,8.710590659480879,1.6313555828229953,12.611546499269897,-1.7448220261503682
CTTCGGTCACGTTCGG-1,12.536647851785364,-2.601001663221453,-33.91679950122966,-0.6968401957183796,2.1502025939784133,6.192140488679906,2.2741302735736575,2.908045134868461,-0.2971860444735783,-3.8354848821681244
CTTCGGTTCCAAGAGG-1,11.631900931669424,-1.1723116785121164,-32.318331053025396,-1.0096072704718395,-0.08320138300904567,5.2305224943224005,1.3568853611946459,4.172351561489279,0.9043022050631531,-2.0720767972819605
CTTCTCTTCCTACAAG-1,18.69597743383536,14.892043855488723,7.406858506168928,2.0649863391465235,2.9933560574279454,-4.009514606696643,11.485570544060856,-1.101973494784727,-1.834277066107265,2.319255836302248
CTTGAGAAGAATTGCA-1,22.306597119321722,2.3152760322540615,6.284012072954466,13.261504931341372,-6.519227593333767,0.9058550562734395,-2.405880429128686,1.3287286831676495,10.28719065548816,-1.4155376832416797
CTTGAGATCCCGAGGT-1,20.92757486807278,-59.66502322245763,5.452017424954311,5.081540210962302,13.864166405625552,-1.7921138488061565,-17.890019395259014,-6.125503874296813,2.0714745296904526,0.3141211210847552
CTTGATTAGGTAGGCT-1,20.959016834704098,3.629796844870924,7.239952792319539,9.130445941838461,-4.001765095778655,0.4786692753372672,0.9716037426030262,-0.36776480609804363,2.4475104558247205,2.8112152284469314
GAAACCTAGGAGGTTC-1,-27.250047820824847,-22.173177305678884,3.2469265597228816,4.178743112821719,19.598382717834355,-6.789474603966444,10.589124862749937,8.343586613769093,-0.6982128565661034,0.9995692615431402
GAACACTGTTGGACTT-1,13.123251832993194,1.8059583970116222,-40.47161452230237,-2.773381558240336,2.5324350044692814,6.605082172081227,7.294573836933278,5.484034982356171,6.5830947110210545,-6.553153768051395
GAACGTTGTCAGGAGT-1,-35.53292090888555,-5.405501969686682,2.10408783421746,4.422898208012645,0.4699310413922486,4.14283256324246,-1.4240445395607466,-0.36511013313480767,1.2091329934481945,-4.974629346026086
GAACTGTCATCGAACT-1,20.83434364697334,7.232573805216859,5.094222601167678,14.826461525765161,-3.8665245666003045,-2.4552923636718345,3.016844092087986,-1.7978131304111158,4.07668874063678,2.493979865098046
GAACTGTTCTCAAAGC-1,17.12559650370079,13.395147480974444,10.217712217202068,7.750661395921965,-4.2519660942483135,-0.19557378355259392,3.6569825671274323,-2.5121736132536077,-8.893903812189976,1.8191315309775322
GAAGAATAGGTACAAT-1,-41.72901637315996,2.460875514427329,3.0461427106259076,3.5118512480761988,1.3085140543373246,1.1561702829581697,0.9771016327682709,6.807905693050884,-0.8377499425295236,2.618561699409159
GAAGCCCCAGGAACCA-1,-36.95451515696644,8.43772715642487,-0.6029992105453283,-2.6245154824145636,-1.9144306441910697,-0.07452938975720924,4.173661156249228,-20.323788379160142,-0.9160930435725227,-5.0932282096809365
GAAGCGATCAGTAGGG-1,19.64929111330762,-3.3796795194952125,14.169083874887836,-8.145756741350025,9.05671132398836,1.258637299301316,-3.448173829079183,5.617155370473791,-19.681460538467608,-17.621779829619246
GAAGGACGTCTGCCTT-1,-37.10414163823342,0.8010920436906162,2.9357513922500305,4.184175208339477,-0.21392014941231352,1.4791467330363126,0.0011568558545462793,3.5737497923797132,-1.5467632157138966,0.24083857979359147
GAAGGGTTCGCAGATT-1,19.25895508586356,-8.578503265134714,7.521533133568681,11.685980275790383,-4.3437990997013785,2.0840265995973777,-8.257478441730827,-1.6338583643040598,1.0723103496039617,1.4331003953770947
GAAGTAAGTCTAGATC-1,18.032165975018586,8.030396003397982,8.074611421378702,6.17520989505865,-7.46122968870479,2.3659116056107514,-4.292667688054628,-2.8102651165825843,-10.057244783072859,6.136356823031979
GAATCACCAGTGGTGA-1,16.347518785982174,13.966570268923036,7.999600726369994,6.205293592412904,-1.9509276212533546,-1.6714611900014529,7.970889831651689,-2.3456081827449817,-6.740219158485697,7.8900233813017335
GACACGCCAGTCCGTG-1,12.311261498475744,-2.7878989370469327,-36.36171062013945,-3.249606227885962,-1.0617897356235702,3.432262696959687,-2.069473916354017,3.100166607780613,0.5647712336427331,-3.6398024547428935
GACACGCGTTCCAAAC-1,11.376896266856694,-0.6522899401189761,-28.674797127497673,-1.3363326228411911,-2.5948421923045277,3.0561897118868817,-4.209708676959002,-2.7894599548396686,-5.325468845760552,10.040585744688121
GACAGCCGTATCGTGT-1,15.386216827495055,10.892643534403845,12.807570694297366,-9.842778238104138,1.3961331818031937,6.2939569912620446,-8.139622395709582,5.842010822066127,-15.561072107790832,-10.934824223159108
GACATCAGTAACGATA-1,-10.019853847237634,-40.587284182637035,7.753611173551542,5.317298492410319,7.483692072619336,3.9511308365853655,-14.579847937342748,5.38576096530711,2.254663334509008,1.7065066286802386
GACCCTTCAGCGTATT-1,-32.35160850586215,10.950061463401667,-3.03739096340679,-4.520435998063174,2.4493489586405275,-3.413770514624676,10.786979593313522,-36.228606048343906,4.337607693253521,-19.294215104059173
GACCCTTCATCATCTT-1,21.282552470703504,10.122901182188713,5.364869476511428,11.534870741867286,5.361336626302976,-9.43210269275254,19.602526830822484,-1.034054640663845,0.9748765730285524,3.1326217685273474
GACCTTCCACCTGCGA-1,-39.08591022204417,-1.862001529417995,3.106821017508628,3.192911202108368,0.0653910236794264,2.8888895525037013,-1.0720456069780475,2.944314642052003,-0.3816747814698507,0.5968829708424497
GACCTTCGTCGAGCTC-1,24.490116933457653,1.6384400534367813,7.603173276260357,16.063337497759207,-6.33781176041138,-0.12038604934453767,-2.6279360954739275,-0.3272627364478309,11.28343840293233,0.7925512281186602
GACTATGCAGTCCCGA-1,21.62036402904145,-38.97927573838034,5.610604127164005,2.8825931453886295,27.2932727923139,-14.523921915010797,11.467872281026196,-3.309941140174288,2.8244196688455614,1.875582289508045
GACTATGCATCATTGG-1,-38.61781864046573,2.790722539086971,4.3877945052462755,3.921344912313396,0.12409093370977509,0.7983629151565452,0.1411549336147786,6.244448865963335,-1.4809963650022075,1.6166973841696362
GACTATGTCCAAGGGA-1,17.750469136812388,10.384131016683554,6.552450250607426,8.403844818208842,-4.188834487001337,0.45104669787137786,2.0327136933190957,-0.5079033129554809,-1.9740735579943764,4.557115476017129
GACTCAATCTAGTGAC-1,18.68960109297109,-68.5415113866989,5.791866242526373,2.791565285194873,14.85539858748002,-1.627249789591985,-19.032285910913373,-6.492212920444236,0.6526061322792915,1.5728032418781126
GACTCAATCTCCCAAC-1,-37.81000575984599,-2.2134289505110445,4.0381975426186845,3.8623694964939075,2.5946822966656704,0.1717831070711453,0.5372293048113015,8.477964079207762,-1.2185773954523047,0.9163034955466502
GACTGATTCATCCTAT-1,19.99430597134233,9.641165010452468,5.969967172003891,12.736032268129584,-1.9292089610023293,-3.6159026007498154,5.705291554811684,-0.42551427383136087,8.432102005043268,0.36408098515285925
GACTTCCTCCTCTAGC-1,19.25772437599195,11.616206929318096,6.924416991578132,12.12973993675802,-1.6648668436050684,-3.106196428968178,10.941201188415448,0.23468050272987906,2.2041791906322805,2.0509051042167816
GAGAAATCATTGGATC-1,20.653340238615638,9.512965507152714,7.344292578440989,11.504435047024307,-1.7602144783260858,-5.181838038162254,8.57326259070312,-1.193714926330439,7.761647978313916,-1.7291150239240238
GAGACCCAGTAGGATT-1,-41.260595021646495,2.814660009710053,2.321579716254812,1.7369542015837762,-1.8046780282302066,-1.1703881691635347,-0.09932430646000867,2.479328717017294,-0.6993451431037621,3.1083913734029327
GAGACTTAGTCACTCA-1,8.963373772130701,25.868158194769762,9.608110801301041,-36.934243567281364,6.205761383289194,6.674114087774294,-1.0688916950162284,2.4971544271816146,16.603999123481664,14.706793441989317
GAGACTTCAGGCTATT-1,-41.05682739773627,2.4073225384471186,1.8343955763399946,0.14221525108740174,-0.688026674356875,0.7646891459053005,1.9699865122421976,-0.6223786771228061,-1.5826747598077808,0.06717961633760705
GAGAGGTTCATAGACC-1,22.081817321289332,2.184764027626656,6.159256922659476,16.482516761971805,-4.367615448262324,-0.09936729225274465,-2.4342542503104507,0.5193867387238944,10.797842319665731,-0.5885226042197824
GAGATGGCATGTAACC-1,23.51322677833125,0.9534577573605816,4.612864419986106,16.364210420297958,-5.212000586327996,0.2279382006487416,-1.864853184516198,-2.1913806290124693,12.970627602656998,-2.3267619520584457
GAGCCTGAGCGCACAA-1,18.89201867446732,-66.41686018467269,6.256515169521593,2.1230094861672453,15.905592413752672,-2.4037739414627928,-17.357960074472302,-6.802895656108472,0.8160639622938842,1.885388603696363
GAGCCTGAGGCAGCTA-1,-7.179900852831931,19.662022391209504,-24.827521800513164,-25.651562529473225,-21.76382656816119,-95.7751128774384,-36.34373229469603,12.639223970792138,6.539806134357617,-11.565541992739243
GAGCCTGCAGTCTCTC-1,18.376995295568086,10.18210684213787,11.157972953423954,-1.9387481257148949,1.9435734994708866,-0.6261298932675883,2.5975993977842755,0.7710950157925334,-3.6132044597082293,-2.49330110813138
GAGCCTGGTCCACGCA-1,19.77520186313019,13.008186661080643,11.350833219291244,4.478263577536173,-1.349344538721974,-2.2285025384783053,6.861642278469269,0.3437157858946227,-11.418415761213822,2.288571293092106
GAGCTGCGTCGGATTT-1,-38.047139822404624,3.5740442613423795,3.4200969448444063,1.9143778742600555,-2.2556919961938213,1.5933951367861683,-0.05496983934972022,-1.3072126613479673,-1.3985438280542766,1.4512025196998763
GAGGCAAAGTCACGAG-1,18.01218464192474,2.135777155044849,11.679743411821,2.9635884915199484,-2.047419520294566,2.2976644095825005,-7.673902595044371,2.3694642955511824,-15.411872876882715,-6.261231986173451
GAGGGATCACTTGGCG-1,21.099024709595767,4.196593945711271,5.655745702382851,12.493344371587224,-5.964420806229949,0.7923312871513057,-1.9173228433483125,-2.7469700746934365,5.881617105530544,2.982921982051076
GAGGGTACAGTTTCAG-1,18.13499561931012,9.48681040585386,8.427736354262542,12.596425696900681,-6.601587014921876,-1.8470192425957048,2.650514688413516,-0.886067798252558,-4.904955427226497,1.0678368028758647
GAGGGTAGTCAACACT-1,20.462098542507974,1.7934938832155751,6.488747115970486,11.370191858087322,-8.166164520115682,2.461655119752745,-6.537852604906192,0.9556629514951203,11.37965686953368,-1.3918337350164802
GAGGGTATCTGTCCCA-1,18.928383564972563,7.310395827794665,8.90369733682462,8.889489069174834,-6.370154537120328,1.351150564836002,-2.546291706278801,-1.5622132588558593,-4.710389953353692,0.5778692804645065
GAGTCATAGGGTTGCA-1,15.866887637647926,-6.728764949454039,-33.39934344588644,-0.45586294762382495,3.2772160274926616,3.4555388174981356,3.5944467132655724,5.266204130941453,0.3031447820753308,-3.9788900985812354
GAGTGAGGTCGGCTAC-1,14.366655224580093,-2.2426382431290506,-36.05945537487684,-1.2527734802786372,-2.6783956617737434,6.23587191823124,-1.179628854763246,2.706951416870405,1.085237493778852,-4.6525616203002285
GAGTGTTCACAAGCTT-1,14.588527952511749,-5.808348138161612,-35.419545499732116,1.2735272003131877,0.6227569652856655,7.7426560973101495,-2.7300463313564887,5.906798964244393,4.359553487182784,-8.865702160991148
GAGTGTTGTACGTAGG-1,19.035920368520443,11.555857818449809,10.314470085454076,-8.104985854741086,2.8958278834773896,2.0975566673136212,2.0446484548471204,1.7054910960507543,-3.014475497361241,-0.38804332443162703
GAGTTACAGACGACGT-1,19.393366050228085,8.608273911169974,10.23048755422663,12.792007662694935,-8.51605750030864,0.9237848511451685,-1.0868609503354012,-3.00878097164605,1.3640661477272147,2.6554038137627103
GAGTTGTAGCGTTACT-1,-37.62395958607833,4.598636161292319,2.2609422199165703,3.8206189745224064,-2.6072091280481153,-0.15380572728456632,-2.708811457834468,5.635832590675369,-0.11124836879799482,4.763360324476413
GAGTTGTAGTGCGTCC-1,-32.970538760107466,-8.822882371335318,2.7187363159165043,1.5755585267990837,2.8367353729053963,1.5831068580397032,-4.08289076462691,4.513792817777006,1.1096048337916444,-1.1051663456578171
GAGTTGTCACGGTGCT-1,14.547912531532909,9.087100226259281,12.381624378958303,-18.752483674435144,4.484108071698046,7.848489282325058,-5.351608373469276,1.459428445018217,1.0893956866186483,-2.1840982678222876
GATAGCTGTCGGAAAC-1,-37.54997119889996,3.1795778428564887,2.232994105470923,0.6854798630653922,-6.7257316132621305,2.934079700095517,-5.280419283467818,-7.422507504344978,0.1898477688435527,1.0974472084518985
GATAGCTGTCTGTTAG-1,15.438438823107102,13.218631763510587,9.222685083655904,2.1314456298748565,-4.386716648718668,-1.7026915354945527,3.038760765544364,-6.189122753771963,-12.26145140621519,14.582519564235472
GATAGCTTCGTGCAGC-1,14.634103685691398,-8.155394605353642,-27.871228692237704,-1.0960123998723033,-4.720895488748106,7.971095847441475,-12.672604565805063,1.7400841219261265,2.49736380258066,-3.8273322692540406
GATCACACACCCTGTT-1,7.962807974601292,28.37100912663685,7.2957140245115735,-9.537007889507008,-16.57979954757475,-3.5335811219420785,-4.009016435900046,-19.7951869383199,-15.271580597771479,37.18223363665699
GATCAGTAGGAACATT-1,13.161021745268048,-3.758360217854886,-35.097122087529414,-0.1083189324883298,-1.634172597730327,7.9281216570585915,-2.776259387471214,3.604089544932229,0.2568630918429533,-6.158788069349793
GATCAGTAGTGCGCTC-1,17.753990215189827,10.415878678186516,8.593491326639343,10.525536460899842,-8.643915792812873,1.1200392766096887,-1.0670754400718216,-2.626573220726153,8.372458927701839,1.3325266028465892
GATCAGTGTTACAGCT-1,-16.12378090358189,-29.954448703282907,0.8728620889742906,-1.5851450942012142,16.287778520904602,-8.522714777172983,1.4723611457163521,-16.870632494978963,-1.7030125574765986,-3.695276257866195
GATCATGAGGCCTAAG-1,17.410023382469927,9.646276446983379,10.813998689238215,6.180911244450094,-4.216241740195308,0.4795247465939987,-1.3344185914635869,-0.7376813038440648,-13.803258709400566,1.119872821944094
GATCCCTAGAGGATGA-1,21.46977966584717,2.5321258310232224,7.200345198675626,13.64876895945624,-5.952204625310603,-0.39407386180225745,-0.831236713638404,-0.696639443908718,10.028086569206197,0.2766891411502419
GATCCCTGTAATTAGG-1,23.286866419483104,4.359313076918895,7.191261666259878,15.012892503496639,-5.029599911132426,-2.3565692313039532,4.144941558440806,-0.739242196070431,13.254066014063604,-0.4104333877225357
GATCGTACAGCGCGTT-1,17.086657707531764,9.411267041570966,11.181461039910607,5.935596257325784,-6.013650309900854,-0.787882367220277,-0.8736458306293358,-2.707824192009656,-10.993629525172823,6.997530432300028
GATCGTATCTCTGGTC-1,13.049818896924265,8.968633238231618,12.762786286380539,-23.486835187103402,4.802412977776578,7.761005642070749,-6.969995204471198,3.9019024142274414,9.266972332415325,-2.092569993146662
GATGACTAGAGGTTAT-1,16.675507225738055,-17.868630924989084,-25.95041762665501,3.4481366139879723,6.7129304318680685,4.538527633738555,-0.15353000249677606,2.841222508609306,0.960410400369243,-4.6278714542623725
GATGACTTCGTGGCGT-1,18.392279444065135,12.407287810238898,7.280827069883381,10.820247458565643,-9.110908915962835,0.9716311043135963,-0.9322994615129439,-4.875431041723872,13.15373714603607,2.5627110033565983
GATGACTTCTCTAGGA-1,11.213036704675378,-0.659119146160279,-38.02465684100877,-8.333822247273051,10.431596095439627,-0.7557093118656097,12.051057629234492,2.497376178865368,2.915202738646565,-4.6472424312446
GATGAGGCAAATGCGG-1,21.14813013541125,-3.5334016930681997,6.822159938957431,12.764229710693222,-9.201097184598837,3.5077266886133858,-11.730885310159351,-1.3289604385465665,9.82627291884403,-0.35080064343261874
GATGATCGTATGGAAT-1,19.421197773941667,4.829955966415568,12.138951943385072,-4.688506766490276,-0.11262452343536467,3.453922720209614,-6.5168037261126806,9.000442410427555,-19.40913555249973,-14.898815902419724
GATGATCGTGTAACGG-1,10.176112770695703,3.6270030172163246,-36.84823726083184,-4.6556773779620375,-4.322032779149698,1.0934721599354624,-2.0718086077560827,0.22658668894126865,1.9145252581738113,-0.6571268764872871
GATGCTAGTACAGGTG-1,20.69664300543942,2.6533710708384035,6.881497788028444,10.742465212008742,-3.100897972550319,-0.9488493878483164,0.43383934588305095,1.4405735592467863,4.512052635042801,-1.6959743133204919
GATGCTATCCTACGAA-1,18.147485943318575,-2.6549920746385283,9.14167261778479,-14.648546601269674,23.786334630967907,-8.636124847928034,13.522068489969705,-0.39031339254021,-6.187636178349836,1.0610551905052448
GATGGAGAGCCAGACA-1,6.2013398321379825,3.656618180570959,-22.321553526111085,-1.184915929380788,-3.7425383992405337,3.4673383773057544,-2.886493193557232,-3.407776855007083,-8.369011516060844,11.124648292095577
GATGGAGCACTTGAAC-1,15.859465177874654,12.776548676467456,10.311834591507296,10.245029498203095,-6.956425336262253,-0.7698928165328323,1.6254344066066295,-2.8968875000031353,-1.9758579917588264,4.789884682633127
GATGGAGTCTGCGGCA-1,21.78660649970089,2.692230773266715,6.895996199089694,14.648875121679659,-6.416832037179489,1.8046390601529207,-2.0343102825881214,0.7997518722992263,8.703248107163164,-3.0198033832384077
GATGGAGTCTTCCAGC-1,-37.06659465813835,-2.1942913540022317,3.262483196410319,1.705785604159284,2.1458073659521997,1.3114529968689372,0.4548831922979062,3.542929785919437,-0.050825957909342634,-0.2206445876313352
GATTCGAGTCGCACGT-1,19.27134305770951,-58.34156433211693,6.347302462587396,4.644137703016538,18.512899749605022,-5.408797752624535,-9.67777513810924,-5.893245319633048,1.8120682195071018,2.211673474102324
GATTCTTGTACAGTCT-1,20.84372873995488,10.234328939269062,9.130382312919181,4.335977400286254,0.14536436814382903,-2.221164954884799,1.876878036628412,3.4774438764886018,-4.785703226431963,-1.8140942446561716
GATTGGTAGGCTGGAT-1,19.117054499731964,-18.853934398588436,9.953063278175716,-8.853524025744523,32.86320223347304,-13.196580481373692,21.15820667488957,6.157112178661951,-16.843424604873366,-9.7110462969418
GATTGGTGTTGAGAGC-1,15.198953148132276,7.954958814152846,11.341565642422424,3.670749436107292,-5.925453050382643,2.9929406693590224,-5.375275960919305,-0.6167244181490927,-11.529874170680271,0.11282768247912855
GATTTCTCAAGTGGGT-1,14.286823121508677,12.922634475312847,9.183080519585749,-10.23056981162854,-0.03856163918475097,2.7628124022932052,-4.690536815029121,-2.424968999271079,-7.1215901235445305,3.6961236972847136
GATTTCTGTCGTCGGT-1,19.776349125804032,-33.14371855064707,9.162226691669778,-9.187929688956777,22.81130536244293,-5.282637284174108,-1.615150526811929,-4.027751376366424,-3.040704974484565,-7.938560880758427
GATTTCTTCCTTCAGC-1,11.080760133306105,2.8057368203007087,-43.022482909845216,-3.821018123277548,2.4779361092473646,4.939005014255005,12.698052141935172,4.7783389483542535,2.8297175717192715,-10.49642804082757
GCAACCGTCATTTCCA-1,9.340377661097476,18.920920325727863,12.793370619512864,-24.86499300264272,4.597746722871557,6.532283649628212,-1.301696043549942,-1.0015133928356663,-5.823197279111373,4.895566334630544
GCAACCGTCGAACGGA-1,10.010391971224584,-4.985867681253403,-32.33759352684757,-3.198536370485725,-8.256985995821644,5.893982074168925,-3.21473874501725,1.3774115018846151,-0.5665836588950797,-3.973729087266097
GCACGGTAGTAGTCTC-1,20.74085092482415,10.179840672425073,7.750216132849091,7.899220216872678,-5.038954075377493,-0.08725170968506202,-0.5420335414865587,-0.1237368350253627,-3.8963585046249305,-1.5553016612625874
GCACGGTCACCCAACG-1,10.891937509619321,-2.7188760773613723,-32.019342221543866,-4.969015880608135,-0.6699764684280911,3.0185135712470226,-0.8557342713779779,-0.19378948752380776,0.8794059199290073,-1.3143028670208738
GCACGTGTCAGACATC-1,8.998047193174816,16.36574191734607,16.72873383456325,-43.36470346255872,13.843721753922893,7.552021378466824,-4.114033030616847,5.229821704971638,21.49404484699465,-0.1888385732260076
GCAGCCAAGAGGTCAC-1,11.05669205960783,0.0002623719201721997,-31.938947488832643,-1.8931699998858784,-1.3363017417034566,7.209181321832462,1.4780790587402741,1.0023648651194677,2.9133813564101887,-5.825075977685371
GCAGCCACATACATCG-1,12.800966478704028,-2.315764285567866,-36.80895998143266,0.006242777663379773,0.616107199743297,6.170390984150524,4.121365219567533,4.944017758760424,2.7278817960223694,-3.877335429908933
GCAGCCAGTTGCGTAT-1,10.091087771959213,4.6562898459697095,-29.838326578829022,-3.0656012405375113,-3.482895035947333,1.7777749015324802,-2.8001090614326767,-4.131566753251665,-5.992333394466297,11.461809031199694
GCAGCCATCACCGGGT-1,16.869195531810195,5.811008559086048,10.704073950554074,-4.859275330906309,-0.6325780192599346,4.5767637723985395,-9.120779346345646,5.9765757623298335,-12.374021813231904,-11.094251710838337
GCAGCTGGTAAGTTAG-1,-40.6572150165434,6.43051752737648,1.437523233839407,2.9619219966462933,0.8362167362491508,-1.7124178201000089,3.9632133168137287,-0.11878233638345392,-0.3835375681920079,0.4600566902086367
GCAGCTGGTGGGTCAA-1,10.05848926686882,-1.51775607491183,-34.820576516752524,-3.4830269577373154,-0.3073439877084123,9.169855709530506,2.165912602539379,1.0002141981663213,0.5956858292774225,-5.82930061617566
GCAGCTGTCAAAGCCT-1,-7.234698348559661,22.701796870558553,-26.03120733785539,-28.405337743438277,-19.78045530165976,-104.07071513414438,-32.83518190979975,15.021322553817953,3.9689144994243613,-12.730834207669822
GCAGCTGTCCTTCTGG-1,16.390940511663857,8.064608589647861,13.009145523017406,-4.3476851564094545,1.9835603101560135,3.853930859052637,-5.269178742723355,6.982893716361808,-16.179779918664263,-12.080160842537667
GCAGTTACACATTCTT-1,-34.248345996381545,-7.85410428700623,2.262829165090593,5.561083112541265,4.076958500066414,2.4897681584962443,-0.30826010804609183,6.597106968972891,-1.4722802513012796,-0.9303505038748612
GCAGTTATCTCTCTTC-1,-31.483497525291035,7.806578386007814,-2.5664212562801003,-6.288326870627639,-0.20425452628926521,-0.7686427976512724,7.176671288653964,-39.998519917749775,4.9280841196744145,-19.43171612422488
GCATCGGGTAACGATA-1,-40.50394656791315,1.1125774598278895,0.13766018449317574,1.5711538082785348,9.922058664210509,-5.761429885156918,10.843592367579383,6.883661689743414,1.055638963712513,4.95882296207081
GCCAACGTCTAACGCA-1,7.294736222421397,17.58679932297342,12.36475187543003,-36.607402435285024,8.443160534269337,6.225445328461499,-3.2049505393114206,3.375728719435939,15.199765418998691,2.2843535536132955
GCCAACGTCTGCATAG-1,-42.74554643957943,2.7046763229440955,3.7120040348218133,3.800922074372987,0.6565976325964549,0.951333371423634,1.8018186849225728,2.7287264620905756,-1.044861632475549,-1.724798269656029
GCCAGGTGTTAGAAAC-1,20.283353839668315,6.090257281898957,7.479708267398739,15.466474005614566,-7.644891127376628,0.7329411193294697,-0.37339847055420705,-1.6923051886032807,3.0419037704195846,-0.34666447938673794
GCCAGTGAGTCCTACA-1,13.32063985053152,-1.887786026559553,-33.17384825473331,-1.2000702399961316,-4.011581608623455,8.468101617511728,-3.4064927980855604,2.16319918136385,1.4456618882716763,-3.8882748594605463
GCCGATGAGGCGAAGG-1,18.393689149624795,-69.28380372929584,5.794676499752374,2.566854129030859,15.619404705534196,-2.0411374767949995,-19.101145642492224,-6.73481903397264,0.22708341708865842,1.5662439788629765
GCCGATGAGTAACCTC-1,21.333730645781014,4.9542955311388965,7.2761850469629845,12.422601241897542,-6.856425184022733,-0.04535871393776736,-1.4133824614495083,-2.2849294717991797,10.815838483873819,-0.30422620408050216
GCCGATGCATCTTTCA-1,13.591965456898356,1.029043709034866,-35.54653996922678,-1.659887610789064,3.2870447435960717,4.040615955309963,7.048995257640911,4.268237343966037,0.1470702835855291,-4.710871309221615
GCCGTGACAACGACTT-1,-36.47580694243194,-4.697158283706877,4.210162540560927,4.612883529898154,1.4389359639880137,3.0478334139785686,-1.32190882487226,10.608209667407564,1.7539130947640313,0.7542776497716204
GCCGTGACATGCCGGT-1,16.009934436730955,4.309275861943192,12.782395272993007,-1.435823628107158,-7.7725904842944225,6.864391898029345,-13.765678340960942,1.664952165597156,-13.705772677287493,-6.486956712414003
GCCGTGAGTCAGTCCG-1,1.1381185168408727,-81.08477044347677,22.136361282815777,-54.29005142411204,-111.46965746966285,2.013772060751416,70.30919621202804,13.111113296422303,-3.054026378311689,2.989537907709241
GCCTGTTCACAGTCAT-1,-35.41015285851391,5.161122497183115,-1.5378315931436282,2.4256557080889007,-1.413842290105272,-0.7392367818118557,0.7406947476688899,-9.15452488998657,1.2173886775278542,-3.584823691505804
GCGAGAAAGTTGTAGA-1,-34.029802873810155,1.600331206318856,-0.02926792684440649,-2.3537169677634915,-3.7633119292953836,2.693292637807863,1.296341113371227,-29.715816933696303,3.1771578334046424,-16.50092274030749
GCGAGAATCCTCAGAA-1,23.050596085781894,5.337452346833388,6.376544755512262,16.333379814040864,-5.927993117127265,-4.397436573606633,3.547648552220142,2.6052890058535567,14.37884164903778,-1.1819419598832348
GCGGAAAGTGTGTCCG-1,17.314714900016327,9.058390413217154,14.920422004600862,-17.55762211265178,1.0906708918827075,8.325777766435587,-9.309588450014818,3.2250432663486617,-1.8399807731411009,-4.671751233137072
GCGGATCAGCAACTTC-1,-34.86043517797578,-6.808921307946029,3.9873018741512407,6.073453045009591,2.7126127850018804,3.9003030867242696,-1.0756337792876707,10.357485160689798,0.7405771111750272,-0.25110611807675687
GCGTTTCAGTCTAGCT-1,20.51092645267242,-4.723612201075035,9.695707650487055,4.61284469819142,9.779543712643937,-2.46605471147646,5.32401278637229,5.646257851379785,-5.141882126319465,-5.460403392555261
GCTACAAGTCAGCTTA-1,13.2841840344885,-27.24606965376517,-32.86901593632681,-7.305115444399759,30.024652687465643,-11.657652753199466,24.96201972174063,-2.065806962969522,-9.325137447116033,17.409719521719563
GCTACCTCACGCACCA-1,-42.30678024229783,6.302004074894796,0.8149454246588528,2.2727254486492314,1.534760471450701,0.8633925558346212,3.7285290399771966,-0.3664726201594677,1.6457768036485088,-1.0160147487109112
GCTACCTGTCCTACAA-1,-41.35443217558527,2.6484087895077977,2.6533789881980714,2.8223379257160404,0.3560277747959404,0.06560280669418672,-0.2721223127119501,5.858287092874857,0.38313861907033897,3.07848277732597
GCTGAATAGCACTCTA-1,11.896806867461422,1.660715691912145,-23.881016040713984,1.5295691206854265,-6.741304299069618,5.271382673134254,-8.13589053897071,-3.2561543407262357,-2.8490045944804745,7.2867150136604275
GCTGAATCACACGGAA-1,13.21612005873123,-1.2374960138021152,-31.15996069216929,1.709409974547825,-1.0214243992690282,5.916151168865143,1.2333428222229088,1.5653826316792383,-2.058349523815978,-1.1551203701909616
GCTGAATTCGTTAGTG-1,-39.595523309812215,0.868089278072631,2.6186024333334665,2.3393060751870838,-0.8799488279648706,2.3665565427129387,-1.419839268100203,-0.2915618378453866,0.013023607980182206,-2.8085975552236118
GCTGCAGAGGGCAGAG-1,7.8594261607373745,10.029075908520085,-30.560826132857255,-7.68726859915199,-5.504522831808046,4.669316505962562,0.2509675071518451,-6.939266914864174,-7.852765401533935,18.405489144482925
GCTGCAGGTGCTGATT-1,19.875671199164493,6.850452037171081,9.177019904315294,11.495786299441276,-6.948846717209534,-1.8655918558475246,0.7144867296051984,-1.2329975814007028,-3.0855200531464497,0.7471257693432904
GCTGCAGGTTGACGGA-1,-38.764460725795246,-3.12122428382969,3.377200111193094,5.517512577940689,1.4785142356651075,2.527668866868006,-0.34077460944135396,7.2633037914361775,1.4198652027059948,-0.846556041089229
GCTGGGTAGTACAACA-1,11.360798103140795,13.374645851185875,13.696124645720207,-38.74981635343386,13.942943479164693,6.591798094592566,-0.9398971335827362,4.165109269861606,18.69085509993884,4.835255876485096
GCTTCACCAACACGAG-1,-32.35747618607643,11.549125257399737,-4.21209717045459,-1.9603948182202253,-7.312574220134575,-5.901655624659328,-3.654634207073201,-12.93138421760352,-1.5917234575919361,3.8088386541940134
GCTTGGGAGAAGGTAG-1,-33.63098442959245,7.733601129122377,-2.0102158735895745,-0.18457581276977253,-4.628988158573904,-0.9651138034819646,-2.2822307865307305,-17.399133652200092,1.9836370406727886,-4.333784655744321
GCTTTCGAGTGCAAAT-1,-39.72071392275313,0.4801106666808579,1.8118562527118365,2.6991208909388322,-1.3381520271716685,1.320507225820652,-3.1159359061105505,6.064260779950812,-0.08412814844167182,0.8759373937034483
GCTTTCGGTTCGGGTC-1,20.507767124497125,5.5256836235092806,7.7531657409063595,12.26837986094376,-0.36478177289714964,-2.041761150765565,5.224019269615475,-0.26830377475249545,-1.9993538937421194,0.9824819640632663
GCTTTCGTCCGGTAGC-1,16.21449522370843,5.085535228000069,10.35232926300263,4.7008316711974825,-5.357206237833417,1.5113384316204699,-5.731946821861705,-2.1701153700474194,-5.88274952105164,1.464259653575796
GCTTTCGTCTGGGTCG-1,-39.20929205499393,9.754629416053447,-0.07439995268557986,-1.805343014202891,-2.936423404438715,-0.44595231307961414,0.6964202462323144,-15.143751039706068,-2.402847307572527,-2.6442364649775785
GGAACCCAGCCATTTG-1,-39.92523630500834,3.369141427985923,3.670090671242836,3.4177365175038306,0.1487391347331446,-0.38419697566771127,0.7255099919615127,8.258674391762527,-0.7731300661115925,4.386267205755232
GGAACCCTCTAATTCC-1,12.105909717066288,1.730672410285223,-37.56919481251892,-2.5057233879414036,2.4430276666198054,5.544734014349626,5.490135344353487,5.635729733809436,3.5227210409505636,-6.884512899056798
GGAAGTGCAACCCTCT-1,-34.128040395977045,-9.055523240279832,3.310181292632386,6.947959478577182,3.612719456314002,2.096656823708919,-0.7201965719805585,12.451288688315046,0.24709699087946269,0.24944965398097674
GGAATCTCAAACTGCT-1,17.87908788224078,7.146339081722431,4.949303563528585,10.357874400415064,-4.394981172022824,-0.8528150460367396,0.6344441014072935,0.18139461137642154,8.839319137736236,-0.7164923654127668
GGAATCTTCAATCTCT-1,17.289435824528823,14.068670675154337,8.937411184081991,2.8928519705837705,-0.6690907484240558,-1.0509704224739276,4.075174886332835,-0.41925511528396875,-9.500639808575851,-0.48887287344432906
GGAATGGAGGACTAAT-1,-40.25549743278873,7.6886798228580915,2.414108946210682,-2.5186674687251434,-3.631798976682507,-1.6173461132213713,-0.5965734384477823,-15.216642819508397,-1.3965251605345606,-3.159613869341923
GGAATGGCACGACGCT-1,22.933429849039484,-10.647325872176985,6.841522968827731,12.569443294098006,-0.7167439096958415,-0.8591356355869693,-6.993456999087488,3.5090321500599835,11.489859208446598,-7.87515226819499
GGACGTCGTTCAACGT-1,-38.78407857078231,1.9032209279859416,2.60564377274558,2.061621032124914,-2.6771258220714547,0.4179779229892615,-3.4334191514072625,-1.4862741886948356,-1.8147250881412187,-0.31948329332271985
GGAGAACGTGCCCACA-1,-30.359938974873117,-21.298055052547774,6.63562990139617,7.288926187802268,9.771787732534694,2.5280417598923233,-3.759899374541982,12.888606999156138,4.500233529438314,-0.05072360053432545
GGAGGATGTATGAAAC-1,-35.45442398950137,-0.6383524830752236,3.757028728312351,1.4508439678238814,-3.9153642390120176,4.43567629751304,-6.0953696573432214,-0.06163666090953246,-1.9077015327444424,2.271258043171098
GGAGGTAAGGCGTTGA-1,-39.02675533733787,-4.127524074394138,3.1654739793200606,5.504685582814474,0.621838215170655,2.908376347497234,-2.3644324946716573,5.680283989564732,-0.1556126385377845,2.635549042120002
GGAGGTATCTGGTGCG-1,-30.027452488923174,-16.620565168568895,5.5764244974455,5.885347452605955,6.8855526752720015,2.3239695041816786,-3.331349188403099,13.660265735743415,-0.05156896497004859,2.609358600368893
GGATCTAAGCAATTCC-1,18.10439257178077,-55.359015919509666,8.350777354784977,-4.873994239091694,20.83711736341295,-2.3428724786975095,-12.733734608451007,-7.907840733331387,1.0559975909629111,2.49956736343757
GGATCTAGTGCCTGCA-1,7.625329200160543,-83.5784410033323,17.60585958146705,-35.89166889070974,-68.41183225640009,1.4151532182450306,35.7055933076262,3.9812553072193246,-1.6597656082793975,-4.51539838016547
GGATCTATCACCTACC-1,19.76294922477488,7.610892022525604,6.010550614347892,7.164957048944434,-0.2554416117775773,-0.24524787375882795,3.3205651527785527,2.2463366785314935,3.023434415669003,-0.3096566333135278
GGATCTATCATAAGGA-1,18.47348298058067,6.112864247074782,12.994936497999248,-4.951513626184347,-0.38380423952637166,6.115603890374782,-10.884996589333525,6.763018777061406,-17.008213086232324,-14.111507083665053
GGATGTTAGCCGGATA-1,15.772994969166085,5.541364722267502,9.130682345693407,3.438579253720344,-0.2713900703213703,-1.0365435722400698,6.167515985264082,-3.429629174371092,-12.814249879447077,5.645091536584276
GGCACGTAGGCCCGTT-1,18.767708364798835,-70.30025767640979,5.69239199585173,2.270488223614597,16.27359248998301,-2.4118592212604772,-18.460966812358624,-7.049721608572197,0.4948979608736155,1.8072057624865923
GGCGTCACATTGTGCA-1,18.920703137782915,6.476417596082939,9.787197545611871,-15.80821041214366,17.149947784893747,-4.023999302311606,13.479357251922956,1.8895720695810887,-3.7472277894077584,2.3253630115418815
GGCTGTGCAAAGCTAA-1,12.363301137415151,1.7401257022877274,12.310050757050638,-33.40583760759067,14.830172967927552,6.298234305788759,-5.411087777468293,1.8051770736643302,16.56045534318885,2.841260033531856
GGCTGTGCACGGTGAA-1,10.450126455441964,1.2938350759964692,-31.62943206720791,-4.344310165592187,-1.3013197293935246,6.746795595559133,-1.1370651934653448,-2.471022535207135,-0.7281903307639725,0.44293834267053733
GGCTGTGGTCCACATA-1,-31.954894814924558,-11.440347308896477,6.423321684984176,1.1668273086824168,-5.599479226463917,2.5797849605010192,2.2397944469829483,13.623064730712514,-0.6573863220192446,2.2582107302948606
GGCTTGGCACCGAATT-1,8.931211803723409,-3.899718788934713,-35.759347482338306,-6.296972893867624,-1.3254640478173165,5.704836939156945,-0.6093656609345519,-0.4008429101678166,2.105441469268319,-0.464095846364192
GGCTTGGGTAGATCGG-1,12.135035979068338,-2.166196313405848,-26.871066911582478,-1.3684086233311672,-4.583704253372016,5.339448704914986,-6.4962124418320055,-1.4712843105328606,-1.8854138142204622,2.2645052352900246
GGCTTGGTCTTCTTCC-1,-22.802979779453338,-17.925542322536472,2.672623889213165,5.950828738685743,4.79487749125809,2.845614480144752,-6.397398278284978,-0.1487550128480768,0.6934259668631186,-3.0522557840456184
GGGACAATCCGATCTC-1,-40.58980463568631,7.4757688138137866,1.3142762715857499,2.6437227611821643,-0.6956787318424169,-1.124200249474912,2.993601605207189,0.904688258301805,-0.5550753090313079,1.4133984795991124
GGGACCTGTTAGGGAC-1,16.98550717221072,-13.69651667467675,8.360079649565076,-20.084832132500733,40.32549433081199,-20.351688231198967,31.374252002463727,-4.776979400423714,-5.035769166071665,12.35230092491187
GGGACCTGTTCTTGTT-1,20.148692248702016,10.465448609946392,4.330683710403855,10.014789182411322,-0.9899389798506117,-3.764227515438261,6.321466977789271,1.156252151640576,8.622918113050845,0.4793946489296208
GGGACTCCACATATCG-1,21.604638759904844,2.8329566045798344,5.145045590250842,10.892592071757555,-3.1664453686944114,0.4596849302785988,-0.9058725573663455,0.7165512907077387,4.986402998719121,-1.456553834604327
GGGACTCCACGGGCTT-1,-35.17980693672733,8.309979546629137,-0.6085816270221214,0.532017457054857,-5.389289819029553,-4.564450121868958,-4.5187952077827305,-3.8299606745939014,-1.5769527644048826,4.6404791484261025
GGGAGATCACGGGTAA-1,22.281774526385906,0.1886350197773652,6.707934927065438,10.060544863362585,-7.1230625480170175,2.567737848177819,-8.402731602350515,-1.0860179198748101,1.551288814276725,1.6930296717628588
GGGAGATTCACGGACC-1,10.39340048338554,-4.306418499489709,-35.20348259608624,-2.96885862050657,0.029910858306624988,7.5743730262431725,-0.10823676237594881,3.229686826150381,1.276156608471718,-3.3617354134067776
GGGAGTAAGCAGGCAT-1,-37.081860100025374,-0.7421332738638426,2.3372550785577384,-0.8599953024463165,-1.5005974822466328,3.9782615911642587,-0.8652088636789426,-6.862103242311592,-1.4808145339917005,-2.411335073848809
GGGAGTATCACCTCGT-1,-14.116148545501652,-12.581600790534175,-0.8919368706817243,3.303931898891206,-2.7723179618656886,-0.9567139091455652,-16.775894776440378,-6.41983172484711,1.953345776964425,10.977299291671514
GGGAGTATCTTAGCCC-1,-37.023280902281975,-5.57203224951639,4.282415759797147,3.9923657858240524,0.7223549896095598,2.586874461117872,-2.5957490272565256,9.708671481891434,-0.7214594136855303,0.29417926939413386
GGGATCCAGGGCAATC-1,11.677954623194204,7.574670248388912,14.859863193791007,-31.012367659133727,7.855798506363775,9.306954076897934,-8.05007408549384,3.9434907855498675,10.701390142019266,-7.714221725490324
GGGATGAAGGGAGGGT-1,21.404978036547693,-1.9746748015789422,5.209320736996763,15.795902904928449,-7.585623928934915,2.747691974248399,-6.601649827608696,1.2916063382740681,10.086992224991477,-1.7985998651936113
GGGATGAAGTCCCGAC-1,15.708773823254196,10.360777237402928,9.194086282214846,4.78801541296866,-7.670497286014257,1.867205289040733,-7.473222394386852,-2.7306901240907395,-13.27061997644193,0.1431163097900896
GGGCCATTCAGACCGC-1,-39.56556275268318,1.1736518910057328,3.0639676895855326,2.0384266550981693,0.9531693270460657,-0.14334665176355466,0.6529708845653062,3.7476558316720237,-2.249417824593154,1.8454746325684086
GGGCTACAGACCAAAT-1,22.00457941266954,5.664772983944019,8.22742877894899,18.425156260076193,-6.677441329495288,1.0025330962392216,0.6503960121579269,1.3849695628613237,9.626510768768934,-0.7648209506404178
GGGCTACAGGCAGTCA-1,23.56623924686133,2.3494203928970023,5.752200638264782,15.153277926261609,-5.976116652507873,2.414082799888024,-2.9638943407836233,-2.538923581930248,11.30856959135335,-0.7229099951028806
GGGCTCATCGCAATTG-1,20.491872104600915,9.802509991889835,7.332693481618453,5.123745963047069,-0.8872595962077963,-0.4903566318291521,2.7883248890383356,3.261678605863315,-0.18919822172413192,-1.7721538011459979
GGGTAGAAGTAGGGTC-1,21.50844842912953,-0.9466601331378541,5.958318306322708,15.365167787941319,-4.952602758424625,0.23311369560937356,-4.539017905136053,1.1214939626751477,13.301348014004292,0.01897524190276423
GGGTCACCAGGAGGTT-1,17.763336182761197,4.479523772036572,10.307647241668445,8.394684420996752,-7.99848199118507,1.4927664304296901,-1.5352172839741947,-4.158732909533053,-5.51385549154371,0.3157299829449136
GGGTCACGTCCTTAAG-1,-42.634357672298364,6.896220585000179,2.0045211262328153,2.373192254570044,-1.9829045897364654,-1.4922825713822552,2.057402938340978,-1.8969199240188082,-1.2612658985081768,1.0786572783996569
GGGTCACTCACAAGGG-1,-39.932967197052776,-1.9239809886463917,3.4545549348176854,4.334040615256246,1.1121876287061774,1.9698293101255606,0.7554857226229608,7.074807850359251,0.7853728625231866,0.6573585928641581
GGGTCTGAGTCAACAA-1,-18.953267633975358,-34.98471792100409,6.214517210119862,5.863893172550732,12.366729361141818,2.2242327771943167,-9.537174806193331,3.9601329684980726,2.4209764920792436,-2.4557341899546836
GGGTCTGGTTTGAAAG-1,19.52308084626038,7.180631074640274,10.88917677103018,4.58644382647074,-3.032468344461142,1.7314717719833097,1.782621166913895,-1.6222543623429688,-7.852564122848655,-1.851717250763918
GGGTCTGTCCCGTTCA-1,-34.896374461662575,-5.569453791380248,2.392412720678388,2.2012410584773616,1.292384446440824,3.2354315390245363,-2.771313564191516,4.066601722154832,1.7526791759567741,0.5348348987506282
GGGTGAACATAAGCAA-1,18.759676298535886,9.535462536161845,8.509255109862877,8.77099776792433,-3.097470084991725,-0.7040171195819793,3.4020909821500496,-0.8635082568449581,-3.5076225943863886,0.45840333320442483
GGGTTATCAGCCATTA-1,16.78302771654573,8.231462818636274,10.000707514924862,2.3698903161225062,-6.167152879685204,3.789003791730331,-8.065459083103441,0.6072271852900304,-9.154503964495799,-3.009250511634523
GGGTTTACACAGAGCA-1,-39.12353263008758,-3.0480847190383216,4.531843305760228,3.844235211492375,-0.041174945486039505,3.032601007908987,-1.4112873678653592,6.979174209659002,0.9481694930155646,0.24190831667381785
GGGTTTACACTAAACC-1,11.645372590728453,-2.4748197771841234,-23.85475895424142,0.879833446296147,-6.001502486751274,8.813170049990111,-7.648732183426082,-3.3837836007409523,-5.744546408407359,10.006465119774315
GGTAATCCAAAGGAGA-1,17.1069701745567,4.393103753260334,13.553504190952607,-6.819816980636242,-0.7845830148599635,4.25117931235157,-12.566214429795494,0.5431287557554398,-17.68708021123473,-8.01790074585654
GGTAATCCACAGCATT-1,-33.474171687382686,2.026948606955898,1.9888031862356628,1.9688612966651913,-0.4155664539871129,-0.2560209553294872,-0.5483243554282886,-5.502246199414355,-0.4621460341374617,-1.0397136450964783
GGTAATCCATACCACA-1,-34.30300993539359,-5.818765435454665,2.93814184015473,3.082538941645785,3.009060557185773,1.7166252305175287,0.8440802851869194,-0.3968605154845486,-2.1197145110967544,-2.743186977171348
GGTAATCTCAAGTTGC-1,-41.8595363078351,7.20181610688347,-1.3449843750227615,0.9544393184476303,0.8079280921094565,-2.4200745855458283,4.880409018511269,-7.076665775231785,-1.5493010002235426,0.28665847908204833
GGTAGAGAGACCAGCA-1,-37.53581602968913,-3.810098731291454,3.8784972828196222,5.540456925666396,-1.106880767507894,1.519669634833757,-2.6703085250476697,1.2611719398852124,-0.5592542552647368,-2.1961306373319793
GGTCACGCAATGGCCC-1,18.85577830412795,8.929759937808939,7.340264054910145,10.936709878021766,-5.897478009135369,-2.2820803327334036,1.5635456790272606,0.662443077368394,0.2516580297169848,3.3391511445154993
GGTCACGGTCGTGATT-1,20.466830819135488,4.390635816280948,6.0642059767394585,14.829061693840698,-6.298841356262933,1.2195537189143209,-1.9418424936925422,1.236975561989114,8.200795543516591,-1.7615337919651521
GGTCTGGTCAGACATC-1,11.136069736717683,0.9371792734440021,-37.76941775342305,-0.6652609264495508,3.7353940108863473,4.424936913622228,7.504663300886968,6.432602184014346,-1.6423370095614465,-6.993136327819869
GGTCTGGTCTCCCAAC-1,16.490126108203853,11.16942048383713,11.708838574467986,-6.01231956963813,-2.9195025040823595,2.9177554296619297,-11.548740716079417,2.894785128552085,-13.544161543420582,-8.055009298741767
GGTGATTAGCTGTACT-1,12.848718505576205,-2.9664280629703725,-33.578293898541666,0.04977869046198058,-1.0333431474271535,7.452252380778518,-0.9135264643741259,4.598431914453535,2.7324568304968233,-6.720956428765037
GGTGATTCAGCTCGGT-1,-39.905370537258186,2.094384125147215,3.928267768373148,2.559253013843934,-0.9236087201401393,2.799914564280714,-2.4838609181055933,3.1190324648109176,-0.7728310933864806,1.1251066560397998
GGTGGCTGTGCGCTCA-1,8.666303322650807,14.131142897575046,16.184920276091322,-41.16587131869675,11.074124824861975,10.071824242416975,-8.078475210989774,4.30678262483859,22.870033540983464,3.8933869128166845
GGTGTCGCAACGATCT-1,-42.000121267687966,-0.38470307130680226,4.742370104163123,3.187763566887253,-0.2193100398841512,1.5405097112881223,-1.6774207431244665,8.161067857980163,-0.42071450633530794,0.5254853139529148
GGTGTCGGTGTTATCG-1,13.726579757625302,-2.3950600348809843,-29.33919450952902,0.867995152664484,-6.793052409914328,6.869336875682663,-7.886072929376528,0.9188220693379883,1.015894674206788,-0.08941146626195362
GGTGTTAGTGGATTTC-1,5.37370349440339,11.239789076839998,-28.66791553979459,-9.640784309465099,-5.517236407914261,-0.4882434621313554,-3.158947376518716,-9.722227021364384,-13.501511993739577,18.778596528891647
GGTTAACTCACTCACC-1,18.29836076173637,-41.16674302959152,6.056938714812835,5.033506569208827,20.976951098038487,-9.191506922245807,2.1046743113317206,-5.440220963995537,5.245174245196915,2.5579211004924924
GGTTCTCCAGGTTCCG-1,-34.76029726549106,-11.117406365836004,5.019296467528804,5.134052244255052,3.285202285793737,4.877446658620073,-1.6097032841212897,2.8143914163788413,2.449488981950835,-2.4744444439005093
GGTTGTATCGAAGGAC-1,4.817934983481296,0.46660445667454553,-5.486301911561019,-9.780391819972717,-13.891535805640238,0.7539392716515758,-27.375644883681804,-12.89056975351712,-13.67005590090523,30.53451366253095
GTAACACAGAAAGCGA-1,16.58022517196552,3.2316485047900585,12.606573607054248,-8.50030590113863,15.37877827661941,-8.16764833194846,11.981495805259211,3.750126671652014,-28.072718944248862,-8.07307805442209
GTAACACAGCTCCGAC-1,-28.86527978574685,6.080754674705602,0.4938906633190703,-3.9686251490150046,-3.2854872390084005,1.486659931766504,3.303218975347608,-42.87591918581343,2.9323223571556536,-20.409376381642748
GTAACACGTAGATGTA-1,17.716354276964577,10.578038954510177,10.409000430761479,-4.9713940743910925,-0.2565234740856521,2.051530125177573,-0.6173919411438025,-0.1374943053077775,-5.458927271117679,-1.7209978060990174
GTAACACGTGGCGTAA-1,-22.951804154925163,-26.64264170319167,5.373022267993484,6.3014908848148625,9.252501950423092,1.58442468808548,-4.147396051452796,10.505421403077221,1.926127568142219,-0.5582958527249966
GTAAGTCTCGATTGGT-1,20.31415428385114,2.473576554015821,5.094588456541958,15.819951912568332,-5.788880449657697,0.8374800520666366,-1.1006687391047016,0.16573694044337905,9.111775804333718,-1.4187100462469298
GTAATCGCAGTTTCGA-1,14.875466309255176,9.547835270416826,10.235818237771255,-1.3195121074816036,-4.0181069929735465,2.43312409123053,-6.758601642110905,0.819700012589859,-9.26359262490778,-3.6794255959004873
GTAATCGGTTGCGAAG-1,8.83181494342383,19.55424526781502,13.628654184768916,-37.35458069127034,12.011622869657064,7.599778665269584,0.5870302580718558,2.3260966472618687,17.835595615570945,4.457363849125997
GTAATGCCACCAGTAT-1,-37.35983919362631,3.945627566113103,3.0042956862830397,2.0651360572193656,0.31500848401615755,1.1283519207273396,0.18806624769409197,1.0294690168829224,-0.8610210016156155,1.7521753431148295
GTACAACAGATAGCTA-1,12.398989678609041,14.050791341994696,14.627023305595984,-34.966827490071296,7.814621125234999,9.78529904379435,-8.805738800268086,-0.027017879865967487,14.292309826615018,1.5732840823352947
GTAGAAACATGGACAG-1,-38.448027528688606,-4.831160189219318,4.346142350570128,6.450361629709972,3.536752099500191,3.9810163491655883,-0.9249702139155165,9.41687586755542,-0.30776642016607814,0.026838175191215452
GTAGAAATCTGAGATC-1,-41.8316075908327,5.059804836268555,1.9997075386111067,1.7879483165379901,-1.3371330417540062,1.4836947474804236,3.2188509357828075,1.7738585423914843,1.78340411052636,1.1296362353202478
GTAGAGGCAACTTCTT-1,21.766697022011368,3.2574135350496363,4.77816052966772,12.205717469670853,3.315312584239484,-6.2567013208937095,9.770700091310886,2.433976742031282,3.9647493553460285,2.2132423962087295
GTAGATCCATCCCGTT-1,17.85621280976798,3.341639834215357,9.303074137879506,8.804731616830185,-5.912295942984258,3.8702011203229176,-7.800625783676388,-1.5680003768430044,-6.505061628251584,0.5277235347504545
GTAGATCTCCCGAAAT-1,14.001705173096099,-15.32964333535606,-25.80284593781632,0.206215901056074,5.378828942803909,3.39994500991756,-4.115072484021198,1.5282495658529198,2.5078805918011935,-6.544899741827148
GTAGCTATCTCATGGA-1,-39.910915091875694,4.7057644462991135,3.714162517795896,1.5986788091093231,-4.060393845682487,3.3151966960400436,-3.903824199398075,2.0863447764944096,-0.22905737330293152,3.0937733193100523
GTAGGAGTCCGTCACT-1,10.533999233554981,7.007401973152895,14.760671481354766,-40.0387765983042,18.369557205087553,4.3721945731335525,0.9918322534630555,1.963298204300295,20.859028244128442,0.9685367757541123
GTAGGTTCAGAAGCGT-1,21.88643416078149,-1.3089084314968602,4.777145844921294,14.829125237464575,-5.793744018180533,2.0220607100194306,-5.477210956491962,-1.2848364215071895,11.539189750756709,0.1117487053512507
GTAGGTTGTGTTCGTA-1,17.495071124781212,12.886748049733555,11.798211682040673,-6.319311885737321,0.13566814687533935,3.688985542469405,-1.5230193772149914,-0.3804015311966342,-5.78735773658983,1.8410355767328075
GTAGTACCACCCTATC-1,-39.83975874398376,5.905098502899762,3.035130994957718,0.6866869741536084,-2.8764927773412463,-0.1800115989647315,-0.1554003600518712,-3.1589860491314052,-2.5241114930941153,0.6641634396716025
GTAGTACTCTGTGTGA-1,-12.6645936208307,6.490327522810446,-6.467999078808853,-6.297155086290733,-17.192136288482182,-9.449578540460012,-20.851808071438622,-16.677962635299863,-3.607948566086841,14.315723916810768
GTATTTCAGAAGAGCA-1,21.357960757702347,-1.3033281291004641,6.032498129920986,13.137594381350686,-8.053358756879895,3.108608208777339,-8.244016848518521,-0.8334585502896088,10.318184373233859,-1.3911522423815041
GTCAAACCAAGCACCC-1,19.046453849557377,7.334805688875463,6.893343749746582,11.992347161201963,-3.5033667807245266,-2.059113203370954,2.6395253450249,-1.3416054164293474,2.4754265705685707,-0.8947558294226141
GTCAAACTCAATGCAC-1,20.334575710812196,-20.48018651607117,5.13167150758235,-3.1474729379052406,31.53006499048459,-20.316243431306297,31.614633178103652,-2.1378016102339394,0.3668601419053479,12.645071712561602
GTCAAGTCAATACCTG-1,19.265358173647176,-8.203933606441254,10.859128704759499,-8.718287225907865,18.4152012087634,-4.343494700398601,8.221836386733585,6.210496423000196,-21.457590495303997,-16.134937741710022
GTCACGGAGCGGGTTA-1,20.032954696946906,2.0630565862403216,7.300903354071204,14.24794152576326,-10.037063685008576,4.04335932615599,-7.335409758416368,-1.0670869113160908,8.636437244031178,-2.452311363349148
GTCACGGCACCGTACG-1,17.559445152443185,8.002821429389968,10.320405824246475,8.386643940703193,-6.426264455751703,1.2384969827967098,-0.12422031548903334,-2.4608932795065845,-9.666598460691876,2.9988867435354147
GTCACTCTCTTGAACG-1,22.26694151012573,6.773960472552702,7.834329797702025,11.385417265253965,0.22044991663902458,-3.001700636937512,4.72890800378957,0.861421574606279,4.861694169949237,-3.264668200228469
GTCATGAAGACTCATC-1,17.270379787820104,-41.07975798567374,5.8824103528889164,4.594514431404207,22.211977930611532,-11.342117245771995,6.528889145077386,-5.979269879317898,-0.8067276866310336,4.060059415867597
GTCATGAAGTTTGGCT-1,-42.49851790296551,2.042342618265053,4.0302822947546035,4.2444001668829685,1.7378545521677147,-0.736543490311133,2.912569790873924,11.666337977113553,0.11688293094325775,2.1324631899588162
GTCATGACATTGGATC-1,13.0523787730699,-0.05674687098306208,-35.06175738683105,-3.190810153150809,0.6149470719023462,5.320980456964664,5.64567598589079,6.737920625565607,0.4087578531348177,-6.249297516025017
GTCATTTCAAGAGAGA-1,24.326798790310278,-2.0048262168590725,6.555130191041493,16.97775610068769,-4.756145572663282,0.16586192566604074,-1.2236719967963055,2.9323002449474043,13.72922848560472,-4.953061425025097
GTCATTTGTACGACTT-1,14.305333489846042,-23.20545829173401,5.80759324975656,-7.556230568090411,29.044057502057935,-14.230938114411927,20.037114508562247,-6.231280780266943,-10.074169820718335,10.725014010232163
GTCATTTTCCTAGAGT-1,17.664087631394093,9.930675624439914,11.521017573142556,-14.393067531522137,6.511667585175801,3.111996504166438,-0.6458875771783337,6.334809872756969,0.6495441590870137,-5.177104735484696
GTCCCATCATGCCGAC-1,21.337043524666214,2.522858362572194,4.853952760856844,13.143997194129206,-3.559674188021951,0.9779078359128102,-2.1022674456939505,-2.9131125665335973,6.0142792420861335,2.0024366439625054
GTCCTCAAGTCACGAG-1,2.473664302270967,7.935829739263696,-23.64424339123141,-12.401765569839519,-1.119067584218243,2.057578482500255,7.431950224617587,-10.175729240358958,-14.417399749756644,22.30478846482678
GTCGAATAGGAGTATT-1,11.990553294004236,-2.456505150179865,-37.257204626482384,-2.325532984854553,0.5597005468111007,5.001610889488079,0.9541116606675679,3.5576733298004743,2.2483473901989757,-3.78617131909414
GTCGAATCAGAACCGA-1,-38.54200102635996,-11.006940980893297,3.250518422280246,7.061143169799973,6.132719251053143,3.2658340258762077,0.4974226099896981,9.342438232128279,2.3601075959784614,-2.5969448317507977
GTCGAATGTCAAGCGA-1,-32.06282394836383,-11.387501124490832,4.58309922563171,6.530904242013973,3.2806536559463932,2.052400891564278,-6.175209228779934,11.73471727450821,1.7601587118346997,-0.8851901688785175
GTCGCGAAGCAGCGAT-1,18.219705850224138,4.331755762447997,12.96536242817043,-7.258278310095671,-0.4356624722963751,5.770213806185001,-12.363125277212866,3.4833594151392635,-13.164134796469611,-10.569133643249213
GTCGCGAGTTTACCTT-1,10.631889914916329,11.743676524155603,14.796030667922544,-30.919138068852124,5.479468244220443,12.94170532035571,-9.781950913406188,2.707258156232589,11.746558993787762,3.9218435816145285
GTCTACCCAGGAAGTC-1,22.215461465726143,3.1172026197407803,6.6650301349674415,14.877759557504243,-7.015030852176849,-1.4311920491639174,0.23903379923857315,-1.0849084955789898,12.017409153464477,-0.4255120472616496
GTCTAGACAATGCAGG-1,18.395631031153833,-69.68805313276648,5.996915302496905,1.823957944921131,16.35676063019244,-2.069647671160793,-18.349798159582843,-6.860908976625815,0.43545573369045254,1.9062928562033734
GTCTAGAGTATGTCAC-1,-28.4486167315007,8.94595710105115,-6.431279290880261,-3.261429361062126,-8.902204359259922,-9.104618594887295,-8.31860993434731,-9.114761513946537,-1.003854488041296,7.266207878442704
GTCTAGATCGAGAGAC-1,10.733517116288471,0.5343655153934748,-29.387420409157418,-1.9154145363756632,-6.436203477894907,6.892141684533589,-8.349343942263662,-4.805496910614961,-4.524462378774651,11.686871030480994
GTCTGTCAGATACGAT-1,19.408693122031153,9.886532125439444,6.058173280787237,9.406262322766965,-6.734282400036321,-0.7246846823662985,0.7004160758762943,-1.1829445329336883,3.950135985788564,2.8436470382282053
GTCTGTCTCGAGCCTG-1,10.926435909096227,12.646794121764145,14.677139998726666,-33.5762031408659,10.133141678128435,7.906526712241755,-5.0081706813677584,5.033040929770468,15.479865778528506,-2.917649793720881
GTGAGCCCATCTTCGC-1,20.887313199226952,-16.113395685683066,8.6114594579653,-8.838102075660704,21.383880548129547,-12.125112386989962,14.652694567716093,-2.470350201280471,-13.192711989544469,1.6238723865999618
GTGAGCCGTGATCGTT-1,15.182537222744992,1.2820519039602374,7.383279044523716,-11.870319480211016,5.343094992390638,-1.165541406429927,-5.69032940754909,4.4210233304535045,9.393440239097028,-0.7181379456107653
GTGAGCCTCTGGAAGG-1,-39.83958880569899,-3.748599564182612,2.71645598431677,3.680874298285992,2.415902685230485,3.8515115125670896,-0.4127723779799197,6.398773244789336,1.702514604147988,-1.0929870636917611
GTGAGGAAGCATTGAA-1,16.8577921958757,5.463932270829346,6.8678522564614175,-1.5495172103201509,-1.7731630946734196,-0.722316633429485,-3.8164570419572126,4.08517891128321,-4.664402049907897,2.042981925218602
GTGAGGACACAACATC-1,17.73194375621711,10.449973463362767,13.079070190209173,-3.243691271634195,-2.245126017936631,3.73485498992419,-7.9456477153237675,2.88108789311579,-18.00503369607227,-7.429929479321496
GTGAGGACACTTTAGG-1,23.591509558197107,0.1995166502908603,5.316955904324921,14.11800573941337,-5.625677625539257,-0.4994385304547926,-1.3675496099575746,0.4178897764774252,12.74071174983661,-2.8967991204782493
GTGAGTTTCCAATGCA-1,20.778075595245667,8.76062205929847,10.963518259157365,8.523145716062626,0.01768829190286958,-0.10731693094596917,6.155044453387422,1.2016007959004273,-3.6111719221733507,-1.3076705423505186
GTGATGTAGACATCAA-1,19.318610160491946,10.726625697011315,9.725807770811336,6.219156886874691,-5.5608784845040375,-1.3741230811151013,0.5412804803299984,-1.2644809608154013,-4.018172886115616,0.8026546026552244
GTGCGTGAGCTTCTAG-1,-42.04813093547813,4.584388695559298,1.4346123490318616,0.7554326721297135,0.7348874833656698,-0.6551327531714422,4.166900264492131,1.6768104889656925,-2.2890419988684663,2.063157812353396
GTGCTGGCAGGCTACC-1,11.35016753302924,11.071710511407503,8.117837693969417,-19.933004634801048,5.2026784061412314,-2.7204107902818775,0.3267261101527481,4.702661385185287,7.358176879738087,0.03277859274267314
GTGCTGGTCAAACCTG-1,20.04011437156364,7.832749162594396,6.238807606142481,14.78919742689961,-6.142718364578208,-1.3316947624978692,2.8905828614651092,0.9286141292393948,13.832685649188132,1.290280395620102
GTGCTTCAGACCATAA-1,-40.849457633460524,-3.057655894217838,2.8401997194488975,4.881794304007959,4.108687565982962,0.9805925483538425,2.8454451474544555,11.489604319007626,3.5623673249197436,3.394766440086565
GTGCTTCCACTCATAG-1,8.40437141999464,14.80019875238527,14.982803597988525,-36.326057009460385,13.489633667531917,6.628878923815716,-0.6338354311119083,2.0864144895414602,11.267901008148238,4.5542230967836375
GTGCTTCGTCGCTTGG-1,-37.40887891628831,-3.35925495746433,4.18426734109029,5.156851277538893,-0.33072281855907093,4.659897165178561,-2.537238454494723,6.602871491440041,-0.6018440384529484,0.6307455328027374
GTGGAAGAGCCAAGTG-1,14.225679857767425,13.866849126396573,-13.279250164482676,-8.816097493454711,0.4545608746367069,2.8668364423103707,0.31267094114331684,6.060529045680104,-10.443308840656792,-9.960894007925686
GTGGAGAAGATCCGAG-1,19.22286900088767,-50.20963904219758,8.296120097133407,2.625243800670497,16.798802687282652,-3.0356789616310573,-12.114471346026384,-6.912860079299211,-2.34521704751167,2.501024849636559
GTGGCGTAGAATAACC-1,20.267639534334553,12.302235628745791,11.426248053761935,-5.160373326694081,1.4915686359564955,-0.408782547899774,2.4282282238393194,1.4760505450753598,-6.8261982965684,-3.898765640020553
GTGGCGTCAATCGAAA-1,18.21570752263527,4.18933146463921,11.141805492295532,-0.09851555229134945,-0.8045061329352166,1.9932651810348494,-7.90529448192034,4.361885306397209,-17.491400571638813,-11.982587647592842
GTGGGAAAGGTCGTAG-1,13.29407818586837,-2.5356330378551775,-35.00903166910843,0.605233918501451,0.8088391253506764,6.481059473627409,1.8420907190539388,2.3609581777154833,-1.187974863545772,-3.906419587450541
GTGGGAACATGAGTAA-1,20.578750090912035,8.48934173295828,9.060594576869946,10.713300873533958,-5.071965638770795,-1.341688631971801,0.05547974645986642,-2.002272253104033,-4.265726672790425,-1.2737328214206567
GTGGTTAAGTAACCGG-1,18.536848079007274,-1.4737118112140735,8.423198930596708,6.38533951358273,-0.9978774634413341,0.011241741494023572,-1.9334336463670585,-4.179881069884735,-7.1244275471854035,2.1229533159902036
GTGTAACTCTTGGTGA-1,22.168592925280265,4.26850949413884,6.742920844862551,4.830556516871272,4.252323054215381,-3.8508249604447715,6.319750743881794,0.8174268246720517,-2.2122882036791385,-3.5630150946589865
GTGTCCTAGTCGGCCT-1,11.51069702532488,10.78519559218266,13.262370228445697,-32.66053323863696,9.11273745032743,9.40336359953708,-3.978095176498961,1.0809869826981595,13.23380218969462,1.614247805074232
GTGTCCTCAGTTGTTG-1,9.955790709535215,8.345818090382963,-30.368327390660372,-2.5490473038298815,-4.6775030456995665,2.5973056154383416,-2.6866374264791517,-3.9466371494361523,-6.766269719278288,8.602125831489785
GTGTCCTGTGGCCTCA-1,19.889286615491617,7.1275530944189285,6.75546546002082,11.489699886252652,-7.363431817202596,-1.8153035623239058,-0.9713395149549751,-0.8631235392109788,11.46634372317562,1.5798513105141552
GTGTGATCACTACGGC-1,15.139958914324497,10.465060419235229,11.000976997011431,5.209421970303735,-7.410703601987844,-0.38127679570989836,0.1445055261524999,-3.046895216033766,-10.17394111725929,4.645488749962408
GTGTGATTCTTACGTT-1,14.220067456192838,9.611776206142963,13.567828368677212,-24.034055600923658,5.929049959623665,8.759514970019344,-7.685580020492848,2.400273171859336,8.13264822990637,-7.637431152075155
GTGTGGCAGGTACTGG-1,-22.40215642327866,9.707479683678429,-5.752707238969838,-0.3960397515394689,-10.547163332270607,-5.45018952609589,-10.831925341728219,-8.142873113467255,0.034448987655893104,6.981886480004755
GTGTGGCAGGTAGTCG-1,15.016696821510134,6.6581506155095695,13.47357518671528,-5.387574077152136,-5.67118921741384,7.0547049676795535,-15.185076940884993,3.081489432168599,-13.958472017024276,-10.856641474549471
GTGTGGCGTAAGTTGA-1,14.211068562710025,-51.961402576786305,-1.8686447187508062,-2.568316086493104,18.16047255677953,-6.611140335107473,-12.041305515133933,-12.99095811848248,-4.761052250373628,13.064587562028107
GTGTGGCTCACCACAA-1,21.34341743044454,3.686580899414892,4.926872594916211,13.662756886628102,-5.728870113882241,-0.7971510213398691,-2.773655527095972,-0.6246370584507073,11.7465289998523,-1.6822090583774587
GTGTTCCAGGTGCCTC-1,14.239891005106234,-8.577658172080788,-38.041346696916364,-6.906072661360625,11.914793361295452,-2.4312445933593643,12.605115396434616,8.987500212574625,3.385928603890309,-6.559064532522207
GTGTTCCGTAGTTCCA-1,2.2860424420380063,-79.64339702667971,20.5422049824009,-43.65293693500662,-87.46519144536863,3.3711286390689628,39.37786808468622,8.107801454328916,-0.7299829962864253,-3.4605391906659166
GTTACAGAGGGCTAAC-1,19.95108134895434,-64.38531384233667,6.663556756833865,0.9354022889847187,17.59258167406599,-3.6149777678885364,-15.188111515491169,-6.083688471864202,-0.9156398948608386,1.347305800511972
GTTACAGAGTGTAGTA-1,21.674634460467104,-3.2193134426016172,7.174459159665268,14.081642016495895,-6.66906466760722,2.350788528268625,-5.804924193408299,-0.3226369227294841,6.182831291093362,-2.276941769704109
GTTACAGCAAATCAGA-1,20.51855192517309,8.757207989224923,5.028051742932462,8.758054531736777,1.009621291942283,-4.404645210805709,9.84203983656489,-2.9189397511268353,-0.35511222985779933,4.820034801418922
GTTACGAGTATGAGAT-1,-38.04219702088589,-0.3032120533257654,2.905641432433313,3.2159630534679975,0.2963413161321711,2.5978454241218634,-1.5023835013752365,4.436771707032799,1.2350289084185662,0.5123120723156764
GTTAGTGAGAACGTGC-1,20.530380215784536,6.981584677029446,8.889902844072164,10.766567245096411,-6.34776739247539,-0.42069968710931405,-1.3063112905171188,1.0497521921182047,1.674978013097732,0.9535950314463919
GTTAGTGCACCTCTAC-1,-39.774958565130476,6.648971372703059,0.8462229328002326,1.8726974289469769,-3.149832291934988,-0.6182373957782072,0.9594489523356273,-2.7683139139920674,-0.32877127229318837,2.2450685003018385
GTTATGGTCGTTCCTG-1,15.767443908632508,-3.618862357139726,7.6576340880124985,-0.26740982543975855,5.497072380185276,-0.27190791780306633,-0.6513984922509586,-2.5303238495778726,-4.976072307638797,4.656501301886705
GTTCATTTCCGATGCG-1,9.577134093886466,-77.47247208980907,14.509097985041244,-20.894703690274675,-40.350680296567575,1.238488542243822,8.056337136164817,-1.6152831725565626,-0.6966732132559585,-5.2859004952617585
GTTCCGTAGTTGCCCG-1,-41.24768314984123,-6.645187557133731,4.075027501852331,5.453076536994739,7.654381015451937,1.1997100433935781,4.890226841351613,11.2609701866547,-0.5468918086207133,0.30525384853614757
GTTCCGTCACCCGTAG-1,18.54711177824281,11.339164840732323,10.886437779482218,-6.703138078419231,1.240724949842404,1.2662522555133138,-3.980514586951214,2.909904577378839,-10.596427094937084,-6.406247741318774
GTTCTATCAAATGAGT-1,12.145680863940601,-1.764969378656403,-26.845038132940875,-1.0181213004127163,-2.4485734850021608,4.6637202126797375,-2.9205923384367374,-0.6702753232345753,-5.114711431197667,7.957490883358884
GTTCTATCACGTGTGC-1,-37.98265517898612,-4.735481245054714,3.0078684390213053,1.3883640842972913,2.231645203547634,4.02510772853685,1.9225085499338732,-3.223073077746099,0.16394072111419544,-4.9024918705418
GTTCTATTCTACACTT-1,9.878460233589045,17.023618996052846,10.602573392234822,-34.39069426572168,9.168573231388702,6.770513230640608,-3.565024398166617,3.7729023567679008,13.66669960638133,5.429028468190165
GTTGAACAGGAACATT-1,9.50177760405946,15.305768519457018,16.290182494978545,-41.47960475138987,10.866728294606444,10.359503348036737,-6.862866212812527,2.7273933032740345,22.222166899708846,5.038021852688319
GTTGAACGTACCCGCA-1,-38.72902835889069,6.280704039508564,1.980006561428751,-3.9211396497536097,-4.489020847524138,-2.8593459315498007,5.430204835703599,-4.721935052411672,-2.6566548949077564,0.7814163024754954
GTTGCGGAGCTGCCTG-1,21.4608100768791,3.679030075712916,4.609637217476864,14.527240475381177,-6.043328013114852,0.30688832081220996,-2.4455277257416608,0.19118673286467125,10.403826942062933,1.6828822331438722
GTTGCTCAGTTTCGAC-1,9.593148744536338,17.96473133467653,11.712457785970116,-39.641878515005516,12.252994571083631,6.872386506050807,-1.3035774765503785,1.6228124165498743,15.050668349343047,7.398218418146838
GTTGCTCTCATTTCCA-1,18.72050376222556,13.999219838574106,6.929367896266127,6.5577456367780815,1.6647252347958101,-4.174766268258897,11.709656649602934,-1.309992669525636,-5.09155436505381,6.9195556997726895
GTTGTAGCAGTTCTAG-1,19.629738627702647,5.686199746253962,11.091695801084462,-6.806748825366601,0.5921713835533531,4.063888424551095,-10.904306950017228,4.827213676617866,-12.353201857298355,-9.990335809205288
GTTGTGAAGACCTTTG-1,18.87796735901729,-69.11148266596553,6.096845675783541,2.8940703103439525,15.422555385544037,-1.9817336774523053,-18.945553833101304,-6.549580142038425,0.39102441451486536,1.5047208921100546
GTTGTGATCTCGGTCT-1,18.91110785453816,-0.3564253298440576,5.9570670167502495,10.540238123539238,-9.998691242483229,2.6934804273542117,-12.383034468332234,-2.6381477784744307,8.108092017516999,5.0726132697633295
GTTTGGAGTGTATACC-1,15.39457695186151,9.427199325368235,5.98742968884338,4.418293894393621,-3.9863455082138266,-0.9686757852352501,6.794813263306299,-2.963050338403854,-3.6819624098899615,13.455256678350128
TAACGACCACATATGC-1,21.627633726538654,6.35309117579132,7.4951548068197535,16.014270276854393,-4.497712100272835,-1.7622964492822044,2.202566135323206,0.12337658840003307,8.698164790741261,0.4527598292947417
TAACGACGTGCCTACG-1,14.726922032179962,-12.464236570083521,6.118185458468973,-4.291598050797862,24.408268933459055,-16.380960017706002,26.474177160930815,-10.02265368830481,-9.096762637093558,13.268924804179484
TAACTTCGTTGTGGAG-1,9.871550990818038,11.164883784977746,14.403342787372782,-33.59924182828366,5.8595701365670845,10.398075547030022,-10.571786706453684,2.7357386380315933,14.370206959188682,1.2564204533414678
TAAGCACAGAAGCTGC-1,17.783482609468447,8.224712619595863,10.72616080761155,5.1480605611245185,-4.55155432376365,1.4989021545340657,-2.470023485084468,-1.0555137233760847,-11.775927947669707,0.6947056910317675
TAAGCACTCACCATAG-1,11.704873092248313,-0.1735885984538328,-39.67857310331021,-3.8261517294514173,0.6861081680523942,4.197339199832075,4.138528174269958,3.8879651118684606,0.07849310740017934,-3.541627800594169
TAAGCCAGTCCAACGC-1,17.113272482663668,-19.781663417994352,11.966401168235556,-13.362187935074905,23.286278817570192,-9.308143672521528,5.118111456358488,-6.833789277826604,-7.771567087610087,4.382448901587411
TAAGCCATCTGGCCTT-1,10.505212717212974,-0.4175501141360911,-34.697368025901376,-2.2565513001555524,3.3875850063890844,4.347153066772459,5.973743280941001,4.99990328411582,1.1269801356128837,-4.509967903111023
TAAGCGTTCGTTGCCT-1,13.686253128374679,-5.007281141156938,-24.237038258883587,1.893875009887321,-5.054436835633176,6.939604495913304,-11.263845727148745,-2.4820163966411957,-3.287662199175549,3.0286120045239144
TAAGCGTTCTGTCGTC-1,18.11863648924286,1.3853151437054265,7.706265994137387,13.874445740057421,-8.305452459940255,3.043416137278073,-7.281933046619811,-0.40023811417070476,0.014960897238868176,0.6303821559379053
TAATTCCCACTCCGGA-1,18.851307211699538,16.046619069749923,11.251936574198606,-1.0268005215988092,-0.024844249970549015,-0.3888574902655444,4.045190968525581,1.3923294751441029,-7.274371227740758,-2.5688461749869314
TAATTCCGTATTGACC-1,-32.45444488287819,7.514429605807791,-2.2295930361428615,-4.096322813387852,-1.0128343100315753,0.1079383290699103,7.508539632262476,-34.70443133396594,3.475414668252327,-15.391754647435128
TAATTCCGTCAGTCCG-1,17.794572593236726,11.541584005319478,7.008774479032283,8.613243482779858,-5.248322185072357,-1.3183601085678323,3.214624038073616,-1.5984680247155314,1.2129152792253932,2.0522866965678923
TACAACGCAAAGGTTA-1,22.081306279241907,4.184617561911324,6.782808947280919,14.101684366246278,-6.937647829581209,-1.215770111028696,-4.88851052250075,0.3608063254166902,8.90722329607649,-1.9838489366967567
TACAACGCATAGATCC-1,20.93211313067876,7.989543695555511,7.305095568616285,12.397214035865616,-1.9099592604678612,-4.389475949142394,8.249144940824376,1.3546442039260862,3.492392024188928,1.154500710383067
TACACCCTCGACTCCT-1,19.630206569937254,10.81460188549552,3.5282494954616985,7.840616326232279,0.3169720794535369,-6.004101943817519,7.62887980207023,3.014647635428039,12.606064371086939,2.0935178753607344
TACAGGTTCCTTACCG-1,21.23104498265595,9.854737614907393,7.959827425257269,10.418314380887256,-3.3743185733410215,-1.4825742461730003,3.902432859457125,-1.1891998993865034,-2.977688604155813,0.6754402981333483
TACATTCGTGGCTTAT-1,18.80612355169861,8.8366793885331,7.529243531383488,11.611560425001121,-4.6855111509656595,-0.3065055249847408,4.12803809744673,-0.930095006874768,-1.5723264350154917,3.45382130353891
TACCGGGTCCTCGATC-1,7.03694202143893,-78.95837239620846,15.123318095068395,-30.517464674712972,-58.21358872334655,1.4580921253670995,26.188155803647142,4.091185438408157,-2.4662250557354266,-1.8478157592622058
TACCTCGCACCCAACG-1,23.359050959575942,6.175008029593926,4.538187932354918,12.880726759084194,-2.3493153611047184,-1.7489270022498595,3.048357621133224,1.098244083350731,11.479936408671099,-2.0817786999042474
TACCTGCAGTCACGCC-1,16.451491082587236,-68.09080607140295,6.628327715171198,2.7758112181886108,15.329820453722482,-1.7151423798879568,-17.904405179459474,-6.301247903626529,0.21585226251693213,1.5670466432676742
TACCTGCAGTCTGCAT-1,18.441493356415503,12.754055035978965,7.344831564105316,7.661341919663368,-4.497750119268105,-3.037102543090363,4.737449890102571,-1.0390599212781,-6.1207107960416,1.7808975430106868
TACCTGCTCCAAGCTA-1,12.207641711009625,1.673811431330705,-40.570241458869575,-1.2470407534620516,3.024508122334881,5.3040266322879175,7.462463265680849,4.180032537988506,0.7851419628401395,-5.538638793332854
TACGCTCGTCAATCTG-1,18.802160670038106,-69.98535104128646,5.812449217373854,2.285409972294531,16.136785441884363,-2.321696305471178,-18.366102679049366,-7.1323815542443745,0.4093893437839853,1.908870078520387
TACGCTCTCTCGGTCT-1,-38.9212100725815,9.495198227967322,0.7018467761122684,-0.18581191807358666,0.3012080032332758,-4.573994729232175,3.613846320470671,2.4417233460833145,-1.7806414925309915,3.175108031248624
TACGCTCTCTTAAGGC-1,11.154015531665458,3.0566743501314875,-35.81456440762304,-3.937538306071574,0.016577686768506794,4.490401089180683,8.994322688498396,2.1806464679184856,1.5310449234296803,-3.9287098039796327
TACGGGCTCAACGAGG-1,19.69360940718403,5.017196384927843,7.643074825633043,11.032701322550226,-7.8115044947555,0.5658874960878135,-4.248946054101054,-1.9126796392212175,7.243638164719253,1.1946256808322249
TACGGGCTCTACCACC-1,20.902317428674667,8.208157370707553,3.8416503224614873,10.926309368627425,-2.8498933708289567,-2.792175603822268,4.330748724675434,-2.1221240664832974,14.166568985643972,0.4757865949392168
TACGTCCCAAGTGATA-1,-39.41516085788989,-1.2623457789770214,2.4407383911458362,3.1973935875696746,0.41413617755667786,2.3803836398566522,-1.3319680341753788,-0.421933595707932,-0.6131433985698649,-2.1281733475297866
TACGTCCCATGTGTCA-1,14.861462091670356,7.2876081630514875,12.492951316881937,-16.135898015318663,10.217682545179954,0.7991357113379896,3.0631713502355957,-0.7953173258888473,-4.565618999263053,2.2499246048193595
TACTTACAGGCATCTT-1,18.403804553014645,-69.522631928102,6.257879090550264,2.240203989823279,16.06741553732036,-2.266870190839737,-18.464395750506434,-6.843882386273451,0.048164720161720354,1.7065783646196282
TACTTCATCATGCCGG-1,15.441445929699897,9.910531901547188,11.63639330220212,-6.336983749715715,-1.9716939440895782,4.948934329827892,-7.523369732906065,6.385049533060993,-16.09464903869972,-13.492504280128268
TAGACCAGTCTCGGGT-1,22.685826146737373,0.8016480757670479,11.210919481912367,9.826980038085424,15.071628974258958,-16.85413816503313,36.65603585176165,-1.3601427347448007,2.2889289193870948,3.4618273403819617
TAGACTGAGATTGTGA-1,8.50945896217239,3.1422790704133234,-23.404667481696162,-4.333645012812676,-5.232555884681023,5.436039199937058,-2.7746018654901263,-6.77459562652051,-9.545535256534984,15.01034416760542
TAGACTGGTCTTGAAC-1,-38.53039937164237,-0.0017088651544412414,1.7993479492663824,5.883991235531903,-0.01747553242551625,2.123231966571761,-1.896374391175577,7.061020044193503,0.017417313426705716,1.538945592993461
TAGACTGTCGCCGAGT-1,-39.74983627928403,2.6561689158817643,3.8542022740798894,2.868690906508921,-1.0336420466706908,0.3937519885657079,-0.09414738422974267,2.741748217013251,0.5953344268912928,1.048975144524211
TAGAGTCGTTGTGTAC-1,-38.968280166462876,0.7954353589119876,1.4148653088047478,2.49174396040689,-1.2849346959648376,2.0857674115257074,-2.8764121965941225,4.50973820553949,2.176852560004983,0.5403871491389005
TAGATCGCAAATGGTA-1,-35.31488232712884,-6.684811031964593,4.264441416206103,4.6538109619061565,0.9502073552241725,5.516175123634135,-4.109838056920626,9.144317582403787,-0.8277896726353917,1.1761473336902493
TAGATCGCACACGCCA-1,21.671284947020574,1.5745583232914413,4.6880805505905245,13.385963625025418,-5.720734122897788,-2.0439968617614936,-2.681985416802611,0.829905694767767,14.848216102295746,-0.04905513398315753
TAGATCGTCACAACCA-1,-40.62520352299089,2.944591287592843,1.9370404962423944,1.2900951263464746,-1.671743492131121,0.1587975237115038,0.1446190810679866,3.730121074294475,-0.16698136384772133,2.9895238210551875
TAGCACAAGTACTCGT-1,-33.29757015826351,-7.802230966352866,2.6237818486031443,5.571593467387625,4.591078204409067,4.796262394879522,-2.675052018653032,10.690195635033952,-0.5147234412185673,1.7909564864955154
TAGGAGGCAAGACCTT-1,13.145283651467626,-5.657183113487129,-32.79284441024029,-3.590221814773203,1.2154254057190705,7.291893122353439,-3.0558001749117736,5.3451588726619175,3.6854784145855386,-4.1689617278099105
TAGGAGGGTTCCAGGC-1,8.615523240826882,2.5613533077098793,-37.95214775762583,-5.600164656851048,-0.23972490848979078,3.743188407066693,3.0216755924215484,1.6810590110450665,-2.315419971668824,-0.8900757485817916
TAGGGTTAGAGAGCGG-1,18.57713877963068,8.179353183137039,6.316612973273732,11.14999595452131,-5.866591952123301,1.3744823037590836,-0.24556106325045235,-2.2249976591003753,0.8173970153746299,1.1842806011894884
TAGGGTTAGGAACATT-1,10.360251459244601,1.8831365606771868,-31.716041765178705,-4.18865785281403,-1.8146473951357063,6.11220629254653,1.1736201876744197,2.633901323596369,0.05111913674548041,-5.455226194087184
TAGGGTTCAAGAAACT-1,12.25584761999593,-7.740666870123569,-35.867635929797736,-0.01856492255501463,7.774318435127531,3.6320995941172116,7.963902371227768,7.254439249336276,1.3748051420183467,-15.189209410197087
TAGGTACGTGTCATCA-1,-39.2722090826823,5.058185422696411,1.0900936243297643,4.060761096932448,-1.8682507814357212,-0.15019453234578273,0.11736827711737163,2.9636643641184044,-0.643478930455325,2.783112467829065
TAGGTACTCGAAGCAG-1,8.921807942751558,17.06236139690111,16.99793349552556,-43.57337007635355,8.155445253704022,10.036346328319482,-4.970769499975008,-1.794914355152362,14.110411439511415,6.773711755526609
TAGTGCACACTCGATA-1,-41.94449654690635,1.0041457669415905,1.1916476694700027,0.9189442564194317,1.3982753948932523,0.8712919269000694,2.3823752555048365,-3.929083674306296,-1.535862918246467,-3.0016320926969655
TAGTGCACAGAGGAAA-1,-40.113793063726796,5.287044028933693,2.942543554272838,3.49268268551476,-2.196697416088883,0.9110509680514878,1.7228659643956945,3.363247867463727,0.8847168217904156,2.0718943734960833
TATACCTGTTCTCGTC-1,16.7230839684503,11.495006875981403,11.928118824072833,-5.467969337653161,-1.321295694232811,3.835102927694498,-8.507054590023461,4.8400146670836826,-14.38348656063199,-7.85419087043212
TATACCTTCTGTCCGT-1,-41.36210117893918,-2.281504664618609,4.103422528005658,3.679146276547068,4.432311461162948,1.4013022532289785,4.584600181065884,2.540309793011197,-1.904324141027957,-2.859528941193065
TATATCCCATGCGTGC-1,13.469727573901869,-4.209998949376235,-30.71823899729284,-1.1151201080232331,-1.535359527644328,6.8589014236396135,-3.5731020793234336,3.969780083578934,3.0371358946454006,-5.61967291084437
TATCGCCTCTCCCAAC-1,-34.900760558903386,10.200147428432984,-3.1113239052014494,0.15467351491476133,-2.8725075069635757,-6.49227716011312,-0.3574151695381502,-2.9531229865052415,-0.6687201526899413,4.94453949957706
TATCTTGTCCATCTCG-1,-22.945032618022395,14.14852154330616,-7.650067190233156,-4.965039644677061,-13.750673700695177,-11.894309837947914,-10.724391440807796,-17.197016254415225,-2.142076752189168,8.329508288618769
TATCTTGTCGGCTTGG-1,-13.722471392072443,-39.699032188788095,7.248108397722778,5.188779292363459,7.187898989678112,4.505404152429434,-11.721136077345221,1.8458330057605563,0.309557171383811,-1.5073001355871751
TATGTTCAGTATGGAT-1,16.846941590456815,13.223423238040084,12.473102470552465,-21.192737154955488,6.7116577466576395,4.814305669351456,-2.517459333662867,-2.0117175192317656,-3.5146220310175007,0.8673995793780775
TATTGCTTCTCGAACA-1,13.471473241749585,14.788328710733921,13.521679085103056,-25.34694483464912,7.9495881692897425,6.339638123964583,2.7542852552116095,5.3677323783249715,9.23054996139767,-0.9107736274493967
TCAAGCATCCACTTTA-1,20.837054474345724,11.107195600604811,9.166661790171617,9.616949210058008,-1.790924021302791,-2.3318366040662704,6.250939502458298,-0.2765569543833122,1.2013232171118893,1.8569525748033753
TCAATCTAGAGGTTTA-1,20.85300750569623,8.128053456563563,5.009232867234495,16.268218079990262,-6.684449869846986,-0.5528835948434232,4.044516581584514,-0.8980169193160501,11.82938987006887,0.46009216121091767
TCAATCTGTTTCCCAC-1,14.645563909179092,-1.2812147370916733,-36.73093573128391,0.3110433929778913,3.740194966431579,5.683891536383417,7.050012451529856,6.26081003081001,2.716184088058513,-8.210242447380157
TCACAAGGTAGTGGCA-1,23.087524333704863,-0.6492190603832455,6.772887562420341,13.797441910740535,-5.468643756565555,1.2814035550056095,-2.9169052577460057,0.5279953023160475,9.578809290476435,-0.7769841287594681
TCACAAGGTGGATACG-1,-39.845078920238755,2.9519161483751333,2.2534095646996906,2.6260390183436417,0.7574040583025159,0.5381584912442223,2.2570753075151266,1.2361256700827923,0.572882113960093,-0.255532486555893
TCACACCCACCAGCCA-1,-40.283064452616166,11.161348108403857,-1.7668121627335474,-0.7863205856456799,-0.4520886956711756,-5.9757601122805095,6.368966133583772,-8.885908521945531,-1.9104561650741056,1.3243779942202665
TCACACCGTCTCACGG-1,17.26893263790492,9.544287810035556,12.439979368411684,-6.159098806493244,-3.201845675246961,6.409730050514447,-12.919097335341727,4.395494196173798,-13.250242908851272,-7.149243500667623
TCACACCGTTAAACCC-1,-38.03022239987861,7.046557162259134,-1.5822680412896224,-0.058818115846281493,3.148152195735614,-2.1296039005414573,7.088604948486168,-8.577255251107356,-0.9731801375079654,-3.711571244371151
TCACACCTCTGGGAGA-1,17.286521138807764,1.8712052404634818,8.371764832493204,9.176986265391752,-1.0429434176998047,-2.362962770100292,1.138235613975091,-0.8245585462117475,-9.701807165264809,-4.802063915108869
TCACACCTCTTACCAT-1,17.226460747274018,14.936258393713516,9.735703046410393,-10.610919412574864,13.697886714103731,-7.655959581838242,16.702809271256186,2.8213150921585584,-10.575814368373315,-2.0729418205170003
TCACATTCAGAACTAA-1,-30.038513354961438,8.74920135967129,-2.7304661871182363,-5.060026822199417,-1.1386147496506585,-2.530779982353737,6.699004119364432,-35.26334791937868,2.2662503947686843,-16.04563078117494
TCACATTCATGCCATA-1,18.860930284845335,10.054875775936736,7.252341270474779,10.060770342948906,-2.2764949224159494,-1.8494283284379294,5.76398276618194,-1.1168442432815935,-0.7773530858009436,3.672724262754673
TCACGCTAGGACATCG-1,15.40241956043622,12.425369691913346,13.50240597933407,-10.062596106031215,0.9579791939649489,5.322598501815931,-6.2298247490875145,6.3955765665225,-17.893093880369346,-11.96991545154609
TCACGCTGTCTGCCTT-1,21.881090633968988,7.532841519620334,5.49020564817188,13.7386336207173,-4.424084982117886,-2.363401437418433,4.475318233412274,1.7773980666233653,13.045331162343723,-0.2719030100610782
TCACGCTTCACTAGCA-1,20.93292011180297,6.4162110097133365,5.920878809110942,10.506795576641268,-2.920796461384473,-0.7448157506585642,1.3813674775676148,0.3028277757075095,8.862341263983895,-2.644156285465394
TCACGCTTCGCTGACG-1,10.953520294669369,-77.99915109485926,11.502167987048521,-21.416038088170264,-40.18650892006394,0.8311561393892988,11.152344933135495,0.6627846997753393,-0.6416093963191052,-4.459053457607096
TCACGCTTCGGACTGC-1,19.722753743500224,2.542178158945717,8.348587249146584,10.661257038823813,-4.130392942804065,-0.8981703560916259,-0.6668164907430238,-0.3263404716224052,0.7052332472755758,0.2567815779333218
TCACGGGCAACCGACC-1,-37.96880688328874,2.8972702392324976,2.409375630362809,3.5197863019704814,-0.5090065432171897,1.8383620787158659,-0.377616732649404,8.195294591241854,-0.4147379497896837,3.8397286438378124
TCACTATGTTTAGACC-1,15.291292474526859,14.599929800462448,12.9343662838005,-8.035194602022456,0.2220964912219081,1.09148302192169,-3.636760432695459,5.3707961326389775,-17.77902104385016,-9.611761668124476
TCACTCGCAAAGCAAT-1,-39.03434476611461,5.07834787960482,-0.17171344463370364,1.9290330798690627,-0.40322970931162594,-0.8565828192703016,3.0692170970491155,-6.1426903783802,1.5813230558329394,-3.1494368911353243
TCACTCGGTCAACCAT-1,21.010048007809353,5.524377533432656,5.718405028954849,15.148621705547816,-3.997602080176886,-2.106515267096909,2.3504564542206623,0.5361713351056334,8.404150779021737,-1.103799244907886
TCACTCGTCGGTCATA-1,-37.02152777194571,5.073624534066724,-1.4901521786759497,1.4296508544510151,-1.9554853465476771,-1.065655351560132,1.5116815408477642,-9.936532662338205,-0.3981258769220306,-3.678587610096214
TCAGCAACAAATCAAG-1,-34.577129707881475,7.9702316256451695,-0.970345345154751,-2.5251807683132816,-4.157924101720983,0.7943663458912043,-0.13252985038862164,-21.678906983380287,1.293884553559522,-7.417457021001667
TCAGCAAGTATGACAA-1,-26.32576350612767,12.32588966005197,-5.795679632635017,-1.712532694033551,-8.91267506590453,-9.116006065100803,-8.210049503179155,-9.463848485663933,-1.0772416016629063,7.070859695730854
TCAGGGCTCATGCGGC-1,18.290079715348682,4.373632111019305,5.976836048624196,12.838153360955168,-7.0498048473913,-0.023902948643943933,-0.2952353261954208,-0.4392537980658373,4.484115735106732,0.0901573385085559
TCAGGTACAATCGCAT-1,11.654341932356246,-1.2672605171654396,-35.27898627553654,-5.181636966491713,0.10118171239002294,6.83268843103726,2.4436477158111884,2.6021911323010105,-0.8606236828112472,1.472738064364576
TCAGGTAGTATGGTAA-1,18.78838049264259,5.581538147943959,9.835009867745695,4.748065194626946,-1.2558300086069796,2.0280866201685273,-2.5965631222970487,2.997523076723388,-7.728760474376806,-4.479026075045681
TCAGTCCGTAAGATCA-1,-34.70506152125126,7.579954317327761,-1.565109126655627,-0.810819453011927,-6.231329960193726,-0.9665868832077289,-3.7395894537438856,-13.112711476338147,-0.5767650048157471,-0.3521499681377791
TCAGTCCGTCTCTCAC-1,17.360090597323026,14.13347297439293,6.873130415859162,6.96777179301923,-2.2857006672689018,-1.5744730646858947,4.581032874680126,-0.4021741771064793,-3.990070059361112,4.161855198655622
TCAGTTTAGGATATAC-1,-35.79997047530549,4.766019281756201,0.10141423046020837,1.45876372340559,-2.7686749401236774,1.720488819079116,-1.4965724721965845,-8.959087030720628,1.7336422442298065,-4.356465139536128
TCATACTCAGGTACGA-1,16.716258896914155,10.702473098680159,12.093278147832478,-8.540467457211143,2.985251174631177,4.115943210790072,-1.5723557588278876,3.926447834294926,-4.760256183435064,-4.436191456730242
TCATACTTCAGAGCAG-1,19.901245567916096,6.963998981821348,8.228382598351466,5.7222168459544855,-5.218308770420368,1.5218470459429905,-1.01832257168018,-0.36492392861979184,-2.4021863582013454,-0.20549779891762743
TCATATCCATGCTGCG-1,-6.321248184664913,22.08454845055431,-22.729709152766926,-27.8187175199437,-22.882150787865793,-108.83868584097894,-40.08164533860291,13.790640084313136,4.852059903924517,-15.264397637849445
TCATCATAGCACACAG-1,-41.13071481814951,1.362350372667322,0.6125239472476762,2.4704274672731423,4.976651128892787,1.6726176632149277,4.004873139674974,0.48436656470484696,0.4738579064934061,-2.7593889087502186
TCATCATGTTGCACGC-1,-37.487733649936594,0.31663977883521,3.4723278613726323,3.5547190885264595,1.8927862810901406,0.6501724909094384,3.1687976042598542,4.931815764976992,-1.2541627206742632,0.3621691854289697
TCATCCGTCCAACTGA-1,10.270910738749928,0.4315975399445051,-33.851209180686745,-3.421771802535018,-2.1763928358262756,6.71321138796964,1.5116438655865316,1.6320225498632244,2.2709930655067003,-4.009653236676892
TCATGCCCAAAGCGTG-1,15.900964457688552,6.130247565828384,14.13986529556556,-11.03723575241988,-2.050936054539962,8.268067169819798,-14.427409431734919,2.7862447556376218,-10.64236885055716,-6.2764729313067384
TCATGCCGTGTCTTAG-1,22.763329588217346,3.9914281212615776,7.660403710961684,14.168649911566405,-6.7791596333690975,-0.4292221970836525,-4.244100444907691,0.0701589192087333,10.062400962007246,-2.727712175790428
TCATGTTAGAGGCGGA-1,7.850433438301112,1.275723163437803,-28.905579351229168,-2.9762648281881545,-4.572437750187365,4.971806508788897,-2.4550215202904067,-0.4321503068713213,-0.10296257225337713,1.630972291714253
TCATGTTGTGTGTGTT-1,22.387212807466923,-3.7145905398188432,5.617376507168053,16.555456229094236,-4.9221214427922,1.3690144931171044,-4.176397880129972,0.5547508278734705,12.692972186095943,-0.8332811023053388
TCATTACGTGCATGAG-1,18.079396146080168,10.553009028136827,12.359863534180494,-10.830071006594057,3.1308469256813165,3.693038497961674,-5.079484231983976,4.208631021558759,-8.88900614019929,-5.381524072653246
TCATTGTGTGAGCAGT-1,20.93526884199799,5.139196119910281,6.121968566091633,13.57463036022534,-5.305744897669989,-0.6275187740025603,-0.7029485651621545,-0.6471862685328063,11.880227981865422,-1.8853521416829873
TCCATCGGTTTAGTCG-1,11.736606816291427,0.9278348365959488,-27.265190850927436,2.455928221524286,-4.810865727972839,3.9211036109126587,-6.670904456838951,-1.5299035305056812,-3.2669305448348487,4.717259466132436
TCCCACACACTAGAGG-1,18.496368800149945,-69.99919670903567,5.975799021079461,2.164867449810868,16.290867344184953,-2.3919069979076837,-18.73126740878846,-7.161138409444812,0.3195100232940893,1.728599949457397
TCCCACACAGACCAAG-1,-41.20501860357016,-0.14757507828348082,3.7152282940781554,4.812356653824786,2.151037076948528,1.3425675015740106,2.129980796107386,9.96059920779582,1.2418216328605753,2.9857350309419703
TCCCACAGTTGACGGA-1,19.19687641813058,-61.06288624161442,6.640980995367171,0.018316832575695052,20.0327762522741,-5.032182467354566,-12.92053099072088,-5.88263834080873,-0.6243270592548222,2.38587071900061
TCCCAGTAGACCGTTT-1,-38.599415438709855,-2.104823304180428,3.5755262580466085,2.5503566286423682,0.6293474457763928,2.9966333458493404,-1.4942032743976146,0.216311046994476,-0.07391482967933238,-0.4123473601162231
TCCCAGTTCGACATAC-1,-40.35741101060236,1.6882623871598383,1.1679373242206585,2.177731407802477,4.966934268193453,0.43688640433614756,5.5971841819429535,-1.8586853442120326,0.15187490368073986,-2.182855816631485
TCCCATGTCGGCCCAA-1,22.483807951488284,-6.652631752891935,7.339115163628158,15.162815381859168,-2.0705582826035354,-1.1569635878409157,-2.224676011078504,0.34392973972971674,3.427025494928123,1.9501934816283475
TCCGATCTCAAACCTG-1,17.53267308143778,12.050166276067714,9.76307490923033,9.364984637060909,-4.931827610174288,0.5981121748632026,2.680201371865536,-1.5507463631211653,-8.814613117841269,0.00399488602728848
TCCTCCCAGTCTAACC-1,-39.63388434083906,-2.7881096846575417,2.9586811207083556,3.884750940162464,7.982212850653787,-0.7376539014905974,7.406265199651205,11.627612303584076,-1.2031612273554215,1.5386355048719063
TCCTCGATCTCTCGAC-1,18.37414618193863,13.21429052563181,9.607996218614979,4.932885716311845,2.3367755693096726,-5.46046725214349,12.850539231376331,-1.5779779922109904,-9.171585209699908,-0.26074962235341603
TCCTCTTAGAGTGAAG-1,-38.56677050883713,1.899254938953348,2.0448883946249197,2.968410297162401,0.10370105722436485,0.9704253962684106,0.2813827458340903,0.6481615090541339,-1.2096549038064348,0.3364193734909371
TCCTCTTAGCCAAGGT-1,-21.131048571483497,15.578633418021397,1.2572325850353465,3.7624157558063205,-3.0928759867150575,-4.872952010816119,7.966691134641422,-4.594729856683581,4.029558106888861,-0.8319889293548153
TCCTTCTCAACTCGTA-1,-26.162759566277458,14.633828325270755,-5.909573214838033,-4.667618178480842,-10.00926461082831,-9.57674886399557,-6.796450720939667,-12.449698859878984,-0.9401991561291949,8.477049244388777
TCCTTTCTCGCTGTCT-1,-5.634976442685041,21.410161885757077,-23.788127990694328,-24.021479364121074,-17.647099222193642,-88.66936774117146,-27.163971895082142,13.04574168852448,3.441785174220952,-8.328215836501423
TCGAAGTGTATCAGGG-1,17.022099722552785,6.826581113546936,12.457204055023476,-6.013900297947419,-2.014940904354585,3.2257190433766922,-9.115287901018,3.855568796764034,-12.14194578208884,-8.770419679883835
TCGACCTCAAAGACTA-1,20.027273117767308,8.142288695240126,7.755344816981415,13.473422826081103,-6.723241662116379,-1.9230595748688906,1.1335390348394547,-1.01177351608424,11.971051792723317,1.182411518366726
TCGACCTCAAGTAGTA-1,8.352018632578803,-6.373421844207947,-9.668769811061988,-7.765743879212552,-6.219304335248889,-2.8401880504234676,-19.84955221150165,-10.27616237030145,-14.842940096362515,30.24414583097068
TCGACGGTCGAAGTGG-1,14.436418108746082,12.172925460071028,8.336169838393072,3.364487017989682,-5.48009966476306,0.3858266438137292,4.7655191998008455,-5.627170678135103,-8.595012704721416,7.386391088322526
TCGATTTGTACGCTTA-1,16.08473152416167,12.207948809839166,8.80824143664344,0.09063884750871676,-0.15423981933041553,-3.339761987848238,5.122842687558531,0.34870087116395077,-2.3405584784910483,0.6169727413378303
TCGCAGGAGATTGACA-1,16.974849269608832,12.243613793357582,10.401567734179267,7.130357943301355,-6.783860409713064,0.5998411175282121,1.0236917630173004,-1.9266567678729256,-5.609785736629819,4.39808024299815
TCGCAGGGTAGGCTCC-1,21.114723654748108,1.462086819562856,5.445456443282247,13.91166296896012,-4.538898983567833,0.8818845086770968,-1.3334562340955127,-0.7991853972653784,9.362559030430203,-2.501060520537762
TCGCAGGGTTCTAACG-1,20.454843996133686,4.1771257556429475,8.066178717970004,13.997022596535103,-6.6253117971744615,-0.8966006161256219,0.4699233059707453,-0.28090757397051114,7.955254482124781,0.308572543158661
TCGCTCACAAGATTGA-1,19.16914773875817,-0.5152511465277598,6.356187145212437,10.727165675185766,-9.048310312584473,2.8558148568050026,-10.852204370978306,-1.696634304053438,8.724142708426482,2.6009956098547455
TCGCTTGAGAGACAAG-1,17.787781841257754,9.318918884095453,12.670994156537784,-6.40660170749406,-1.067298105824472,4.8791264536688255,-8.608763727159456,5.036627312703557,-16.1980503518917,-10.8290844072999
TCGCTTGAGCATTTGC-1,18.10059141193132,12.436922583359078,12.07043032016017,-10.69089942811154,1.038807210534804,3.8214518758344207,-6.1607421869171155,5.416514781797437,-15.718671752415908,-12.569283387348595
TCGGGACGTAACGGTG-1,-16.80342903131607,-24.352809997894127,3.3084744443428145,3.0258041050570843,4.751534436165457,4.355306722428891,-9.80233946550505,-12.81912785964327,2.9974977171578447,-8.950543158952012
TCGGGACTCTAGATCG-1,21.65615883642615,4.691736708436025,6.454140615297018,15.15754443046866,-6.767608679897354,0.203352597467795,-2.8832310803971684,-2.3489130275643664,11.665789497907912,-0.07386938706723933
TCGGGCACAGTTACCA-1,23.147963886470563,-3.9464548864315745,5.474213495813303,14.255408667142014,1.315188341608847,-0.6974269837285538,3.527600186612684,0.9868777565260576,9.748726516516788,3.484993363487072
TCGGGCATCCGATTAG-1,19.007337832109936,9.383588789993112,9.890451473817151,7.85057612884073,-5.506214337052917,-0.28111539419380294,-0.5614826720736126,-0.6569601158409579,-3.4882905085772524,4.106397183515666
TCGGGCATCTGAACGT-1,-38.49376329755097,4.567935078485732,2.0378327756952404,2.2830670630191845,1.2580378337697464,-2.312714079024672,3.2990806251692426,5.853185646215303,0.6463836923919242,2.912188891515872
TCGGGTGCAGTCTGGC-1,-30.022450050768704,-19.488205874712826,5.73568579293587,3.6691103885511014,6.266250696684049,5.358591010244908,-6.177323515639273,10.977181208761554,0.8522728222466001,1.1886331153190144
TCGGTCTTCATTGCTT-1,19.343651287551708,8.367018641875376,9.01753184736718,8.122446973694078,-2.3346760247248675,0.46311438126048676,4.4093025512559585,0.13171045332518005,-5.248815102548513,-1.7281542017414333
TCGGTCTTCGACATAC-1,19.659156287651093,9.068984628171663,7.124246244701732,8.9762525438947,-4.2337052316662245,-0.3638654962571306,1.02794630243379,1.5444640976923418,-3.6941349650216964,-1.2414787092129846
TCGTAGACAATGAAAC-1,-37.55136160523276,-1.4860121447317454,4.510887937294477,5.308549480490251,-1.4108040235538688,2.683194863985303,-3.662388484432455,7.760287069243937,0.7326217863233435,2.536377514609923
TCGTGCTGTAAGGAGA-1,23.875945929065942,-5.552288314381798,7.027939476948503,16.305583115968325,-5.858263097206912,2.4083477145943677,-7.0750427666257565,1.110621838066324,9.068794165719675,-2.4846640265320428
TCGTGCTGTGATCATC-1,-5.847740228547799,11.046254028465015,-23.238809116568294,-31.134437730356613,-30.305733940626897,-107.91678361821022,-26.32192840844034,19.394036852651357,6.953120551610241,-19.89108404162166
TCTAACTAGGTCCAGA-1,20.051381765479192,9.007089088924047,8.084231913136884,-4.35931342899581,17.24179162211744,-9.99947414502926,21.482661147603423,1.235340522817057,-10.280633846779738,0.9338996492443756
TCTACCGCAGTCGTTA-1,16.943064379360784,10.288274542161957,10.467095460523698,8.123274612428494,-7.966064577589474,-0.4935124863651543,-0.634970261241703,-3.317513235402125,-6.144188574106518,7.517568850895303
TCTACCGTCCACGGAC-1,23.74536754450684,5.778280984077341,6.794465960468434,12.26118648274505,-0.6066789479848556,-4.473214752466001,6.997938042569597,2.1542255547346647,14.662430483981048,-0.6620657587884007
TCTATACGTTATCCAG-1,-39.43468759664728,-1.7594174575066432,3.4185649015570356,5.356492888439049,3.8696767341388405,0.22602240740627844,1.8618631013700515,10.367380422169337,-0.17485871191887026,1.6845909614413734
TCTATCAGTATGCTAC-1,-40.56489248059041,3.366795649982649,3.181056923524666,1.8630001713852358,2.2353026314057196,-0.3204294189576171,1.4356013923830169,11.091422045113784,-0.2654480505729271,3.959036172180923
TCTATCAGTTGCCGAC-1,18.39551940228198,0.8691105164177628,10.487922282022094,-17.81013857752839,23.08628042596431,-6.7779675753464455,16.211610277716368,3.285980109671099,-2.296842735094942,-1.615739869369417
TCTCACGAGGCTCCCA-1,18.390350968093593,9.564229529180594,14.360124103527635,-9.149114984078214,3.841955951206934,4.405797345230236,-4.909655888202485,9.254956181836233,-15.128099921563798,-17.58693819792829
TCTCCGAAGTCAATCC-1,-35.03404574367905,7.2011624577076105,-1.6031267082284186,-0.9261270612445265,-4.264539582367281,-2.0805581910504953,-2.1651572637211505,-6.132961717987745,-0.9784651985124244,2.566121168934871
TCTCCGATCTCTCTTC-1,5.2596208966518905,13.546333255027776,-34.01058421575364,-11.505751828517795,-3.9422427614187576,3.16059823128609,3.4826970698486157,-11.164777961085317,-16.351029104224615,28.09105133579459
TCTCTGGCAAAGCAAT-1,-35.98043125013305,7.911707399898745,-1.983227869808231,-2.5553636011150984,0.5180560243170653,1.395730063748677,8.101399824548636,-27.82422856840399,3.0824087047793354,-14.193268567169557
TCTGCCAAGTTACGGG-1,11.943293849975348,-27.808060997066022,-6.635367002860495,-9.269817246260295,10.7244936174539,-9.288081390855899,-11.771213695083048,-11.88573968657903,-13.016415965064638,25.170379355420998
TCTGCCAGTAACGCGA-1,21.4020242798927,1.0225545724265572,5.748588888300622,14.700675313354523,-3.1213162973914663,-0.24652575763791118,0.49151128330846916,-0.9325577303113546,7.772794255798283,-1.23030880139641
TCTGCCAGTAGATGTA-1,-40.07929232807251,4.488102944267723,2.2259323307093606,2.037033449923936,-1.0189764484105552,2.063856104213863,0.38789098693094815,-2.2793517791311477,0.167120637244216,-0.9794753073172462
TCTGGCTCATCCTGTC-1,16.67906960646992,17.045964054410987,6.778482669123846,3.3324978440223143,-0.9229780530271903,-4.274810992287211,8.88467842886785,0.4296940501459563,-2.896919669391991,3.729307759772948
TCTGTCGAGACTAGAT-1,-38.268875377361184,-1.9408094923958572,3.5030855923818733,5.1639276912591825,-0.3216101810539662,2.7009631532152607,-0.12293854644755342,5.333550658653905,1.1220283357801686,-0.5385888839664354
TCTGTCGCACCAGCGT-1,8.033026643418186,17.709225909901505,10.71943846493782,-35.6777336661817,8.710253050662384,5.711649876644342,-4.3357017734615315,2.7223881955376648,17.274986120788732,2.689295860555004
TCTTAGTAGGCCTGCT-1,20.970644058534596,8.30320186305805,4.042056580898861,14.093406743356045,-1.3042480721334329,-5.675954104777496,9.328305958698639,1.1607299986713784,14.535248280842103,1.3603900169639507
TCTTAGTCAACACGAG-1,-38.777318803623096,4.524673290352226,-1.1231200688859735,1.5924656536824007,-2.132802490650418,-0.276422745190235,0.8471308826491573,-0.021558427129861002,-0.1625832478610556,1.59316152093053
TCTTAGTGTTGCCAAT-1,-38.72707524501758,4.501687841932707,1.4176400992217761,3.503201524055622,-0.7337219564850646,-2.2574107149155576,0.16460421019501226,2.668255310217818,-1.864823194976777,0.46415652926413564
TCTTAGTTCAGAATAG-1,17.14297991146088,8.492839796580213,12.073776520031982,-13.421319580193495,6.8715831795778906,3.8867170940510682,0.36447702895822687,5.263085963136115,-9.34635683400526,-6.144415881501834
TCTTCCTCACCAAAGG-1,18.317325504689215,-68.23071992348709,5.310948997616349,2.0260462988058796,15.758052304721472,-2.0156032559028585,-18.786169295221846,-6.658500149117142,0.6831762374096275,1.675467842815255
TCTTGCGAGATGAAGG-1,18.95937744586723,10.034776154448593,6.578398592817402,5.129690795617849,0.37007810593616064,-4.864453569926754,8.466832149640176,-1.862721847606959,-1.607445182863086,8.638877339247651
TCTTGCGCACTACTTT-1,12.043443851335606,3.4696648963282968,-40.9111903461765,-4.929320950005341,4.541363871661254,3.8375291078449996,9.133943016674312,4.316124733407939,0.3969922682993625,-3.8016812743631947
TCTTGCGCAGAGGAAA-1,16.842292618759014,6.6094543935977015,10.172369731995628,7.484613652214135,-9.919515726235932,3.6164044254044985,-5.986615407158579,-3.3310744855742067,-7.051974040937592,3.510286460276358
TCTTGCGGTCCAGCCA-1,16.052561203795364,12.163776667969373,8.612344327065708,6.78271732444613,-4.340573873882153,-0.7764960748036485,3.7771827916949263,-2.0763426305000863,-5.995263945702767,1.5034703700728498
TCTTTGAGTGGAGAAA-1,13.79180080094486,-2.194796647734492,-33.38572804548253,-1.6153653784620037,-0.5354921337448992,3.2990560886735416,-5.71037389122022,-0.7766376202934451,-4.978554935570056,0.9911821947431263
TGAACGTCAAATGAAC-1,18.491471880225387,6.071243191053895,11.005476888161448,-2.636533589573316,-0.05143072885890554,5.492100877886568,-5.9715518425961935,6.974389070432352,-13.822456762754953,-12.734658396122425
TGAACGTGTAACTAAG-1,18.824406344037868,8.314100401778305,8.363135129903625,8.175894163822754,-7.4986646124983025,1.7779094845058165,-2.825487684353906,-3.6916025171352387,0.2307378237552593,4.887699419925362
TGAACGTGTCCATAGT-1,-19.98685230192823,-30.00146386023765,3.0039625284315754,4.903490979943021,12.182095631512485,-0.07680287807458264,-4.2692004710039395,8.766368872555647,0.0887536930082089,1.2977439839270264
TGAATGCGTGGACTAG-1,12.6793759264065,-0.8650676205894712,-33.293263980938626,0.6632780449933038,-4.631972913475817,5.647545229805068,-3.3560483428848613,2.8257406962529057,1.9370040025818125,-4.229016625297917
TGAATGCTCGACGAGA-1,-40.07768397606978,1.8456722402983559,2.4463267898470455,4.763403735663586,-1.7246995829873573,2.321636988531786,-3.5432020080650197,9.034022286064932,1.1688355436460014,5.13847525073272
TGAATGCTCGCCGTGA-1,-36.74213688857734,3.0877624450591696,2.1029877043057716,3.310893743471211,-2.3164152259021744,2.5588609667559465,-1.36992483400096,2.0432939788998112,-0.9379422540716529,0.83279825021715
TGACAGTAGAGGTGCT-1,22.318999984480165,-9.807243669698416,4.93160691912853,14.420668414668409,0.18840299974481667,0.8649635164502709,-4.485217897529459,2.2096316903805295,7.97846757561558,-3.1270993073220756
TGACAGTTCGAGATGG-1,12.5428185805515,-2.5014825776077316,-28.595216773386102,-1.1162577310208044,-3.7532125716740055,5.989982350249548,-4.734033561911042,0.7119036253342861,0.5330651693905941,-1.47543375118097
TGACCCTTCTCATTGT-1,-35.20123154736605,7.636232537417712,-1.286988014362918,-1.8341087156808018,1.7290762287731596,-1.4605188230191997,7.572455150576548,-20.47169637322061,1.8580106343029466,-11.354921661090195
TGACGCGGTGGCTTAT-1,-33.34084262832057,-13.360402855444462,5.395650694572052,4.424426658578063,6.838279244609895,2.655188351563136,-2.5459243436201273,7.1304525032005195,1.4103424260939392,-3.4622903263182234
TGACTCCAGTCTCCTC-1,22.57308458316793,6.317270317803477,5.0790075656713345,15.875549733896205,-3.905890587870065,-3.085499428992121,4.739914986692106,0.761767274940957,13.095976048925994,-0.062381907722892205
TGACTCCCACCATAAC-1,-36.395055475499944,-3.8543532120789195,3.0664946942726736,4.971170315728153,6.135745730776694,0.015588716874610942,2.2853053299386765,13.603925907440452,0.48058840723853824,2.0874084023845776
TGAGACTAGGCTGAAC-1,22.21677704937901,6.140259957365103,5.86444605109937,17.772758691698968,-4.896149842353733,-3.517525736533636,5.299176877939047,2.2938441178135385,11.97572514203821,-2.4703211592164838
TGAGCATTCCATTGCC-1,17.095744062295715,12.093314687881886,10.901381586085833,-5.684369051424708,8.106204329114032,-0.4253540060917447,2.9312617347962586,8.871341711702316,-21.38378512633742,-16.55469960639741
TGAGCATTCCTTCACG-1,23.127504365748628,10.058818776326262,7.334391418243522,9.325549524360554,0.4445150987010873,-5.282510412709778,10.603425045944437,1.4611963844957456,5.6911793763216565,-0.7229925414617879
TGAGCATTCGATACTG-1,19.22691422468834,6.678352645658535,8.73011499365442,9.87169077024226,-6.7625903833857315,-0.2641461463683217,-0.7785542691274276,-4.304496344164115,-2.39774547169488,3.124115281691371
TGAGCATTCTGTCTCG-1,-33.99825165349431,0.2566029621656014,-0.0006168876799312883,4.833789977104902,-0.2950354772964676,0.9712213797864706,-3.3759374535534885,-0.8753818468504324,-0.4569817483624481,-1.1678753865495302
TGAGCGCCACTATGTG-1,-41.10931856578471,6.2899507456988175,1.7019760316333437,1.351023836271526,-1.2694085261278865,-0.4244649965981899,1.3798992305071316,-0.4557625292638283,-0.11011200981867453,1.6781788654998016
TGAGCGCCAGCATACT-1,-40.62851996949794,4.186790181168604,1.0816140279708346,0.7634255236114769,0.34792116178253707,-1.4619132960013035,2.737810890263809,-5.252589462470193,0.17640686689626173,-0.8781363887427589
TGAGCGCTCGTCTAAG-1,16.643085883788135,8.486156730010634,13.242714312078588,-11.306526245052053,-1.1382816583821036,7.145020940288646,-8.778976718875363,3.2165137733419336,-5.277201826742392,-5.173731477365805
TGAGGAGTCCATCGTC-1,6.5160674118913064,8.952997122387558,-30.301432506298337,-4.166616525712065,-5.202530064412567,-1.2055548464369403,-2.7491148326271855,-4.755995777888019,-8.374858976165521,9.761195387296112
TGAGGGATCAAACGTC-1,12.62293587004584,2.344660454824634,-32.01862393259618,-3.2430088290547627,-2.647774665663798,7.182478204089241,-0.7676642109155214,-4.096535280519914,-5.896152969034633,12.66290741369376
TGAGGGATCATAAGGA-1,-14.269859709988694,-21.090231748953926,-3.801617328920348,-8.920970288876067,30.472808015848205,-16.39666823141851,25.82990048388524,-42.98194027832001,5.278890278296388,-17.04298808597794
TGAGGTTCAAACTAGA-1,-34.43566740923538,-8.047961808312252,2.5830499625719665,5.185008000781567,5.2377300358701575,2.8802883912564115,-0.09662004224948006,10.242916448583307,1.3224865111206838,0.1952607376215263
TGAGGTTCAGGACATG-1,-38.36772459460991,9.02163970528926,-0.4989847534251206,1.0093472777683214,-2.560139803846665,-0.19309199649007658,1.1892415267089937,-3.1363373703903457,0.20715956040603833,0.5637764382508896
TGAGGTTGTAGCTTTG-1,-34.16556823842535,10.55624268005917,-0.8426274601573347,-1.4787000423474836,-11.139063832178241,-1.2803584809619815,-9.425349021537428,-10.309917391354539,-0.6837417837414106,6.115948136826507
TGAGTCACAGAACGCA-1,-40.40859176016118,5.652461831002711,2.068471320475066,1.6966582526888139,-1.5447268365686178,-2.407419611099525,0.6390976840725457,-0.5810990347462912,-0.24700492986851308,2.092227834663602
TGAGTCAGTAACCCTA-1,11.181039019852367,13.33206361176154,14.956674481002217,-28.176406075325147,8.4000709542248,6.016637308377813,0.015920159761165564,-2.135010292745573,4.32593887848706,1.9797986920927877
TGAGTCAGTCACTCTC-1,-39.53794985240354,0.3175363001970908,3.607790521202482,5.216896385595999,-0.04305196628319763,2.9380720990782905,0.23986063241787647,5.891841949262178,0.35224622946162487,1.2846182110235569
TGATCAGAGGATTCAA-1,-38.314408819216325,9.218727105487304,-1.3327888857062957,1.2412060422327875,-3.5735034956705753,-3.712551210025898,-1.1812512216957547,-3.1014877467932496,-0.07576102072470015,3.3626941088300795
TGATGCACAGGGCTTC-1,17.702980004626788,12.724941383548142,12.487197323820741,-14.627057305954631,4.105807873120931,2.944135289399883,-1.3000713823168688,3.563973602049952,-5.035592457308901,-5.9410153405848085
TGATGGTAGACCCGCT-1,5.581898317940061,21.5400598993605,13.792952309701263,-35.26916662460836,2.8845581818734125,8.065884544311691,-6.302355914173569,-3.34142039943373,7.667412361031226,6.971903516118778
TGATTCTGTAGGTACG-1,18.283847516018056,-69.82880125897661,5.9003998344991135,2.3512100926495725,15.726285826358303,-2.1851499821104787,-18.591389946019476,-6.530681861606772,0.24407288162699903,1.6494020480349547
TGCACGGTCGAGTACT-1,14.985608693948574,-4.543615107102674,-33.14689244916394,1.0134777200085905,-0.9432037323006135,8.562181632589903,-2.2861965003960147,4.419037650070386,3.6911691395451434,-5.471153716158317
TGCAGGCAGCGTTCAT-1,20.24339335384066,3.179272942780287,6.0238661745040964,11.59651946985415,-2.9052928047355895,-1.8354192641336105,4.42404699831134,1.3133811690396993,0.481573867154921,1.2420972849599703
TGCAGGCCAGGAATAT-1,21.805885904822084,4.564206849675685,6.553722535643823,14.165104047240217,-3.941689319493907,-0.45941686745878973,1.2678090671485407,-1.3286501180645098,10.30640190345123,1.5946418703215572
TGCAGTAAGTAGTCCT-1,12.029014332941639,-0.5525034195617167,-33.71700159066623,-2.9371578527364988,-2.1242988872943727,5.576120752180133,-4.81849700781672,-3.3531561832009285,-1.5436849069469571,1.8107817572531884
TGCAGTATCCACATAG-1,-38.82580412731894,4.351202102135659,1.3750691451176467,3.340630027802939,1.929520992736494,-1.7560591749023942,4.136560856923293,-0.007482929066079613,-0.06430809541036897,-0.7060919784988093
TGCATCCCACCCAACG-1,13.110952635270888,-2.37543924903558,-35.173492478746205,-2.664624016856599,4.756749896175611,1.3891564567216186,5.545532453159229,5.4147467526949065,2.6880573639236687,-4.617039436874017
TGCATGAAGCACCCAC-1,19.491153171014528,8.658727696175674,5.956669473439366,12.928388744024286,-4.074900336202184,-1.2076221744956936,3.440402285976269,0.1154387788322273,12.584408721949801,-0.9946585500812919
TGCGACGAGCGACAGT-1,9.97531872896023,13.16120215028775,15.597420279799106,-41.32897627316972,7.778375514332785,13.393098411088275,-11.116552895011072,0.5877674490245575,21.00106701356956,5.765504799282409
TGCGATAAGAATCGCG-1,17.67284024308465,7.360394896208177,12.731949194265633,-6.107217767576303,-0.3003856057610754,5.091754265551876,-12.80964480364239,6.700099144493633,-15.20333638254571,-12.236838022735897
TGCGGCAAGTGGTGAC-1,19.680223106599,8.570019306560098,8.642905588250798,1.7559107986181894,-3.734314873888337,2.944516623401002,-2.395860555179775,1.4286278743580567,-1.7983564160747798,-2.0011830718663397
TGCGGCACAAAGACGC-1,20.970851161978146,6.84041343549336,6.370212725543282,11.023751466133826,-7.022814278477146,1.7622806137856846,-1.7382833465404808,-1.314016523973006,3.873060143189596,2.943654423346749
TGCTCCACAATCTAGC-1,18.22732073721847,11.71899170181338,12.57152261131356,-7.751404077179048,3.0611480236967505,3.0380424882746535,-3.9481212529611813,7.09908685923671,-17.57043058443716,-10.701272264013413
TGCTCGTAGACGAGCT-1,22.26921604899449,2.536208956071164,7.8654071161891,13.277822004830135,-6.544812722412821,1.4730737410371177,-7.0023146393756495,0.35409573017203666,6.945803245018844,-3.0568237392300333
TGCTCGTTCCCATTTA-1,12.84386651496693,-4.228746678191598,-31.069439485289866,0.5768636888639065,-1.5475683302990397,6.959716167987162,-3.048392033038441,3.1029488549235484,2.588261564274738,-3.65545960433261
TGCTGAACAGCACAAG-1,17.626150137579863,9.650218728040088,9.021509243133961,7.427351472656149,-5.159269019920455,-0.6537397757235344,2.0190477997043033,-0.8815481488131374,-4.8762127451824115,4.789508887778133
TGCTTCGCATAGCTGT-1,-29.60322718934563,-15.371165906981425,4.474246817661806,5.865174716066491,7.040947577416361,2.49246082351471,0.09042266951765043,9.344918316306188,2.3210988755728725,-3.235588402051669
TGCTTGCGTGAACTAA-1,21.816987685207497,2.964196791541326,8.18792972041121,16.222801910024057,-5.912256258951675,-0.8283446553626481,0.30680997291761614,1.0546153579634607,9.634652621625015,-3.0155714982029753
TGGAACTAGCGTCTCG-1,-35.62819614861033,-3.3086396515944188,2.9832949366342314,2.581186945593362,1.6509019273884231,3.4874126369589664,-1.1261376578286875,3.0775766996023854,1.2199404072512738,-1.269113559755806
TGGAGAGCAGTCAGTT-1,-31.241606039671844,-12.70727668890298,4.285669452013868,6.762199802505851,5.160568640446067,2.4415660749489465,-2.9599185406126125,14.541377823159905,0.7986828494429616,1.40828812601539
TGGAGGAAGTAGGAAG-1,-36.18725489721194,-2.922687372385184,2.4071963443171542,3.9958504400368917,1.8905975696086816,1.7091650402176888,-1.4149712482662462,-1.6825438856069583,3.2165742565254387,-3.119279615356362
TGGAGGAGTCTTTATC-1,6.1486902584262975,-75.60807150453378,16.536719940070583,-30.924474066130802,-60.589143800695126,2.6891377804796424,20.343161983390587,1.384538034602711,0.8691250256009604,-3.6076541215778484
TGGAGGATCGACATTG-1,11.27568610940239,-22.814319800323027,-33.87327898643153,-8.687358580500009,29.696474640197792,-10.749780796373296,26.47168006792655,1.2003314935883385,-0.9796145466719286,-0.10331769290279214
TGGATCAGTTCTCCCA-1,-36.47099324414806,-7.724329879624669,5.308728573182764,5.704913894298791,3.014768035638685,4.042169160645492,-1.4263389449663446,12.97686392785063,0.5985504094941569,1.6795959732583188
TGGATGTTCACGGGAA-1,18.43839300235008,8.329547290038562,9.547603138770711,-9.583115158967185,8.278392468753045,-3.727585261109014,2.6026099068242594,4.0544259207483595,-7.115291904540076,-7.604780119695631
TGGATGTTCTATCCAT-1,18.651847551238575,-69.87186987677191,5.92166605827398,2.3437071762144392,16.043004774829175,-2.1940197728119855,-18.57194237917822,-6.855254021332349,0.5088809181514178,1.6282404889600612
TGGCGTGGTGGATTTC-1,20.03950433299989,0.014772839584537678,14.638047871366552,-5.3447065551616095,4.451156151535235,2.7948817657047424,-9.637794495735445,7.887221141474523,-23.253532842465503,-19.698516595460326
TGGGAAGTCGATTGGT-1,21.01069172414534,8.202236603590066,8.37883592349469,0.12566922175202877,3.3583248129946455,-2.318802016248787,5.898084641712135,1.8954862806715145,-4.161783137417345,-3.275568217686363
TGGGAGAAGCAAGTGC-1,12.927177719231535,-3.8346958073253035,-31.591594330563073,0.8214827536072655,-0.9495021517427702,8.267470243956861,-1.6524713511284919,3.8594421710440354,3.2690354483424775,-5.965970773551437
TGGGAGAAGTGGTGGT-1,-38.24950138699213,2.3362607038653067,2.0631817706563487,4.6095975451872375,-1.2131759441702137,1.3168342415901133,0.9705953744130262,7.876315903798355,-0.3231160815138676,3.7298297272481324
TGGGATTAGTCACGAG-1,11.264599369658114,21.71458114415249,14.19614707644197,-45.10423883263116,15.73627375551199,6.635280628585297,2.2117793446632064,2.4635802976184955,19.990164328653456,10.424233138288844
TGGGATTGTACGATGG-1,-35.470934449050304,8.534134534359524,-1.1453318002685844,0.31383727011341533,-5.68263811213599,-4.705973632934618,-2.29942457889274,-2.148991484448463,0.2211864604789462,4.915506973284652
TGGGCGTAGTGGAATT-1,12.049450453020645,-3.079109241221154,-34.82773444313063,0.2414643949077293,-4.06121661798479,10.222543682512814,-6.671792291620347,2.2779553638550976,1.2940324122760511,-8.484273917706611
TGGGCGTCAAATTGCC-1,12.090120317790198,-27.723220009839977,5.876403752356548,-23.862606799167942,32.25798415542077,-7.404371708733383,6.8787985471070066,-6.979392102697629,13.34905572089457,5.120957655885336
TGGGCTGAGAGGGTCT-1,21.713333597936142,4.937391285269825,9.043340710637395,13.885246265979916,-5.878538293207988,-1.015957155500487,-1.2286644069908448,-2.831379804161978,0.010726682077083716,-1.096438348735103
TGGGCTGAGCGTTAGG-1,-33.29864141700335,4.421691561760383,0.4860200286655454,-3.784086416327114,-7.424970093397452,3.7439387498526084,-5.229033423413611,-31.97091597891156,4.069839577998683,-12.403028400586791
TGGGCTGCATCCGATA-1,12.72294691080522,17.61284964915741,-11.553613321377089,-9.733997763104647,2.360920453527129,3.0868348086290256,5.832509227727062,3.562018879016067,-6.773760969618925,-4.566060870585481
TGGGCTGGTCGCGGTT-1,11.132670013456082,10.430308047217437,16.802132332792656,-36.54646800591082,6.791604886196242,12.649259950306734,-10.921867276704605,1.55517044277493,18.61435025941064,0.7114352586016761
TGGGTTAGTATTGAGA-1,-33.8486792875203,5.277035824047289,-0.16077294250486762,-5.249423918182627,-2.151220960479007,2.144797026710295,4.8214810319525725,-35.23373091324073,1.7280615249769598,-18.218620703869902
TGGGTTAGTGCACGCT-1,12.030140920547836,-2.0499762290226755,-32.518862566132974,-1.3109578482937088,-1.9979286163541943,5.009983446516542,-4.4895539973235525,2.374342559864626,0.6248949372443098,-4.294966623985334
TGGGTTATCAGTAGGG-1,-36.657333244954685,-4.2528272278361285,2.8575755723063976,4.823645016248368,-1.0169686817178007,4.334233763800014,-4.740526344540049,5.4648486072857185,-0.8004371674978976,2.5691891485360037
TGGTACACAAAGGGTC-1,19.653867790467135,5.636048065206722,4.661307311329605,10.172114204447881,-4.957015459461907,0.45107917063831104,-3.4633781701651802,0.6738656851593525,8.091366915978153,-2.2042395170407003
TGGTAGTCAGGCATGA-1,21.12555133286373,2.7404903582510656,6.895916937307034,12.216743928387272,-7.208154812137273,2.3152596426572583,-6.416812646780638,-1.089253801231088,8.752217906442523,-0.9063154511489411
TGGTAGTCATCACAGT-1,20.749766989477575,7.585191946722674,6.829221175263227,11.044270660007896,-2.4556608380203464,-2.678656274940439,6.935187220039957,-0.10047663422219877,1.800386684260694,5.345686387170339
TGGTAGTTCCCTCATG-1,-34.58319664381966,-6.964889168141845,6.078256701886421,4.6921261457319625,3.7286599015391673,4.2282478898066165,-1.0751602882435254,13.479549989704562,0.0560950130881539,1.7863969778818785
TGGTTAGTCAACCTTT-1,17.77663603634213,-68.992187685335,5.713918741741219,1.5692916736391327,15.746425987818881,-2.3258013845766365,-18.9925474596414,-7.381244663916355,0.480480823444817,1.4733795127932756
TGTAACGGTTGCGTAT-1,12.792138858284382,-78.28449006642218,13.430741577711935,-19.630994000461527,-35.03344859600951,0.49440446430915896,8.27993109731944,1.1268690082935704,-0.8456544486612849,0.5814436683131519
TGTACAGAGACTCGAG-1,-40.41221436933697,5.496910036490988,3.297963344970854,3.383621195746839,-2.1727445937356435,1.0528097996144443,0.13651272048186058,0.9607697976739136,-1.0281885044543702,1.2916499113221322
TGTACAGAGTGAGTTA-1,-41.27762100458119,-0.022447100489259242,4.988511343523152,2.104653998570923,-0.957682742562751,3.389872988230823,-1.2193202888670598,4.137847453109826,0.2836519280907126,2.2503574634607246
TGTACAGGTGGATTTC-1,19.381537843712557,3.7795083608637725,7.380512487997962,11.56215361033478,-10.78812198525613,3.5133275614453616,-8.372092469665787,-1.9163704687107166,7.169874900104899,0.8397964877396193
TGTAGACTCCATTTAC-1,-39.190883661115194,-0.7657967716335179,3.5685372521620797,3.8335320000697766,1.998485270455678,3.422002583172824,1.124996503370454,9.75266140858662,-0.5718061929143177,2.1542371785591907
TGTCAGACAACTTGGT-1,19.875809424627235,9.59765188099648,7.9449803782000625,10.089264063138243,-4.061972544891699,-3.073248427630138,1.2546903932637719,-2.0859498985117115,-7.422050478281685,-0.9515084630633042
TGTCAGACACTCACTC-1,18.020817409535088,11.682403091383293,7.648073570077836,10.346686129675263,-5.338144554417198,-2.2402408085974437,5.161218955440631,-1.3481529585879093,-5.236841932622948,6.094228056842486
TGTCCACCAACTGGTT-1,16.39439619434687,10.570542938944698,12.25753353150424,-9.265034344443103,0.2691146987578499,4.379534277127253,-7.395568486361137,6.373737189093694,-15.72421190420923,-15.091510870405259
TGTCCACTCGCTTACC-1,8.608672900751962,-6.628459646924959,-9.64941245089437,-8.699489911421745,-5.079960648140911,-7.032441591375835,-18.459994843431016,-8.123659604602855,-12.790511644019483,27.864729882810913
TGTCCCAAGCTCCATA-1,18.43026138489457,9.714888017490523,7.689299973180756,5.128775182612647,-2.5823993744850355,-0.8424257429128685,3.8016831362793226,-3.6385754293130548,-1.776970096031892,2.7429153985060544
TGTCCCAAGGTCATAA-1,14.024886597310065,-3.0230713533565137,-33.35538914473986,0.1267258763302488,-1.8860018849208515,7.071805300811608,-1.536888399629003,1.8218259451261813,1.7275091942207514,-4.844118910829524
TGTCCCACATACTTTC-1,22.86118390173532,4.637035338734307,4.678019667048171,12.191975985034816,-1.4926895965410676,-3.3171999744930742,3.228134204083144,2.4664763292923997,11.895480628543059,-2.6277008069204184
TGTCCCAGTCAGGCAA-1,-38.03831943606431,-4.932840003323278,3.025433140715403,6.106036251576876,3.6547301666056846,2.9393404714913096,-1.0218111855267011,11.643419156610719,0.24297748786892592,0.8641076301451063
TGTCCCAGTCGGTGTC-1,-35.804321742741365,-3.3524567145301845,2.177689841374082,1.7056235741540764,4.949971462173316,-2.0059690322503902,0.20979797450064908,5.037355689963972,-0.1008854369205785,4.451777580043366
TGTCCTGGTACTTGTG-1,19.63009170281884,4.9688592375616025,5.804269244105174,12.160052672735532,-3.645006037674545,-2.4004833581949603,-0.022646691473642733,1.4140483430617934,12.548222379692323,-1.9760193766942837
TGTCCTGGTTGGCTAT-1,14.722165076888762,-3.511881146995627,-35.57866056268605,0.11753844162129945,-0.7915508594338014,7.09838916554642,0.4185766910111042,5.526197536190649,3.791806040213195,-6.113160265452459
TGTCCTGTCGGCTATA-1,22.189520077460873,-8.649775479555167,4.487378679613727,4.773031562268896,21.991085468946352,-17.088450284065125,29.08430404063524,2.524392930635731,14.06081738191851,-2.3905689789078846
TGTGATGAGCGACTGA-1,13.263475576243136,-1.227773688155736,-30.82774270454482,1.979029022370098,-1.7112010470501406,7.014211341277699,-1.962624929844111,1.8923970787421185,0.13112360966477343,-3.8939336729168357
TGTGATGCATTCTCTA-1,19.221336066408593,8.034143376808188,8.682056050616568,11.58110531659285,-5.004937527171901,-2.4568575998336195,1.921368932266759,0.5744777365687836,-2.7446491764075622,0.17802429167444922
TGTGCGGGTCGTCGGT-1,8.505022143486686,16.684090084239116,5.481008943862354,-26.877197767180046,1.354067959469198,2.2148004856088415,-4.796208256196124,4.056831312420737,17.916600185749818,12.369890685033482
TGTGCGGTCACATACG-1,-38.094048022247144,6.423051764797023,0.20783099270434313,1.7764609296744798,-3.034834845830895,0.92343790710374,-1.5110459482897305,4.4291518110749415,1.6167809445853878,5.0852153518383645
TGTGGCGTCGTACCTC-1,-30.17195005290528,-18.815206532783336,4.0627434275529035,6.084788024547606,8.55323094949961,1.7451188875622043,-1.2050709425908597,9.847199866050065,-1.3955887695301359,-0.6353245511603332
TGTGTGATCTGACAGT-1,22.664534461796883,-0.10051601418129508,6.821259806055178,15.462129426252792,-6.458516171362266,-0.13249014243282176,-4.3893911309493046,-0.004753534678166638,11.190926873135728,-2.6730177854628847
TGTTCATAGCTGCCTG-1,1.0895256916486389,8.232001438510878,-5.203876237596334,-11.187229912284874,-32.01482680231072,-15.453559918015015,-3.343086422865335,-1.5713625584059185,20.454628474604412,67.575613889888
TGTTCATGTCCTGGGT-1,16.233682023648246,10.53459998578846,12.223921056444858,-10.3320393225805,1.4818313599133077,3.7403720973477492,-8.976953357157711,3.509101121678352,-17.40916053694383,-10.124416328325067
TGTTCCGCAAGTATAG-1,12.382465252268368,-1.9448744877497148,-33.877915068607365,-2.944894516370834,1.993684145942229,5.95089886844403,4.504217003752068,1.838485570865366,2.731783939386076,-7.205876024125363
TGTTGAGCACAACGAG-1,-31.032331150154903,-8.18975917337437,5.26033221935208,2.2990574331365705,-0.8511569223863269,3.6321663045909265,-7.754953662061171,1.982603712641259,-0.0032970762798745223,1.0662287755654658
TGTTGAGTCTCGACCT-1,11.953837386063979,0.3657348346914233,-35.13824591745827,-2.3875896226669826,-1.3972201918702574,7.5003398498373155,3.5720926575383913,3.2095822793951996,0.19689989697531196,-6.591184719872889
TGTTTGTGTGGAAATT-1,-40.809837232113324,7.276498374578111,-0.1910456280177577,2.4325930738131594,0.7530645743786,-1.020105810984546,2.6503800719325454,2.5612187786480742,0.07416409100474985,1.112796245106432
TTAATCCAGCTACTAC-1,-41.60721578584289,4.550509986474879,2.3425670402255676,3.4792886335540634,-0.022066453633975414,0.36458911000245253,1.4263210360392087,6.778974171873704,-0.49596409922920315,2.735839056038653
TTACAGGGTGATTCTG-1,14.880051970611499,9.501066887952078,11.441509055976821,-13.993661488189156,2.076725327084752,5.436692709775714,-3.537225234327993,-2.0773159252552484,-2.6473202368267144,1.3935587841536894
TTACCGCGTCCGAAAG-1,-28.38382105126052,2.5896432426533806,1.8515824694075977,-3.053777331428957,-4.76180708909158,4.48923811868581,-1.888068987798487,-33.93078329167746,1.9858185553528271,-18.363692916071447
TTACGCCCACGTCGTG-1,-35.81523594605455,-5.507392822690441,4.86036891234639,3.2104981850476673,-1.517963036960456,2.8616977760700477,-3.8381415149233913,6.962885096678024,-0.6675713647554014,1.3704622830089013
TTACGCCTCAATGCAC-1,22.31500687161716,4.204737881902474,6.051992655899325,12.808353132309525,1.2244321566519574,-4.339018539079042,4.51939818078041,-0.3057057293955303,10.906170302678866,-4.307597663760405
TTACGTTGTTTACGAC-1,8.578730108553929,21.592323619501286,6.73545660001826,-9.984636779672945,0.09378213439253535,-3.8536948889291445,8.302044270330121,-6.440920959428937,-2.217725597526437,14.481180929592407
TTACGTTTCTCGCTTG-1,19.90955824578893,10.067088765310828,6.534632310257578,14.336313624647927,-3.8446247684110233,-2.8104289312193957,5.005499348704781,-0.7721846967412223,8.785180665442992,-2.323954099425417
TTACTGTCATACATCG-1,11.327592763063347,3.864085768750755,-40.22251152497903,-4.354990809018911,4.517253924218043,3.2772486397374783,10.438042440351651,5.496775550104433,1.6565198213635706,-3.7253193117025196
TTACTGTGTAAGAACT-1,-35.51717419721459,-9.484836411468244,4.52899405108329,3.083327299267319,5.952077283964295,1.5249877247157477,-0.6046624425726659,12.322226942587399,0.6834469290155052,1.320932193561777
TTACTGTGTTAAGGGC-1,12.06901249719736,0.3947385527353191,-34.756546083580446,-6.154069398376858,-0.9366339184973693,3.7371306654774124,-1.7412958520876352,-2.412361187558897,0.263698187417835,-2.9536986784818353
TTAGGGTCAGGTCAGA-1,13.205412898304083,-29.295605751485013,-24.387335347187385,-2.304608412087632,25.230960622221765,-5.569902387617423,18.28266456222316,-0.9196915010451274,2.5764524697635727,-4.776939992361044
TTAGGGTGTCACATTG-1,16.616853246127263,7.702620680080926,12.840351405766228,-3.5897435506006246,-1.9342792219210239,4.949231652123018,-12.596032915517398,4.526692371662898,-18.204518948042644,-10.22327279800594
TTAGTCTCACGTATAC-1,23.987000329599283,6.81207936209114,6.523356092409424,14.673130239689684,-4.026029713703199,-2.1376638972091793,4.512496626763664,-0.8626264616961139,11.651257227011238,-2.2966714488080884
TTATTGCCAAACGGCA-1,10.86182307754444,4.116211434594419,-31.498029686348442,-1.3207507171145347,-2.7647183350975144,4.2366647523580685,-2.156738887112109,0.34718694163002084,-2.9379762116702812,5.2873779324381385
TTATTGCGTACGTAGG-1,-32.61187301452212,-7.217294050029942,2.7239964476750216,2.889981568933269,-1.3983546130036686,1.8631887517518333,-7.4365798486124035,-4.369113006397509,-0.34155306695125165,-0.9067286223895854
TTATTGCGTCAACACT-1,11.602442449713607,12.003365051022683,14.834453692082306,-34.95197263600621,13.687852754494696,8.515346896201875,-2.507553613618507,3.3002684569988805,17.649257560163115,-3.249032001029353
TTATTGCGTGTCTTCC-1,-38.18624267157537,-3.5051686686393424,3.7598088496228597,3.3352248948948553,7.621686304720451,-1.360627983416442,4.783259563226057,10.186540277440784,0.9360607637168143,1.0621799304363087
TTCACCGCAGCCCAGT-1,10.76023290849753,1.652570078514998,-37.57236351085467,-3.6737456701700117,0.5942321083781579,5.90476632534061,7.308556529950426,2.6899075336020353,-0.3200405210524593,-2.758142523802354
TTCACGCGTTAAGTCC-1,10.514116656229639,14.941489692651132,11.937114268632605,-1.4582768062892235,-3.598952416288391,0.5057081040413736,7.672707466977098,-2.6482683737545023,-12.665009211898484,13.555702475268559
TTCACGCTCTATCCAT-1,21.51372104365595,9.978055265043366,8.646383820258396,13.577169002502005,0.9314446941576353,-6.197725956550526,12.292814453189095,-0.31706592815797485,-2.727502798000618,4.921671761596037
TTCAGGAAGATTGGGC-1,22.521136865680862,2.9776508352043862,5.148959827186265,17.657458731997686,-4.890099833320114,-3.748908085906546,2.1818354156055015,0.8404771699799278,13.736683312551044,-0.9764468226038181
TTCAGGAGTCTACAAC-1,10.943572550960418,2.182569492044479,-35.58482317091111,-3.1855925036324986,0.04007824793686332,2.7548073969651083,1.5760904873105552,2.2545590879343838,-4.9971920702714385,5.178034472754793
TTCATGTAGGTCATAA-1,19.078269008106282,3.7049806772634923,8.506867327071754,11.676318514288525,-2.9114290970621806,-1.757883866074855,-2.200562581251271,1.160165535838214,-2.392575533833197,1.8059033008538048
TTCATTGGTACGAAAT-1,23.948929354993,-10.129846384698467,6.367047994658614,8.806405217536375,13.996209825536559,-11.359659643089422,18.23374722783675,2.4303152383303033,12.810669761527725,1.2816277751525238
TTCCACGAGGAAGTGA-1,19.49892485373686,-32.56527338947932,7.155651338004249,0.025128388978969962,27.275691533969738,-13.071583449422358,8.447701665986191,-10.752350859594719,-11.52762176360302,12.032666020561516
TTCCACGGTCAACACT-1,12.3613781177007,2.2131958727957652,-29.63077588293743,1.2428729207942242,-2.038608484680603,2.089863167100096,0.5909807950976855,-1.2362518645551646,-5.986760494164907,8.948045475581186
TTCCGTGCACTCACTC-1,24.08232302096174,5.45441586433553,6.530205721472866,15.98781555310286,-2.308001049169439,-3.2905121796138186,5.811543552255895,1.4285348463888727,12.020665172926122,-3.0992880916752847
TTCCGTGGTTCCAGGC-1,8.999122826019024,3.7074671867060403,-31.086532263971815,-3.8564818402949768,-3.274050176985444,1.9445577185706657,-1.2713331228788736,-2.145332753292275,-3.7180034157348105,5.388029271321967
TTCCTAAGTGACGTCC-1,10.156892186628083,-79.96895805805397,14.723216573045608,-24.6469589330083,-46.238020452012066,1.3580071840009817,12.209756236073318,-1.123386432702902,0.09408327738087818,-3.5179660411176537
TTCCTCTGTACCTGTA-1,-36.90933581283268,3.387278927543278,1.2264113887263957,1.3377274722357804,-1.3327696777416698,-0.7245361379208408,1.2542861493301736,-3.7074652353912407,-2.7520951751880185,-0.4357951168716667
TTCCTTCAGCCTCAAT-1,18.253600152649277,-69.95690953854206,6.04573381850981,2.303344336710361,16.177582713210313,-2.0032256430704733,-18.584181874565417,-6.947049219589579,0.7301583217711161,1.5038980252911132
TTCCTTCAGGTAGTCG-1,-34.27191796849581,-14.904286773413844,3.923226851604354,5.654601612192209,7.18280257280104,4.236677581691324,-3.2035456792930894,14.262048670094277,2.9914097044712182,0.11756030369858816
TTCCTTCAGTAGTCAA-1,16.500146876480184,10.011735925217977,7.698516606069889,2.708075382172221,3.379620058217691,-3.346644142973046,10.25924518992727,-0.3680247793728615,-9.802213724967228,6.180147822338432
TTCCTTCGTGACACGA-1,-39.800460342786735,0.6254849394282758,3.4564126923036165,3.454152140351222,0.04658384496443091,1.4956511090942808,0.8072015305610911,9.909544467844917,0.007741086550324461,1.8521575685021143
TTCGATTTCTGACCCT-1,14.050621847017934,-80.76828560114778,12.743460068642246,-22.169869223462232,-39.021055592011166,1.0613918875712587,9.0371473945191,-2.786521009855591,-1.4555030778934996,-1.7877368413847279
TTCGCTGAGGGTTAGC-1,8.285274934037243,22.65987150712435,12.902307897298224,-14.030188078281425,-10.886338154816713,5.749197909045431,-8.89298495301643,-9.801734501100388,-14.759003734257629,19.449163313885744
TTCGCTGAGGTTCCGC-1,16.79777185368098,-2.656410214910224,9.272175202537573,-1.366593160685858,17.666267199868717,-13.034926546967053,20.741243593186297,-5.273332788029592,-22.57215177248468,17.718775055351244
TTCGCTGCACTAGTAC-1,12.41737257586479,-3.4980011438439575,-31.795771179678635,-1.0286096169773278,1.1773993449120308,6.682261634602474,1.119122803707267,3.1324129827889085,2.127095594579152,-6.044754232397617
TTCGCTGTCGGACTGC-1,23.152900539559056,-0.693600818265665,6.761704938871819,17.115146738164974,-5.500175270719634,-0.4046845374665058,-3.331043904864547,1.0848237346455063,12.180684154086965,-2.834673088597201
TTCTCTCGTATCGTAC-1,20.281781848909834,11.11194763553651,8.429796499874255,11.020536433206523,-4.775943413430294,-2.5875756870275586,5.205696895017738,-1.2095816829498052,-0.6939471723976325,4.381263201751141
TTCTTGAGTCTTGCTC-1,-39.286275088815415,-6.008489670345156,4.346004456420439,6.914375967450496,4.552537808707873,2.6525857386931433,-0.027072535821844212,16.739039335597337,-0.4819905698603477,2.418690644153134
TTGACCCGTCTCGGGT-1,17.553870679145756,6.424983848329873,12.660280616258378,-7.121492156319919,0.1795254019862469,3.8056300221635233,-9.1971602944117,3.7087151284095956,-16.210601777770712,-10.649041863600536
TTGACCCTCGTAGTGT-1,16.294193605760533,8.857113307709042,11.5004398756386,1.8283433100964441,-4.1117264798115265,0.9750734927089719,-2.2516502925557447,0.29101013098768735,-11.673750647227013,0.4470809678169614
TTGATGGCATAAGATG-1,13.505564320747567,-3.8735300219746875,-36.24919052556364,-1.1259131912610112,-1.2253677376503536,8.32383975429603,-3.4729459725498106,4.58084819224673,3.3467758671199457,-3.4113337039591274
TTGCATTGTGCCTTCT-1,-4.41288960877165,17.516640815998187,-23.75359901140308,-22.205732621358838,-11.741936932203537,-91.87708419924913,-21.459367067058295,16.2549119648562,7.833826055104244,-14.501444057769508
TTGCCTGAGAGTGACC-1,-39.873955872996035,1.9483983039666413,3.290598555468236,3.6277651555015815,-1.9960474021797232,2.8498447961006566,-0.6981718524430534,6.8432307457812005,0.3591613786011103,3.491342578348533
TTGCCTGAGTGGAAAG-1,-40.53025700213495,1.2952030388993876,3.1430399055932035,4.798035451631563,-0.34674237580454736,1.5430538511712184,-1.247504449484671,7.792579731884032,0.0995096960513322,1.6168079255538887
TTGCCTGGTAGCTGCC-1,-41.4670861205587,8.662388028597462,0.027434988619827294,1.458445234165378,1.8549802971052838,-1.7562916429889301,5.224835713962648,-1.9916367370954133,-1.359283557883953,-0.18420440892770618
TTGCGTCCACGCCACA-1,11.166356955610727,-76.81109740121661,14.435076818746111,-19.660237686699585,-34.642015345869865,1.049392451873584,6.510210367313025,-1.0716358137751065,-0.21141404562165644,-0.08875511598622055
TTGCTGCCATTGCCGG-1,-30.1422881728791,6.856003525472445,-0.8289086115710287,-6.091622827620132,-4.158701503553406,2.6909175813654196,2.9155611171092666,-37.159785329498305,4.552345837361156,-18.23277071738024
TTGGGATCAACGGGTA-1,14.410713812465023,12.213184493865782,14.382947953840699,-20.542692605954183,3.2988040712209727,6.1739408293510945,-6.6294784448551685,-0.3991441538300613,-1.5474482883323188,-1.980017197989203
TTGGGATTCAGGAAGC-1,-40.51060308564606,5.515550332672859,2.289501020478518,-1.7548229470186563,-3.1064711417076847,-0.10262034083312033,1.557126696524282,-11.973322544224718,-1.4267798475676872,-1.7518156431481806
TTGGGATTCTCTCTAA-1,-41.34271772677633,-0.8305646086592589,2.1427766327265987,3.4177258213895616,2.463130885630731,0.268939439651112,4.442798395917606,8.624261179096528,-1.1824599895520633,1.8879545842992118
TTGGGCGCACGGTGAA-1,21.43095489952485,5.895777788145253,8.169525304535517,4.211921102366298,-3.786973846225557,1.337542569955143,-0.7724210246564951,0.5943302794342626,-0.7083599349155392,-1.999592424988375
TTGGGCGGTCGGAAAC-1,14.062251064071015,-3.533707833367991,-34.64096842978721,-1.404603181409267,1.0313113419662496,7.125852614236804,0.6964805309438304,3.9149346090538195,1.0541229370530716,-6.6751095862292065
TTGGGTAGTGCTAGCC-1,-40.66866951446329,-1.1722185854230673,3.022173826039746,5.263280980172002,-0.6395478746053023,2.8513677047536703,-1.348907694867851,6.370492895667136,-0.8769592957090364,1.0680013408610394
TTGGGTATCACCGACG-1,-27.82653055123766,-18.8190780920823,4.4146965579149295,4.904312163424347,3.4284051744111252,4.658149357838536,-8.453712283075202,7.407083783336654,1.6878940723598501,0.7216399887885165
TTGGTTTCACTGGATT-1,13.202570552436377,15.745851827340388,12.323045992918688,-24.54065224433484,9.176278776801798,4.728631061813228,4.874255875975187,0.880873563629029,3.255228643169462,2.2650381719732353
TTGTGGATCTAAGAAG-1,21.10602445100324,5.971838693772966,8.86348938630574,14.098003334490171,-7.204215568255506,-0.5108808679038888,0.7072222146949194,-2.3824868928938345,6.419243800852984,0.6278319069432119
TTGTGTTGTGTGTCCG-1,21.098460433107665,-1.264495458033764,6.735461608957324,14.448959507116587,-6.25312857390545,2.5472018462122064,-7.076325303273814,-1.0144519956060059,9.596508303080642,1.4012731858616798
TTGTTCACACTTGTGA-1,-16.406452644958456,12.256196348632727,-8.341747356650664,-7.446648394766418,-17.745934730089523,-13.22021516754097,-16.461706722723253,-18.502516951574176,-4.278940833661438,18.3601587246769
TTGTTCACAGTCGCTG-1,-40.51193915062974,4.41209470588106,0.7287432291581233,2.706130449909164,0.26597772189287383,-0.9861530654761343,4.265237850011065,-1.739768377792553,-0.5603692435859899,-1.1632905584479278
TTGTTCATCTTTACAC-1,-32.84463160246926,-16.868847884668455,5.060179898308081,4.759958670630683,6.302542386967869,1.227950284262076,-3.854154296253144,9.415957051595578,-0.37769532324834754,1.7235382041041971
TTGTTTGAGGTCGACA-1,23.403314757732186,-3.2597458725351984,7.975542811759501,17.442413100274383,-7.713079533086859,2.3048217923681937,-7.092102568932649,0.0758510961076242,10.25943059328345,-2.9144694177181245
TTGTTTGTCCAACCGG-1,-27.94460621172884,-20.626743195178115,3.800257765508854,5.203451193517475,11.678148169056403,0.10080875427267832,3.107419306189506,8.028533509818528,0.7573860744746586,-1.242840522866194
TTTACTGTCACGGGAA-1,12.066634047058514,-4.234294354422282,-41.678897123393185,-6.252252678251272,12.591635729601858,-0.5086036260650462,18.652356478739904,2.575982586538446,-11.33513968949677,8.775659951671017
TTTATGCCAGTGGCTC-1,17.974214971260846,-69.74341074151603,6.160074825193761,2.4134001169899397,15.756302559311788,-2.2673078796343886,-18.79587039998526,-7.145532211633799,0.368797262150071,1.7895808036091876
TTTATGCGTAACATAG-1,18.609672445327952,11.192154415219832,7.51523608326816,6.148380183595092,-5.023682668814047,1.3295864713120302,-1.5915551318052188,-2.126682442394554,-3.427825963443073,3.0975732707840233
TTTATGCGTTGATCGT-1,10.034864831661091,3.7539298284406613,-25.499641849421437,-2.6773550849744425,-4.577302588739375,2.5020450410099118,-6.166033749816524,-2.633339587028673,-5.560743150179046,8.159171753431643
TTTATGCTCACTCGAA-1,18.525297355629437,-69.99508473279897,5.9800674051246645,2.0302872122570292,15.917745737331199,-2.2424154291994856,-18.63172644331843,-7.361958908844578,0.0935561046129183,1.901109624531767
TTTCACATCGACGCTG-1,-11.529126481676254,-16.8120591927592,-0.3833421398682608,1.912389271365832,-7.038418780759056,0.2368954155301526,-22.892007551838372,-7.9012783249805025,0.17460877317420231,9.009008279960675
TTTCACATCTCAGGCG-1,13.415179759734858,-2.935882893080432,-36.20546437252625,-2.6053679762600237,-1.3636658958329093,5.305688432295338,-0.7255307152499952,-0.13713113524992693,-2.1890937512424093,-0.8691197992845603
TTTCATGGTGCCTAAT-1,13.661322450533147,0.5312558716054525,-28.408469741793855,1.0588371479136645,-2.6414817601994702,3.9835837518816017,-0.9239357054474429,0.08216495422423353,-4.67330443613775,12.577379477945831
TTTCATGTCACTCACC-1,-36.49831172619136,-0.3023392641027982,2.0485608491700678,4.685609955364061,1.8744010806816487,1.0319916500921127,0.8462022456479126,-1.3613199913266554,-3.1221406092545996,-0.7268373729188129
TTTCCTCCACAGAGCA-1,11.658822499098845,-1.6262837947065378,-35.04516258326361,-0.49192846764259457,4.154750365737289,2.3593732312896982,6.83222246986087,4.03867954226993,-0.8067730178048194,-3.313717045867768
TTTCCTCTCCTACACC-1,16.57815900547423,17.89055707975818,11.10967418889982,5.441774281944069,-0.21237469765083894,-3.8447677584140703,11.646696835305082,-0.8000310781709574,-13.483770850490966,3.6389217733813353
TTTCCTCTCTCTTGCG-1,-28.03379214964854,6.94897149278529,-3.194032435125611,-5.3698757064634375,-1.8501309692686725,0.21016783734824562,4.4872475327764185,-41.91732476127402,3.446962989668049,-20.746895526355544
TTTGATCTCTTTGGAG-1,20.550399943400745,7.410027630256138,8.504926681411433,11.209936646576883,-6.2406083098539575,0.32527994833819207,-0.7100207752079246,-1.7154693162157075,-0.5502856884189551,3.145109421037537
TTTGGTTAGTAACCTC-1,20.628080897799546,4.718409330135913,4.492695898661484,10.207017157228412,2.274276906777896,-5.261365559518451,9.42535173732561,-0.1345574733845023,3.879898853423861,4.2704278964690365
TTTGGTTGTAGAATAC-1,-39.02053422986295,0.5532703583410381,2.0152979637984405,2.119341697718056,0.04886308418020313,0.2642346914656031,2.289968262786619,-0.4663346863615905,-1.3092998109753997,-0.47891692808985287
TTTGTTGCAATTAGGA-1,14.640568984331722,-1.8502156122367381,-34.95763340163845,-0.9899523464346274,-0.874991036842605,6.912869811210342,1.9652934233904773,3.210164956079165,4.510455180059282,-9.977264755235236
