barcode,broad_cell_type,coarse_cell_type,fine_cell_type,full_hierarchical_labels,final_level_softmax_prob
AAACCCAAGGAGAGTA-1,Immune cell,Monocyte,CD14 monocyte,Immune cell|Myeloid cell|Monocyte|CD14 monocyte,0.9965114
AAACGCTTCAGCCCAG-1,Immune cell,B cell,Naive B cell,Immune cell|Lymphoid cell|B cell|Naive B cell,0.9409142
AAAGAACAGACGACTG-1,Immune cell,T cell,GZMB CD8 T cell,Immune cell|Lymphoid cell|T/NK cell|T cell|CD8 T cell|Memory CD8 T cell,0.99732226
AAAGAACCAATGGCAG-1,Immune cell,T cell,GZMB CD8 T cell,Immune cell|Lymphoid cell|T/NK cell|T cell|CD8 T cell|Memory CD8 T cell|GZMB CD8 T cell,0.75840914
AAAGAACGTCTGCAAT-1,Immune cell,T cell,Memory CD4 T cell,Immune cell|Lymphoid cell|T/NK cell|T cell|CD4 T cell|Memory CD4 T cell,0.67167014
AAAGGATAGTAGACAT-1,Immune cell,B cell,Memory B cell,Immune cell|Lymphoid cell|B cell|Memory B cell,0.9568314
AAAGGATCACCGGCTA-1,Immune cell,B cell,Naive B cell,Immune cell|Lymphoid cell|B cell|Naive B cell,0.96503854
AAAGGATTCAGCTTGA-1,Immune cell,Monocyte,CD14 monocyte,Immune cell|Myeloid cell|Monocyte|CD14 monocyte,0.9970162
AAAGGATTCCGTTTCG-1,Immune cell,Monocyte,CD14 monocyte,Immune cell|Myeloid cell|Monocyte|CD14 monocyte,0.99703765
AAAGGGCTCATGCCCT-1,Immune cell,T cell,Naive CD8 T cell,Immune cell|Lymphoid cell|T/NK cell|T cell|CD8 T cell|Naive CD8 T cell,0.97106344
AAAGGGCTCCGTAGGC-1,Immune cell,T cell,MAIT cell,Immune cell|Lymphoid cell|T/NK cell|T cell|MAIT cell,0.9966307
AAAGGTACAACTGCTA-1,Immune cell,Monocyte,CD14 monocyte,Immune cell|Myeloid cell|Monocyte|CD14 monocyte,0.51944965
AAAGTCCAGCGGGTTA-1,Immune cell,T cell,Naive CD8 T cell,Immune cell|Lymphoid cell|T/NK cell|T cell|CD8 T cell|Naive CD8 T cell,0.8279572
AAAGTCCAGTCAACAA-1,Immune cell,T cell,Naive CD4 T cell,Immune cell|Lymphoid cell|T/NK cell|T cell|CD4 T cell|Naive CD4 T cell,0.81839645
AAAGTCCCACCAGCCA-1,Immune cell,B cell,Memory B cell,Immune cell|Lymphoid cell|B cell|Memory B cell,0.9808621
AAAGTGATCGTACACA-1,Immune cell,NK cell,CD16 NK cell,Immune cell|Lymphoid cell|T/NK cell|NK cell|CD16 NK cell,0.99686736
AAATGGAAGCCGCTTG-1,Immune cell,Monocyte,CD14 monocyte,Immune cell|Myeloid cell|Monocyte|CD14 monocyte,0.97127783
AAATGGACAATGCTCA-1,Immune cell,Monocyte,CD14 monocyte,Immune cell|Myeloid cell|Monocyte|CD14 monocyte,0.9486608
AAATGGAGTACCGCGT-1,Immune cell,T cell,Memory CD4 T cell,Immune cell|Lymphoid cell,0.9999342
AAATGGATCCTATTTG-1,Immune cell,B cell,Naive B cell,Immune cell|Lymphoid cell|B cell|Naive B cell,0.97305715
AACAAAGGTGATGAAT-1,Immune cell,T cell,Memory CD4 T cell,Immune cell|Lymphoid cell|T/NK cell|T cell|CD4 T cell|Memory CD4 T cell,0.89074737
AACAACCAGTAGTCCT-1,Immune cell,Monocyte,CD14 monocyte,Immune cell|Myeloid cell|Monocyte|CD14 monocyte,0.9939845
AACAACCCACGCTATA-1,Immune cell,T cell,MAIT cell,Immune cell|Lymphoid cell|T/NK cell|T cell|MAIT cell,0.90715057
AACAAGAGTTATAGAG-1,Immune cell,Monocyte,CD16 monocyte,Immune cell|Myeloid cell|Monocyte|CD16 monocyte,0.76709193
AACAGGGGTGGGAGAG-1,Immune cell,T cell,MAIT cell,Immune cell|Lymphoid cell|T/NK cell|T cell|MAIT cell,0.9229424
AACCAACAGCTTGTTG-1,Immune cell,T cell,Naive CD4 T cell,Immune cell|Lymphoid cell|T/NK cell|T cell|CD4 T cell|Naive CD4 T cell,0.9458042
AACCCAACAACTGATC-1,Immune cell,Coarse Not Confidently Annotated,Fine Not Confidently Annotated,Immune cell|Lymphoid cell|T/NK cell|T cell|CD8 T cell|Memory CD8 T cell|GZMB CD8 T cell,0.53829026
AACCCAAGTGGGCTTC-1,Immune cell,B cell,Memory B cell,Immune cell|Lymphoid cell|B cell|Memory B cell,0.79064757
AACCCAATCTTACCGC-1,Immune cell,NK cell,CD16 NK cell,Immune cell|Lymphoid cell|T/NK cell|NK cell|CD16 NK cell,0.9986866
AACCTGACATCCTATT-1,Immune cell,Monocyte,CD14 monocyte,Immune cell|Myeloid cell|Monocyte|CD14 monocyte,0.99788743
AACCTTTGTTTCGGCG-1,Immune cell,NK cell,CD16 NK cell,Immune cell|Lymphoid cell|T/NK cell|NK cell|CD16 NK cell,0.9959484
AACGAAAAGGTTGGTG-1,Immune cell,Platelet,Platelet,Immune cell|Erythrocyte/Megakaryocyte|Megakaryocyte,0.9993812
AACGAAACAATGTCTG-1,Immune cell,T cell,Naive CD4 T cell,Immune cell|Lymphoid cell|T/NK cell|T cell|CD4 T cell|Naive CD4 T cell,0.9292508
AACGAAACAGCGTTTA-1,Immune cell,Monocyte,CD14 monocyte,Immune cell|Myeloid cell|Monocyte|CD14 monocyte,0.9983948
AACGAAATCCATTTAC-1,Immune cell,T cell,Naive CD4 T cell,Immune cell|Lymphoid cell|T/NK cell|T cell|CD4 T cell|Naive CD4 T cell,0.6749484
AACGGGAGTCGCTCGA-1,Immune cell,Monocyte,CD14 monocyte,Immune cell|Myeloid cell|Monocyte|CD14 monocyte,0.998099
AACGTCAAGACGCCCT-1,Immune cell,Monocyte,CD14 monocyte,Immune cell|Myeloid cell|Monocyte|CD14 monocyte,0.9989235
AAGAACAAGACCATTC-1,Immune cell,T cell,MAIT cell,Immune cell|Lymphoid cell|T/NK cell|T cell|MAIT cell,0.9730709
AAGAACAAGCCTCAGC-1,Immune cell,Monocyte,CD16 monocyte,Immune cell|Myeloid cell|Monocyte|CD16 monocyte,0.637701
AAGAACATCTTGCAAG-1,Immune cell,T cell,Naive CD8 T cell,Immune cell|Lymphoid cell|T/NK cell|T cell|CD8 T cell|Naive CD8 T cell,0.9336354
AAGACAACACTTCAGA-1,Immune cell,Monocyte,CD14 monocyte,Immune cell|Myeloid cell|Monocyte|CD14 monocyte,0.99708146
AAGACAACAGATCACT-1,Immune cell,Monocyte,CD14 monocyte,Immune cell|Myeloid cell|Monocyte|CD14 monocyte,0.69806963
AAGACAATCCGCGAGT-1,Immune cell,T cell,Naive CD8 T cell,Immune cell|Lymphoid cell|T/NK cell|T cell|CD8 T cell|Naive CD8 T cell,0.9571324
AAGACTCGTGACGTCC-1,Unassigned,Unassigned,Unassigned,Unassigned,0.99103856
AAGCATCAGGTCCGAA-1,Immune cell,T cell,Naive CD4 T cell,Immune cell|Lymphoid cell|T/NK cell|T cell|CD4 T cell|Naive CD4 T cell,0.9975502
AAGCATCCAGTCTTCC-1,Immune cell,Monocyte,CD14 monocyte,Immune cell|Myeloid cell|Monocyte|CD14 monocyte,0.9495974
AAGCGTTCACTGATTG-1,Immune cell,Monocyte,CD14 monocyte,Immune cell|Myeloid cell|Monocyte|CD14 monocyte,0.75248444
AAGCGTTTCGCTATTT-1,Immune cell,B cell,Memory B cell,Immune cell|Lymphoid cell|B cell|Memory B cell,0.95729613
AAGGTAAAGGAAGTAG-1,Immune cell,T cell,MAIT cell,Immune cell|Lymphoid cell|T/NK cell|T cell|MAIT cell,0.9584637
AAGGTAAAGGCCACCT-1,Immune cell,T cell,Memory CD4 T cell,Immune cell|Lymphoid cell|T/NK cell|T cell|CD4 T cell|Memory CD4 T cell,0.9130758
AAGGTAAGTCCTTAAG-1,Immune cell,T cell,Naive CD4 T cell,Immune cell|Lymphoid cell|T/NK cell|T cell|CD4 T cell|Naive CD4 T cell,0.94255453
AAGTACCAGCGCCTTG-1,Immune cell,T cell,Naive CD4 T cell,Immune cell|Lymphoid cell|T/NK cell|T cell|CD4 T cell|Naive CD4 T cell,0.9974172
AAGTACCAGCTCCATA-1,Immune cell,T cell,Naive CD4 T cell,Immune cell|Lymphoid cell|T/NK cell|T cell|CD4 T cell|Naive CD4 T cell,0.9963386
AAGTACCCAAAGAACT-1,Immune cell,T cell,Naive CD4 T cell,Immune cell|Lymphoid cell|T/NK cell|T cell|CD4 T cell|Naive CD4 T cell,0.99750656
AAGTGAACATCAGCAT-1,Immune cell,T cell,MAIT cell,Immune cell|Lymphoid cell|T/NK cell|T cell|MAIT cell,0.93406844
AAGTGAATCGGAAGGT-1,Immune cell,Monocyte,CD14 monocyte,Immune cell|Myeloid cell|Monocyte|CD14 monocyte,0.6626418
AAGTTCGAGGATACAT-1,Immune cell,T cell,Naive CD8 T cell,Immune cell|Lymphoid cell|T/NK cell|T cell|CD8 T cell|Naive CD8 T cell,0.9705705
AAGTTCGGTCAACACT-1,Immune cell,Monocyte,CD14 monocyte,Immune cell|Myeloid cell|Monocyte|CD14 monocyte,0.9953525
AATCACGAGGCTCTAT-1,Immune cell,Coarse Not Confidently Annotated,Fine Not Confidently Annotated,Immune cell|Lymphoid cell|B cell|Plasma cell|abT (entry) cell,0.84858596
AATCGACAGTATGTAG-1,Immune cell,T cell,abT (entry) cell,Immune cell|Lymphoid cell|T/NK cell|T cell|abT (entry) cell,0.7965779
AATCGACGTGAGACGT-1,Immune cell,Monocyte,CD14 monocyte,Immune cell|Myeloid cell|Monocyte|CD14 monocyte,0.99587965
AATGAAGCAGTATGAA-1,Immune cell,T cell,Memory CD4 T cell,Immune cell|Lymphoid cell|T/NK cell|T cell|CD4 T cell|Memory CD4 T cell,0.809743
AATGACCGTGTCATCA-1,Immune cell,Monocyte,CD14 monocyte,Immune cell|Myeloid cell|Monocyte|CD14 monocyte,0.99349856
AATGGAACACTCATAG-1,Immune cell,B cell,Memory B cell,Immune cell|Lymphoid cell|B cell|Memory B cell,0.98946244
AATGGAATCTGATGGT-1,Immune cell,Monocyte,CD14 monocyte,Immune cell|Myeloid cell|Monocyte|CD14 monocyte,0.9963982
AATGGCTAGGACGGAG-1,Immune cell,T cell,abT (entry) cell,Immune cell|Lymphoid cell|T/NK cell|T cell|abT (entry) cell,0.5441706
AATTCCTTCCATTGGA-1,Immune cell,Monocyte,CD14/CD16 monocyte,Immune cell|Myeloid cell|Monocyte|CD14/CD16 monocyte,0.69051266
ACAAAGAAGCCTCAAT-1,Immune cell,Monocyte,CD14 monocyte,Immune cell|Myeloid cell|Monocyte|CD14 monocyte,0.9988411
ACAAAGAGTTCCATTT-1,Immune cell,T cell,Memory CD4 T cell,Immune cell|Lymphoid cell|T/NK cell|T cell|CD4 T cell|Memory CD4 T cell,0.9719215
ACAACCATCTATCCAT-1,Immune cell,T cell,Naive CD4 T cell,Immune cell|Lymphoid cell|T/NK cell|T cell|CD4 T cell|Naive CD4 T cell,0.99336845
ACAACCATCTGCCCTA-1,Immune cell,T cell,Naive CD4 T cell,Immune cell|Lymphoid cell|T/NK cell|T cell|CD4 T cell|Naive CD4 T cell,0.94315845
ACAAGCTGTAGGTCAG-1,Immune cell,T cell,Treg cell,Immune cell|Lymphoid cell|T/NK cell|T cell|CD4 T cell|Treg cell,0.99709535
ACACCAAAGAGTCAGC-1,Immune cell,T cell,Naive CD4 T cell,Immune cell|Lymphoid cell|T/NK cell|T cell|CD4 T cell|Naive CD4 T cell,0.9975261
ACACGCGGTGTTGCCG-1,Immune cell,Monocyte,CD14 monocyte,Immune cell|Myeloid cell|Monocyte|CD14 monocyte,0.96338105
ACACGCGTCACCTCGT-1,Immune cell,NK cell,CD16 NK cell,Immune cell|Lymphoid cell|T/NK cell|NK cell|CD16 NK cell,0.9280212
ACACGCGTCGCCGTGA-1,Immune cell,Monocyte,CD14 monocyte,Immune cell|Myeloid cell|Monocyte|CD14 monocyte,0.9982595
ACACTGATCACTGATG-1,Immune cell,Monocyte,CD14 monocyte,Immune cell|Myeloid cell|Monocyte|CD14 monocyte,0.99709165
ACACTGATCTTTCCGG-1,Immune cell,T cell,Memory CD4 T cell,Immune cell|Lymphoid cell|T/NK cell|T cell|CD4 T cell|Memory CD4 T cell,0.95272434
ACAGAAAAGTATTAGG-1,Immune cell,Monocyte,CD14 monocyte,Immune cell|Myeloid cell|Monocyte|CD14 monocyte,0.96075255
ACAGAAACACCAGCGT-1,Immune cell,Monocyte,CD14 monocyte,Immune cell|Myeloid cell|Monocyte|CD14 monocyte,0.9988292
ACAGCCGTCGCTGTTC-1,Immune cell,B cell,Naive B cell,Immune cell|Lymphoid cell|B cell|Naive B cell,0.9380437
ACATCCCCACAAATGA-1,Immune cell,T cell,GZMK CD8 T cell,Immune cell|Lymphoid cell|T/NK cell|T cell|CD8 T cell|Memory CD8 T cell,0.82873726
ACATCCCGTAAGATTG-1,Immune cell,Monocyte,CD14 monocyte,Immune cell|Myeloid cell|Monocyte|CD14 monocyte,0.9943106
ACATCGATCTAAGAAG-1,Immune cell,NK cell,CD16 NK cell,Immune cell|Lymphoid cell|T/NK cell|NK cell|CD16 NK cell,0.9977519
ACATCGATCTGAGAGG-1,Immune cell,T cell,GZMK CD8 T cell,Immune cell|Lymphoid cell|T/NK cell|T cell|CD8 T cell|Memory CD8 T cell|GZMK CD8 T cell,0.717471
ACATCGATCTTGGGCG-1,Immune cell,Monocyte,CD14 monocyte,Immune cell|Myeloid cell|Monocyte|CD14 monocyte,0.99879277
ACATGCAGTTGCTTGA-1,Immune cell,Monocyte,CD14 monocyte,Immune cell|Myeloid cell|Monocyte|CD14 monocyte,0.9965726
ACATTTCGTGCCGAAA-1,Immune cell,T cell,Naive CD4 T cell,Immune cell|Lymphoid cell|T/NK cell|T cell|CD4 T cell|Naive CD4 T cell,0.99845254
ACATTTCGTTTCTTAC-1,Immune cell,B cell,Naive B cell,Immune cell|Lymphoid cell|B cell|Naive B cell,0.8093419
ACCACAAAGGCCTTGC-1,Immune cell,Monocyte,CD14 monocyte,Immune cell|Myeloid cell|Monocyte|CD14 monocyte,0.9973189
ACCACAAAGGTTAGTA-1,Immune cell,Coarse Not Confidently Annotated,Fine Not Confidently Annotated,Immune cell|Lymphoid cell|T/NK cell|T cell|abT (entry) cell,0.5019008
ACCACAAGTCTGTGGC-1,Immune cell,B cell,Naive B cell,Immune cell|Lymphoid cell|B cell|Naive B cell,0.9223922
ACCATTTCATTGGGAG-1,Immune cell,T cell,Treg cell,Immune cell|Lymphoid cell|T/NK cell|T cell|CD4 T cell|Treg cell,0.99395645
ACCCAAAAGCCACAAG-1,Unassigned,Unassigned,Unassigned,Unassigned,0.99753004
ACCCAAAGTTGGGAAC-1,Immune cell,Coarse Not Confidently Annotated,Fine Not Confidently Annotated,Immune cell|Myeloid cell|Dendritic cell|cDC|cDC1,0.5146431
ACCCTTGGTATCGTAC-1,Immune cell,T cell,Treg cell,Immune cell|Lymphoid cell|T/NK cell|T cell|CD4 T cell|Treg cell,0.8209743
ACCCTTGTCATTTCGT-1,Immune cell,T cell,MAIT cell,Immune cell|Lymphoid cell|T/NK cell|T cell|MAIT cell,0.92899835
ACCTACCCAACGGTAG-1,Immune cell,T cell,MAIT cell,Immune cell|Lymphoid cell|T/NK cell|T cell|MAIT cell,0.98912185
ACCTGAACATGAGAAT-1,Immune cell,T cell,Naive CD4 T cell,Immune cell|Lymphoid cell|T/NK cell|T cell|CD4 T cell|Naive CD4 T cell,0.95548826
ACCTGTCTCAAGTCTG-1,Immune cell,T cell,Naive CD4 T cell,Immune cell|Lymphoid cell|T/NK cell|T cell|CD4 T cell|Naive CD4 T cell,0.99842024
ACCTGTCTCTCAACGA-1,Immune cell,Monocyte,CD16 monocyte,Immune cell|Myeloid cell|Monocyte|CD16 monocyte,0.98721224
ACGATCAGTCGTTCAA-1,Immune cell,T cell,MAIT cell,Immune cell|Lymphoid cell|T/NK cell|T cell|MAIT cell,0.9945868
ACGATCATCCACGGAC-1,Immune cell,T cell,MAIT cell,Immune cell|Lymphoid cell|T/NK cell|T cell|MAIT cell,0.91637504
ACGATCATCCGTTGGG-1,Immune cell,T cell,Naive CD8 T cell,Immune cell|Lymphoid cell|T/NK cell|T cell|CD8 T cell|Naive CD8 T cell,0.9237906
ACGCACGAGAGAGTGA-1,Immune cell,ILC,ILC,Immune cell|Lymphoid cell|T/NK cell|ILC,0.95258725
ACGGTCGTCACTACGA-1,Immune cell,T cell,Naive CD4 T cell,Immune cell|Lymphoid cell|T/NK cell|T cell|CD4 T cell|Naive CD4 T cell,0.7826875
ACGGTTAAGTGCTCAT-1,Immune cell,B cell,Naive B cell,Immune cell|Lymphoid cell|B cell|Naive B cell,0.96435016
ACGTAACAGGTGCTTT-1,Immune cell,T cell,Memory CD4 T cell,Immune cell|Lymphoid cell|T/NK cell|T cell|CD4 T cell|Memory CD4 T cell,0.62139535
ACGTAACTCATATGGC-1,Immune cell,B cell,Naive B cell,Immune cell|Lymphoid cell|B cell|Naive B cell,0.9101528
ACGTAACTCTTCGATT-1,Immune cell,Monocyte,CD14 monocyte,Immune cell|Myeloid cell|Monocyte|CD14 monocyte,0.9772884
ACGTACAAGCTGTTCA-1,Immune cell,T cell,MAIT cell,Immune cell|Lymphoid cell|T/NK cell|T cell|MAIT cell,0.7061847
ACGTACACAAAGCTCT-1,Immune cell,Monocyte,CD14 monocyte,Immune cell|Myeloid cell|Monocyte|CD14 monocyte,0.9389467
ACGTACACAGACGATG-1,Immune cell,NK cell,CD16 NK cell,Immune cell|Lymphoid cell|T/NK cell|NK cell|CD16 NK cell,0.995698
ACGTAGTCACGCCACA-1,Immune cell,B cell,Naive B cell,Immune cell|Lymphoid cell|B cell|Naive B cell,0.9480396
ACGTAGTCATTAGGAA-1,Immune cell,T cell,MAIT cell,Immune cell|Lymphoid cell|T/NK cell|T cell|MAIT cell,0.99431217
ACGTTCCGTGGGTCAA-1,Immune cell,Monocyte,CD14 monocyte,Immune cell|Myeloid cell|Monocyte|CD14 monocyte,0.9992605
ACTATCTGTGTGTACT-1,Immune cell,NK cell,CD56 NK cell,Immune cell|Lymphoid cell|T/NK cell|NK cell|CD56 NK cell,0.559481
ACTATGGAGAAATCCA-1,Immune cell,B cell,Memory B cell,Immune cell|Lymphoid cell|B cell|Memory B cell,0.99022174
ACTCCCAAGGTTGGTG-1,Immune cell,NK cell,CD16 NK cell,Immune cell|Lymphoid cell|T/NK cell|NK cell|CD16 NK cell,0.99907947
ACTCCCATCGTCCTCA-1,Immune cell,T cell,Naive CD4 T cell,Immune cell|Lymphoid cell|T/NK cell|T cell|CD4 T cell|Naive CD4 T cell,0.90411776
ACTGATGAGCAGCGAT-1,Immune cell,B cell,Naive B cell,Immune cell|Lymphoid cell|B cell|Naive B cell,0.578253
ACTGATGCACCAGCCA-1,Immune cell,B cell,Naive B cell,Immune cell|Lymphoid cell|B cell|Naive B cell,0.8969941
ACTGTGACAACTCGAT-1,Immune cell,T cell,Naive CD8 T cell,Immune cell|Lymphoid cell|T/NK cell|T cell|CD8 T cell|Naive CD8 T cell,0.98789006
ACTTATCTCTAAGGAA-1,Immune cell,Monocyte,CD14 monocyte,Immune cell|Myeloid cell|Monocyte|CD14 monocyte|MHCII high CD14 monocyte,0.7977423
ACTTCGCAGAACCGCA-1,Immune cell,T cell,Naive CD4 T cell,Immune cell|Lymphoid cell|T/NK cell|T cell|CD4 T cell|Naive CD4 T cell,0.5298823
ACTTCGCGTACTCCGG-1,Immune cell,B cell,Naive B cell,Immune cell|Lymphoid cell|B cell|Naive B cell,0.85995513
ACTTTCAAGTATGACA-1,Immune cell,T cell,GZMB CD8 T cell,Immune cell|Lymphoid cell|T/NK cell|T cell|CD8 T cell|Memory CD8 T cell|GZMB CD8 T cell,0.89488155
ACTTTCACAAGCGAAC-1,Immune cell,T cell,abT (entry) cell,Immune cell|Lymphoid cell|T/NK cell|T cell|abT (entry) cell,0.9025548
ACTTTCAGTACGCGTC-1,Immune cell,T cell,Memory CD4 T cell,Immune cell|Lymphoid cell|T/NK cell|T cell|CD4 T cell|Memory CD4 T cell,0.7290235
AGAAATGTCATTCGTT-1,Immune cell,Monocyte,CD16 monocyte,Immune cell|Myeloid cell|Monocyte|CD16 monocyte,0.3906953
AGAAGCGGTCTAGATC-1,Immune cell,T cell,Memory CD4 T cell,Immune cell|Lymphoid cell|T/NK cell|T cell|CD4 T cell|Memory CD4 T cell,0.85855275
AGAAGCGTCTGCGTCT-1,Immune cell,T cell,Memory CD4 T cell,Immune cell|Lymphoid cell|T/NK cell|T cell|CD4 T cell|Memory CD4 T cell,0.63867
AGACAAAGTAGCTTGT-1,Immune cell,Monocyte,CD14 monocyte,Immune cell|Myeloid cell|Monocyte|CD14 monocyte,0.9965274
AGACACTCAAGTCGTT-1,Immune cell,T cell,Memory CD4 T cell,Immune cell|Lymphoid cell|T/NK cell|T cell|CD4 T cell|Memory CD4 T cell,0.88510364
AGACCATCATTACTCT-1,Immune cell,T cell,Naive CD8 T cell,Immune cell|Lymphoid cell|T/NK cell|T cell|CD8 T cell|Naive CD8 T cell,0.98837566
AGACTCATCAACGCTA-1,Immune cell,T cell,Memory CD4 T cell,Immune cell|Lymphoid cell|T/NK cell|T cell|CD4 T cell|Memory CD4 T cell,0.92382956
AGACTCATCAGAGCGA-1,Immune cell,Monocyte,CD14 monocyte,Immune cell|Myeloid cell|Monocyte|CD14 monocyte,0.9982287
AGAGAATAGAGGGTCT-1,Immune cell,T cell,GZMB CD8 T cell,Immune cell|Lymphoid cell|T/NK cell|T cell|CD8 T cell|Memory CD8 T cell|GZMB CD8 T cell,0.8076173
AGAGAATCACCCAACG-1,Immune cell,T cell,Naive CD8 T cell,Immune cell|Lymphoid cell|T/NK cell|T cell|CD8 T cell|Naive CD8 T cell,0.9502572
AGAGAGCAGTTGTCGT-1,Immune cell,B cell,Naive B cell,Immune cell|Lymphoid cell|B cell|Naive B cell,0.76869607
AGAGCAGGTCATAAAG-1,Immune cell,Monocyte,CD14 monocyte,Immune cell|Myeloid cell|Monocyte|CD14 monocyte,0.99029505
AGAGCAGGTTGAGTCT-1,Immune cell,T cell,Naive CD4 T cell,Immune cell|Lymphoid cell|T/NK cell|T cell|CD4 T cell|Naive CD4 T cell,0.99671304
AGAGCAGTCGCGCTGA-1,Immune cell,T cell,GZMK CD8 T cell,Immune cell|Lymphoid cell|T/NK cell|T cell|CD8 T cell|Memory CD8 T cell,0.900758
AGAGCCCGTCACTCGG-1,Immune cell,T cell,Naive CD4 T cell,Immune cell|Lymphoid cell|T/NK cell|T cell|CD4 T cell|Naive CD4 T cell,0.9990963
AGATAGAGTGACACGA-1,Immune cell,Monocyte,CD14 monocyte,Immune cell|Myeloid cell|Monocyte|CD14 monocyte,0.9981363
AGATCGTCAGGACTTT-1,Immune cell,T cell,MAIT cell,Immune cell|Lymphoid cell|T/NK cell|T cell|MAIT cell,0.7899297
AGATGAACAGGCACAA-1,Immune cell,T cell,Memory CD4 T cell,Immune cell|Lymphoid cell|T/NK cell|T cell|CD4 T cell|Memory CD4 T cell,0.9756211
AGATGCTGTACGGTTT-1,Immune cell,Monocyte,CD14 monocyte,Immune cell|Myeloid cell|Monocyte|CD14 monocyte,0.9957689
AGATGCTGTGTGGTCC-1,Immune cell,T cell,Naive CD4 T cell,Immune cell|Lymphoid cell|T/NK cell|T cell|CD4 T cell|Naive CD4 T cell,0.9968694
AGCATCAGTCGGTGTC-1,Immune cell,Monocyte,CD14 monocyte,Immune cell|Myeloid cell|Monocyte|CD14 monocyte,0.9950722
AGCATCAGTGGTCCGT-1,Immune cell,T cell,Naive CD4 T cell,Immune cell|Lymphoid cell|T/NK cell|T cell|CD4 T cell|Naive CD4 T cell,0.9986419
AGCCAATAGTCCCTAA-1,Immune cell,T cell,Memory CD4 T cell,Immune cell|Lymphoid cell|T/NK cell|T cell|CD4 T cell|Memory CD4 T cell,0.91022766
AGCCACGCAGGTTCGC-1,Immune cell,T cell,Naive CD4 T cell,Immune cell|Lymphoid cell|T/NK cell|T cell|CD4 T cell|Naive CD4 T cell,0.9988482
AGCCACGGTTCCGCGA-1,Immune cell,Monocyte,CD14 monocyte,Immune cell|Myeloid cell|Monocyte|CD14 monocyte,0.99399734
AGCCACGTCCGAGAAG-1,Immune cell,T cell,GZMB CD8 T cell,Immune cell|Lymphoid cell|T/NK cell|T cell|CD8 T cell|Memory CD8 T cell|GZMB CD8 T cell,0.8116027
AGCCAGCGTAATGCGG-1,Immune cell,T cell,Naive CD4 T cell,Immune cell|Lymphoid cell|T/NK cell|T cell|CD4 T cell|Naive CD4 T cell,0.9342659
AGCCAGCGTAGTTAGA-1,Immune cell,Dendritic cell,pDC,Immune cell|Myeloid cell|Dendritic cell|pDC,0.9997025
AGCGTATCATATGCGT-1,Unassigned,Unassigned,Unassigned,Unassigned,0.9738365
AGCGTATTCAGTGGGA-1,Immune cell,B cell,Naive B cell,Immune cell|Lymphoid cell|B cell|Naive B cell,0.9883967
AGCGTCGCATTGACCA-1,Immune cell,T cell,Naive CD4 T cell,Immune cell|Lymphoid cell|T/NK cell|T cell|CD4 T cell|Naive CD4 T cell,0.501562
AGCGTCGTCCTTATCA-1,Immune cell,Coarse Not Confidently Annotated,Fine Not Confidently Annotated,Immune cell|Erythrocyte/Megakaryocyte|Red blood cell|T cell|abT (entry) cell,0.3834744
AGCTACACAGTCGGAA-1,Immune cell,T cell,Memory CD4 T cell,Immune cell|Lymphoid cell|T/NK cell|T cell|CD4 T cell|Memory CD4 T cell,0.9296146
AGCTACAGTCGTTTCC-1,Immune cell,T cell,MAIT cell,Immune cell|Lymphoid cell|T/NK cell|T cell|MAIT cell,0.98805165
AGGAAATTCACCATGA-1,Immune cell,Monocyte,CD16 monocyte,Immune cell|Myeloid cell|Monocyte|CD16 monocyte,0.553827
AGGAATACAAACTCGT-1,Immune cell,T cell,Naive CD8 T cell,Immune cell|Lymphoid cell|T/NK cell|T cell|CD8 T cell|Naive CD8 T cell,0.995002
AGGAATATCATTACGG-1,Immune cell,T cell,Naive CD4 T cell,Immune cell|Lymphoid cell|T/NK cell|T cell|CD4 T cell|Naive CD4 T cell,0.9987895
AGGACGAAGACCTTTG-1,Immune cell,NK cell,CD16 NK cell,Immune cell|Lymphoid cell|T/NK cell|NK cell|CD16 NK cell,0.9943303
AGGACGAAGATTAGTG-1,Immune cell,T cell,Memory CD4 T cell,Immune cell|Lymphoid cell|T/NK cell|T cell|CD4 T cell|Memory CD4 T cell,0.7451094
AGGACGATCACTGATG-1,Immune cell,T cell,Naive CD8 T cell,Immune cell|Lymphoid cell|T/NK cell|T cell|CD8 T cell|Naive CD8 T cell,0.83634883
AGGACGATCCAGTACA-1,Immune cell,T cell,GZMK CD8 T cell,Immune cell|Lymphoid cell|T/NK cell|T cell|CD8 T cell|Memory CD8 T cell,0.9977598
AGGACTTTCCTACCAC-1,Immune cell,T cell,GZMB CD8 T cell,Immune cell|Lymphoid cell|T/NK cell|T cell|CD8 T cell|Memory CD8 T cell|GZMB CD8 T cell,0.9632144
AGGAGGTAGGTCACAG-1,Immune cell,T cell,abT (entry) cell,Immune cell|Lymphoid cell|T/NK cell|T cell|abT (entry) cell,0.8368522
AGGATAAAGAACAAGG-1,Immune cell,T cell,Naive CD4 T cell,Immune cell|Lymphoid cell|T/NK cell|T cell|CD4 T cell|Naive CD4 T cell,0.9969644
AGGCCACAGGGCCAAT-1,Immune cell,B cell,Naive B cell,Immune cell|Lymphoid cell|B cell|Naive B cell,0.9950718
AGGCTGCAGGGCTTCC-1,Immune cell,B cell,Naive B cell,Immune cell|Lymphoid cell|B cell|Naive B cell,0.88460714
AGGCTGCGTGTGTGTT-1,Immune cell,B cell,Memory B cell,Immune cell|Lymphoid cell|B cell|Memory B cell,0.7389195
AGGGAGTCACCATTCC-1,Unassigned,Unassigned,Unassigned,Unassigned,0.9665172
AGGGAGTGTGTCGCTG-1,Immune cell,T cell,Naive CD4 T cell,Immune cell|Lymphoid cell|T/NK cell|T cell|CD4 T cell|Naive CD4 T cell,0.99455655
AGGGCTCCAATACGCT-1,Immune cell,Monocyte,CD14 monocyte,Immune cell|Myeloid cell|Monocyte|CD14 monocyte,0.9848044
AGGGTCCCAGGACATG-1,Immune cell,Monocyte,CD14 monocyte,Immune cell|Myeloid cell|Monocyte|CD14 monocyte,0.9989779
AGGGTCCCAGTAGTTC-1,Immune cell,Coarse Not Confidently Annotated,Fine Not Confidently Annotated,Immune cell|Lymphoid cell|T/NK cell|T cell|gdT cell|Memory CD8 T cell,0.5008837
AGGGTTTCAGCGTGCT-1,Immune cell,Monocyte,CD14 monocyte,Immune cell|Myeloid cell|Monocyte|CD14 monocyte,0.9967055
AGGTAGGAGGAAGTAG-1,Immune cell,B cell,Naive B cell,Immune cell|Lymphoid cell|B cell|Naive B cell,0.9223429
AGGTAGGCAAAGCGTG-1,Immune cell,Monocyte,CD14 monocyte,Immune cell|Myeloid cell|Monocyte|CD14 monocyte,0.9976445
AGGTCATTCAAGTCGT-1,Immune cell,Monocyte,CD14 monocyte,Immune cell|Myeloid cell|Monocyte|CD14 monocyte,0.97245884
AGGTGTTAGCAATTAG-1,Immune cell,Platelet,Platelet,Immune cell|Erythrocyte/Megakaryocyte|Megakaryocyte,0.99786526
AGGTGTTCATTAAGCC-1,Immune cell,Monocyte,CD14 monocyte,Immune cell|Myeloid cell|Monocyte|CD14 monocyte,0.9954814
AGGTGTTGTCGATTAC-1,Immune cell,T cell,Treg cell,Immune cell|Lymphoid cell|T/NK cell|T cell|CD4 T cell|Treg cell,0.75858486
AGGTGTTTCAATGCAC-1,Immune cell,T cell,Naive CD4 T cell,Immune cell|Lymphoid cell|T/NK cell|T cell|CD4 T cell|Naive CD4 T cell,0.9959895
AGGTGTTTCGTTACCC-1,Immune cell,Monocyte,CD14 monocyte,Immune cell|Myeloid cell|Monocyte|CD14 monocyte,0.968082
AGGTTACAGGTGCGAT-1,Immune cell,T cell,Naive CD8 T cell,Immune cell|Lymphoid cell|T/NK cell|T cell|CD8 T cell|Naive CD8 T cell,0.957208
AGGTTACGTCTGATAC-1,Immune cell,Monocyte,CD16 monocyte,Immune cell|Myeloid cell|Monocyte|CD16 monocyte,0.99736625
AGTAACCCAAGCTCTA-1,Immune cell,Monocyte,CD14 monocyte,Immune cell|Myeloid cell|Monocyte|CD14 monocyte,0.99306047
AGTAACCTCGTTGTAG-1,Immune cell,T cell,Naive CD4 T cell,Immune cell|Lymphoid cell|T/NK cell|T cell|CD4 T cell|Naive CD4 T cell,0.99820256
AGTACCAGTGGGTCAA-1,Immune cell,Monocyte,CD14 monocyte,Immune cell|Myeloid cell|Monocyte|CD14 monocyte,0.99927944
AGTACCATCAGCTTGA-1,Immune cell,NK cell,CD16 NK cell,Immune cell|Lymphoid cell|T/NK cell|NK cell|CD16 NK cell,0.98772395
AGTAGCTAGGAGTACC-1,Immune cell,B cell,Naive B cell,Immune cell|Lymphoid cell|B cell|Naive B cell,0.6396502
AGTAGCTCACTGCTTC-1,Immune cell,T cell,abT (entry) cell,Immune cell|Lymphoid cell|T/NK cell|T cell|abT (entry) cell,0.8370551
AGTAGCTCAGGCACTC-1,Immune cell,Monocyte,CD14 monocyte,Immune cell|Myeloid cell|Monocyte|CD14 monocyte,0.9970607
AGTAGCTGTTAGAAAC-1,Immune cell,Monocyte,CD14 monocyte,Immune cell|Myeloid cell|Monocyte|CD14 monocyte,0.99615556
AGTAGTCGTATGACAA-1,Immune cell,T cell,Memory CD4 T cell,Immune cell|Lymphoid cell|T/NK cell|T cell|CD4 T cell|Memory CD4 T cell,0.8704104
AGTCAACAGTCATGCT-1,Immune cell,Monocyte,CD14 monocyte,Immune cell|Myeloid cell|Monocyte|CD14 monocyte,0.9956761
AGTCAACGTACACGCC-1,Immune cell,Dendritic cell,pDC,Immune cell|Myeloid cell|Dendritic cell|pDC,0.9998516
AGTCACATCTCCCATG-1,Immune cell,T cell,GZMK CD8 T cell,Immune cell|Lymphoid cell|T/NK cell|T cell|CD8 T cell|Memory CD8 T cell|GZMK CD8 T cell,0.7141276
AGTCTCCCAACCGTGC-1,Immune cell,B cell,Memory B cell,Immune cell|Lymphoid cell|B cell|Memory B cell,0.9950997
AGTCTCCGTGAGTCAG-1,Immune cell,T cell,MAIT cell,Immune cell|Lymphoid cell|T/NK cell|T cell|MAIT cell,0.88436407
AGTGCCGCATCTGGGC-1,Immune cell,T cell,MAIT cell,Immune cell|Lymphoid cell|T/NK cell|T cell|MAIT cell,0.9879274
AGTTAGCAGTCAGGGT-1,Immune cell,T cell,MAIT cell,Immune cell|Lymphoid cell|T/NK cell|T cell|MAIT cell,0.9824837
AGTTAGCGTACCATAC-1,Immune cell,B cell,Naive B cell,Immune cell|Lymphoid cell|B cell|Naive B cell,0.8199365
AGTTAGCGTTCATCGA-1,Immune cell,T cell,MAIT cell,Immune cell|Lymphoid cell|T/NK cell|T cell|MAIT cell,0.9709452
AGTTCCCCAAACAGGC-1,Immune cell,T cell,GZMB CD8 T cell,Immune cell|Lymphoid cell|T/NK cell|T cell|CD8 T cell|Memory CD8 T cell,0.9897933
AGTTCCCGTTACACTG-1,Immune cell,T cell,Naive CD4 T cell,Immune cell|Lymphoid cell|T/NK cell|T cell|CD4 T cell|Naive CD4 T cell,0.9943895
AGTTCGAGTATGCGTT-1,Immune cell,B cell,Naive B cell,Immune cell|Lymphoid cell|B cell|Naive B cell,0.95154333
ATACCGACACACGGTC-1,Immune cell,T cell,Memory CD4 T cell,Immune cell|Lymphoid cell|T/NK cell|T cell|CD4 T cell|Memory CD4 T cell,0.70695573
ATACTTCGTACGACTT-1,Immune cell,Monocyte,CD14 monocyte,Immune cell|Myeloid cell|Monocyte|CD14 monocyte,0.9979784
ATACTTCGTTCGGTAT-1,Immune cell,T cell,Naive CD4 T cell,Immune cell|Lymphoid cell|T/NK cell|T cell|CD4 T cell|Naive CD4 T cell,0.9980636
ATACTTCTCAGCTGAT-1,Immune cell,T cell,Memory CD4 T cell,Immune cell|Lymphoid cell|T/NK cell|T cell|CD4 T cell|Memory CD4 T cell,0.69120806
ATACTTCTCGCCGTGA-1,Immune cell,B cell,Memory B cell,Immune cell|Lymphoid cell|B cell|Memory B cell,0.9906378
ATAGACCTCCGCTTAC-1,Immune cell,NK cell,CD16 NK cell,Immune cell|Lymphoid cell|T/NK cell|NK cell|CD16 NK cell,0.9909971
ATAGGCTGTGTTACAC-1,Immune cell,Monocyte,CD14 monocyte,Immune cell|Myeloid cell|Monocyte|CD14 monocyte,0.99692804
ATATCCTGTATGAGCG-1,Immune cell,B cell,Naive B cell,Immune cell|Lymphoid cell|B cell|Naive B cell,0.9849363
ATCACAGAGACGTCCC-1,Immune cell,Monocyte,CD14 monocyte,Immune cell|Myeloid cell|Monocyte|CD14 monocyte,0.9986082
ATCACAGCATGACGTT-1,Immune cell,Monocyte,CD14 monocyte,Immune cell|Myeloid cell|Monocyte|CD14 monocyte,0.9960368
ATCACGATCCGCAACG-1,Immune cell,T cell,GZMB CD8 T cell,Immune cell|Lymphoid cell|T/NK cell|T cell|CD8 T cell|Memory CD8 T cell|GZMB CD8 T cell,0.68812466
ATCACTTGTGGCTGCT-1,Immune cell,Monocyte,CD14 monocyte,Immune cell|Myeloid cell|Monocyte|CD14 monocyte,0.99652654
ATCCACCCAGCAGTGA-1,Immune cell,NK cell,CD16 NK cell,Immune cell|Lymphoid cell|T/NK cell|NK cell|CD16 NK cell,0.9779287
ATCCACCCATGTCTAG-1,Immune cell,NK cell,CD16 NK cell,Immune cell|Lymphoid cell|T/NK cell|NK cell|CD16 NK cell,0.9974927
ATCCACCGTTTGTTGG-1,Immune cell,Monocyte,CD14 monocyte,Immune cell|Myeloid cell|Monocyte|CD14 monocyte,0.9983833
ATCCATTAGACGCAGT-1,Immune cell,B cell,Naive B cell,Immune cell|Lymphoid cell|B cell|Naive B cell,0.94079405
ATCCCTGCAATTTCTC-1,Immune cell,T cell,MAIT cell,Immune cell|Lymphoid cell|T/NK cell|T cell|MAIT cell,0.92094713
ATCCGTCCAACTCCCT-1,Immune cell,B cell,Naive B cell,Immune cell|Lymphoid cell|B cell|Naive B cell,0.9019999
ATCCTATGTCTGTGCG-1,Immune cell,B cell,Memory B cell,Immune cell|Lymphoid cell|B cell|Memory B cell,0.99724305
ATCGATGCAACGGCTC-1,Immune cell,B cell,Naive B cell,Immune cell|Lymphoid cell|B cell|Naive B cell,0.96991235
ATCGATGGTCAATCTG-1,Immune cell,NK cell,CD56 NK cell,Immune cell|Lymphoid cell|T/NK cell|NK cell|CD56 NK cell,0.62325996
ATCGGATAGGAAAGGT-1,Immune cell,T cell,Memory CD4 T cell,Immune cell|Lymphoid cell|T/NK cell|T cell|CD4 T cell|Memory CD4 T cell,0.94329125
ATCGGCGAGTCCTACA-1,Immune cell,Coarse Not Confidently Annotated,Fine Not Confidently Annotated,Immune cell|Lymphoid cell|T/NK cell|T cell|CD8 T cell|Memory CD8 T cell,0.46653795
ATCGTAGCATCGGAGA-1,Immune cell,Monocyte,CD14 monocyte,Immune cell|Myeloid cell|Monocyte|CD14 monocyte|MHCII high CD14 monocyte,0.7591303
ATCGTCCAGCCTGAAG-1,Immune cell,Monocyte,CD14/CD16 monocyte,Immune cell|Myeloid cell|Monocyte|CD14/CD16 monocyte,0.6489366
ATCGTCCGTATGAGGC-1,Immune cell,Monocyte,CD14 monocyte,Immune cell|Myeloid cell|Monocyte|CD14 monocyte,0.99883574
ATCGTCCTCGGAGCAA-1,Immune cell,Monocyte,CD16 monocyte,Immune cell|Myeloid cell|Monocyte|CD16 monocyte,0.9954725
ATCGTGAAGCAGATAT-1,Immune cell,Monocyte,CD14 monocyte,Immune cell|Myeloid cell|Monocyte|CD14 monocyte,0.9978929
ATCTCTACAAGAAACT-1,Immune cell,Monocyte,CD14 monocyte,Immune cell|Myeloid cell|Monocyte|CD14 monocyte,0.9828293
ATCTCTAGTCGTGGTC-1,Immune cell,T cell,Naive CD8 T cell,Immune cell|Lymphoid cell|T/NK cell|T cell|CD8 T cell|Naive CD8 T cell,0.91712385
ATCTTCAAGAAGAGCA-1,Immune cell,Monocyte,CD14 monocyte,Immune cell|Myeloid cell|Monocyte|CD14 monocyte,0.9966377
ATCTTCACATACTGAC-1,Immune cell,Monocyte,CD14 monocyte,Immune cell|Myeloid cell|Monocyte|CD14 monocyte,0.99855083
ATCTTCAGTCTCTCCA-1,Immune cell,Monocyte,CD14 monocyte,Immune cell|Myeloid cell|Monocyte|CD14 monocyte,0.99713635
ATCTTCATCTCATAGG-1,Immune cell,T cell,MAIT cell,Immune cell|Lymphoid cell|T/NK cell|T cell|MAIT cell,0.99244666
ATGAAAGTCCTTATGT-1,Immune cell,T cell,Memory CD4 T cell,Immune cell|Lymphoid cell|T/NK cell|T cell|CD4 T cell|Memory CD4 T cell,0.737162
ATGACCAAGGCTAACG-1,Immune cell,Monocyte,CD14 monocyte,Immune cell|Myeloid cell|Monocyte|CD14 monocyte,0.96023345
ATGACCACAATATCCG-1,Immune cell,T cell,Memory CD4 T cell,Immune cell|Lymphoid cell|T/NK cell|T cell|CD4 T cell|Memory CD4 T cell,0.86422753
ATGAGTCTCCAGTTCC-1,Immune cell,B cell,Memory B cell,Immune cell|Lymphoid cell|B cell|Memory B cell,0.9355038
ATGATCGGTCGAACAG-1,Immune cell,B cell,Naive B cell,Immune cell|Lymphoid cell|B cell|Naive B cell,0.95828396
ATGCGATGTGCTCTTC-1,Immune cell,B cell,Naive B cell,Immune cell|Lymphoid cell|B cell|Naive B cell,0.9329475
ATGCGATGTTGTAGCT-1,Immune cell,T cell,Treg cell,Immune cell|Lymphoid cell|T/NK cell|T cell|CD4 T cell|Treg cell,0.9023484
ATGGAGGGTGTTTACG-1,Immune cell,T cell,abT (entry) cell,Immune cell|Lymphoid cell|T/NK cell|T cell|abT (entry) cell,0.5841172
ATGGATCGTAGATTGA-1,Immune cell,B cell,Memory B cell,Immune cell|Lymphoid cell|B cell|Memory B cell,0.98894286
ATGGATCTCGACCTAA-1,Immune cell,T cell,Memory CD4 T cell,Immune cell|Lymphoid cell|T/NK cell|T cell|CD4 T cell|Memory CD4 T cell,0.67042065
ATGGGAGAGACGTCCC-1,Immune cell,T cell,Naive CD4 T cell,Immune cell|Lymphoid cell|T/NK cell|T cell|CD4 T cell|Naive CD4 T cell,0.93920565
ATGGGAGCACTCCGGA-1,Immune cell,Monocyte,CD14 monocyte,Immune cell|Myeloid cell|Monocyte|CD14 monocyte,0.6876253
ATGGGAGTCCACTGAA-1,Immune cell,Monocyte,CD14 monocyte,Immune cell|Myeloid cell|Monocyte|CD14 monocyte,0.9954216
ATGGGAGTCCCATACC-1,Immune cell,T cell,abT (entry) cell,Immune cell|Lymphoid cell|T/NK cell|T cell|abT (entry) cell,0.7184647
ATGGTTGTCACGGAGA-1,Immune cell,Monocyte,CD14 monocyte,Immune cell|Myeloid cell|Monocyte|CD14 monocyte,0.9986298
ATGTCCCCAGGAATCG-1,Immune cell,B cell,Naive B cell,Immune cell|Lymphoid cell|B cell|Naive B cell,0.9414074
ATGTCCCCATAGGTTC-1,Immune cell,B cell,Memory B cell,Immune cell|Lymphoid cell|B cell|Memory B cell,0.96317613
ATGTCCCGTCCTACGG-1,Immune cell,Monocyte,CD14 monocyte,Immune cell|Myeloid cell|Monocyte|CD14 monocyte,0.9969484
ATTACTCCAGCTTTGA-1,Immune cell,T cell,Naive CD4 T cell,Immune cell|Lymphoid cell|T/NK cell|T cell|CD4 T cell|Naive CD4 T cell,0.87616235
ATTACTCGTTGCAACT-1,Immune cell,B cell,Memory B cell,Immune cell|Lymphoid cell|B cell|Memory B cell,0.9914231
ATTCACTAGAAGGCTC-1,Immune cell,T cell,MAIT cell,Immune cell|Lymphoid cell|T/NK cell|T cell|MAIT cell,0.9427076
ATTCACTTCTCCGCAT-1,Immune cell,NK cell,CD16 NK cell,Immune cell|Lymphoid cell|T/NK cell|NK cell|CD16 NK cell,0.99848384
ATTCAGGCAAGTATCC-1,Immune cell,Monocyte,CD14 monocyte,Immune cell|Myeloid cell|Monocyte|CD14 monocyte,0.9942561
ATTCAGGCATAGCTGT-1,Immune cell,Monocyte,CD14 monocyte,Immune cell|Myeloid cell|Monocyte|CD14 monocyte,0.9958549
ATTCAGGTCTTCGTGC-1,Immune cell,T cell,Memory CD4 T cell,Immune cell|Lymphoid cell|T/NK cell|T cell|CD4 T cell|Memory CD4 T cell,0.83495635
ATTCCATCACGACTAT-1,Immune cell,T cell,Naive CD4 T cell,Immune cell|Lymphoid cell|T/NK cell|T cell|CD4 T cell|Naive CD4 T cell,0.74440944
ATTCCCGAGTCACTCA-1,Immune cell,T cell,Naive CD4 T cell,Immune cell|Lymphoid cell|T/NK cell|T cell|CD4 T cell|Naive CD4 T cell,0.9980628
ATTCCTACATGAGATA-1,Immune cell,Monocyte,CD14 monocyte,Immune cell|Myeloid cell|Monocyte|CD14 monocyte,0.9968273
ATTCGTTCAGTCTTCC-1,Immune cell,T cell,Memory CD4 T cell,Immune cell|Lymphoid cell|T/NK cell|T cell|CD4 T cell|Memory CD4 T cell,0.9015816
ATTCGTTGTAACACCT-1,Immune cell,T cell,Naive CD4 T cell,Immune cell|Lymphoid cell|T/NK cell|T cell|CD4 T cell|Naive CD4 T cell,0.99927276
ATTCGTTGTGTAGCAG-1,Immune cell,B cell,Plasma cell,Immune cell|Lymphoid cell|B cell|Plasma cell,0.9942701
ATTCGTTGTGTTCAGT-1,Immune cell,T cell,Memory CD4 T cell,Immune cell|Lymphoid cell|T/NK cell|T cell|CD4 T cell|Memory CD4 T cell,0.9351496
ATTCGTTGTTCTTGTT-1,Immune cell,Monocyte,CD14 monocyte,Immune cell|Myeloid cell|Monocyte|CD14 monocyte,0.99001443
ATTCTACTCTCGTGAA-1,Immune cell,T cell,Naive CD8 T cell,Immune cell|Lymphoid cell|T/NK cell|T cell|CD8 T cell|Naive CD8 T cell,0.99050856
ATTCTTGAGTTCCAGT-1,Immune cell,T cell,abT (entry) cell,Immune cell|Lymphoid cell|T/NK cell|T cell|abT (entry) cell,0.7968192
ATTCTTGGTACAATAG-1,Immune cell,T cell,MAIT cell,Immune cell|Lymphoid cell|T/NK cell|T cell|MAIT cell,0.9701052
ATTTCACAGTGCAAAT-1,Immune cell,Monocyte,CD14 monocyte,Immune cell|Myeloid cell|Monocyte|CD14 monocyte,0.6745216
ATTTCACGTGGATACG-1,Immune cell,Monocyte,CD14 monocyte,Immune cell|Myeloid cell|Monocyte|CD14 monocyte,0.9966024
ATTTCTGCAAGGTCTT-1,Immune cell,Monocyte,CD14 monocyte,Immune cell|Myeloid cell|Monocyte|CD14 monocyte,0.994618
ATTTCTGGTATCCTCC-1,Immune cell,B cell,Naive B cell,Immune cell|Lymphoid cell|B cell|Naive B cell,0.8391143
ATTTCTGTCGATGCAT-1,Immune cell,Monocyte,CD14 monocyte,Immune cell|Myeloid cell|Monocyte|CD14 monocyte,0.9962203
ATTTCTGTCGGCCAAC-1,Immune cell,T cell,Memory CD4 T cell,Immune cell|Lymphoid cell|T/NK cell|T cell|CD4 T cell|Memory CD4 T cell,0.9157969
CAAAGAACACATATCG-1,Immune cell,T cell,Memory CD4 T cell,Immune cell|Lymphoid cell|T/NK cell|T cell|CD4 T cell|Memory CD4 T cell,0.7699991
CAAAGAACAGCTGTTA-1,Immune cell,T cell,MAIT cell,Immune cell|Lymphoid cell|T/NK cell|T cell|MAIT cell,0.9064865
CAAAGAAGTTCTCCCA-1,Immune cell,Monocyte,CD14 monocyte,Immune cell|Myeloid cell|Monocyte|CD14 monocyte,0.9991177
CAACAACTCGATACTG-1,Immune cell,T cell,GZMK CD8 T cell,Immune cell|Lymphoid cell|T/NK cell|T cell|CD8 T cell|Memory CD8 T cell|GZMK CD8 T cell,0.6135387
CAACAGTCATCCGTTC-1,Immune cell,T cell,Naive CD4 T cell,Immune cell|Lymphoid cell|T/NK cell|T cell|CD4 T cell|Naive CD4 T cell,0.9976023
CAACAGTTCGAGCACC-1,Immune cell,T cell,Naive CD4 T cell,Immune cell|Lymphoid cell|T/NK cell|T cell|CD4 T cell|Naive CD4 T cell,0.9805054
CAACCAAGTTAGAAAC-1,Immune cell,Monocyte,CD14 monocyte,Immune cell|Myeloid cell|Monocyte|CD14 monocyte,0.99901295
CAACCTCGTATCGGTT-1,Immune cell,T cell,Naive CD4 T cell,Immune cell|Lymphoid cell|T/NK cell|T cell|CD4 T cell|Naive CD4 T cell,0.75575805
CAACGATAGACGGAAA-1,Immune cell,Monocyte,CD14 monocyte,Immune cell|Myeloid cell|Monocyte|CD14 monocyte,0.9962011
CAACGATAGCCTAGGA-1,Immune cell,Monocyte,CD14 monocyte,Immune cell|Myeloid cell|Monocyte|CD14 monocyte,0.9554809
CAACGATCAAAGCACG-1,Immune cell,T cell,Memory CD4 T cell,Immune cell|Lymphoid cell|T/NK cell|T cell|CD4 T cell|Memory CD4 T cell,0.7831909
CAACGATTCAAGCCCG-1,Immune cell,Monocyte,CD14 monocyte,Immune cell|Myeloid cell|Monocyte|CD14 monocyte,0.9947842
CAAGACTAGTGGAAAG-1,Immune cell,T cell,MAIT cell,Immune cell|Lymphoid cell|T/NK cell|T cell|MAIT cell,0.97057897
CAAGACTTCAATCGGT-1,Immune cell,Monocyte,CD14 monocyte,Immune cell|Myeloid cell|Monocyte|CD14 monocyte,0.99818593
CAAGAGGTCTTCACGC-1,Immune cell,Monocyte,CD14 monocyte,Immune cell|Myeloid cell|Monocyte|CD14 monocyte,0.98746526
CAAGCTAGTGGCTGCT-1,Immune cell,Monocyte,CD14 monocyte,Immune cell|Myeloid cell|Monocyte|CD14 monocyte,0.82935554
CAAGGGAAGAGTCGAC-1,Immune cell,T cell,Memory CD4 T cell,Immune cell|Lymphoid cell|T/NK cell|T cell|CD4 T cell|Memory CD4 T cell,0.93065494
CAATACGAGGCAGCTA-1,Immune cell,T cell,GZMK CD8 T cell,Immune cell|Lymphoid cell|T/NK cell|T cell|CD8 T cell|Memory CD8 T cell|GZMK CD8 T cell,0.94688225
CAATACGTCTCGACCT-1,Unassigned,Unassigned,Unassigned,Unassigned,0.9950787
CAATCGAAGAGGATCC-1,Immune cell,T cell,Memory CD4 T cell,Immune cell|Lymphoid cell|T/NK cell|T cell|CD4 T cell|Memory CD4 T cell,0.8923809
CAATCGATCCGTACGG-1,Immune cell,T cell,Memory CD4 T cell,Immune cell|Lymphoid cell|T/NK cell|T cell|CD4 T cell|Memory CD4 T cell,0.9850891
CAATGACTCAAGCCCG-1,Immune cell,T cell,Naive CD4 T cell,Immune cell|Lymphoid cell|T/NK cell|T cell|CD4 T cell|Naive CD4 T cell,0.9990429
CAATTTCAGATTGCGG-1,Immune cell,B cell,Naive B cell,Immune cell|Lymphoid cell|B cell|Naive B cell,0.52926767
CACACAACAAGAAACT-1,Immune cell,T cell,Naive CD4 T cell,Immune cell|Lymphoid cell|T/NK cell|T cell|CD4 T cell|Naive CD4 T cell,0.9993037
CACACAACACGAGGAT-1,Immune cell,Monocyte,CD14 monocyte,Immune cell|Myeloid cell|Monocyte|CD14 monocyte,0.9883603
CACAGATCACTCCGAG-1,Immune cell,Monocyte,CD14 monocyte,Immune cell|Myeloid cell|Monocyte|CD14 monocyte,0.8185485
CACAGATCATCATGAC-1,Immune cell,Monocyte,CD14 monocyte,Immune cell|Myeloid cell|Monocyte|CD14 monocyte,0.9987367
CACAGATGTTCCGTTC-1,Immune cell,Monocyte,CD16 monocyte,Immune cell|Myeloid cell|Monocyte|CD16 monocyte,0.99453557
CACAGGCCAACGATCT-1,Immune cell,Monocyte,CD14 monocyte,Immune cell|Myeloid cell|Monocyte|CD14 monocyte,0.9973636
CACATGAGTTTCGACA-1,Immune cell,T cell,Treg cell,Immune cell|Lymphoid cell|T/NK cell|T cell|CD4 T cell|Treg cell,0.7393238
CACCAAAAGGACATCG-1,Immune cell,Monocyte,CD14 monocyte,Immune cell|Myeloid cell|Monocyte|CD14 monocyte,0.99320894
CACCGTTCACCCTAGG-1,Immune cell,T cell,Naive CD4 T cell,Immune cell|Lymphoid cell|T/NK cell|T cell|CD4 T cell|Naive CD4 T cell,0.998437
CACGAATCACATAGCT-1,Immune cell,T cell,Memory CD4 T cell,Immune cell|Lymphoid cell|T/NK cell|T cell|CD4 T cell|Memory CD4 T cell,0.96128154
CACGAATTCAAGTCGT-1,Immune cell,T cell,Memory CD4 T cell,Immune cell|Lymphoid cell|T/NK cell|T cell|CD4 T cell|Memory CD4 T cell,0.8972881
CACGGGTAGCATTTGC-1,Immune cell,Monocyte,CD14 monocyte,Immune cell|Myeloid cell|Monocyte|CD14 monocyte,0.9959876
CACGGGTTCCCGATCT-1,Immune cell,B cell,Naive B cell,Immune cell|Lymphoid cell|B cell|Naive B cell,0.90373105
CACGTTCCAGCTTCCT-1,Immune cell,Monocyte,CD14 monocyte,Immune cell|Myeloid cell|Monocyte|CD14 monocyte,0.9957281
CACGTTCTCTATCACT-1,Immune cell,T cell,Memory CD4 T cell,Immune cell|Lymphoid cell|T/NK cell|T cell|CD4 T cell|Memory CD4 T cell,0.89120936
CACTAAGGTGATAGTA-1,Immune cell,T cell,Memory CD4 T cell,Immune cell|Lymphoid cell|T/NK cell|T cell|CD4 T cell|Memory CD4 T cell,0.97429436
CACTGAAGTCTTTCTA-1,Immune cell,B cell,Naive B cell,Immune cell|Lymphoid cell|B cell|Naive B cell,0.91239333
CACTGAATCCTGATAG-1,Immune cell,Dendritic cell,cDC2,Immune cell|Myeloid cell|Dendritic cell,0.9979685
CACTGGGAGGCGACAT-1,Immune cell,Monocyte,CD14 monocyte,Immune cell|Myeloid cell|Monocyte|CD14 monocyte,0.9977925
CACTGGGAGTTACTCG-1,Immune cell,Monocyte,CD14 monocyte,Immune cell|Myeloid cell|Monocyte|CD14 monocyte,0.9992298
CACTGGGGTCGCACAC-1,Immune cell,Coarse Not Confidently Annotated,Fine Not Confidently Annotated,Immune cell|Myeloid cell|Monocyte|CD16 monocyte,0.514547
CACTGTCCACATATGC-1,Immune cell,B cell,Naive B cell,Immune cell|Lymphoid cell|B cell|Naive B cell,0.84658664
CACTTCGTCACCTACC-1,Immune cell,Monocyte,CD14 monocyte,Immune cell|Myeloid cell|Monocyte|CD14 monocyte,0.99883884
CAGAGCCGTGCCCGTA-1,Immune cell,T cell,Naive CD4 T cell,Immune cell|Lymphoid cell|T/NK cell|T cell|CD4 T cell|Naive CD4 T cell,0.9929755
CAGATACTCGTTCCCA-1,Immune cell,T cell,Naive CD4 T cell,Immune cell|Lymphoid cell|T/NK cell|T cell|CD4 T cell|Naive CD4 T cell,0.6029677
CAGATTGAGAACGTGC-1,Immune cell,T cell,Treg cell,Immune cell|Lymphoid cell|T/NK cell|T cell|CD4 T cell|Treg cell,0.80640495
CAGATTGAGCTGAGCA-1,Immune cell,T cell,Memory CD4 T cell,Immune cell|Lymphoid cell|T/NK cell|T cell|CD4 T cell|Memory CD4 T cell,0.81235635
CAGATTGGTGACTAAA-1,Immune cell,B cell,Memory B cell,Immune cell|Lymphoid cell|B cell|Memory B cell,0.9866197
CAGCAATGTATCGTTG-1,Immune cell,Monocyte,CD16 monocyte,Immune cell|Myeloid cell|Monocyte|CD16 monocyte,0.9879359
CAGCAGCTCAGAGTTC-1,Immune cell,T cell,GZMB CD8 T cell,Immune cell|Lymphoid cell|T/NK cell|T cell|CD8 T cell|Memory CD8 T cell|GZMB CD8 T cell,0.69528925
CAGCCAGGTGGGTTGA-1,Immune cell,Monocyte,CD16 monocyte,Immune cell|Myeloid cell|Monocyte|CD16 monocyte,0.98380893
CAGCGTGTCCATCACC-1,Immune cell,B cell,Naive B cell,Immune cell|Lymphoid cell|B cell|Naive B cell,0.9617002
CAGGCCAGTTCAATCG-1,Immune cell,T cell,Memory CD4 T cell,Immune cell|Lymphoid cell|T/NK cell|T cell|CD4 T cell|Memory CD4 T cell,0.745305
CAGGCCATCACTCACC-1,Immune cell,T cell,MAIT cell,Immune cell|Lymphoid cell|T/NK cell|T cell|MAIT cell,0.46093825
CAGGCCATCCACTAGA-1,Immune cell,Monocyte,CD14 monocyte,Immune cell|Myeloid cell|Monocyte|CD14 monocyte,0.99648714
CAGGGCTAGATTGGGC-1,Immune cell,T cell,MAIT cell,Immune cell|Lymphoid cell|T/NK cell|T cell|MAIT cell,0.92090607
CAGGGCTTCGACGAGA-1,Immune cell,B cell,Plasma cell,Immune cell|Lymphoid cell|B cell|Plasma cell,0.9906515
CAGGTATGTCAGTCTA-1,Immune cell,Dendritic cell,cDC1,Immune cell|Myeloid cell|Dendritic cell|cDC|cDC1,0.9130513
CAGGTATGTGTAAATG-1,Immune cell,B cell,Naive B cell,Immune cell|Lymphoid cell|B cell|Naive B cell,0.9132783
CAGTTAGTCGGCCCAA-1,Immune cell,T cell,Naive CD8 T cell,Immune cell|Lymphoid cell|T/NK cell|T cell|CD8 T cell|Naive CD8 T cell,0.7214567
CAGTTCCCAATCGTCA-1,Immune cell,T cell,MAIT cell,Immune cell|Lymphoid cell|T/NK cell|T cell|MAIT cell,0.9452633
CATAAGCGTAGCGCTC-1,Immune cell,T cell,Naive CD4 T cell,Immune cell|Lymphoid cell|T/NK cell|T cell|CD4 T cell|Naive CD4 T cell,0.9988513
CATAAGCTCCGTGTGG-1,Immune cell,Monocyte,CD14 monocyte,Immune cell|Myeloid cell|Monocyte|CD14 monocyte,0.99399626
CATACTTTCAACGAGG-1,Immune cell,T cell,Memory CD4 T cell,Immune cell|Lymphoid cell|T/NK cell|T cell|CD4 T cell|Memory CD4 T cell,0.6589101
CATAGACCATCTCAAG-1,Unassigned,Unassigned,Unassigned,Unassigned,0.6764438
CATAGACGTACCTTCC-1,Immune cell,T cell,Naive CD4 T cell,Immune cell|Lymphoid cell|T/NK cell|T cell|CD4 T cell|Naive CD4 T cell,0.99719125
CATCAAGAGCGCCGTT-1,Immune cell,Monocyte,CD16 monocyte,Immune cell|Myeloid cell|Monocyte|CD16 monocyte,0.9966299
CATCAAGGTATGGTTC-1,Immune cell,B cell,Naive B cell,Immune cell|Lymphoid cell|B cell|Naive B cell,0.74277186
CATCAAGGTCTAACTG-1,Immune cell,B cell,Naive B cell,Immune cell|Lymphoid cell|B cell|Naive B cell,0.9940064
CATCAAGGTTGTCCCT-1,Immune cell,B cell,Naive B cell,Immune cell|Lymphoid cell|B cell|Naive B cell,0.9868015
CATCCGTGTATCGCTA-1,Immune cell,T cell,Naive CD8 T cell,Immune cell|Lymphoid cell|T/NK cell|T cell|CD8 T cell|Naive CD8 T cell,0.9304967
CATCGCTTCTTTGCAT-1,Immune cell,B cell,Plasma cell,Immune cell|Lymphoid cell|B cell|Plasma cell,0.85212076
CATCGGGTCGCTACAA-1,Immune cell,B cell,Naive B cell,Immune cell|Lymphoid cell|B cell|Naive B cell,0.9097998
CATCGTCTCCGTTGAA-1,Immune cell,T cell,GZMK CD8 T cell,Immune cell|Lymphoid cell|T/NK cell|T cell|CD8 T cell|Memory CD8 T cell,0.98888016
CATGAGTCACCATTCC-1,Immune cell,T cell,GZMB CD8 T cell,Immune cell|Lymphoid cell|T/NK cell|T cell|CD8 T cell|Memory CD8 T cell|GZMB CD8 T cell,0.7938621
CATGCCTCAATTGCTG-1,Immune cell,B cell,Naive B cell,Immune cell|Lymphoid cell|B cell|Naive B cell,0.96210533
CATGCCTCAGGCTATT-1,Immune cell,Monocyte,CD14 monocyte,Immune cell|Myeloid cell|Monocyte|CD14 monocyte,0.99442697
CATGCCTGTTCCGCAG-1,Immune cell,Monocyte,CD14 monocyte,Immune cell|Myeloid cell|Monocyte|CD14 monocyte,0.995644
CATGCGGTCGGTCGAC-1,Immune cell,T cell,Naive CD4 T cell,Immune cell|Lymphoid cell|T/NK cell|T cell|CD4 T cell|Naive CD4 T cell,0.9768093
CATGCTCGTCTCTCAC-1,Immune cell,B cell,Naive B cell,Immune cell|Lymphoid cell|B cell|Naive B cell,0.61278635
CATTCTAGTAGCTTGT-1,Immune cell,T cell,MAIT cell,Immune cell|Lymphoid cell|T/NK cell|T cell|MAIT cell,0.9455197
CATTCTATCAGTAGGG-1,Immune cell,Monocyte,CD14 monocyte,Immune cell|Myeloid cell|Monocyte|CD14 monocyte,0.99888116
CATTGAGAGGGACCAT-1,Immune cell,Monocyte,CD14 monocyte,Immune cell|Myeloid cell|Monocyte|CD14 monocyte,0.94764835
CATTTCATCTCTCTTC-1,Immune cell,Monocyte,CD14 monocyte,Immune cell|Myeloid cell|Monocyte|CD14 monocyte,0.993739
CCAAGCGAGCTAATCC-1,Immune cell,T cell,Naive CD4 T cell,Immune cell|Lymphoid cell|T/NK cell|T cell|CD4 T cell|Naive CD4 T cell,0.99726605
CCAAGCGAGGTTCATC-1,Immune cell,Monocyte,CD14 monocyte,Immune cell|Myeloid cell|Monocyte|CD14 monocyte,0.99894243
CCAATGAAGGTCACTT-1,Immune cell,B cell,Naive B cell,Immune cell|Lymphoid cell|B cell|Naive B cell,0.9885703
CCAATTTCAAAGGCTG-1,Immune cell,T cell,MAIT cell,Immune cell|Lymphoid cell|T/NK cell|T cell|MAIT cell,0.98839056
CCAATTTCATTCGATG-1,Immune cell,T cell,GZMB CD8 T cell,Immune cell|Lymphoid cell|T/NK cell|T cell|CD8 T cell|Memory CD8 T cell|GZMB CD8 T cell,0.72938204
CCACACTCAGGACTTT-1,Immune cell,Monocyte,CD16 monocyte,Immune cell|Myeloid cell|Monocyte|CD16 monocyte,0.99585694
CCACCATAGGTCATCT-1,Immune cell,T cell,GZMK CD8 T cell,Immune cell|Lymphoid cell|T/NK cell|T cell|CD8 T cell|Memory CD8 T cell,0.9864966
CCACGAGGTAATCAAG-1,Immune cell,T cell,abT (entry) cell,Immune cell|Lymphoid cell|T/NK cell|T cell|abT (entry) cell,0.98416835
CCACGAGTCTTCCTAA-1,Immune cell,Monocyte,CD14 monocyte,Immune cell|Myeloid cell|Monocyte|CD14 monocyte,0.9956092
CCACGTTTCATCAGTG-1,Immune cell,B cell,Memory B cell,Immune cell|Lymphoid cell|B cell|Memory B cell,0.9852507
CCACGTTTCGTGAGAG-1,Immune cell,T cell,Memory CD4 T cell,Immune cell|Lymphoid cell|T/NK cell|T cell|CD4 T cell|Memory CD4 T cell,0.7574579
CCACGTTTCTGCTGAA-1,Immune cell,B cell,Memory B cell,Immune cell|Lymphoid cell|B cell|Memory B cell,0.9855574
CCACTTGCAGCTATTG-1,Immune cell,T cell,MAIT cell,Immune cell|Lymphoid cell|T/NK cell|T cell|MAIT cell,0.9466141
CCACTTGTCGCAGAGA-1,Immune cell,Monocyte,CD16 monocyte,Immune cell|Myeloid cell|Monocyte|CD16 monocyte,0.9938518
CCATAAGGTGAGGAAA-1,Immune cell,Monocyte,CD14 monocyte,Immune cell|Myeloid cell|Monocyte|CD14 monocyte,0.9957896
CCATCACCATTAAAGG-1,Immune cell,B cell,Memory B cell,Immune cell|Lymphoid cell|B cell|Memory B cell,0.9651387
CCATCACTCTAACACG-1,Immune cell,Monocyte,CD14 monocyte,Immune cell|Myeloid cell|Monocyte|CD14 monocyte,0.999127
CCCGGAATCAAACCCA-1,Immune cell,T cell,Naive CD4 T cell,Immune cell|Lymphoid cell|T/NK cell|T cell|CD4 T cell|Naive CD4 T cell,0.99721766
CCCTAACCAGGTTCGC-1,Immune cell,T cell,Naive CD4 T cell,Immune cell|Lymphoid cell|T/NK cell|T cell|CD4 T cell|Naive CD4 T cell,0.9989837
CCCTAACGTAACTGCT-1,Immune cell,Coarse Not Confidently Annotated,Fine Not Confidently Annotated,Immune cell|Myeloid cell|Monocyte|CD16 monocyte,0.45207813
CCCTTAGGTTTCCAAG-1,Immune cell,T cell,Memory CD4 T cell,Immune cell|Lymphoid cell|T/NK cell|T cell|CD4 T cell|Memory CD4 T cell,0.72173274
CCGAACGAGCTAAGTA-1,Immune cell,T cell,Naive CD8 T cell,Immune cell|Lymphoid cell|T/NK cell|T cell|CD8 T cell|Naive CD8 T cell,0.9769363
CCGAACGAGGAACGCT-1,Immune cell,Dendritic cell,cDC2,Immune cell|Myeloid cell|Dendritic cell,0.9526858
CCGATCTGTGGAGGTT-1,Immune cell,Monocyte,CD14 monocyte,Immune cell|Myeloid cell|Monocyte|CD14 monocyte,0.9977822
CCGATGGGTTCTCGCT-1,Immune cell,Dendritic cell,cDC2,Immune cell|Myeloid cell|Dendritic cell|cDC,0.9884543
CCGATGGTCACCTCTG-1,Immune cell,Monocyte,CD14 monocyte,Immune cell|Myeloid cell|Monocyte|CD14 monocyte,0.9957391
CCGATGGTCTGTCGCT-1,Immune cell,B cell,Memory B cell,Immune cell|Lymphoid cell|B cell|Memory B cell,0.99279517
CCGCAAGCATTCAGGT-1,Immune cell,T cell,Naive CD8 T cell,Immune cell|Lymphoid cell|T/NK cell|T cell|CD8 T cell|Naive CD8 T cell,0.71241146
CCGCAAGGTACCAGAG-1,Immune cell,Coarse Not Confidently Annotated,Fine Not Confidently Annotated,Immune cell|Lymphoid cell|T/NK cell|T cell|CD4 T cell|Memory CD4 T cell,0.5305858
CCGGACAGTGATACCT-1,Immune cell,Monocyte,CD14 monocyte,Immune cell|Myeloid cell|Monocyte|CD14 monocyte,0.63488114
CCGGGTACACTCCGAG-1,Immune cell,Monocyte,CD14 monocyte,Immune cell|Myeloid cell|Monocyte|CD14 monocyte,0.99243027
CCGGGTACATACCAGT-1,Immune cell,T cell,Naive CD4 T cell,Immune cell|Lymphoid cell|T/NK cell|T cell|CD4 T cell|Naive CD4 T cell,0.6271853
CCGGTAGGTAGTACGG-1,Immune cell,NK cell,CD16 NK cell,Immune cell|Lymphoid cell|T/NK cell|NK cell|CD16 NK cell,0.9984445
CCGTAGGGTTCCCACT-1,Immune cell,NK cell,CD16 NK cell,Immune cell|Lymphoid cell|T/NK cell|NK cell|CD16 NK cell,0.9745753
CCGTAGGTCATACAGC-1,Immune cell,B cell,Naive B cell,Immune cell|Lymphoid cell|B cell|Naive B cell,0.7326335
CCGTGAGAGAGGTCAC-1,Immune cell,Coarse Not Confidently Annotated,Fine Not Confidently Annotated,Immune cell|Lymphoid cell|T/NK cell|T cell|CD16 NK cell,0.58383816
CCGTGAGTCGCCTTTG-1,Immune cell,B cell,Naive B cell,Immune cell|Lymphoid cell|B cell|Naive B cell,0.7080801
CCGTTCACAGAAGCTG-1,Immune cell,T cell,GZMK CD8 T cell,Immune cell|Lymphoid cell|T/NK cell|T cell|CD8 T cell|Memory CD8 T cell,0.9726213
CCTAAGAAGACTCTAC-1,Immune cell,T cell,Memory CD4 T cell,Immune cell|Lymphoid cell|T/NK cell|T cell|CD4 T cell|Memory CD4 T cell,0.5632421
CCTATCGAGACAGCGT-1,Immune cell,Monocyte,CD14 monocyte,Immune cell|Myeloid cell|Monocyte|CD14 monocyte,0.99703145
CCTCAACTCTTAGCCC-1,Immune cell,T cell,Naive CD4 T cell,Immune cell|Lymphoid cell|T/NK cell|T cell|CD4 T cell|Naive CD4 T cell,0.9974687
CCTCAGTAGCAAGGAA-1,Immune cell,Monocyte,CD14 monocyte,Immune cell|Myeloid cell|Monocyte|CD14 monocyte,0.87824565
CCTCAGTCATGATGCT-1,Immune cell,T cell,Naive CD4 T cell,Immune cell|Lymphoid cell|T/NK cell|T cell|CD4 T cell|Naive CD4 T cell,0.99957067
CCTCAGTTCCGAGCTG-1,Immune cell,B cell,Memory B cell,Immune cell|Lymphoid cell|B cell|Memory B cell,0.58243984
CCTCATGCACTATGTG-1,Immune cell,NK cell,CD16 NK cell,Immune cell|Lymphoid cell|T/NK cell|NK cell|CD16 NK cell,0.95947504
CCTCATGGTTTCGCTC-1,Immune cell,T cell,Memory CD4 T cell,Immune cell|Lymphoid cell|T/NK cell|T cell|CD4 T cell|Memory CD4 T cell,0.5546747
CCTCATGTCTCTCAAT-1,Immune cell,Monocyte,CD14 monocyte,Immune cell|Myeloid cell|Monocyte|CD14 monocyte,0.99659616
CCTCCAAAGGCCCGTT-1,Immune cell,Monocyte,CD14 monocyte,Immune cell|Myeloid cell|Monocyte|CD14 monocyte,0.9201816
CCTCCAAAGTATGATG-1,Immune cell,B cell,Naive B cell,Immune cell|Lymphoid cell|B cell|Naive B cell,0.9826124
CCTCCAACAACCCTCT-1,Immune cell,T cell,GZMB CD8 T cell,Immune cell|Lymphoid cell|T/NK cell|T cell|CD8 T cell|Memory CD8 T cell|GZMB CD8 T cell,0.75605667
CCTCCAACACAATGAA-1,Immune cell,B cell,Naive B cell,Immune cell|Lymphoid cell|B cell|Naive B cell,0.93708605
CCTCCTCAGTCCCGAC-1,Immune cell,B cell,Naive B cell,Immune cell|Lymphoid cell|B cell|Naive B cell,0.76750916
CCTCCTCCATTCAGGT-1,Immune cell,T cell,Naive CD4 T cell,Immune cell|Lymphoid cell|T/NK cell|T cell|CD4 T cell|Naive CD4 T cell,0.9962281
CCTCCTCTCAAGCGTT-1,Immune cell,T cell,Naive CD4 T cell,Immune cell|Lymphoid cell|T/NK cell|T cell|CD4 T cell|Naive CD4 T cell,0.9970638
CCTCTAGCAGACCTAT-1,Immune cell,Monocyte,CD14 monocyte,Immune cell|Myeloid cell|Monocyte|CD14 monocyte,0.99061173
CCTCTCCGTGTGCTTA-1,Immune cell,T cell,GZMK CD8 T cell,Immune cell|Lymphoid cell|T/NK cell|T cell|CD8 T cell|Memory CD8 T cell,0.41584432
CCTCTCCTCGTTCCTG-1,Immune cell,Monocyte,CD14 monocyte,Immune cell|Myeloid cell|Monocyte|CD14 monocyte,0.9924429
CCTGCATAGTGGTGAC-1,Immune cell,Dendritic cell,cDC2,Immune cell|Myeloid cell|Dendritic cell,0.99802667
CCTGCATCAACGGGTA-1,Immune cell,T cell,Naive CD4 T cell,Immune cell|Lymphoid cell|T/NK cell|T cell|CD4 T cell|Naive CD4 T cell,0.9970879
CCTGCATGTTCTTAGG-1,Immune cell,T cell,Memory CD4 T cell,Immune cell|Lymphoid cell|T/NK cell|T cell|CD4 T cell|Memory CD4 T cell,0.9221876
CCTGTTGGTGTGCCTG-1,Immune cell,Monocyte,CD14 monocyte,Immune cell|Myeloid cell|Monocyte|CD14 monocyte,0.9991406
CCTGTTGTCAAGAGTA-1,Immune cell,B cell,Naive B cell,Immune cell|Lymphoid cell|B cell|Naive B cell,0.96123123
CCTTCAGAGGAACGTC-1,Immune cell,Platelet,Platelet,Immune cell|Erythrocyte/Megakaryocyte|Megakaryocyte,0.999493
CCTTCAGCACAGAGCA-1,Immune cell,B cell,Memory B cell,Immune cell|Lymphoid cell|B cell|Memory B cell,0.9911781
CGAAGGATCGACGCGT-1,Immune cell,T cell,Memory CD4 T cell,Immune cell|Lymphoid cell|T/NK cell|T cell|CD4 T cell|Memory CD4 T cell,0.799633
CGAATTGGTCTGTTAG-1,Immune cell,T cell,Naive CD8 T cell,Immune cell|Lymphoid cell|T/NK cell|T cell|CD8 T cell|Naive CD8 T cell,0.9798504
CGAGAAGTCAAGTTGC-1,Immune cell,B cell,Plasma cell,Immune cell|Lymphoid cell|B cell|Plasma cell,0.9949018
CGAGAAGTCCAATGCA-1,Immune cell,Dendritic cell,cDC2,Immune cell|Myeloid cell|Dendritic cell,0.9915468
CGAGGAAAGTCGCGAA-1,Immune cell,T cell,Naive CD4 T cell,Immune cell|Lymphoid cell|T/NK cell|T cell|CD4 T cell|Naive CD4 T cell,0.99922824
CGAGGAACACTGATTG-1,Immune cell,B cell,Naive B cell,Immune cell|Lymphoid cell|B cell|Naive B cell,0.88648516
CGAGGAAGTCCTGGGT-1,Immune cell,Coarse Not Confidently Annotated,Fine Not Confidently Annotated,Immune cell|Myeloid cell|Dendritic cell|cDC|cDC2,0.36870894
CGAGGCTCAGATCACT-1,Immune cell,B cell,Naive B cell,Immune cell|Lymphoid cell|B cell|Naive B cell,0.99186045
CGAGGCTCAGCATGCC-1,Immune cell,Monocyte,CD14 monocyte,Immune cell|Myeloid cell|Monocyte|CD14 monocyte,0.9976332
CGAGTGCGTTCCGCGA-1,Immune cell,T cell,Memory CD4 T cell,Immune cell|Lymphoid cell|T/NK cell|T cell|CD4 T cell|Memory CD4 T cell,0.9314322
CGAGTTAGTCGAGTTT-1,Immune cell,Monocyte,CD14 monocyte,Immune cell|Myeloid cell|Monocyte|CD14 monocyte,0.9974648
CGATCGGCAATTGGTC-1,Immune cell,Monocyte,CD14 monocyte,Immune cell|Myeloid cell|Monocyte|CD14 monocyte,0.9980495
CGATCGGCAGCGTGAA-1,Immune cell,T cell,Naive CD8 T cell,Immune cell|Lymphoid cell|T/NK cell|T cell|CD8 T cell|Naive CD8 T cell,0.94545424
CGATGCGAGCAGAAAG-1,Immune cell,T cell,Naive CD4 T cell,Immune cell|Lymphoid cell|T/NK cell|T cell|CD4 T cell|Naive CD4 T cell,0.99829775
CGATGCGTCGAACCAT-1,Immune cell,B cell,Memory B cell,Immune cell|Lymphoid cell|B cell|Memory B cell,0.7061873
CGATGGCCACTCGATA-1,Immune cell,T cell,Memory CD4 T cell,Immune cell|Lymphoid cell|T/NK cell|T cell|CD4 T cell|Memory CD4 T cell,0.94372857
CGATGGCGTAGCGTCC-1,Immune cell,T cell,Memory CD4 T cell,Immune cell|Lymphoid cell|T/NK cell|T cell|CD4 T cell|Memory CD4 T cell,0.98530674
CGCAGGTGTGCTTCAA-1,Immune cell,B cell,Naive B cell,Immune cell|Lymphoid cell|B cell|Naive B cell,0.76614153
CGCATAAAGTGATGGC-1,Immune cell,Monocyte,CD14 monocyte,Immune cell|Myeloid cell|Monocyte|CD14 monocyte,0.9673575
CGCATGGAGGCCACTC-1,Immune cell,Dendritic cell,cDC2,Immune cell|Myeloid cell|Dendritic cell|cDC|cDC2,0.94841635
CGCGTGAGTACAATAG-1,Immune cell,B cell,Naive B cell,Immune cell|Lymphoid cell|B cell|Naive B cell,0.9829691
CGGAACCGTATCACGT-1,Immune cell,Monocyte,CD14 monocyte,Immune cell|Myeloid cell|Monocyte|CD14 monocyte,0.99847525
CGGAACCGTTTGCAGT-1,Immune cell,B cell,Memory B cell,Immune cell|Lymphoid cell|B cell|Memory B cell,0.9876512
CGGACACAGGACAGCT-1,Immune cell,Monocyte,CD14 monocyte,Immune cell|Myeloid cell|Monocyte|CD14 monocyte,0.9960582
CGGGACTGTTTCACTT-1,Immune cell,NK cell,CD56 NK cell,Immune cell|Lymphoid cell|T/NK cell|NK cell|CD56 NK cell,0.9518857
CGGGTGTTCCGTGACG-1,Immune cell,Monocyte,CD14 monocyte,Immune cell|Myeloid cell|Monocyte|CD14 monocyte,0.9991091
CGTAAGTGTGATAGTA-1,Immune cell,Coarse Not Confidently Annotated,Fine Not Confidently Annotated,Immune cell|Lymphoid cell|T/NK cell|T cell|CD4 T cell|Naive CD8 T cell,0.41924196
CGTAGTATCAGCCCAG-1,Immune cell,T cell,GZMK CD8 T cell,Immune cell|Lymphoid cell|T/NK cell|T cell|CD8 T cell|Memory CD8 T cell|GZMK CD8 T cell,0.8834022
CGTCAAACAGAATGTA-1,Immune cell,NK cell,CD56 NK cell,Immune cell|Lymphoid cell|T/NK cell|NK cell|CD56 NK cell,0.9094588
CGTCCATGTTTGGAAA-1,Immune cell,T cell,Naive CD4 T cell,Immune cell|Lymphoid cell|T/NK cell|T cell|CD4 T cell|Naive CD4 T cell,0.99894387
CGTGAATAGTCGGCCT-1,Immune cell,T cell,Memory CD4 T cell,Immune cell|Lymphoid cell|T/NK cell|T cell|CD4 T cell|Memory CD4 T cell,0.6028973
CGTGATATCTGGTGGC-1,Immune cell,T cell,abT (entry) cell,Immune cell|Lymphoid cell|T/NK cell|T cell|abT (entry) cell,0.58242536
CGTGCTTAGCTTTGTG-1,Immune cell,Monocyte,CD14 monocyte,Immune cell|Myeloid cell|Monocyte|CD14 monocyte,0.9983835
CGTGCTTCAAGCGCTC-1,Immune cell,Monocyte,CD14 monocyte,Immune cell|Myeloid cell|Monocyte|CD14 monocyte,0.99258727
CGTGCTTGTTTAGACC-1,Immune cell,T cell,Memory CD4 T cell,Immune cell|Lymphoid cell|T/NK cell|T cell|CD4 T cell|Memory CD4 T cell,0.9089798
CGTGTCTCACAGTACT-1,Immune cell,T cell,Memory CD4 T cell,Immune cell|Lymphoid cell|T/NK cell|T cell|CD4 T cell|Memory CD4 T cell,0.8437012
CGTGTCTCATGGGTTT-1,Immune cell,T cell,Naive CD4 T cell,Immune cell|Lymphoid cell|T/NK cell|T cell|CD4 T cell|Naive CD4 T cell,0.3180597
CGTGTCTGTCAGTTTG-1,Immune cell,Monocyte,CD14/CD16 monocyte,Immune cell|Myeloid cell|Monocyte|CD14/CD16 monocyte,0.5065434
CGTTAGATCAGCCTCT-1,Immune cell,Monocyte,CD16 monocyte,Immune cell|Myeloid cell|Monocyte|CD16 monocyte,0.9944448
CGTTAGATCATTATCC-1,Immune cell,Monocyte,CD14 monocyte,Immune cell|Myeloid cell|Monocyte|CD14 monocyte,0.9969618
CGTTAGATCCAAGAGG-1,Immune cell,Monocyte,CD14 monocyte,Immune cell|Myeloid cell|Monocyte|CD14 monocyte,0.998078
CGTTCTGTCAGCGCAC-1,Immune cell,T cell,Treg cell,Immune cell|Lymphoid cell|T/NK cell|T cell|CD4 T cell|Treg cell,0.80026543
CGTTCTGTCCCGAACG-1,Immune cell,NK cell,CD16 NK cell,Immune cell|Lymphoid cell|T/NK cell|NK cell|CD16 NK cell,0.99899083
CTAACCCAGCCGCTTG-1,Immune cell,T cell,Naive CD4 T cell,Immune cell|Lymphoid cell|T/NK cell|T cell|CD4 T cell|Naive CD4 T cell,0.97791153
CTAACCCCACTTCAAG-1,Immune cell,T cell,Treg cell,Immune cell|Lymphoid cell|T/NK cell|T cell|CD4 T cell|Treg cell,0.7371169
CTAACTTAGCCTCACG-1,Immune cell,T cell,abT (entry) cell,Immune cell|Lymphoid cell|T/NK cell|T cell|abT (entry) cell,0.6131586
CTAAGTGCACAATGCT-1,Immune cell,B cell,Memory B cell,Immune cell|Lymphoid cell|B cell|Memory B cell,0.98821056
CTAAGTGGTCCACTCT-1,Immune cell,T cell,MAIT cell,Immune cell|Lymphoid cell|T/NK cell|T cell|MAIT cell,0.98311484
CTACAGACAACAAAGT-1,Immune cell,B cell,Plasma cell,Immune cell|Lymphoid cell|B cell|Plasma cell,0.9929985
CTACAGACAGGAATAT-1,Immune cell,T cell,Naive CD4 T cell,Immune cell|Lymphoid cell|T/NK cell|T cell|CD4 T cell|Naive CD4 T cell,0.94631314
CTACAGATCAGGAGAC-1,Immune cell,T cell,MAIT cell,Immune cell|Lymphoid cell|T/NK cell|T cell|MAIT cell,0.9010015
CTACCTGTCTCGAACA-1,Immune cell,Monocyte,CD14 monocyte,Immune cell|Myeloid cell|Monocyte|CD14 monocyte,0.99780005
CTACGGGTCACCATAG-1,Unassigned,Unassigned,Unassigned,Unassigned,0.99666697
CTACGGGTCGTTCAGA-1,Immune cell,T cell,GZMK CD8 T cell,Immune cell|Lymphoid cell|T/NK cell|T cell|CD8 T cell|Memory CD8 T cell,0.9880398
CTAGACAGTCGTGGTC-1,Immune cell,Monocyte,CD16 monocyte,Immune cell|Myeloid cell|Monocyte|CD16 monocyte,0.9967174
CTAGACAGTCTAACTG-1,Immune cell,Coarse Not Confidently Annotated,Fine Not Confidently Annotated,Immune cell|Myeloid cell|Monocyte|CD14 monocyte,0.52245694
CTAGGTATCTAACGCA-1,Immune cell,B cell,Naive B cell,Immune cell|Lymphoid cell|B cell|Naive B cell,0.98338497
CTATCCGAGCTGTTAC-1,Immune cell,T cell,Naive CD4 T cell,Immune cell|Lymphoid cell|T/NK cell|T cell|CD4 T cell|Naive CD4 T cell,0.9983342
CTCAACCGTGGATGAC-1,Immune cell,B cell,Memory B cell,Immune cell|Lymphoid cell|B cell|Memory B cell,0.94503456
CTCAACCGTGTGTCGC-1,Immune cell,B cell,Memory B cell,Immune cell|Lymphoid cell|B cell|Memory B cell,0.97801363
CTCAAGAAGATTACCC-1,Immune cell,T cell,Naive CD8 T cell,Immune cell|Lymphoid cell|T/NK cell|T cell|CD8 T cell|Naive CD8 T cell,0.9306982
CTCAAGACATCCTGTC-1,Immune cell,Coarse Not Confidently Annotated,Fine Not Confidently Annotated,Immune cell|Myeloid cell|Monocyte|Neutrophil,0.40976655
CTCAAGAGTCAAAGAT-1,Immune cell,NK cell,CD16 NK cell,Immune cell|Lymphoid cell|T/NK cell|NK cell|CD16 NK cell,0.99090135
CTCAATTTCGGAAGGT-1,Immune cell,Monocyte,CD14 monocyte,Immune cell|Myeloid cell|Monocyte|CD14 monocyte,0.9986475
CTCACTGCACCTTCCA-1,Immune cell,T cell,Naive CD4 T cell,Immune cell|Lymphoid cell|T/NK cell|T cell|CD4 T cell|Naive CD4 T cell,0.9991689
CTCAGAACAATTGTGC-1,Immune cell,B cell,Naive B cell,Immune cell|Lymphoid cell|B cell|Naive B cell,0.8980461
CTCAGGGGTCATCGCG-1,Immune cell,Monocyte,CD14 monocyte,Immune cell|Myeloid cell|Monocyte|CD14 monocyte,0.9973284
CTCAGGGTCTCACCCA-1,Immune cell,Monocyte,CD16 monocyte,Immune cell|Myeloid cell|Monocyte|CD16 monocyte,0.9974611
CTCAGTCAGGGACAGG-1,Immune cell,NK cell,CD16 NK cell,Immune cell|Lymphoid cell|T/NK cell|NK cell|CD16 NK cell,0.9985221
CTCATCGAGAGGCGTT-1,Immune cell,T cell,Naive CD4 T cell,Immune cell|Lymphoid cell|T/NK cell|T cell|CD4 T cell|Naive CD4 T cell,0.9973488
CTCATCGTCGTACCTC-1,Immune cell,B cell,Naive B cell,Immune cell|Lymphoid cell|B cell|Naive B cell,0.93566966
CTCATTAAGGAAGTGA-1,Immune cell,Monocyte,CD14 monocyte,Immune cell|Myeloid cell|Monocyte|CD14 monocyte,0.9985569
CTCATTATCGTACACA-1,Immune cell,Dendritic cell,cDC1,Immune cell|Myeloid cell|Dendritic cell|cDC|cDC1,0.48873565
CTCCAACCAATCTCTT-1,Immune cell,T cell,MAIT cell,Immune cell|Lymphoid cell|T/NK cell|T cell|MAIT cell,0.93778324
CTCCAACGTAGTGTGG-1,Immune cell,T cell,Memory CD4 T cell,Immune cell|Lymphoid cell|T/NK cell|T cell|CD4 T cell|Memory CD4 T cell,0.54508746
CTCCATGAGACAGCTG-1,Immune cell,B cell,Naive B cell,Immune cell|Lymphoid cell|B cell|Naive B cell,0.9343155
CTCCATGGTGTTGACT-1,Immune cell,Monocyte,CD14 monocyte,Immune cell|Myeloid cell|Monocyte|CD14 monocyte,0.99581736
CTCCATGTCATCGTAG-1,Immune cell,T cell,Naive CD4 T cell,Immune cell|Lymphoid cell|T/NK cell|T cell|CD4 T cell|Naive CD4 T cell,0.99497104
CTCCATGTCGTCGATA-1,Immune cell,Monocyte,CD14 monocyte,Immune cell|Myeloid cell|Monocyte|CD14 monocyte,0.99277943
CTCCCAATCAATCAGC-1,Immune cell,NK cell,CD16 NK cell,Immune cell|Lymphoid cell|T/NK cell|NK cell|CD16 NK cell,0.99209666
CTCCCTCAGCGCGTTC-1,Immune cell,Monocyte,CD14 monocyte,Immune cell|Myeloid cell|Monocyte|CD14 monocyte,0.34984282
CTCCCTCCACCGGAAA-1,Immune cell,Monocyte,CD14 monocyte,Immune cell|Myeloid cell|Monocyte|CD14 monocyte,0.93558484
CTCCCTCGTTTACGAC-1,Immune cell,T cell,MAIT cell,Immune cell|Lymphoid cell|T/NK cell|T cell|MAIT cell,0.74857754
CTCCCTCTCATCGCTC-1,Immune cell,T cell,GZMB CD8 T cell,Immune cell|Lymphoid cell|T/NK cell|T cell|CD8 T cell|Memory CD8 T cell,0.87775904
CTCCGATTCCTTTAGT-1,Immune cell,T cell,MAIT cell,Immune cell|Lymphoid cell|T/NK cell|T cell|MAIT cell,0.7678925
CTCCGATTCTTTCTAG-1,Immune cell,T cell,Naive CD4 T cell,Immune cell|Lymphoid cell|T/NK cell|T cell|CD4 T cell|Naive CD4 T cell,0.9933031
CTCCTCCTCACCTCTG-1,Immune cell,T cell,Naive CD4 T cell,Immune cell|Lymphoid cell|T/NK cell|T cell|CD4 T cell|Naive CD4 T cell,0.99875
CTCCTTTAGATGCTGG-1,Immune cell,Monocyte,CD14 monocyte,Immune cell|Myeloid cell|Monocyte|CD14 monocyte,0.46500435
CTCCTTTTCTACACTT-1,Immune cell,T cell,Naive CD4 T cell,Immune cell|Lymphoid cell|T/NK cell|T cell|CD4 T cell|Naive CD4 T cell,0.99730885
CTCGAGGAGCCTATTG-1,Immune cell,B cell,Naive B cell,Immune cell|Lymphoid cell|B cell|Naive B cell,0.87173116
CTCGAGGAGGAAAGGT-1,Immune cell,T cell,MAIT cell,Immune cell|Lymphoid cell|T/NK cell|T cell|MAIT cell,0.8945999
CTCTCAGGTTAAGCAA-1,Immune cell,T cell,Naive CD4 T cell,Immune cell|Lymphoid cell|T/NK cell|T cell|CD4 T cell|Naive CD4 T cell,0.99820507
CTCTCGATCCATAGGT-1,Immune cell,B cell,Naive B cell,Immune cell|Lymphoid cell|B cell|Naive B cell,0.897747
CTCTGGTAGTAGGATT-1,Immune cell,Monocyte,CD14 monocyte,Immune cell|Myeloid cell|Monocyte|CD14 monocyte,0.9991302
CTGAATGAGCTCTATG-1,Immune cell,Monocyte,CD14 monocyte,Immune cell|Myeloid cell|Monocyte|CD14 monocyte,0.98007697
CTGAATGAGGCGAACT-1,Immune cell,T cell,Treg cell,Immune cell|Lymphoid cell|T/NK cell|T cell|CD4 T cell|Treg cell,0.6693727
CTGAGGCGTTCAGCGC-1,Immune cell,B cell,Naive B cell,Immune cell|Lymphoid cell|B cell|Naive B cell,0.99486095
CTGATCCGTCGCGTCA-1,Immune cell,T cell,Memory CD4 T cell,Immune cell|Lymphoid cell|T/NK cell|T cell|CD4 T cell|Memory CD4 T cell,0.8902219
CTGATCCTCCCTCTAG-1,Immune cell,T cell,MAIT cell,Immune cell|Lymphoid cell|T/NK cell|T cell|MAIT cell,0.95322716
CTGATCCTCTCTCCGA-1,Immune cell,Platelet,Platelet,Immune cell|Erythrocyte/Megakaryocyte|Megakaryocyte,0.99812466
CTGCAGGAGCCATTGT-1,Immune cell,T cell,Naive CD4 T cell,Immune cell|Lymphoid cell|T/NK cell|T cell|CD4 T cell|Naive CD4 T cell,0.9692266
CTGCATCAGCGTCAAG-1,Immune cell,Monocyte,CD14 monocyte,Immune cell|Myeloid cell|Monocyte|CD14 monocyte,0.99578434
CTGCATCGTAAGCTCT-1,Immune cell,T cell,Naive CD4 T cell,Immune cell|Lymphoid cell|T/NK cell|T cell|CD4 T cell|Naive CD4 T cell,0.68946654
CTGCCATTCAGTGTTG-1,Immune cell,T cell,Memory CD4 T cell,Immune cell|Lymphoid cell|T/NK cell|T cell|CD4 T cell|Memory CD4 T cell,0.882016
CTGCCATTCGGAACTT-1,Immune cell,Monocyte,CD14 monocyte,Immune cell|Myeloid cell|Monocyte|CD14 monocyte,0.9881287
CTGCCTACAAGACTGG-1,Immune cell,Monocyte,CD14 monocyte,Immune cell|Myeloid cell|Monocyte|CD14 monocyte,0.98519474
CTGCCTATCTTGATTC-1,Immune cell,B cell,Naive B cell,Immune cell|Lymphoid cell|B cell|Naive B cell,0.85435146
CTGCGAGAGATTAGAC-1,Immune cell,Monocyte,CD14 monocyte,Immune cell|Myeloid cell|Monocyte|CD14 monocyte,0.995538
CTGCGAGAGTGCACTT-1,Immune cell,Monocyte,CD14 monocyte,Immune cell|Myeloid cell|Monocyte|CD14 monocyte|MHCII high CD14 monocyte,0.7026371
CTGCGAGCAGATTCGT-1,Immune cell,B cell,Memory B cell,Immune cell|Lymphoid cell|B cell|Memory B cell,0.94218284
CTGCGAGGTAGGTTTC-1,Immune cell,Monocyte,CD14 monocyte,Immune cell|Myeloid cell|Monocyte|CD14 monocyte,0.9889178
CTGCTCACAGCGTTTA-1,Immune cell,Monocyte,CD16 monocyte,Immune cell|Myeloid cell|Monocyte|CD16 monocyte,0.72966605
CTGGACGCAACGATTC-1,Immune cell,T cell,Memory CD4 T cell,Immune cell|Lymphoid cell|T/NK cell|T cell|CD4 T cell|Memory CD4 T cell,0.9028336
CTGGACGCACACGGTC-1,Immune cell,Monocyte,CD14 monocyte,Immune cell|Myeloid cell|Monocyte|CD14 monocyte,0.99838626
CTGGACGGTTCCCAAA-1,Immune cell,T cell,GZMK CD8 T cell,Immune cell|Lymphoid cell|T/NK cell|T cell|CD8 T cell|Memory CD8 T cell,0.8032254
CTGGACGTCTCATTTG-1,Immune cell,Monocyte,CD14 monocyte,Immune cell|Myeloid cell|Monocyte|CD14 monocyte,0.89432544
CTGGCAGGTTGCAAGG-1,Immune cell,Monocyte,CD14 monocyte,Immune cell|Myeloid cell|Monocyte|CD14 monocyte|MHCII low CD14 monocyte,0.56363577
CTGGCAGTCGTCTCAC-1,Immune cell,T cell,Memory CD4 T cell,Immune cell|Lymphoid cell|T/NK cell|T cell|CD4 T cell|Memory CD4 T cell,0.6186476
CTGTCGTAGCTGGCCT-1,Immune cell,T cell,Naive CD8 T cell,Immune cell|Lymphoid cell|T/NK cell|T cell|CD8 T cell|Naive CD8 T cell,0.95910853
CTGTGAAAGGAACGCT-1,Immune cell,Monocyte,CD14 monocyte,Immune cell|Myeloid cell|Monocyte|CD14 monocyte,0.9749698
CTGTGAATCATCGCTC-1,Immune cell,Monocyte,CD14 monocyte,Immune cell|Myeloid cell|Monocyte|CD14 monocyte,0.99914634
CTGTGGGGTCGTGATT-1,Immune cell,B cell,Plasma cell,Immune cell|Lymphoid cell|B cell|Plasma cell,0.9966769
CTTAGGAGTCTGTGGC-1,Immune cell,B cell,Naive B cell,Immune cell|Lymphoid cell|B cell|Naive B cell,0.9493319
CTTCAATGTTGGACTT-1,Immune cell,T cell,Naive CD4 T cell,Immune cell|Lymphoid cell|T/NK cell|T cell|CD4 T cell|Naive CD4 T cell,0.9984701
CTTCGGTCACGTTCGG-1,Immune cell,B cell,Naive B cell,Immune cell|Lymphoid cell|B cell|Naive B cell,0.7279963
CTTCGGTTCCAAGAGG-1,Immune cell,B cell,Naive B cell,Immune cell|Lymphoid cell|B cell|Naive B cell,0.9751844
CTTCTCTTCCTACAAG-1,Immune cell,Coarse Not Confidently Annotated,Fine Not Confidently Annotated,Immune cell|Lymphoid cell|T/NK cell|T cell|CD8 T cell|Memory CD8 T cell,0.53694963
CTTGAGAAGAATTGCA-1,Immune cell,T cell,Naive CD8 T cell,Immune cell|Lymphoid cell|T/NK cell|T cell|CD8 T cell|Naive CD8 T cell,0.92333007
CTTGAGATCCCGAGGT-1,Immune cell,Coarse Not Confidently Annotated,Fine Not Confidently Annotated,Immune cell|Lymphoid cell|T/NK cell|Plasma cell,0.59855556
CTTGATTAGGTAGGCT-1,Immune cell,Coarse Not Confidently Annotated,Fine Not Confidently Annotated,Immune cell|Lymphoid cell|T/NK cell|T cell|CD4 T cell|Treg cell,0.38345376
GAAACCTAGGAGGTTC-1,Immune cell,Monocyte,CD14 monocyte,Immune cell|Myeloid cell|Monocyte|CD14 monocyte,0.9805593
GAACACTGTTGGACTT-1,Immune cell,B cell,Naive B cell,Immune cell|Lymphoid cell|B cell|Naive B cell,0.52912056
GAACGTTGTCAGGAGT-1,Immune cell,Monocyte,CD14 monocyte,Immune cell|Myeloid cell|Monocyte|CD14 monocyte,0.9659548
GAACTGTCATCGAACT-1,Immune cell,T cell,Naive CD4 T cell,Immune cell|Lymphoid cell|T/NK cell|T cell|CD4 T cell|Naive CD4 T cell,0.9974381
GAACTGTTCTCAAAGC-1,Immune cell,T cell,Memory CD4 T cell,Immune cell|Lymphoid cell|T/NK cell|T cell|CD4 T cell|Memory CD4 T cell,0.8252865
GAAGAATAGGTACAAT-1,Immune cell,Monocyte,CD14 monocyte,Immune cell|Myeloid cell|Monocyte|CD14 monocyte,0.9976306
GAAGCCCCAGGAACCA-1,Immune cell,Monocyte,CD16 monocyte,Immune cell|Myeloid cell|Monocyte|CD16 monocyte,0.94768476
GAAGCGATCAGTAGGG-1,Immune cell,T cell,MAIT cell,Immune cell|Lymphoid cell|T/NK cell|T cell|MAIT cell,0.9074348
GAAGGACGTCTGCCTT-1,Immune cell,Monocyte,CD14 monocyte,Immune cell|Myeloid cell|Monocyte|CD14 monocyte,0.99887544
GAAGGGTTCGCAGATT-1,Immune cell,T cell,Memory CD4 T cell,Immune cell|Lymphoid cell|T/NK cell|T cell|CD4 T cell|Memory CD4 T cell,0.9480256
GAAGTAAGTCTAGATC-1,Immune cell,T cell,Treg cell,Immune cell|Lymphoid cell|T/NK cell|T cell|CD4 T cell|Treg cell,0.55492896
GAATCACCAGTGGTGA-1,Immune cell,T cell,Memory CD4 T cell,Immune cell|Lymphoid cell|T/NK cell|T cell|CD4 T cell|Memory CD4 T cell,0.8602859
GACACGCCAGTCCGTG-1,Immune cell,B cell,Naive B cell,Immune cell|Lymphoid cell|B cell|Naive B cell,0.62709415
GACACGCGTTCCAAAC-1,Immune cell,B cell,Memory B cell,Immune cell|Lymphoid cell|B cell|Memory B cell,0.9845524
GACAGCCGTATCGTGT-1,Immune cell,T cell,MAIT cell,Immune cell|Lymphoid cell|T/NK cell|T cell|MAIT cell,0.9856695
GACATCAGTAACGATA-1,Immune cell,Monocyte,CD14 monocyte,Immune cell|Myeloid cell|Monocyte|CD14 monocyte,0.9936785
GACCCTTCAGCGTATT-1,Immune cell,Monocyte,CD16 monocyte,Immune cell|Myeloid cell|Monocyte|CD16 monocyte,0.9939926
GACCCTTCATCATCTT-1,Immune cell,T cell,Naive CD4 T cell,Immune cell|Lymphoid cell|T/NK cell|T cell|CD4 T cell|Naive CD4 T cell,0.900319
GACCTTCCACCTGCGA-1,Immune cell,Monocyte,CD14 monocyte,Immune cell|Myeloid cell|Monocyte|CD14 monocyte,0.99489516
GACCTTCGTCGAGCTC-1,Immune cell,T cell,Naive CD4 T cell,Immune cell|Lymphoid cell|T/NK cell|T cell|CD4 T cell|Naive CD4 T cell,0.99927336
GACTATGCAGTCCCGA-1,Immune cell,T cell,Naive CD4 T cell,Immune cell|Lymphoid cell|T/NK cell|T cell|CD4 T cell|Naive CD4 T cell,0.9815942
GACTATGCATCATTGG-1,Immune cell,Monocyte,CD14 monocyte,Immune cell|Myeloid cell|Monocyte|CD14 monocyte,0.9982285
GACTATGTCCAAGGGA-1,Immune cell,T cell,Memory CD4 T cell,Immune cell|Lymphoid cell|T/NK cell|T cell|CD4 T cell|Memory CD4 T cell,0.756613
GACTCAATCTAGTGAC-1,Unassigned,Unassigned,Unassigned,Unassigned,0.9752476
GACTCAATCTCCCAAC-1,Immune cell,Monocyte,CD14 monocyte,Immune cell|Myeloid cell|Monocyte|CD14 monocyte,0.9971008
GACTGATTCATCCTAT-1,Immune cell,T cell,Naive CD4 T cell,Immune cell|Lymphoid cell|T/NK cell|T cell|CD4 T cell|Naive CD4 T cell,0.9988834
GACTTCCTCCTCTAGC-1,Immune cell,T cell,Naive CD4 T cell,Immune cell|Lymphoid cell|T/NK cell|T cell|CD4 T cell|Naive CD4 T cell,0.6249519
GAGAAATCATTGGATC-1,Immune cell,T cell,Tfh cell,Immune cell|Lymphoid cell|T/NK cell|T cell|CD4 T cell|Tfh cell,0.64599717
GAGACCCAGTAGGATT-1,Immune cell,Monocyte,CD14 monocyte,Immune cell|Myeloid cell|Monocyte|CD14 monocyte,0.9943293
GAGACTTAGTCACTCA-1,Immune cell,NK cell,CD56 NK cell,Immune cell|Lymphoid cell|T/NK cell|NK cell|CD56 NK cell,0.8811649
GAGACTTCAGGCTATT-1,Immune cell,Monocyte,CD14 monocyte,Immune cell|Myeloid cell|Monocyte|CD14 monocyte,0.995436
GAGAGGTTCATAGACC-1,Immune cell,T cell,Naive CD4 T cell,Immune cell|Lymphoid cell|T/NK cell|T cell|CD4 T cell|Naive CD4 T cell,0.998934
GAGATGGCATGTAACC-1,Immune cell,T cell,Naive CD8 T cell,Immune cell|Lymphoid cell|T/NK cell|T cell|CD8 T cell|Naive CD8 T cell,0.9194531
GAGCCTGAGCGCACAA-1,Unassigned,Unassigned,Unassigned,Unassigned,0.99121314
GAGCCTGAGGCAGCTA-1,Immune cell,Dendritic cell,pDC,Immune cell|Myeloid cell|Dendritic cell|pDC,0.9985399
GAGCCTGCAGTCTCTC-1,Immune cell,T cell,GZMK CD8 T cell,Immune cell|Lymphoid cell|T/NK cell|T cell|CD8 T cell|Memory CD8 T cell,0.9629469
GAGCCTGGTCCACGCA-1,Immune cell,T cell,Naive CD4 T cell,Immune cell|Lymphoid cell|T/NK cell|T cell|CD4 T cell|Naive CD4 T cell,0.6651196
GAGCTGCGTCGGATTT-1,Immune cell,Monocyte,CD14 monocyte,Immune cell|Myeloid cell|Monocyte|CD14 monocyte,0.9981527
GAGGCAAAGTCACGAG-1,Immune cell,T cell,Memory CD4 T cell,Immune cell|Lymphoid cell|T/NK cell|T cell|CD4 T cell|Memory CD4 T cell,0.63752484
GAGGGATCACTTGGCG-1,Immune cell,T cell,Naive CD4 T cell,Immune cell|Lymphoid cell|T/NK cell|T cell|CD4 T cell|Naive CD4 T cell,0.992088
GAGGGTACAGTTTCAG-1,Immune cell,T cell,Memory CD4 T cell,Immune cell|Lymphoid cell|T/NK cell|T cell|CD4 T cell|Memory CD4 T cell,0.6572545
GAGGGTAGTCAACACT-1,Immune cell,T cell,Naive CD8 T cell,Immune cell|Lymphoid cell|T/NK cell|T cell|CD8 T cell|Naive CD8 T cell,0.9870133
GAGGGTATCTGTCCCA-1,Immune cell,T cell,Memory CD4 T cell,Immune cell|Lymphoid cell|T/NK cell|T cell|CD4 T cell|Memory CD4 T cell,0.8267728
GAGTCATAGGGTTGCA-1,Immune cell,B cell,Naive B cell,Immune cell|Lymphoid cell|B cell|Naive B cell,0.9746854
GAGTGAGGTCGGCTAC-1,Immune cell,B cell,Naive B cell,Immune cell|Lymphoid cell|B cell|Naive B cell,0.95420414
GAGTGTTCACAAGCTT-1,Immune cell,B cell,Naive B cell,Immune cell|Lymphoid cell|B cell|Naive B cell,0.9558846
GAGTGTTGTACGTAGG-1,Immune cell,T cell,GZMK CD8 T cell,Immune cell|Lymphoid cell|T/NK cell|T cell|CD8 T cell|Memory CD8 T cell|GZMK CD8 T cell,0.8544915
GAGTTACAGACGACGT-1,Immune cell,T cell,Memory CD4 T cell,Immune cell|Lymphoid cell|T/NK cell|T cell|CD4 T cell|Memory CD4 T cell,0.5726878
GAGTTGTAGCGTTACT-1,Immune cell,Monocyte,CD14 monocyte,Immune cell|Myeloid cell|Monocyte|CD14 monocyte,0.998055
GAGTTGTAGTGCGTCC-1,Immune cell,Monocyte,CD14 monocyte,Immune cell|Myeloid cell|Monocyte|CD14 monocyte,0.9986203
GAGTTGTCACGGTGCT-1,Immune cell,T cell,GZMB CD8 T cell,Immune cell|Lymphoid cell|T/NK cell|T cell|CD8 T cell|Memory CD8 T cell|GZMB CD8 T cell,0.69934005
GATAGCTGTCGGAAAC-1,Immune cell,Monocyte,CD14 monocyte,Immune cell|Myeloid cell|Monocyte|CD14 monocyte,0.98480123
GATAGCTGTCTGTTAG-1,Immune cell,T cell,Treg cell,Immune cell|Lymphoid cell|T/NK cell|T cell|CD4 T cell|Treg cell,0.9972209
GATAGCTTCGTGCAGC-1,Immune cell,B cell,Naive B cell,Immune cell|Lymphoid cell|B cell|Naive B cell,0.9953685
GATCACACACCCTGTT-1,Immune cell,Cycling T/NK cell,Cycling T/NK cell,Immune cell|Lymphoid cell,0.9998233
GATCAGTAGGAACATT-1,Immune cell,B cell,Naive B cell,Immune cell|Lymphoid cell|B cell|Naive B cell,0.9822465
GATCAGTAGTGCGCTC-1,Immune cell,T cell,Naive CD4 T cell,Immune cell|Lymphoid cell|T/NK cell|T cell|CD4 T cell|Naive CD4 T cell,0.9957482
GATCAGTGTTACAGCT-1,Immune cell,Dendritic cell,cDC2,Immune cell|Myeloid cell|Dendritic cell|cDC,0.9912949
GATCATGAGGCCTAAG-1,Immune cell,T cell,Memory CD4 T cell,Immune cell|Lymphoid cell|T/NK cell|T cell|CD4 T cell|Memory CD4 T cell,0.88194907
GATCCCTAGAGGATGA-1,Immune cell,T cell,Naive CD4 T cell,Immune cell|Lymphoid cell|T/NK cell|T cell|CD4 T cell|Naive CD4 T cell,0.99320567
GATCCCTGTAATTAGG-1,Immune cell,T cell,Naive CD4 T cell,Immune cell|Lymphoid cell|T/NK cell|T cell|CD4 T cell|Naive CD4 T cell,0.9995478
GATCGTACAGCGCGTT-1,Immune cell,T cell,Memory CD4 T cell,Immune cell|Lymphoid cell|T/NK cell|T cell|CD4 T cell|Memory CD4 T cell,0.89631057
GATCGTATCTCTGGTC-1,Immune cell,NK cell,CD56 NK cell,Immune cell|Lymphoid cell|T/NK cell|NK cell|CD56 NK cell,0.7699826
GATGACTAGAGGTTAT-1,Immune cell,B cell,Naive B cell,Immune cell|Lymphoid cell|B cell|Naive B cell,0.95195127
GATGACTTCGTGGCGT-1,Immune cell,T cell,Naive CD4 T cell,Immune cell|Lymphoid cell|T/NK cell|T cell|CD4 T cell|Naive CD4 T cell,0.99870837
GATGACTTCTCTAGGA-1,Immune cell,B cell,Naive B cell,Immune cell|Lymphoid cell|B cell|Naive B cell,0.8410065
GATGAGGCAAATGCGG-1,Immune cell,T cell,Naive CD4 T cell,Immune cell|Lymphoid cell|T/NK cell|T cell|CD4 T cell|Naive CD4 T cell,0.9994825
GATGATCGTATGGAAT-1,Immune cell,T cell,MAIT cell,Immune cell|Lymphoid cell|T/NK cell|T cell|MAIT cell,0.92481005
GATGATCGTGTAACGG-1,Immune cell,B cell,Naive B cell,Immune cell|Lymphoid cell|B cell|Naive B cell,0.9133232
GATGCTAGTACAGGTG-1,Immune cell,T cell,Naive CD8 T cell,Immune cell|Lymphoid cell|T/NK cell|T cell|CD8 T cell|Naive CD8 T cell,0.9726193
GATGCTATCCTACGAA-1,Immune cell,T cell,abT (entry) cell,Immune cell|Lymphoid cell|T/NK cell|T cell|abT (entry) cell,0.84266764
GATGGAGAGCCAGACA-1,Immune cell,B cell,Memory B cell,Immune cell|Lymphoid cell|B cell|Memory B cell,0.9580827
GATGGAGCACTTGAAC-1,Immune cell,T cell,Memory CD4 T cell,Immune cell|Lymphoid cell|T/NK cell|T cell|CD4 T cell|Memory CD4 T cell,0.9759102
GATGGAGTCTGCGGCA-1,Immune cell,T cell,Treg cell,Immune cell|Lymphoid cell|T/NK cell|T cell|CD4 T cell|Treg cell,0.84144455
GATGGAGTCTTCCAGC-1,Immune cell,Monocyte,CD14 monocyte,Immune cell|Myeloid cell|Monocyte|CD14 monocyte,0.9918977
GATTCGAGTCGCACGT-1,Immune cell,T cell,Naive CD4 T cell,Immune cell|Lymphoid cell|T/NK cell|T cell,0.98538476
GATTCTTGTACAGTCT-1,Immune cell,T cell,Memory CD4 T cell,Immune cell|Lymphoid cell|T/NK cell|T cell|CD4 T cell|Memory CD4 T cell,0.8769775
GATTGGTAGGCTGGAT-1,Immune cell,T cell,abT (entry) cell,Immune cell|Lymphoid cell|T/NK cell|T cell|abT (entry) cell,0.9062832
GATTGGTGTTGAGAGC-1,Immune cell,T cell,Memory CD4 T cell,Immune cell|Lymphoid cell|T/NK cell|T cell|CD4 T cell|Memory CD4 T cell,0.8222136
GATTTCTCAAGTGGGT-1,Immune cell,T cell,GZMK CD8 T cell,Immune cell|Lymphoid cell|T/NK cell|T cell|CD8 T cell|Memory CD8 T cell|GZMK CD8 T cell,0.96264017
GATTTCTGTCGTCGGT-1,Immune cell,Coarse Not Confidently Annotated,Fine Not Confidently Annotated,Immune cell|Lymphoid cell|T/NK cell|T cell|CD8 T cell|Memory CD8 T cell,0.34586486
GATTTCTTCCTTCAGC-1,Immune cell,B cell,Naive B cell,Immune cell|Lymphoid cell|B cell|Naive B cell,0.6448036
GCAACCGTCATTTCCA-1,Immune cell,T cell,GZMB CD8 T cell,Immune cell|Lymphoid cell|T/NK cell|T cell|CD8 T cell|Memory CD8 T cell|GZMB CD8 T cell,0.6111238
GCAACCGTCGAACGGA-1,Immune cell,B cell,Naive B cell,Immune cell|Lymphoid cell|B cell|Naive B cell,0.9750006
GCACGGTAGTAGTCTC-1,Immune cell,T cell,Memory CD4 T cell,Immune cell|Lymphoid cell|T/NK cell|T cell|CD4 T cell|Memory CD4 T cell,0.64543253
GCACGGTCACCCAACG-1,Immune cell,B cell,Naive B cell,Immune cell|Lymphoid cell|B cell|Naive B cell,0.94434774
GCACGTGTCAGACATC-1,Immune cell,NK cell,CD16 NK cell,Immune cell|Lymphoid cell|T/NK cell|NK cell|CD16 NK cell,0.9969529
GCAGCCAAGAGGTCAC-1,Immune cell,B cell,Naive B cell,Immune cell|Lymphoid cell|B cell|Naive B cell,0.89921635
GCAGCCACATACATCG-1,Immune cell,B cell,Naive B cell,Immune cell|Lymphoid cell|B cell|Naive B cell,0.9676837
GCAGCCAGTTGCGTAT-1,Immune cell,B cell,Memory B cell,Immune cell|Lymphoid cell|B cell|Memory B cell,0.98215586
GCAGCCATCACCGGGT-1,Immune cell,T cell,MAIT cell,Immune cell|Lymphoid cell|T/NK cell|T cell|MAIT cell,0.9819511
GCAGCTGGTAAGTTAG-1,Immune cell,Monocyte,CD14 monocyte,Immune cell|Myeloid cell|Monocyte|CD14 monocyte,0.992463
GCAGCTGGTGGGTCAA-1,Immune cell,B cell,Naive B cell,Immune cell|Lymphoid cell|B cell|Naive B cell,0.8813968
GCAGCTGTCAAAGCCT-1,Immune cell,Dendritic cell,pDC,Immune cell|Myeloid cell|Dendritic cell|pDC,0.99983
GCAGCTGTCCTTCTGG-1,Immune cell,T cell,MAIT cell,Immune cell|Lymphoid cell|T/NK cell|T cell|MAIT cell,0.9758395
GCAGTTACACATTCTT-1,Immune cell,Monocyte,CD14 monocyte,Immune cell|Myeloid cell|Monocyte|CD14 monocyte,0.98546416
GCAGTTATCTCTCTTC-1,Immune cell,Monocyte,CD16 monocyte,Immune cell|Myeloid cell|Monocyte|CD16 monocyte,0.9946148
GCATCGGGTAACGATA-1,Immune cell,Monocyte,CD14 monocyte,Immune cell|Myeloid cell|Monocyte|CD14 monocyte,0.99579656
GCCAACGTCTAACGCA-1,Immune cell,NK cell,CD16 NK cell,Immune cell|Lymphoid cell|T/NK cell|NK cell|CD16 NK cell,0.9927417
GCCAACGTCTGCATAG-1,Immune cell,Monocyte,CD14 monocyte,Immune cell|Myeloid cell|Monocyte|CD14 monocyte,0.99626666
GCCAGGTGTTAGAAAC-1,Immune cell,T cell,Naive CD4 T cell,Immune cell|Lymphoid cell|T/NK cell|T cell|CD4 T cell|Naive CD4 T cell,0.9936639
GCCAGTGAGTCCTACA-1,Immune cell,B cell,Naive B cell,Immune cell|Lymphoid cell|B cell|Naive B cell,0.9452234
GCCGATGAGGCGAAGG-1,Unassigned,Unassigned,Unassigned,Unassigned,0.9777084
GCCGATGAGTAACCTC-1,Immune cell,T cell,Naive CD4 T cell,Immune cell|Lymphoid cell|T/NK cell|T cell|CD4 T cell|Naive CD4 T cell,0.9993536
GCCGATGCATCTTTCA-1,Immune cell,B cell,Naive B cell,Immune cell|Lymphoid cell|B cell|Naive B cell,0.9437065
GCCGTGACAACGACTT-1,Immune cell,Monocyte,CD14 monocyte,Immune cell|Myeloid cell|Monocyte|CD14 monocyte,0.9972452
GCCGTGACATGCCGGT-1,Immune cell,T cell,MAIT cell,Immune cell|Lymphoid cell|T/NK cell|T cell|MAIT cell,0.76970863
GCCGTGAGTCAGTCCG-1,Immune cell,Platelet,Platelet,Immune cell|Erythrocyte/Megakaryocyte|Megakaryocyte,0.99423015
GCCTGTTCACAGTCAT-1,Immune cell,Monocyte,CD14 monocyte,Immune cell|Myeloid cell|Monocyte|CD14 monocyte,0.5214988
GCGAGAAAGTTGTAGA-1,Immune cell,Monocyte,CD16 monocyte,Immune cell|Myeloid cell|Monocyte|CD16 monocyte,0.98952127
GCGAGAATCCTCAGAA-1,Immune cell,T cell,Naive CD4 T cell,Immune cell|Lymphoid cell|T/NK cell|T cell|CD4 T cell|Naive CD4 T cell,0.9991875
GCGGAAAGTGTGTCCG-1,Immune cell,T cell,GZMB CD8 T cell,Immune cell|Lymphoid cell|T/NK cell|T cell|CD8 T cell|Memory CD8 T cell|GZMB CD8 T cell,0.9903285
GCGGATCAGCAACTTC-1,Immune cell,Monocyte,CD14 monocyte,Immune cell|Myeloid cell|Monocyte|CD14 monocyte,0.9990802
GCGTTTCAGTCTAGCT-1,Immune cell,T cell,GZMK CD8 T cell,Immune cell|Lymphoid cell|T/NK cell|T cell|CD8 T cell|Memory CD8 T cell,0.70670414
GCTACAAGTCAGCTTA-1,Immune cell,B cell,Memory B cell,Immune cell|Lymphoid cell|B cell|Memory B cell,0.75142056
GCTACCTCACGCACCA-1,Immune cell,Monocyte,CD14 monocyte,Immune cell|Myeloid cell|Monocyte|CD14 monocyte,0.9950995
GCTACCTGTCCTACAA-1,Immune cell,Monocyte,CD14 monocyte,Immune cell|Myeloid cell|Monocyte|CD14 monocyte,0.9989177
GCTGAATAGCACTCTA-1,Immune cell,B cell,Memory B cell,Immune cell|Lymphoid cell|B cell|Memory B cell,0.99295145
GCTGAATCACACGGAA-1,Immune cell,B cell,Memory B cell,Immune cell|Lymphoid cell|B cell|Memory B cell,0.5557031
GCTGAATTCGTTAGTG-1,Immune cell,Monocyte,CD14 monocyte,Immune cell|Myeloid cell|Monocyte|CD14 monocyte,0.99539846
GCTGCAGAGGGCAGAG-1,Immune cell,B cell,Memory B cell,Immune cell|Lymphoid cell|B cell|Memory B cell,0.9744621
GCTGCAGGTGCTGATT-1,Immune cell,T cell,Naive CD4 T cell,Immune cell|Lymphoid cell|T/NK cell|T cell|CD4 T cell|Naive CD4 T cell,0.51814437
GCTGCAGGTTGACGGA-1,Immune cell,Monocyte,CD14 monocyte,Immune cell|Myeloid cell|Monocyte|CD14 monocyte,0.9994803
GCTGGGTAGTACAACA-1,Immune cell,NK cell,CD16 NK cell,Immune cell|Lymphoid cell|T/NK cell|NK cell|CD16 NK cell,0.99751604
GCTTCACCAACACGAG-1,Immune cell,Dendritic cell,cDC2,Immune cell|Myeloid cell|Dendritic cell,0.9854708
GCTTGGGAGAAGGTAG-1,Immune cell,Monocyte,CD14/CD16 monocyte,Immune cell|Myeloid cell|Monocyte|CD14/CD16 monocyte,0.93081677
GCTTTCGAGTGCAAAT-1,Immune cell,Monocyte,CD14 monocyte,Immune cell|Myeloid cell|Monocyte|CD14 monocyte,0.9966478
GCTTTCGGTTCGGGTC-1,Immune cell,T cell,Memory CD4 T cell,Immune cell|Lymphoid cell|T/NK cell|T cell|CD4 T cell|Memory CD4 T cell,0.6763341
GCTTTCGTCCGGTAGC-1,Immune cell,T cell,Memory CD4 T cell,Immune cell|Lymphoid cell|T/NK cell|T cell|CD4 T cell|Memory CD4 T cell,0.9228688
GCTTTCGTCTGGGTCG-1,Immune cell,Monocyte,CD14/CD16 monocyte,Immune cell|Myeloid cell|Monocyte|CD14/CD16 monocyte,0.46111435
GGAACCCAGCCATTTG-1,Immune cell,Monocyte,CD14 monocyte,Immune cell|Myeloid cell|Monocyte|CD14 monocyte,0.9963223
GGAACCCTCTAATTCC-1,Immune cell,B cell,Naive B cell,Immune cell|Lymphoid cell|B cell|Naive B cell,0.82478917
GGAAGTGCAACCCTCT-1,Immune cell,Monocyte,CD14 monocyte,Immune cell|Myeloid cell|Monocyte|CD14 monocyte,0.99764663
GGAATCTCAAACTGCT-1,Immune cell,T cell,Naive CD4 T cell,Immune cell|Lymphoid cell|T/NK cell|T cell|CD4 T cell|Naive CD4 T cell,0.9953962
GGAATCTTCAATCTCT-1,Immune cell,T cell,Memory CD4 T cell,Immune cell|Lymphoid cell|T/NK cell|T cell|CD4 T cell|Memory CD4 T cell,0.9690323
GGAATGGAGGACTAAT-1,Immune cell,Monocyte,CD14 monocyte,Immune cell|Myeloid cell|Monocyte|CD14 monocyte,0.64465225
GGAATGGCACGACGCT-1,Immune cell,T cell,Naive CD8 T cell,Immune cell|Lymphoid cell|T/NK cell|T cell|CD8 T cell|Naive CD8 T cell,0.73453724
GGACGTCGTTCAACGT-1,Immune cell,Monocyte,CD14 monocyte,Immune cell|Myeloid cell|Monocyte|CD14 monocyte,0.99569833
GGAGAACGTGCCCACA-1,Immune cell,Monocyte,CD14 monocyte,Immune cell|Myeloid cell|Monocyte|CD14 monocyte,0.9962405
GGAGGATGTATGAAAC-1,Immune cell,Monocyte,CD14 monocyte,Immune cell|Myeloid cell|Monocyte|CD14 monocyte,0.9973048
GGAGGTAAGGCGTTGA-1,Immune cell,Monocyte,CD14 monocyte,Immune cell|Myeloid cell|Monocyte|CD14 monocyte,0.9973225
GGAGGTATCTGGTGCG-1,Immune cell,Monocyte,CD14 monocyte,Immune cell|Myeloid cell|Monocyte|CD14 monocyte,0.9931323
GGATCTAAGCAATTCC-1,Immune cell,T cell,abT (entry) cell,Immune cell|Lymphoid cell|T/NK cell|T cell|abT (entry) cell,0.9834874
GGATCTAGTGCCTGCA-1,Immune cell,Platelet,Platelet,Immune cell|Erythrocyte/Megakaryocyte|Megakaryocyte,0.9994659
GGATCTATCACCTACC-1,Immune cell,T cell,Treg cell,Immune cell|Lymphoid cell|T/NK cell|T cell|CD4 T cell|Treg cell,0.501456
GGATCTATCATAAGGA-1,Immune cell,T cell,MAIT cell,Immune cell|Lymphoid cell|T/NK cell|T cell|MAIT cell,0.9907088
GGATGTTAGCCGGATA-1,Immune cell,T cell,Treg cell,Immune cell|Lymphoid cell|T/NK cell|T cell|CD4 T cell|Treg cell,0.99268615
GGCACGTAGGCCCGTT-1,Unassigned,Unassigned,Unassigned,Unassigned,0.9721877
GGCGTCACATTGTGCA-1,Immune cell,T cell,GZMK CD8 T cell,Immune cell|Lymphoid cell|T/NK cell|T cell|CD8 T cell|Memory CD8 T cell|GZMK CD8 T cell,0.9250798
GGCTGTGCAAAGCTAA-1,Immune cell,NK cell,CD16 NK cell,Immune cell|Lymphoid cell|T/NK cell|NK cell|CD16 NK cell,0.9988054
GGCTGTGCACGGTGAA-1,Immune cell,B cell,Naive B cell,Immune cell|Lymphoid cell|B cell|Naive B cell,0.87049115
GGCTGTGGTCCACATA-1,Immune cell,Monocyte,CD14 monocyte,Immune cell|Myeloid cell|Monocyte|CD14 monocyte|MHCII high CD14 monocyte,0.5525156
GGCTTGGCACCGAATT-1,Immune cell,B cell,Naive B cell,Immune cell|Lymphoid cell|B cell|Naive B cell,0.8919612
GGCTTGGGTAGATCGG-1,Immune cell,B cell,Memory B cell,Immune cell|Lymphoid cell|B cell|Memory B cell,0.92083764
GGCTTGGTCTTCTTCC-1,Immune cell,Monocyte,CD14 monocyte,Immune cell|Myeloid cell|Monocyte|CD14 monocyte|MHCII high CD14 monocyte,0.9063346
GGGACAATCCGATCTC-1,Immune cell,Monocyte,CD14 monocyte,Immune cell|Myeloid cell|Monocyte|CD14 monocyte,0.993536
GGGACCTGTTAGGGAC-1,Immune cell,T cell,GZMK CD8 T cell,Immune cell|Lymphoid cell|T/NK cell|T cell|CD8 T cell|Memory CD8 T cell|GZMK CD8 T cell,0.4381264
GGGACCTGTTCTTGTT-1,Immune cell,T cell,Naive CD8 T cell,Immune cell|Lymphoid cell|T/NK cell|T cell|CD8 T cell|Naive CD8 T cell,0.93847495
GGGACTCCACATATCG-1,Immune cell,T cell,Naive CD8 T cell,Immune cell|Lymphoid cell|T/NK cell|T cell|CD8 T cell|Naive CD8 T cell,0.9559297
GGGACTCCACGGGCTT-1,Immune cell,Coarse Not Confidently Annotated,Fine Not Confidently Annotated,Immune cell|Myeloid cell|Dendritic cell|cDC,0.49429098
GGGAGATCACGGGTAA-1,Immune cell,T cell,Naive CD8 T cell,Immune cell|Lymphoid cell|T/NK cell|T cell|CD8 T cell|Naive CD8 T cell,0.9726261
GGGAGATTCACGGACC-1,Immune cell,B cell,Naive B cell,Immune cell|Lymphoid cell|B cell|Naive B cell,0.9614446
GGGAGTAAGCAGGCAT-1,Immune cell,Monocyte,CD14 monocyte,Immune cell|Myeloid cell|Monocyte|CD14 monocyte,0.9805368
GGGAGTATCACCTCGT-1,Immune cell,Dendritic cell,cDC2,Immune cell|Myeloid cell|Dendritic cell|cDC|cDC2,0.92026705
GGGAGTATCTTAGCCC-1,Immune cell,Monocyte,CD14 monocyte,Immune cell|Myeloid cell|Monocyte|CD14 monocyte,0.99596417
GGGATCCAGGGCAATC-1,Immune cell,NK cell,CD16 NK cell,Immune cell|Lymphoid cell|T/NK cell|NK cell|CD16 NK cell,0.9945484
GGGATGAAGGGAGGGT-1,Immune cell,T cell,Naive CD4 T cell,Immune cell|Lymphoid cell|T/NK cell|T cell|CD4 T cell|Naive CD4 T cell,0.99813545
GGGATGAAGTCCCGAC-1,Immune cell,T cell,Memory CD4 T cell,Immune cell|Lymphoid cell|T/NK cell|T cell|CD4 T cell|Memory CD4 T cell,0.75157267
GGGCCATTCAGACCGC-1,Immune cell,Monocyte,CD14 monocyte,Immune cell|Myeloid cell|Monocyte|CD14 monocyte,0.9989064
GGGCTACAGACCAAAT-1,Immune cell,T cell,Naive CD4 T cell,Immune cell|Lymphoid cell|T/NK cell|T cell|CD4 T cell|Naive CD4 T cell,0.997463
GGGCTACAGGCAGTCA-1,Immune cell,T cell,Naive CD4 T cell,Immune cell|Lymphoid cell|T/NK cell|T cell|CD4 T cell|Naive CD4 T cell,0.76130635
GGGCTCATCGCAATTG-1,Immune cell,Coarse Not Confidently Annotated,Fine Not Confidently Annotated,Immune cell|Lymphoid cell|T/NK cell|T cell|CD4 T cell|Naive CD8 T cell,0.4492987
GGGTAGAAGTAGGGTC-1,Immune cell,T cell,Naive CD4 T cell,Immune cell|Lymphoid cell|T/NK cell|T cell|CD4 T cell|Naive CD4 T cell,0.9984549
GGGTCACCAGGAGGTT-1,Immune cell,T cell,Memory CD4 T cell,Immune cell|Lymphoid cell|T/NK cell|T cell|CD4 T cell|Memory CD4 T cell,0.85505104
GGGTCACGTCCTTAAG-1,Immune cell,Monocyte,CD14 monocyte,Immune cell|Myeloid cell|Monocyte|CD14 monocyte,0.98831475
GGGTCACTCACAAGGG-1,Immune cell,Monocyte,CD14 monocyte,Immune cell|Myeloid cell|Monocyte|CD14 monocyte,0.9979735
GGGTCTGAGTCAACAA-1,Immune cell,Monocyte,CD14 monocyte,Immune cell|Myeloid cell|Monocyte|CD14 monocyte,0.9946449
GGGTCTGGTTTGAAAG-1,Immune cell,T cell,Memory CD4 T cell,Immune cell|Lymphoid cell|T/NK cell|T cell|CD4 T cell|Memory CD4 T cell,0.9125293
GGGTCTGTCCCGTTCA-1,Immune cell,Monocyte,CD14 monocyte,Immune cell|Myeloid cell|Monocyte|CD14 monocyte,0.99831367
GGGTGAACATAAGCAA-1,Immune cell,T cell,Naive CD4 T cell,Immune cell|Lymphoid cell|T/NK cell|T cell|CD4 T cell|Naive CD4 T cell,0.57796013
GGGTTATCAGCCATTA-1,Immune cell,T cell,Memory CD4 T cell,Immune cell|Lymphoid cell|T/NK cell|T cell|CD4 T cell|Memory CD4 T cell,0.9426278
GGGTTTACACAGAGCA-1,Immune cell,Monocyte,CD14 monocyte,Immune cell|Myeloid cell|Monocyte|CD14 monocyte,0.99936384
GGGTTTACACTAAACC-1,Immune cell,B cell,Memory B cell,Immune cell|Lymphoid cell|B cell|Memory B cell,0.99439573
GGTAATCCAAAGGAGA-1,Immune cell,T cell,MAIT cell,Immune cell|Lymphoid cell|T/NK cell|T cell|MAIT cell,0.9347126
GGTAATCCACAGCATT-1,Immune cell,Monocyte,CD14 monocyte,Immune cell|Myeloid cell|Monocyte|CD14 monocyte,0.99222964
GGTAATCCATACCACA-1,Immune cell,Monocyte,CD14 monocyte,Immune cell|Myeloid cell|Monocyte|CD14 monocyte,0.9945024
GGTAATCTCAAGTTGC-1,Immune cell,Monocyte,CD14 monocyte,Immune cell|Myeloid cell|Monocyte|CD14 monocyte,0.9838229
GGTAGAGAGACCAGCA-1,Immune cell,Monocyte,CD14 monocyte,Immune cell|Myeloid cell|Monocyte|CD14 monocyte,0.99726856
GGTCACGCAATGGCCC-1,Immune cell,T cell,Naive CD4 T cell,Immune cell|Lymphoid cell|T/NK cell|T cell|CD4 T cell|Naive CD4 T cell,0.606869
GGTCACGGTCGTGATT-1,Immune cell,T cell,Naive CD4 T cell,Immune cell|Lymphoid cell|T/NK cell|T cell|CD4 T cell|Naive CD4 T cell,0.9984675
GGTCTGGTCAGACATC-1,Immune cell,B cell,Naive B cell,Immune cell|Lymphoid cell|B cell|Naive B cell,0.9560096
GGTCTGGTCTCCCAAC-1,Immune cell,T cell,MAIT cell,Immune cell|Lymphoid cell|T/NK cell|T cell|MAIT cell,0.99110436
GGTGATTAGCTGTACT-1,Immune cell,B cell,Naive B cell,Immune cell|Lymphoid cell|B cell|Naive B cell,0.9539766
GGTGATTCAGCTCGGT-1,Immune cell,Monocyte,CD14 monocyte,Immune cell|Myeloid cell|Monocyte|CD14 monocyte,0.9983773
GGTGGCTGTGCGCTCA-1,Immune cell,NK cell,CD16 NK cell,Immune cell|Lymphoid cell|T/NK cell|NK cell|CD16 NK cell,0.9951997
GGTGTCGCAACGATCT-1,Immune cell,Monocyte,CD14 monocyte,Immune cell|Myeloid cell|Monocyte|CD14 monocyte,0.9985201
GGTGTCGGTGTTATCG-1,Immune cell,B cell,Naive B cell,Immune cell|Lymphoid cell|B cell|Naive B cell,0.87581795
GGTGTTAGTGGATTTC-1,Immune cell,B cell,Memory B cell,Immune cell|Lymphoid cell|B cell|Memory B cell,0.9868852
GGTTAACTCACTCACC-1,Immune cell,Coarse Not Confidently Annotated,Fine Not Confidently Annotated,Immune cell|Lymphoid cell|T/NK cell|T cell|abT (entry) cell|Naive CD4 T cell,0.5271595
GGTTCTCCAGGTTCCG-1,Immune cell,Monocyte,CD14 monocyte,Immune cell|Myeloid cell|Monocyte|CD14 monocyte,0.9988343
GGTTGTATCGAAGGAC-1,Immune cell,B cell,Plasma cell,Immune cell|Lymphoid cell|B cell|Plasma cell,0.9990621
GTAACACAGAAAGCGA-1,Immune cell,T cell,MAIT cell,Immune cell|Lymphoid cell|T/NK cell|T cell|MAIT cell,0.8355425
GTAACACAGCTCCGAC-1,Immune cell,Monocyte,CD16 monocyte,Immune cell|Myeloid cell|Monocyte|CD16 monocyte,0.9945696
GTAACACGTAGATGTA-1,Immune cell,T cell,GZMK CD8 T cell,Immune cell|Lymphoid cell|T/NK cell|T cell|CD8 T cell|Memory CD8 T cell|GZMK CD8 T cell,0.5881695
GTAACACGTGGCGTAA-1,Immune cell,Monocyte,CD14 monocyte,Immune cell|Myeloid cell|Monocyte|CD14 monocyte|MHCII low CD14 monocyte,0.7025245
GTAAGTCTCGATTGGT-1,Immune cell,T cell,Naive CD4 T cell,Immune cell|Lymphoid cell|T/NK cell|T cell|CD4 T cell|Naive CD4 T cell,0.9976732
GTAATCGCAGTTTCGA-1,Immune cell,T cell,MAIT cell,Immune cell|Lymphoid cell|T/NK cell|T cell|MAIT cell,0.6314764
GTAATCGGTTGCGAAG-1,Immune cell,NK cell,CD16 NK cell,Immune cell|Lymphoid cell|T/NK cell|NK cell|CD16 NK cell,0.99551743
GTAATGCCACCAGTAT-1,Immune cell,Monocyte,CD14 monocyte,Immune cell|Myeloid cell|Monocyte|CD14 monocyte,0.9968464
GTACAACAGATAGCTA-1,Immune cell,NK cell,CD16 NK cell,Immune cell|Lymphoid cell|T/NK cell|NK cell|CD16 NK cell,0.99695885
GTAGAAACATGGACAG-1,Immune cell,Monocyte,CD14 monocyte,Immune cell|Myeloid cell|Monocyte|CD14 monocyte,0.9986319
GTAGAAATCTGAGATC-1,Immune cell,Monocyte,CD14 monocyte,Immune cell|Myeloid cell|Monocyte|CD14 monocyte,0.99793637
GTAGAGGCAACTTCTT-1,Immune cell,T cell,Naive CD4 T cell,Immune cell|Lymphoid cell|T/NK cell|T cell|CD4 T cell|Naive CD4 T cell,0.9901642
GTAGATCCATCCCGTT-1,Immune cell,T cell,Memory CD4 T cell,Immune cell|Lymphoid cell|T/NK cell|T cell|CD4 T cell|Memory CD4 T cell,0.8672551
GTAGATCTCCCGAAAT-1,Immune cell,B cell,Naive B cell,Immune cell|Lymphoid cell|B cell|Naive B cell,0.9670174
GTAGCTATCTCATGGA-1,Immune cell,Monocyte,CD14 monocyte,Immune cell|Myeloid cell|Monocyte|CD14 monocyte,0.9967483
GTAGGAGTCCGTCACT-1,Immune cell,NK cell,CD16 NK cell,Immune cell|Lymphoid cell|T/NK cell|NK cell|CD16 NK cell,0.99812645
GTAGGTTCAGAAGCGT-1,Immune cell,T cell,Naive CD4 T cell,Immune cell|Lymphoid cell|T/NK cell|T cell|CD4 T cell|Naive CD4 T cell,0.99936074
GTAGGTTGTGTTCGTA-1,Immune cell,T cell,GZMK CD8 T cell,Immune cell|Lymphoid cell|T/NK cell|T cell|CD8 T cell|Memory CD8 T cell|GZMK CD8 T cell,0.6746916
GTAGTACCACCCTATC-1,Immune cell,Monocyte,CD14 monocyte,Immune cell|Myeloid cell|Monocyte|CD14 monocyte,0.9918901
GTAGTACTCTGTGTGA-1,Immune cell,Dendritic cell,cDC1,Immune cell|Myeloid cell|Dendritic cell|cDC|cDC1,0.7978861
GTATTTCAGAAGAGCA-1,Immune cell,T cell,Naive CD8 T cell,Immune cell|Lymphoid cell|T/NK cell|T cell|CD8 T cell|Naive CD8 T cell,0.95700574
GTCAAACCAAGCACCC-1,Immune cell,T cell,Naive CD4 T cell,Immune cell|Lymphoid cell|T/NK cell|T cell|CD4 T cell|Naive CD4 T cell,0.885087
GTCAAACTCAATGCAC-1,Immune cell,T cell,abT (entry) cell,Immune cell|Lymphoid cell|T/NK cell|T cell|abT (entry) cell,0.9241236
GTCAAGTCAATACCTG-1,Immune cell,T cell,Memory CD4 T cell,Immune cell|Lymphoid cell|T/NK cell|T cell|CD4 T cell|Memory CD4 T cell,0.91491205
GTCACGGAGCGGGTTA-1,Immune cell,T cell,Naive CD4 T cell,Immune cell|Lymphoid cell|T/NK cell|T cell|CD4 T cell|Naive CD4 T cell,0.9997236
GTCACGGCACCGTACG-1,Immune cell,T cell,Memory CD4 T cell,Immune cell|Lymphoid cell|T/NK cell|T cell|CD4 T cell|Memory CD4 T cell,0.8369807
GTCACTCTCTTGAACG-1,Immune cell,T cell,Naive CD8 T cell,Immune cell|Lymphoid cell|T/NK cell|T cell|CD8 T cell|Naive CD8 T cell,0.86674774
GTCATGAAGACTCATC-1,Immune cell,T cell,abT (entry) cell,Immune cell|Lymphoid cell|T/NK cell|T cell,0.99665195
GTCATGAAGTTTGGCT-1,Immune cell,Monocyte,CD14 monocyte,Immune cell|Myeloid cell|Monocyte|CD14 monocyte,0.9977366
GTCATGACATTGGATC-1,Immune cell,B cell,Naive B cell,Immune cell|Lymphoid cell|B cell|Naive B cell,0.8625262
GTCATTTCAAGAGAGA-1,Immune cell,T cell,Naive CD4 T cell,Immune cell|Lymphoid cell|T/NK cell|T cell|CD4 T cell|Naive CD4 T cell,0.99874675
GTCATTTGTACGACTT-1,Immune cell,T cell,Treg cell,Immune cell|Lymphoid cell|T/NK cell|T cell|CD4 T cell|Treg cell,0.35476598
GTCATTTTCCTAGAGT-1,Immune cell,NK cell,CD56 NK cell,Immune cell|Lymphoid cell|T/NK cell|NK cell|CD56 NK cell,0.99405295
GTCCCATCATGCCGAC-1,Immune cell,T cell,Naive CD4 T cell,Immune cell|Lymphoid cell|T/NK cell|T cell|CD4 T cell|Naive CD4 T cell,0.99368954
GTCCTCAAGTCACGAG-1,Immune cell,B cell,Memory B cell,Immune cell|Lymphoid cell|B cell|Memory B cell,0.99532723
GTCGAATAGGAGTATT-1,Immune cell,B cell,Naive B cell,Immune cell|Lymphoid cell|B cell|Naive B cell,0.9706195
GTCGAATCAGAACCGA-1,Immune cell,Monocyte,CD14 monocyte,Immune cell|Myeloid cell|Monocyte|CD14 monocyte,0.99551374
GTCGAATGTCAAGCGA-1,Immune cell,Monocyte,CD14 monocyte,Immune cell|Myeloid cell|Monocyte|CD14 monocyte,0.99943405
GTCGCGAAGCAGCGAT-1,Immune cell,T cell,MAIT cell,Immune cell|Lymphoid cell|T/NK cell|T cell|MAIT cell,0.96682805
GTCGCGAGTTTACCTT-1,Immune cell,NK cell,CD16 NK cell,Immune cell|Lymphoid cell|T/NK cell|NK cell|CD16 NK cell,0.9300468
GTCTACCCAGGAAGTC-1,Immune cell,T cell,Naive CD4 T cell,Immune cell|Lymphoid cell|T/NK cell|T cell|CD4 T cell|Naive CD4 T cell,0.99771464
GTCTAGACAATGCAGG-1,Unassigned,Unassigned,Unassigned,Unassigned,0.9491682
GTCTAGAGTATGTCAC-1,Immune cell,Dendritic cell,cDC2,Immune cell|Myeloid cell|Dendritic cell,0.99074054
GTCTAGATCGAGAGAC-1,Immune cell,B cell,Memory B cell,Immune cell|Lymphoid cell|B cell|Memory B cell,0.8774302
GTCTGTCAGATACGAT-1,Immune cell,T cell,Memory CD4 T cell,Immune cell|Lymphoid cell|T/NK cell|T cell|CD4 T cell|Memory CD4 T cell,0.6846578
GTCTGTCTCGAGCCTG-1,Immune cell,NK cell,CD16 NK cell,Immune cell|Lymphoid cell|T/NK cell|NK cell|CD16 NK cell,0.9991068
GTGAGCCCATCTTCGC-1,Immune cell,Coarse Not Confidently Annotated,Fine Not Confidently Annotated,Immune cell|Lymphoid cell|T/NK cell|T cell|CD4 T cell|Memory CD8 T cell|GZMK CD8 T cell,0.31394368
GTGAGCCGTGATCGTT-1,Immune cell,NK cell,CD56 NK cell,Immune cell|Lymphoid cell|T/NK cell|NK cell|CD56 NK cell,0.7949804
GTGAGCCTCTGGAAGG-1,Immune cell,Monocyte,CD14 monocyte,Immune cell|Myeloid cell|Monocyte|CD14 monocyte,0.9981981
GTGAGGAAGCATTGAA-1,Immune cell,T cell,Memory CD4 T cell,Immune cell|Lymphoid cell|T/NK cell|T cell|CD4 T cell|Memory CD4 T cell,0.3296858
GTGAGGACACAACATC-1,Immune cell,T cell,MAIT cell,Immune cell|Lymphoid cell|T/NK cell|T cell|MAIT cell,0.9561775
GTGAGGACACTTTAGG-1,Immune cell,T cell,Naive CD4 T cell,Immune cell|Lymphoid cell|T/NK cell|T cell|CD4 T cell|Naive CD4 T cell,0.9933924
GTGAGTTTCCAATGCA-1,Immune cell,T cell,Memory CD4 T cell,Immune cell|Lymphoid cell|T/NK cell|T cell|CD4 T cell|Memory CD4 T cell,0.89522046
GTGATGTAGACATCAA-1,Immune cell,T cell,Memory CD4 T cell,Immune cell|Lymphoid cell|T/NK cell|T cell|CD4 T cell|Memory CD4 T cell,0.9586703
GTGCGTGAGCTTCTAG-1,Immune cell,Monocyte,CD14 monocyte,Immune cell|Myeloid cell|Monocyte|CD14 monocyte,0.9961641
GTGCTGGCAGGCTACC-1,Immune cell,NK cell,CD56 NK cell,Immune cell|Lymphoid cell|T/NK cell|NK cell|CD56 NK cell,0.99523586
GTGCTGGTCAAACCTG-1,Immune cell,T cell,Naive CD4 T cell,Immune cell|Lymphoid cell|T/NK cell|T cell|CD4 T cell|Naive CD4 T cell,0.999102
GTGCTTCAGACCATAA-1,Immune cell,Monocyte,CD14 monocyte,Immune cell|Myeloid cell|Monocyte|CD14 monocyte,0.99845564
GTGCTTCCACTCATAG-1,Immune cell,NK cell,CD16 NK cell,Immune cell|Lymphoid cell|T/NK cell|NK cell|CD16 NK cell,0.9927725
GTGCTTCGTCGCTTGG-1,Immune cell,Monocyte,CD14 monocyte,Immune cell|Myeloid cell|Monocyte|CD14 monocyte,0.9984561
GTGGAAGAGCCAAGTG-1,Immune cell,B cell,Naive B cell,Immune cell|Lymphoid cell|B cell|Naive B cell,0.9018649
GTGGAGAAGATCCGAG-1,Immune cell,Coarse Not Confidently Annotated,Fine Not Confidently Annotated,Immune cell|Lymphoid cell|T/NK cell|T cell|abT (entry) cell,0.40341923
GTGGCGTAGAATAACC-1,Immune cell,T cell,GZMK CD8 T cell,Immune cell|Lymphoid cell|T/NK cell|T cell|CD8 T cell|Memory CD8 T cell|GZMK CD8 T cell,0.891508
GTGGCGTCAATCGAAA-1,Immune cell,T cell,MAIT cell,Immune cell|Lymphoid cell|T/NK cell|T cell|MAIT cell,0.8461238
GTGGGAAAGGTCGTAG-1,Immune cell,B cell,Naive B cell,Immune cell|Lymphoid cell|B cell|Naive B cell,0.67257196
GTGGGAACATGAGTAA-1,Immune cell,T cell,Memory CD4 T cell,Immune cell|Lymphoid cell|T/NK cell|T cell|CD4 T cell|Memory CD4 T cell,0.7325754
GTGGTTAAGTAACCGG-1,Immune cell,T cell,Memory CD4 T cell,Immune cell|Lymphoid cell|T/NK cell|T cell|CD4 T cell|Memory CD4 T cell,0.97657573
GTGTAACTCTTGGTGA-1,Immune cell,T cell,Naive CD8 T cell,Immune cell|Lymphoid cell|T/NK cell|T cell|CD8 T cell|Naive CD8 T cell,0.41783977
GTGTCCTAGTCGGCCT-1,Immune cell,NK cell,CD16 NK cell,Immune cell|Lymphoid cell|T/NK cell|NK cell|CD16 NK cell,0.9966934
GTGTCCTCAGTTGTTG-1,Immune cell,B cell,Memory B cell,Immune cell|Lymphoid cell|B cell|Memory B cell,0.98602194
GTGTCCTGTGGCCTCA-1,Immune cell,T cell,Naive CD4 T cell,Immune cell|Lymphoid cell|T/NK cell|T cell|CD4 T cell|Naive CD4 T cell,0.99734586
GTGTGATCACTACGGC-1,Immune cell,T cell,Memory CD4 T cell,Immune cell|Lymphoid cell|T/NK cell|T cell|CD4 T cell|Memory CD4 T cell,0.95315784
GTGTGATTCTTACGTT-1,Immune cell,NK cell,CD56 NK cell,Immune cell|Lymphoid cell|T/NK cell|NK cell|CD56 NK cell,0.8332608
GTGTGGCAGGTACTGG-1,Immune cell,Dendritic cell,cDC2,Immune cell|Myeloid cell|Dendritic cell,0.9986953
GTGTGGCAGGTAGTCG-1,Immune cell,T cell,MAIT cell,Immune cell|Lymphoid cell|T/NK cell|T cell|MAIT cell,0.99110305
GTGTGGCGTAAGTTGA-1,Immune cell,B cell,Plasma cell,Immune cell|Lymphoid cell|B cell|Plasma cell|Plasma cell precursor,0.30100277
GTGTGGCTCACCACAA-1,Immune cell,T cell,Naive CD8 T cell,Immune cell|Lymphoid cell|T/NK cell|T cell|CD8 T cell|Naive CD8 T cell,0.7621715
GTGTTCCAGGTGCCTC-1,Immune cell,B cell,Naive B cell,Immune cell|Lymphoid cell|B cell|Naive B cell,0.6839297
GTGTTCCGTAGTTCCA-1,Immune cell,Platelet,Platelet,Immune cell|Erythrocyte/Megakaryocyte|Megakaryocyte,0.9992716
GTTACAGAGGGCTAAC-1,Immune cell,T cell,abT (entry) cell,Immune cell|Lymphoid cell|T/NK cell|T cell|abT (entry) cell,0.542198
GTTACAGAGTGTAGTA-1,Immune cell,T cell,Treg cell,Immune cell|Lymphoid cell|T/NK cell|T cell|CD4 T cell|Treg cell,0.68805254
GTTACAGCAAATCAGA-1,Immune cell,T cell,Treg cell,Immune cell|Lymphoid cell|T/NK cell|T cell|CD4 T cell|Treg cell,0.82751167
GTTACGAGTATGAGAT-1,Immune cell,Monocyte,CD14 monocyte,Immune cell|Myeloid cell|Monocyte|CD14 monocyte,0.9984793
GTTAGTGAGAACGTGC-1,Immune cell,T cell,Naive CD4 T cell,Immune cell|Lymphoid cell|T/NK cell|T cell|CD4 T cell|Naive CD4 T cell,0.54830855
GTTAGTGCACCTCTAC-1,Immune cell,Monocyte,CD14 monocyte,Immune cell|Myeloid cell|Monocyte|CD14 monocyte,0.99280643
GTTATGGTCGTTCCTG-1,Immune cell,T cell,GZMK CD8 T cell,Immune cell|Lymphoid cell|T/NK cell|T cell|CD8 T cell|Memory CD8 T cell,0.9635816
GTTCATTTCCGATGCG-1,Immune cell,Platelet,Platelet,Immune cell|Erythrocyte/Megakaryocyte|Megakaryocyte,0.9975667
GTTCCGTAGTTGCCCG-1,Immune cell,Monocyte,CD14 monocyte,Immune cell|Myeloid cell|Monocyte|CD14 monocyte,0.99656576
GTTCCGTCACCCGTAG-1,Immune cell,T cell,MAIT cell,Immune cell|Lymphoid cell|T/NK cell|T cell|MAIT cell,0.6976099
GTTCTATCAAATGAGT-1,Immune cell,B cell,Memory B cell,Immune cell|Lymphoid cell|B cell|Memory B cell,0.96233326
GTTCTATCACGTGTGC-1,Immune cell,Monocyte,CD14 monocyte,Immune cell|Myeloid cell|Monocyte|CD14 monocyte,0.983842
GTTCTATTCTACACTT-1,Immune cell,NK cell,CD16 NK cell,Immune cell|Lymphoid cell|T/NK cell|NK cell|CD16 NK cell,0.9911246
GTTGAACAGGAACATT-1,Immune cell,NK cell,CD16 NK cell,Immune cell|Lymphoid cell|T/NK cell|NK cell|CD16 NK cell,0.999443
GTTGAACGTACCCGCA-1,Immune cell,Monocyte,CD14 monocyte,Immune cell|Myeloid cell|Monocyte|CD14 monocyte,0.9888982
GTTGCGGAGCTGCCTG-1,Immune cell,T cell,Naive CD4 T cell,Immune cell|Lymphoid cell|T/NK cell|T cell|CD4 T cell|Naive CD4 T cell,0.999671
GTTGCTCAGTTTCGAC-1,Immune cell,NK cell,CD16 NK cell,Immune cell|Lymphoid cell|T/NK cell|NK cell|CD16 NK cell,0.9960432
GTTGCTCTCATTTCCA-1,Immune cell,T cell,Treg cell,Immune cell|Lymphoid cell|T/NK cell|T cell|CD4 T cell|Treg cell,0.9947919
GTTGTAGCAGTTCTAG-1,Immune cell,T cell,MAIT cell,Immune cell|Lymphoid cell|T/NK cell|T cell|MAIT cell,0.97048527
GTTGTGAAGACCTTTG-1,Unassigned,Unassigned,Unassigned,Unassigned,0.97495097
GTTGTGATCTCGGTCT-1,Immune cell,T cell,Naive CD4 T cell,Immune cell|Lymphoid cell|T/NK cell|T cell|CD4 T cell|Naive CD4 T cell,0.999678
GTTTGGAGTGTATACC-1,Immune cell,T cell,Treg cell,Immune cell|Lymphoid cell|T/NK cell|T cell|CD4 T cell|Treg cell,0.982545
TAACGACCACATATGC-1,Immune cell,T cell,Naive CD4 T cell,Immune cell|Lymphoid cell|T/NK cell|T cell|CD4 T cell|Naive CD4 T cell,0.9988053
TAACGACGTGCCTACG-1,Immune cell,T cell,Treg cell,Immune cell|Lymphoid cell|T/NK cell|T cell|CD4 T cell|Treg cell,0.75751156
TAACTTCGTTGTGGAG-1,Immune cell,NK cell,CD16 NK cell,Immune cell|Lymphoid cell|T/NK cell|NK cell|CD16 NK cell,0.9951402
TAAGCACAGAAGCTGC-1,Immune cell,T cell,Memory CD4 T cell,Immune cell|Lymphoid cell|T/NK cell|T cell|CD4 T cell|Memory CD4 T cell,0.98601717
TAAGCACTCACCATAG-1,Immune cell,B cell,Naive B cell,Immune cell|Lymphoid cell|B cell|Naive B cell,0.9542546
TAAGCCAGTCCAACGC-1,Immune cell,T cell,abT (entry) cell,Immune cell|Lymphoid cell|T/NK cell|T cell|abT (entry) cell,0.9684133
TAAGCCATCTGGCCTT-1,Immune cell,B cell,Memory B cell,Immune cell|Lymphoid cell|B cell|Memory B cell,0.5732719
TAAGCGTTCGTTGCCT-1,Immune cell,B cell,Memory B cell,Immune cell|Lymphoid cell|B cell|Memory B cell,0.6823117
TAAGCGTTCTGTCGTC-1,Immune cell,T cell,Naive CD4 T cell,Immune cell|Lymphoid cell|T/NK cell|T cell|CD4 T cell|Naive CD4 T cell,0.92579335
TAATTCCCACTCCGGA-1,Immune cell,Coarse Not Confidently Annotated,Fine Not Confidently Annotated,Immune cell|Lymphoid cell|T/NK cell|T cell|CD8 T cell|Memory CD8 T cell|GZMK CD8 T cell,0.39725673
TAATTCCGTATTGACC-1,Immune cell,Monocyte,CD16 monocyte,Immune cell|Myeloid cell|Monocyte|CD16 monocyte,0.9898481
TAATTCCGTCAGTCCG-1,Immune cell,T cell,Naive CD4 T cell,Immune cell|Lymphoid cell|T/NK cell|T cell|CD4 T cell|Naive CD4 T cell,0.8261701
TACAACGCAAAGGTTA-1,Immune cell,T cell,Naive CD4 T cell,Immune cell|Lymphoid cell|T/NK cell|T cell|CD4 T cell|Naive CD4 T cell,0.9964707
TACAACGCATAGATCC-1,Immune cell,T cell,Naive CD4 T cell,Immune cell|Lymphoid cell|T/NK cell|T cell|CD4 T cell|Naive CD4 T cell,0.8749399
TACACCCTCGACTCCT-1,Immune cell,T cell,Naive CD8 T cell,Immune cell|Lymphoid cell|T/NK cell|T cell|CD8 T cell|Naive CD8 T cell,0.9346064
TACAGGTTCCTTACCG-1,Immune cell,T cell,Memory CD4 T cell,Immune cell|Lymphoid cell|T/NK cell|T cell|CD4 T cell|Memory CD4 T cell,0.6805906
TACATTCGTGGCTTAT-1,Immune cell,T cell,Memory CD4 T cell,Immune cell|Lymphoid cell|T/NK cell|T cell|CD4 T cell|Memory CD4 T cell,0.66977674
TACCGGGTCCTCGATC-1,Immune cell,Platelet,Platelet,Immune cell|Erythrocyte/Megakaryocyte|Megakaryocyte,0.99982446
TACCTCGCACCCAACG-1,Immune cell,T cell,Naive CD8 T cell,Immune cell|Lymphoid cell|T/NK cell|T cell|CD8 T cell|Naive CD8 T cell,0.8560412
TACCTGCAGTCACGCC-1,Unassigned,Unassigned,Unassigned,Unassigned,0.98510355
TACCTGCAGTCTGCAT-1,Immune cell,T cell,Memory CD4 T cell,Immune cell|Lymphoid cell|T/NK cell|T cell|CD4 T cell|Memory CD4 T cell,0.7229029
TACCTGCTCCAAGCTA-1,Immune cell,B cell,Naive B cell,Immune cell|Lymphoid cell|B cell|Naive B cell,0.9833017
TACGCTCGTCAATCTG-1,Unassigned,Unassigned,Unassigned,Unassigned,0.99323165
TACGCTCTCTCGGTCT-1,Immune cell,Monocyte,CD14 monocyte,Immune cell|Myeloid cell|Monocyte|CD14 monocyte,0.97178644
TACGCTCTCTTAAGGC-1,Immune cell,B cell,Naive B cell,Immune cell|Lymphoid cell|B cell|Naive B cell,0.9591683
TACGGGCTCAACGAGG-1,Immune cell,T cell,Naive CD8 T cell,Immune cell|Lymphoid cell|T/NK cell|T cell|CD8 T cell|Naive CD8 T cell,0.9323593
TACGGGCTCTACCACC-1,Immune cell,T cell,Naive CD4 T cell,Immune cell|Lymphoid cell|T/NK cell|T cell|CD4 T cell|Naive CD4 T cell,0.8466893
TACGTCCCAAGTGATA-1,Immune cell,Monocyte,CD14 monocyte,Immune cell|Myeloid cell|Monocyte|CD14 monocyte,0.9950014
TACGTCCCATGTGTCA-1,Immune cell,T cell,GZMB CD8 T cell,Immune cell|Lymphoid cell|T/NK cell|T cell|CD8 T cell|Memory CD8 T cell|GZMB CD8 T cell,0.9357684
TACTTACAGGCATCTT-1,Unassigned,Unassigned,Unassigned,Unassigned,0.99798906
TACTTCATCATGCCGG-1,Immune cell,T cell,MAIT cell,Immune cell|Lymphoid cell|T/NK cell|T cell|MAIT cell,0.9894308
TAGACCAGTCTCGGGT-1,Immune cell,T cell,abT (entry) cell,Immune cell|Lymphoid cell|T/NK cell|T cell|abT (entry) cell,0.69294983
TAGACTGAGATTGTGA-1,Immune cell,B cell,Memory B cell,Immune cell|Lymphoid cell|B cell|Memory B cell,0.9932352
TAGACTGGTCTTGAAC-1,Immune cell,Monocyte,CD14 monocyte,Immune cell|Myeloid cell|Monocyte|CD14 monocyte,0.99684876
TAGACTGTCGCCGAGT-1,Immune cell,Monocyte,CD14 monocyte,Immune cell|Myeloid cell|Monocyte|CD14 monocyte,0.9982981
TAGAGTCGTTGTGTAC-1,Immune cell,Monocyte,CD14 monocyte,Immune cell|Myeloid cell|Monocyte|CD14 monocyte,0.99832493
TAGATCGCAAATGGTA-1,Immune cell,Monocyte,CD14 monocyte,Immune cell|Myeloid cell|Monocyte|CD14 monocyte,0.99774927
TAGATCGCACACGCCA-1,Immune cell,T cell,Naive CD4 T cell,Immune cell|Lymphoid cell|T/NK cell|T cell|CD4 T cell|Naive CD4 T cell,0.99813795
TAGATCGTCACAACCA-1,Immune cell,Monocyte,CD14 monocyte,Immune cell|Myeloid cell|Monocyte|CD14 monocyte,0.99694365
TAGCACAAGTACTCGT-1,Immune cell,Monocyte,CD14 monocyte,Immune cell|Myeloid cell|Monocyte|CD14 monocyte,0.99630946
TAGGAGGCAAGACCTT-1,Immune cell,B cell,Naive B cell,Immune cell|Lymphoid cell|B cell|Naive B cell,0.95901734
TAGGAGGGTTCCAGGC-1,Immune cell,B cell,Naive B cell,Immune cell|Lymphoid cell|B cell|Naive B cell,0.6922867
TAGGGTTAGAGAGCGG-1,Immune cell,T cell,Naive CD4 T cell,Immune cell|Lymphoid cell|T/NK cell|T cell|CD4 T cell|Naive CD4 T cell,0.69032633
TAGGGTTAGGAACATT-1,Immune cell,B cell,Naive B cell,Immune cell|Lymphoid cell|B cell|Naive B cell,0.9896394
TAGGGTTCAAGAAACT-1,Immune cell,B cell,Naive B cell,Immune cell|Lymphoid cell|B cell|Naive B cell,0.9943593
TAGGTACGTGTCATCA-1,Immune cell,Monocyte,CD14 monocyte,Immune cell|Myeloid cell|Monocyte|CD14 monocyte,0.99506515
TAGGTACTCGAAGCAG-1,Immune cell,NK cell,CD16 NK cell,Immune cell|Lymphoid cell|T/NK cell|NK cell|CD16 NK cell,0.9984156
TAGTGCACACTCGATA-1,Immune cell,Monocyte,CD14 monocyte,Immune cell|Myeloid cell|Monocyte|CD14 monocyte,0.96861637
TAGTGCACAGAGGAAA-1,Immune cell,Monocyte,CD14 monocyte,Immune cell|Myeloid cell|Monocyte|CD14 monocyte,0.9980987
TATACCTGTTCTCGTC-1,Immune cell,T cell,MAIT cell,Immune cell|Lymphoid cell|T/NK cell|T cell|MAIT cell,0.99310595
TATACCTTCTGTCCGT-1,Immune cell,Monocyte,CD14 monocyte,Immune cell|Myeloid cell|Monocyte|CD14 monocyte,0.99791926
TATATCCCATGCGTGC-1,Immune cell,B cell,Naive B cell,Immune cell|Lymphoid cell|B cell|Naive B cell,0.9887144
TATCGCCTCTCCCAAC-1,Immune cell,Dendritic cell,cDC2,Immune cell|Myeloid cell|Dendritic cell|cDC,0.7870426
TATCTTGTCCATCTCG-1,Immune cell,Dendritic cell,cDC2,Immune cell|Myeloid cell|Dendritic cell|cDC|cDC2,0.8993181
TATCTTGTCGGCTTGG-1,Immune cell,Monocyte,CD14 monocyte,Immune cell|Myeloid cell|Monocyte|CD14 monocyte,0.9640804
TATGTTCAGTATGGAT-1,Immune cell,T cell,GZMB CD8 T cell,Immune cell|Lymphoid cell|T/NK cell|T cell|CD8 T cell|Memory CD8 T cell|GZMB CD8 T cell,0.5442393
TATTGCTTCTCGAACA-1,Immune cell,NK cell,CD16 NK cell,Immune cell|Lymphoid cell|T/NK cell|NK cell|CD16 NK cell,0.9931797
TCAAGCATCCACTTTA-1,Immune cell,T cell,Naive CD4 T cell,Immune cell|Lymphoid cell|T/NK cell|T cell|CD4 T cell|Naive CD4 T cell,0.7682515
TCAATCTAGAGGTTTA-1,Immune cell,T cell,Naive CD4 T cell,Immune cell|Lymphoid cell|T/NK cell|T cell|CD4 T cell|Naive CD4 T cell,0.997609
TCAATCTGTTTCCCAC-1,Immune cell,B cell,Naive B cell,Immune cell|Lymphoid cell|B cell|Naive B cell,0.94880027
TCACAAGGTAGTGGCA-1,Immune cell,T cell,Naive CD8 T cell,Immune cell|Lymphoid cell|T/NK cell|T cell|CD8 T cell|Naive CD8 T cell,0.96736497
TCACAAGGTGGATACG-1,Immune cell,Monocyte,CD14 monocyte,Immune cell|Myeloid cell|Monocyte|CD14 monocyte,0.99735594
TCACACCCACCAGCCA-1,Immune cell,Monocyte,CD14 monocyte,Immune cell|Myeloid cell|Monocyte|CD14 monocyte,0.9776048
TCACACCGTCTCACGG-1,Immune cell,T cell,MAIT cell,Immune cell|Lymphoid cell|T/NK cell|T cell|MAIT cell,0.991452
TCACACCGTTAAACCC-1,Immune cell,Monocyte,CD14 monocyte,Immune cell|Myeloid cell|Monocyte|CD14 monocyte,0.8777922
TCACACCTCTGGGAGA-1,Immune cell,T cell,Memory CD4 T cell,Immune cell|Lymphoid cell|T/NK cell|T cell|CD4 T cell|Memory CD4 T cell,0.81160194
TCACACCTCTTACCAT-1,Immune cell,Coarse Not Confidently Annotated,Fine Not Confidently Annotated,Immune cell|Lymphoid cell|T/NK cell|T cell|CD8 T cell|Memory CD8 T cell,0.59454083
TCACATTCAGAACTAA-1,Immune cell,Monocyte,CD16 monocyte,Immune cell|Myeloid cell|Monocyte|CD16 monocyte,0.9949092
TCACATTCATGCCATA-1,Immune cell,T cell,Memory CD4 T cell,Immune cell|Lymphoid cell|T/NK cell|T cell|CD4 T cell|Memory CD4 T cell,0.6565935
TCACGCTAGGACATCG-1,Immune cell,T cell,MAIT cell,Immune cell|Lymphoid cell|T/NK cell|T cell|MAIT cell,0.9904142
TCACGCTGTCTGCCTT-1,Immune cell,T cell,Naive CD4 T cell,Immune cell|Lymphoid cell|T/NK cell|T cell|CD4 T cell|Naive CD4 T cell,0.9968124
TCACGCTTCACTAGCA-1,Immune cell,T cell,Naive CD8 T cell,Immune cell|Lymphoid cell|T/NK cell|T cell|CD8 T cell|Naive CD8 T cell,0.9900115
TCACGCTTCGCTGACG-1,Immune cell,Platelet,Platelet,Immune cell|Erythrocyte/Megakaryocyte|Megakaryocyte,0.98955756
TCACGCTTCGGACTGC-1,Immune cell,T cell,Tfh cell,Immune cell|Lymphoid cell|T/NK cell|T cell|CD4 T cell|Tfh cell,0.7788365
TCACGGGCAACCGACC-1,Immune cell,Monocyte,CD14 monocyte,Immune cell|Myeloid cell|Monocyte|CD14 monocyte,0.99765587
TCACTATGTTTAGACC-1,Immune cell,T cell,MAIT cell,Immune cell|Lymphoid cell|T/NK cell|T cell|MAIT cell,0.80240756
TCACTCGCAAAGCAAT-1,Immune cell,Monocyte,CD14 monocyte,Immune cell|Myeloid cell|Monocyte|CD14 monocyte,0.9375558
TCACTCGGTCAACCAT-1,Immune cell,T cell,Naive CD4 T cell,Immune cell|Lymphoid cell|T/NK cell|T cell|CD4 T cell|Naive CD4 T cell,0.99909484
TCACTCGTCGGTCATA-1,Immune cell,Monocyte,CD14 monocyte,Immune cell|Myeloid cell|Monocyte|CD14 monocyte,0.7691388
TCAGCAACAAATCAAG-1,Immune cell,Monocyte,CD14/CD16 monocyte,Immune cell|Myeloid cell|Monocyte|CD14/CD16 monocyte,0.68934774
TCAGCAAGTATGACAA-1,Immune cell,Dendritic cell,cDC2,Immune cell|Myeloid cell|Dendritic cell,0.9960471
TCAGGGCTCATGCGGC-1,Immune cell,T cell,Naive CD4 T cell,Immune cell|Lymphoid cell|T/NK cell|T cell|CD4 T cell|Naive CD4 T cell,0.9953818
TCAGGTACAATCGCAT-1,Immune cell,B cell,Naive B cell,Immune cell|Lymphoid cell|B cell|Naive B cell,0.7010131
TCAGGTAGTATGGTAA-1,Immune cell,T cell,Memory CD4 T cell,Immune cell|Lymphoid cell|T/NK cell|T cell|CD4 T cell|Memory CD4 T cell,0.98080945
TCAGTCCGTAAGATCA-1,Immune cell,Dendritic cell,cDC2,Immune cell|Myeloid cell|Dendritic cell,0.5842631
TCAGTCCGTCTCTCAC-1,Immune cell,T cell,Memory CD4 T cell,Immune cell|Lymphoid cell|T/NK cell|T cell|CD4 T cell|Memory CD4 T cell,0.58161414
TCAGTTTAGGATATAC-1,Immune cell,Monocyte,CD14 monocyte,Immune cell|Myeloid cell|Monocyte|CD14 monocyte,0.57157713
TCATACTCAGGTACGA-1,Immune cell,Coarse Not Confidently Annotated,Fine Not Confidently Annotated,Immune cell|Lymphoid cell|T/NK cell|T cell|CD8 T cell|Memory CD8 T cell,0.55639064
TCATACTTCAGAGCAG-1,Immune cell,T cell,Memory CD4 T cell,Immune cell|Lymphoid cell|T/NK cell|T cell|CD4 T cell|Memory CD4 T cell,0.8946757
TCATATCCATGCTGCG-1,Immune cell,Dendritic cell,pDC,Immune cell|Myeloid cell|Dendritic cell|pDC,0.9997694
TCATCATAGCACACAG-1,Immune cell,Monocyte,CD14 monocyte,Immune cell|Myeloid cell|Monocyte|CD14 monocyte,0.99000365
TCATCATGTTGCACGC-1,Immune cell,Monocyte,CD14 monocyte,Immune cell|Myeloid cell|Monocyte|CD14 monocyte,0.9951551
TCATCCGTCCAACTGA-1,Immune cell,B cell,Naive B cell,Immune cell|Lymphoid cell|B cell|Naive B cell,0.82661
TCATGCCCAAAGCGTG-1,Immune cell,T cell,MAIT cell,Immune cell|Lymphoid cell|T/NK cell|T cell|MAIT cell,0.94842654
TCATGCCGTGTCTTAG-1,Immune cell,T cell,Naive CD8 T cell,Immune cell|Lymphoid cell|T/NK cell|T cell|CD8 T cell|Naive CD8 T cell,0.78848
TCATGTTAGAGGCGGA-1,Immune cell,B cell,Memory B cell,Immune cell|Lymphoid cell|B cell|Memory B cell,0.8139434
TCATGTTGTGTGTGTT-1,Immune cell,T cell,Naive CD4 T cell,Immune cell|Lymphoid cell|T/NK cell|T cell|CD4 T cell|Naive CD4 T cell,0.99870193
TCATTACGTGCATGAG-1,Immune cell,T cell,MAIT cell,Immune cell|Lymphoid cell|T/NK cell|T cell|MAIT cell,0.8748151
TCATTGTGTGAGCAGT-1,Immune cell,T cell,Naive CD4 T cell,Immune cell|Lymphoid cell|T/NK cell|T cell|CD4 T cell|Naive CD4 T cell,0.9969688
TCCATCGGTTTAGTCG-1,Immune cell,B cell,Memory B cell,Immune cell|Lymphoid cell|B cell|Memory B cell,0.99158293
TCCCACACACTAGAGG-1,Unassigned,Unassigned,Unassigned,Unassigned,0.98706114
TCCCACACAGACCAAG-1,Immune cell,Monocyte,CD14 monocyte,Immune cell|Myeloid cell|Monocyte|CD14 monocyte,0.998178
TCCCACAGTTGACGGA-1,Immune cell,T cell,Treg cell,Immune cell|Lymphoid cell|T/NK cell|T cell,0.9966948
TCCCAGTAGACCGTTT-1,Immune cell,Monocyte,CD14 monocyte,Immune cell|Myeloid cell|Monocyte|CD14 monocyte,0.99740714
TCCCAGTTCGACATAC-1,Immune cell,Monocyte,CD14 monocyte,Immune cell|Myeloid cell|Monocyte|CD14 monocyte,0.9917428
TCCCATGTCGGCCCAA-1,Immune cell,T cell,Naive CD4 T cell,Immune cell|Lymphoid cell|T/NK cell|T cell|CD4 T cell|Naive CD4 T cell,0.9974837
TCCGATCTCAAACCTG-1,Immune cell,T cell,Memory CD4 T cell,Immune cell|Lymphoid cell|T/NK cell|T cell|CD4 T cell|Memory CD4 T cell,0.8066168
TCCTCCCAGTCTAACC-1,Immune cell,Monocyte,CD14 monocyte,Immune cell|Myeloid cell|Monocyte|CD14 monocyte,0.99828416
TCCTCGATCTCTCGAC-1,Immune cell,T cell,Memory CD4 T cell,Immune cell|Lymphoid cell|T/NK cell|T cell|CD4 T cell|Memory CD4 T cell,0.8316566
TCCTCTTAGAGTGAAG-1,Immune cell,Monocyte,CD14 monocyte,Immune cell|Myeloid cell|Monocyte|CD14 monocyte,0.99640924
TCCTCTTAGCCAAGGT-1,Immune cell,Monocyte,CD14 monocyte,Immune cell|Myeloid cell|Monocyte|CD14 monocyte,0.7413557
TCCTTCTCAACTCGTA-1,Immune cell,Dendritic cell,cDC2,Immune cell|Myeloid cell|Dendritic cell|cDC|cDC2,0.6326044
TCCTTTCTCGCTGTCT-1,Immune cell,Dendritic cell,pDC,Immune cell|Myeloid cell|Dendritic cell|pDC,0.9998914
TCGAAGTGTATCAGGG-1,Immune cell,T cell,MAIT cell,Immune cell|Lymphoid cell|T/NK cell|T cell|MAIT cell,0.988143
TCGACCTCAAAGACTA-1,Immune cell,T cell,Naive CD4 T cell,Immune cell|Lymphoid cell|T/NK cell|T cell|CD4 T cell|Naive CD4 T cell,0.99924856
TCGACCTCAAGTAGTA-1,Immune cell,B cell,Plasma cell,Immune cell|Lymphoid cell|B cell|Plasma cell,0.9925983
TCGACGGTCGAAGTGG-1,Immune cell,T cell,Treg cell,Immune cell|Lymphoid cell|T/NK cell|T cell|CD4 T cell|Treg cell,0.9496378
TCGATTTGTACGCTTA-1,Immune cell,T cell,GZMK CD8 T cell,Immune cell|Lymphoid cell|T/NK cell|T cell|CD8 T cell|Memory CD8 T cell,0.51975334
TCGCAGGAGATTGACA-1,Immune cell,T cell,Memory CD4 T cell,Immune cell|Lymphoid cell|T/NK cell|T cell|CD4 T cell|Memory CD4 T cell,0.92944413
TCGCAGGGTAGGCTCC-1,Immune cell,T cell,Naive CD4 T cell,Immune cell|Lymphoid cell|T/NK cell|T cell|CD4 T cell|Naive CD4 T cell,0.99861157
TCGCAGGGTTCTAACG-1,Immune cell,T cell,Naive CD4 T cell,Immune cell|Lymphoid cell|T/NK cell|T cell|CD4 T cell|Naive CD4 T cell,0.99715674
TCGCTCACAAGATTGA-1,Immune cell,T cell,Naive CD4 T cell,Immune cell|Lymphoid cell|T/NK cell|T cell|CD4 T cell|Naive CD4 T cell,0.9973164
TCGCTTGAGAGACAAG-1,Immune cell,T cell,MAIT cell,Immune cell|Lymphoid cell|T/NK cell|T cell|MAIT cell,0.9695282
TCGCTTGAGCATTTGC-1,Immune cell,T cell,MAIT cell,Immune cell|Lymphoid cell|T/NK cell|T cell|MAIT cell,0.8974906
TCGGGACGTAACGGTG-1,Immune cell,Monocyte,CD16 monocyte,Immune cell|Myeloid cell|Monocyte|CD16 monocyte,0.94819164
TCGGGACTCTAGATCG-1,Immune cell,T cell,Naive CD4 T cell,Immune cell|Lymphoid cell|T/NK cell|T cell|CD4 T cell|Naive CD4 T cell,0.999038
TCGGGCACAGTTACCA-1,Immune cell,T cell,Naive CD4 T cell,Immune cell|Lymphoid cell|T/NK cell|T cell|CD4 T cell|Naive CD4 T cell,0.99272126
TCGGGCATCCGATTAG-1,Immune cell,T cell,Memory CD4 T cell,Immune cell|Lymphoid cell|T/NK cell|T cell|CD4 T cell|Memory CD4 T cell,0.8781207
TCGGGCATCTGAACGT-1,Immune cell,Monocyte,CD14 monocyte,Immune cell|Myeloid cell|Monocyte|CD14 monocyte,0.99832743
TCGGGTGCAGTCTGGC-1,Immune cell,Monocyte,CD14 monocyte,Immune cell|Myeloid cell|Monocyte|CD14 monocyte,0.9983247
TCGGTCTTCATTGCTT-1,Immune cell,T cell,Memory CD4 T cell,Immune cell|Lymphoid cell|T/NK cell|T cell|CD4 T cell|Memory CD4 T cell,0.7740393
TCGGTCTTCGACATAC-1,Immune cell,T cell,Memory CD4 T cell,Immune cell|Lymphoid cell|T/NK cell|T cell|CD4 T cell|Memory CD4 T cell,0.63006216
TCGTAGACAATGAAAC-1,Immune cell,Monocyte,CD14 monocyte,Immune cell|Myeloid cell|Monocyte|CD14 monocyte,0.9982317
TCGTGCTGTAAGGAGA-1,Immune cell,T cell,Naive CD4 T cell,Immune cell|Lymphoid cell|T/NK cell|T cell|CD4 T cell|Naive CD4 T cell,0.9953532
TCGTGCTGTGATCATC-1,Immune cell,Dendritic cell,pDC,Immune cell|Myeloid cell|Dendritic cell|pDC,0.99995255
TCTAACTAGGTCCAGA-1,Immune cell,T cell,GZMK CD8 T cell,Immune cell|Lymphoid cell|T/NK cell|T cell|CD8 T cell|Memory CD8 T cell,0.91996926
TCTACCGCAGTCGTTA-1,Immune cell,T cell,Memory CD4 T cell,Immune cell|Lymphoid cell|T/NK cell|T cell|CD4 T cell|Memory CD4 T cell,0.62389004
TCTACCGTCCACGGAC-1,Immune cell,T cell,Naive CD8 T cell,Immune cell|Lymphoid cell|T/NK cell|T cell|CD8 T cell|Naive CD8 T cell,0.9532118
TCTATACGTTATCCAG-1,Immune cell,Monocyte,CD14 monocyte,Immune cell|Myeloid cell|Monocyte|CD14 monocyte,0.9977423
TCTATCAGTATGCTAC-1,Immune cell,Monocyte,CD14 monocyte,Immune cell|Myeloid cell|Monocyte|CD14 monocyte,0.9983182
TCTATCAGTTGCCGAC-1,Immune cell,Coarse Not Confidently Annotated,Fine Not Confidently Annotated,Immune cell|Lymphoid cell|T/NK cell|T cell|CD16 NK cell,0.24737206
TCTCACGAGGCTCCCA-1,Immune cell,T cell,MAIT cell,Immune cell|Lymphoid cell|T/NK cell|T cell|MAIT cell,0.9663353
TCTCCGAAGTCAATCC-1,Immune cell,Monocyte,CD14 monocyte,Immune cell|Myeloid cell|Monocyte|CD14 monocyte,0.87745047
TCTCCGATCTCTCTTC-1,Immune cell,B cell,Memory B cell,Immune cell|Lymphoid cell|B cell|Memory B cell,0.9726964
TCTCTGGCAAAGCAAT-1,Immune cell,Monocyte,CD16 monocyte,Immune cell|Myeloid cell|Monocyte|CD16 monocyte,0.9876639
TCTGCCAAGTTACGGG-1,Immune cell,B cell,Plasma cell,Immune cell|Lymphoid cell|B cell|Plasma cell,0.92077154
TCTGCCAGTAACGCGA-1,Immune cell,T cell,Naive CD4 T cell,Immune cell|Lymphoid cell|T/NK cell|T cell|CD4 T cell|Naive CD4 T cell,0.998237
TCTGCCAGTAGATGTA-1,Immune cell,Monocyte,CD14 monocyte,Immune cell|Myeloid cell|Monocyte|CD14 monocyte,0.98556364
TCTGGCTCATCCTGTC-1,Immune cell,T cell,Memory CD4 T cell,Immune cell|Lymphoid cell|T/NK cell|T cell|CD4 T cell|Memory CD4 T cell,0.8714752
TCTGTCGAGACTAGAT-1,Immune cell,Monocyte,CD14 monocyte,Immune cell|Myeloid cell|Monocyte|CD14 monocyte,0.9973864
TCTGTCGCACCAGCGT-1,Immune cell,NK cell,CD16 NK cell,Immune cell|Lymphoid cell|T/NK cell|NK cell|CD16 NK cell,0.937454
TCTTAGTAGGCCTGCT-1,Immune cell,T cell,Naive CD4 T cell,Immune cell|Lymphoid cell|T/NK cell|T cell|CD4 T cell|Naive CD4 T cell,0.93285084
TCTTAGTCAACACGAG-1,Immune cell,Monocyte,CD14 monocyte,Immune cell|Myeloid cell|Monocyte|CD14 monocyte,0.9936187
TCTTAGTGTTGCCAAT-1,Immune cell,Monocyte,CD14 monocyte,Immune cell|Myeloid cell|Monocyte|CD14 monocyte,0.9834906
TCTTAGTTCAGAATAG-1,Immune cell,T cell,GZMK CD8 T cell,Immune cell|Lymphoid cell|T/NK cell|T cell|CD8 T cell|Memory CD8 T cell|GZMK CD8 T cell,0.60742277
TCTTCCTCACCAAAGG-1,Unassigned,Unassigned,Unassigned,Unassigned,0.9850145
TCTTGCGAGATGAAGG-1,Immune cell,T cell,Treg cell,Immune cell|Lymphoid cell|T/NK cell|T cell|CD4 T cell|Treg cell,0.86666507
TCTTGCGCACTACTTT-1,Immune cell,B cell,Naive B cell,Immune cell|Lymphoid cell|B cell|Naive B cell,0.935173
TCTTGCGCAGAGGAAA-1,Immune cell,T cell,Memory CD4 T cell,Immune cell|Lymphoid cell|T/NK cell|T cell|CD4 T cell|Memory CD4 T cell,0.89150584
TCTTGCGGTCCAGCCA-1,Immune cell,T cell,Memory CD4 T cell,Immune cell|Lymphoid cell|T/NK cell|T cell|CD4 T cell|Memory CD4 T cell,0.920882
TCTTTGAGTGGAGAAA-1,Immune cell,B cell,Naive B cell,Immune cell|Lymphoid cell|B cell|Naive B cell,0.85988456
TGAACGTCAAATGAAC-1,Immune cell,T cell,MAIT cell,Immune cell|Lymphoid cell|T/NK cell|T cell|MAIT cell,0.98924655
TGAACGTGTAACTAAG-1,Immune cell,T cell,Naive CD4 T cell,Immune cell|Lymphoid cell|T/NK cell|T cell|CD4 T cell|Naive CD4 T cell,0.70334816
TGAACGTGTCCATAGT-1,Immune cell,Monocyte,CD14 monocyte,Immune cell|Myeloid cell|Monocyte|CD14 monocyte,0.9953193
TGAATGCGTGGACTAG-1,Immune cell,B cell,Naive B cell,Immune cell|Lymphoid cell|B cell|Naive B cell,0.9213236
TGAATGCTCGACGAGA-1,Immune cell,Monocyte,CD14 monocyte,Immune cell|Myeloid cell|Monocyte|CD14 monocyte,0.99399936
TGAATGCTCGCCGTGA-1,Immune cell,Monocyte,CD14 monocyte,Immune cell|Myeloid cell|Monocyte|CD14 monocyte,0.9946355
TGACAGTAGAGGTGCT-1,Immune cell,T cell,Naive CD8 T cell,Immune cell|Lymphoid cell|T/NK cell|T cell|CD8 T cell|Naive CD8 T cell,0.97661316
TGACAGTTCGAGATGG-1,Immune cell,B cell,Naive B cell,Immune cell|Lymphoid cell|B cell|Naive B cell,0.98776555
TGACCCTTCTCATTGT-1,Immune cell,Monocyte,CD16 monocyte,Immune cell|Myeloid cell|Monocyte|CD16 monocyte,0.98952323
TGACGCGGTGGCTTAT-1,Immune cell,Monocyte,CD14 monocyte,Immune cell|Myeloid cell|Monocyte|CD14 monocyte,0.99797064
TGACTCCAGTCTCCTC-1,Immune cell,T cell,Naive CD4 T cell,Immune cell|Lymphoid cell|T/NK cell|T cell|CD4 T cell|Naive CD4 T cell,0.9991091
TGACTCCCACCATAAC-1,Immune cell,Monocyte,CD14 monocyte,Immune cell|Myeloid cell|Monocyte|CD14 monocyte,0.9633376
TGAGACTAGGCTGAAC-1,Immune cell,T cell,Naive CD4 T cell,Immune cell|Lymphoid cell|T/NK cell|T cell|CD4 T cell|Naive CD4 T cell,0.99874425
TGAGCATTCCATTGCC-1,Immune cell,T cell,MAIT cell,Immune cell|Lymphoid cell|T/NK cell|T cell|MAIT cell,0.8686682
TGAGCATTCCTTCACG-1,Immune cell,T cell,Naive CD4 T cell,Immune cell|Lymphoid cell|T/NK cell|T cell|CD4 T cell|Naive CD4 T cell,0.91211075
TGAGCATTCGATACTG-1,Immune cell,T cell,Memory CD4 T cell,Immune cell|Lymphoid cell|T/NK cell|T cell|CD4 T cell|Memory CD4 T cell,0.7499362
TGAGCATTCTGTCTCG-1,Immune cell,Monocyte,CD14 monocyte,Immune cell|Myeloid cell|Monocyte|CD14 monocyte,0.99570113
TGAGCGCCACTATGTG-1,Immune cell,Monocyte,CD14 monocyte,Immune cell|Myeloid cell|Monocyte|CD14 monocyte,0.99303776
TGAGCGCCAGCATACT-1,Immune cell,Monocyte,CD14 monocyte,Immune cell|Myeloid cell|Monocyte|CD14 monocyte,0.9268439
TGAGCGCTCGTCTAAG-1,Immune cell,T cell,MAIT cell,Immune cell|Lymphoid cell|T/NK cell|T cell|MAIT cell,0.82664645
TGAGGAGTCCATCGTC-1,Immune cell,B cell,Memory B cell,Immune cell|Lymphoid cell|B cell|Memory B cell,0.9808945
TGAGGGATCAAACGTC-1,Immune cell,B cell,Memory B cell,Immune cell|Lymphoid cell|B cell|Memory B cell,0.96254337
TGAGGGATCATAAGGA-1,Immune cell,Monocyte,CD16 monocyte,Immune cell|Myeloid cell|Monocyte|CD16 monocyte,0.9736264
TGAGGTTCAAACTAGA-1,Immune cell,Monocyte,CD14 monocyte,Immune cell|Myeloid cell|Monocyte|CD14 monocyte,0.9968196
TGAGGTTCAGGACATG-1,Immune cell,Monocyte,CD14 monocyte,Immune cell|Myeloid cell|Monocyte|CD14 monocyte,0.9751271
TGAGGTTGTAGCTTTG-1,Immune cell,Coarse Not Confidently Annotated,Fine Not Confidently Annotated,Immune cell|Myeloid cell|Dendritic cell|cDC,0.80925983
TGAGTCACAGAACGCA-1,Immune cell,Monocyte,CD14 monocyte,Immune cell|Myeloid cell|Monocyte|CD14 monocyte,0.9893968
TGAGTCAGTAACCCTA-1,Immune cell,T cell,GZMB CD8 T cell,Immune cell|Lymphoid cell|T/NK cell|T cell|CD8 T cell|Memory CD8 T cell|GZMB CD8 T cell,0.6956618
TGAGTCAGTCACTCTC-1,Immune cell,Monocyte,CD14 monocyte,Immune cell|Myeloid cell|Monocyte|CD14 monocyte,0.99857986
TGATCAGAGGATTCAA-1,Immune cell,Monocyte,CD14 monocyte,Immune cell|Myeloid cell|Monocyte|CD14 monocyte,0.939036
TGATGCACAGGGCTTC-1,Immune cell,Coarse Not Confidently Annotated,Fine Not Confidently Annotated,Immune cell|Lymphoid cell|T/NK cell|T cell|CD8 T cell|Memory CD8 T cell|GZMB CD8 T cell,0.36790803
TGATGGTAGACCCGCT-1,Immune cell,NK cell,CD16 NK cell,Immune cell|Lymphoid cell|T/NK cell|NK cell|CD16 NK cell,0.91618186
TGATTCTGTAGGTACG-1,Unassigned,Unassigned,Unassigned,Unassigned,0.9956726
TGCACGGTCGAGTACT-1,Immune cell,B cell,Naive B cell,Immune cell|Lymphoid cell|B cell|Naive B cell,0.9877987
TGCAGGCAGCGTTCAT-1,Immune cell,T cell,Memory CD4 T cell,Immune cell|Lymphoid cell|T/NK cell|T cell|CD4 T cell|Memory CD4 T cell,0.75200415
TGCAGGCCAGGAATAT-1,Immune cell,T cell,Naive CD4 T cell,Immune cell|Lymphoid cell|T/NK cell|T cell|CD4 T cell|Naive CD4 T cell,0.99811965
TGCAGTAAGTAGTCCT-1,Immune cell,B cell,Naive B cell,Immune cell|Lymphoid cell|B cell|Naive B cell,0.9210521
TGCAGTATCCACATAG-1,Immune cell,Monocyte,CD14 monocyte,Immune cell|Myeloid cell|Monocyte|CD14 monocyte,0.98966485
TGCATCCCACCCAACG-1,Immune cell,B cell,Naive B cell,Immune cell|Lymphoid cell|B cell|Naive B cell,0.9549294
TGCATGAAGCACCCAC-1,Immune cell,T cell,Naive CD4 T cell,Immune cell|Lymphoid cell|T/NK cell|T cell|CD4 T cell|Naive CD4 T cell,0.997823
TGCGACGAGCGACAGT-1,Immune cell,NK cell,CD16 NK cell,Immune cell|Lymphoid cell|T/NK cell|NK cell|CD16 NK cell,0.9989047
TGCGATAAGAATCGCG-1,Immune cell,T cell,MAIT cell,Immune cell|Lymphoid cell|T/NK cell|T cell|MAIT cell,0.94965035
TGCGGCAAGTGGTGAC-1,Immune cell,Coarse Not Confidently Annotated,Fine Not Confidently Annotated,Immune cell|Lymphoid cell|T/NK cell|T cell|CD8 T cell|Memory CD8 T cell,0.6236383
TGCGGCACAAAGACGC-1,Immune cell,T cell,Naive CD4 T cell,Immune cell|Lymphoid cell|T/NK cell|T cell|CD4 T cell|Naive CD4 T cell,0.8566905
TGCTCCACAATCTAGC-1,Immune cell,T cell,MAIT cell,Immune cell|Lymphoid cell|T/NK cell|T cell|MAIT cell,0.9278988
TGCTCGTAGACGAGCT-1,Immune cell,T cell,Naive CD8 T cell,Immune cell|Lymphoid cell|T/NK cell|T cell|CD8 T cell|Naive CD8 T cell,0.8479829
TGCTCGTTCCCATTTA-1,Immune cell,B cell,Naive B cell,Immune cell|Lymphoid cell|B cell|Naive B cell,0.9188376
TGCTGAACAGCACAAG-1,Immune cell,T cell,Treg cell,Immune cell|Lymphoid cell|T/NK cell|T cell|CD4 T cell|Treg cell,0.9514166
TGCTTCGCATAGCTGT-1,Immune cell,Monocyte,CD14 monocyte,Immune cell|Myeloid cell|Monocyte|CD14 monocyte,0.9971853
TGCTTGCGTGAACTAA-1,Immune cell,T cell,Naive CD4 T cell,Immune cell|Lymphoid cell|T/NK cell|T cell|CD4 T cell|Naive CD4 T cell,0.9975465
TGGAACTAGCGTCTCG-1,Immune cell,Monocyte,CD14 monocyte,Immune cell|Myeloid cell|Monocyte|CD14 monocyte,0.9852093
TGGAGAGCAGTCAGTT-1,Immune cell,Monocyte,CD14 monocyte,Immune cell|Myeloid cell|Monocyte|CD14 monocyte,0.95879155
TGGAGGAAGTAGGAAG-1,Immune cell,Monocyte,CD14 monocyte,Immune cell|Myeloid cell|Monocyte|CD14 monocyte,0.9925137
TGGAGGAGTCTTTATC-1,Immune cell,Platelet,Platelet,Immune cell|Erythrocyte/Megakaryocyte|Megakaryocyte,0.99736553
TGGAGGATCGACATTG-1,Immune cell,B cell,Memory B cell,Immune cell|Lymphoid cell|B cell|Memory B cell,0.9887087
TGGATCAGTTCTCCCA-1,Immune cell,Monocyte,CD14 monocyte,Immune cell|Myeloid cell|Monocyte|CD14 monocyte,0.99940956
TGGATGTTCACGGGAA-1,Immune cell,T cell,MAIT cell,Immune cell|Lymphoid cell|T/NK cell|T cell|MAIT cell,0.81451446
TGGATGTTCTATCCAT-1,Unassigned,Unassigned,Unassigned,Unassigned,0.9929796
TGGCGTGGTGGATTTC-1,Immune cell,Coarse Not Confidently Annotated,Fine Not Confidently Annotated,Immune cell|Lymphoid cell|T/NK cell|T cell|MAIT cell|Memory CD4 T cell,0.51398635
TGGGAAGTCGATTGGT-1,Immune cell,T cell,GZMK CD8 T cell,Immune cell|Lymphoid cell|T/NK cell|T cell|CD8 T cell|Memory CD8 T cell|GZMK CD8 T cell,0.52906555
TGGGAGAAGCAAGTGC-1,Immune cell,B cell,Naive B cell,Immune cell|Lymphoid cell|B cell|Naive B cell,0.9612579
TGGGAGAAGTGGTGGT-1,Immune cell,Monocyte,CD14 monocyte,Immune cell|Myeloid cell|Monocyte|CD14 monocyte,0.9982053
TGGGATTAGTCACGAG-1,Immune cell,NK cell,CD16 NK cell,Immune cell|Lymphoid cell|T/NK cell|NK cell|CD16 NK cell,0.97872853
TGGGATTGTACGATGG-1,Immune cell,Dendritic cell,cDC2,Immune cell|Myeloid cell|Dendritic cell|cDC,0.73059547
TGGGCGTAGTGGAATT-1,Immune cell,B cell,Naive B cell,Immune cell|Lymphoid cell|B cell|Naive B cell,0.9762596
TGGGCGTCAAATTGCC-1,Immune cell,NK cell,CD16 NK cell,Immune cell|Lymphoid cell|T/NK cell|NK cell,0.541667
TGGGCTGAGAGGGTCT-1,Immune cell,T cell,Naive CD4 T cell,Immune cell|Lymphoid cell|T/NK cell|T cell|CD4 T cell|Naive CD4 T cell,0.9151935
TGGGCTGAGCGTTAGG-1,Immune cell,Monocyte,CD16 monocyte,Immune cell|Myeloid cell|Monocyte|CD16 monocyte,0.9956779
TGGGCTGCATCCGATA-1,Immune cell,B cell,Naive B cell,Immune cell|Lymphoid cell|B cell|Naive B cell,0.9889559
TGGGCTGGTCGCGGTT-1,Immune cell,NK cell,CD16 NK cell,Immune cell|Lymphoid cell|T/NK cell|NK cell|CD16 NK cell,0.9982615
TGGGTTAGTATTGAGA-1,Immune cell,Monocyte,CD16 monocyte,Immune cell|Myeloid cell|Monocyte|CD16 monocyte,0.9941514
TGGGTTAGTGCACGCT-1,Immune cell,B cell,Naive B cell,Immune cell|Lymphoid cell|B cell|Naive B cell,0.9295089
TGGGTTATCAGTAGGG-1,Immune cell,Monocyte,CD14 monocyte,Immune cell|Myeloid cell|Monocyte|CD14 monocyte,0.9987324
TGGTACACAAAGGGTC-1,Immune cell,T cell,Naive CD8 T cell,Immune cell|Lymphoid cell|T/NK cell|T cell|CD8 T cell|Naive CD8 T cell,0.8945559
TGGTAGTCAGGCATGA-1,Immune cell,T cell,Naive CD8 T cell,Immune cell|Lymphoid cell|T/NK cell|T cell|CD8 T cell|Naive CD8 T cell,0.98762906
TGGTAGTCATCACAGT-1,Immune cell,T cell,Naive CD4 T cell,Immune cell|Lymphoid cell|T/NK cell|T cell|CD4 T cell|Naive CD4 T cell,0.9403857
TGGTAGTTCCCTCATG-1,Immune cell,Monocyte,CD14 monocyte,Immune cell|Myeloid cell|Monocyte|CD14 monocyte,0.9989536
TGGTTAGTCAACCTTT-1,Unassigned,Unassigned,Unassigned,Unassigned,0.95352244
TGTAACGGTTGCGTAT-1,Immune cell,Platelet,Platelet,Immune cell|Erythrocyte/Megakaryocyte|Megakaryocyte,0.9834426
TGTACAGAGACTCGAG-1,Immune cell,Monocyte,CD14 monocyte,Immune cell|Myeloid cell|Monocyte|CD14 monocyte,0.993345
TGTACAGAGTGAGTTA-1,Immune cell,Monocyte,CD14 monocyte,Immune cell|Myeloid cell|Monocyte|CD14 monocyte,0.99763703
TGTACAGGTGGATTTC-1,Immune cell,T cell,Naive CD4 T cell,Immune cell|Lymphoid cell|T/NK cell|T cell|CD4 T cell|Naive CD4 T cell,0.9988568
TGTAGACTCCATTTAC-1,Immune cell,Monocyte,CD14 monocyte,Immune cell|Myeloid cell|Monocyte|CD14 monocyte,0.9966685
TGTCAGACAACTTGGT-1,Immune cell,T cell,Memory CD4 T cell,Immune cell|Lymphoid cell|T/NK cell|T cell|CD4 T cell|Memory CD4 T cell,0.4846062
TGTCAGACACTCACTC-1,Immune cell,T cell,Memory CD4 T cell,Immune cell|Lymphoid cell|T/NK cell|T cell|CD4 T cell|Memory CD4 T cell,0.77087903
TGTCCACCAACTGGTT-1,Immune cell,T cell,MAIT cell,Immune cell|Lymphoid cell|T/NK cell|T cell|MAIT cell,0.98022217
TGTCCACTCGCTTACC-1,Immune cell,B cell,Plasma cell,Immune cell|Lymphoid cell|B cell|Plasma cell,0.99363446
TGTCCCAAGCTCCATA-1,Immune cell,T cell,Memory CD4 T cell,Immune cell|Lymphoid cell|T/NK cell|T cell|CD4 T cell|Memory CD4 T cell,0.87836415
TGTCCCAAGGTCATAA-1,Immune cell,B cell,Naive B cell,Immune cell|Lymphoid cell|B cell|Naive B cell,0.9464937
TGTCCCACATACTTTC-1,Immune cell,T cell,Naive CD8 T cell,Immune cell|Lymphoid cell|T/NK cell|T cell|CD8 T cell|Naive CD8 T cell,0.8928866
TGTCCCAGTCAGGCAA-1,Immune cell,Monocyte,CD14 monocyte,Immune cell|Myeloid cell|Monocyte|CD14 monocyte,0.99756527
TGTCCCAGTCGGTGTC-1,Immune cell,Monocyte,CD14 monocyte,Immune cell|Myeloid cell|Monocyte|CD14 monocyte,0.99374914
TGTCCTGGTACTTGTG-1,Immune cell,T cell,Naive CD4 T cell,Immune cell|Lymphoid cell|T/NK cell|T cell|CD4 T cell|Naive CD4 T cell,0.9908591
TGTCCTGGTTGGCTAT-1,Immune cell,B cell,Naive B cell,Immune cell|Lymphoid cell|B cell|Naive B cell,0.96478283
TGTCCTGTCGGCTATA-1,Immune cell,Coarse Not Confidently Annotated,Fine Not Confidently Annotated,Immune cell|Lymphoid cell|T/NK cell|T cell|CD8 T cell,0.4230492
TGTGATGAGCGACTGA-1,Immune cell,B cell,Naive B cell,Immune cell|Lymphoid cell|B cell|Naive B cell,0.8239373
TGTGATGCATTCTCTA-1,Immune cell,T cell,Memory CD4 T cell,Immune cell|Lymphoid cell|T/NK cell|T cell|CD4 T cell|Memory CD4 T cell,0.60812575
TGTGCGGGTCGTCGGT-1,Immune cell,NK cell,CD56 NK cell,Immune cell|Lymphoid cell|T/NK cell|NK cell|CD56 NK cell,0.9963942
TGTGCGGTCACATACG-1,Immune cell,Monocyte,CD14 monocyte,Immune cell|Myeloid cell|Monocyte|CD14 monocyte,0.9957575
TGTGGCGTCGTACCTC-1,Immune cell,Monocyte,CD14 monocyte,Immune cell|Myeloid cell|Monocyte|CD14 monocyte,0.99658316
TGTGTGATCTGACAGT-1,Immune cell,T cell,Naive CD4 T cell,Immune cell|Lymphoid cell|T/NK cell|T cell|CD4 T cell|Naive CD4 T cell,0.9933689
TGTTCATAGCTGCCTG-1,Immune cell,HSC,HSC,Immune cell|Hematopoietic precursor cell|HSC,0.45030662
TGTTCATGTCCTGGGT-1,Immune cell,T cell,MAIT cell,Immune cell|Lymphoid cell|T/NK cell|T cell|MAIT cell,0.97645104
TGTTCCGCAAGTATAG-1,Immune cell,B cell,Naive B cell,Immune cell|Lymphoid cell|B cell|Naive B cell,0.7163714
TGTTGAGCACAACGAG-1,Immune cell,Monocyte,CD14 monocyte,Immune cell|Myeloid cell|Monocyte|CD14 monocyte,0.99869764
TGTTGAGTCTCGACCT-1,Immune cell,B cell,Naive B cell,Immune cell|Lymphoid cell|B cell|Naive B cell,0.9095965
TGTTTGTGTGGAAATT-1,Immune cell,Monocyte,CD14 monocyte,Immune cell|Myeloid cell|Monocyte|CD14 monocyte,0.9903724
TTAATCCAGCTACTAC-1,Immune cell,Monocyte,CD14 monocyte,Immune cell|Myeloid cell|Monocyte|CD14 monocyte,0.9990101
TTACAGGGTGATTCTG-1,Immune cell,T cell,GZMB CD8 T cell,Immune cell|Lymphoid cell|T/NK cell|T cell|CD8 T cell|Memory CD8 T cell|GZMB CD8 T cell,0.625645
TTACCGCGTCCGAAAG-1,Immune cell,Monocyte,CD16 monocyte,Immune cell|Myeloid cell|Monocyte|CD16 monocyte,0.99612963
TTACGCCCACGTCGTG-1,Immune cell,Monocyte,CD14 monocyte,Immune cell|Myeloid cell|Monocyte|CD14 monocyte,0.99911934
TTACGCCTCAATGCAC-1,Immune cell,T cell,Naive CD8 T cell,Immune cell|Lymphoid cell|T/NK cell|T cell|CD8 T cell|Naive CD8 T cell,0.6977723
TTACGTTGTTTACGAC-1,Immune cell,T cell,Treg cell,Immune cell|Lymphoid cell|T/NK cell|T cell|CD4 T cell|Treg cell,0.8427388
TTACGTTTCTCGCTTG-1,Immune cell,T cell,Naive CD4 T cell,Immune cell|Lymphoid cell|T/NK cell|T cell|CD4 T cell|Naive CD4 T cell,0.99818254
TTACTGTCATACATCG-1,Immune cell,B cell,Naive B cell,Immune cell|Lymphoid cell|B cell|Naive B cell,0.9612441
TTACTGTGTAAGAACT-1,Immune cell,Monocyte,CD14 monocyte,Immune cell|Myeloid cell|Monocyte|CD14 monocyte,0.9989504
TTACTGTGTTAAGGGC-1,Immune cell,B cell,Naive B cell,Immune cell|Lymphoid cell|B cell|Naive B cell,0.8980552
TTAGGGTCAGGTCAGA-1,Immune cell,B cell,Naive B cell,Immune cell|Lymphoid cell|B cell|Naive B cell,0.99047405
TTAGGGTGTCACATTG-1,Immune cell,T cell,MAIT cell,Immune cell|Lymphoid cell|T/NK cell|T cell|MAIT cell,0.9690382
TTAGTCTCACGTATAC-1,Immune cell,T cell,Naive CD4 T cell,Immune cell|Lymphoid cell|T/NK cell|T cell|CD4 T cell|Naive CD4 T cell,0.9993662
TTATTGCCAAACGGCA-1,Immune cell,B cell,Memory B cell,Immune cell|Lymphoid cell|B cell|Memory B cell,0.90495694
TTATTGCGTACGTAGG-1,Immune cell,Monocyte,CD14 monocyte,Immune cell|Myeloid cell|Monocyte|CD14 monocyte,0.9739255
TTATTGCGTCAACACT-1,Immune cell,NK cell,CD16 NK cell,Immune cell|Lymphoid cell|T/NK cell|NK cell|CD16 NK cell,0.99921703
TTATTGCGTGTCTTCC-1,Immune cell,Monocyte,CD14 monocyte,Immune cell|Myeloid cell|Monocyte|CD14 monocyte,0.9965153
TTCACCGCAGCCCAGT-1,Immune cell,B cell,Memory B cell,Immune cell|Lymphoid cell|B cell|Memory B cell,0.79934233
TTCACGCGTTAAGTCC-1,Immune cell,T cell,Treg cell,Immune cell|Lymphoid cell|T/NK cell|T cell|CD4 T cell|Treg cell,0.9519071
TTCACGCTCTATCCAT-1,Immune cell,T cell,Memory CD4 T cell,Immune cell|Lymphoid cell|T/NK cell|T cell|CD4 T cell|Memory CD4 T cell,0.6984655
TTCAGGAAGATTGGGC-1,Immune cell,T cell,Naive CD4 T cell,Immune cell|Lymphoid cell|T/NK cell|T cell|CD4 T cell|Naive CD4 T cell,0.99903405
TTCAGGAGTCTACAAC-1,Immune cell,B cell,Memory B cell,Immune cell|Lymphoid cell|B cell|Memory B cell,0.9511266
TTCATGTAGGTCATAA-1,Immune cell,T cell,Memory CD4 T cell,Immune cell|Lymphoid cell|T/NK cell|T cell|CD4 T cell|Memory CD4 T cell,0.5508409
TTCATTGGTACGAAAT-1,Immune cell,T cell,Naive CD8 T cell,Immune cell|Lymphoid cell|T/NK cell|T cell|CD8 T cell|Naive CD8 T cell,0.9117053
TTCCACGAGGAAGTGA-1,Immune cell,T cell,abT (entry) cell,Immune cell|Lymphoid cell|T/NK cell|T cell|abT (entry) cell,0.55469406
TTCCACGGTCAACACT-1,Immune cell,B cell,Memory B cell,Immune cell|Lymphoid cell|B cell|Memory B cell,0.9903086
TTCCGTGCACTCACTC-1,Immune cell,T cell,Naive CD4 T cell,Immune cell|Lymphoid cell|T/NK cell|T cell|CD4 T cell|Naive CD4 T cell,0.9982285
TTCCGTGGTTCCAGGC-1,Immune cell,B cell,Memory B cell,Immune cell|Lymphoid cell|B cell|Memory B cell,0.95180666
TTCCTAAGTGACGTCC-1,Immune cell,Platelet,Platelet,Immune cell|Erythrocyte/Megakaryocyte|Megakaryocyte,0.98094064
TTCCTCTGTACCTGTA-1,Immune cell,Monocyte,CD14 monocyte,Immune cell|Myeloid cell|Monocyte|CD14 monocyte,0.98017335
TTCCTTCAGCCTCAAT-1,Unassigned,Unassigned,Unassigned,Unassigned,0.9951584
TTCCTTCAGGTAGTCG-1,Immune cell,Monocyte,CD14 monocyte,Immune cell|Myeloid cell|Monocyte|CD14 monocyte,0.9965379
TTCCTTCAGTAGTCAA-1,Immune cell,T cell,Memory CD4 T cell,Immune cell|Lymphoid cell|T/NK cell|T cell|CD4 T cell|Memory CD4 T cell,0.9380462
TTCCTTCGTGACACGA-1,Immune cell,Monocyte,CD14 monocyte,Immune cell|Myeloid cell|Monocyte|CD14 monocyte,0.9988961
TTCGATTTCTGACCCT-1,Unassigned,Coarse Not Confidently Annotated,Fine Not Confidently Annotated,Unassigned|Erythrocyte/Megakaryocyte|Megakaryocyte,0.70411706
TTCGCTGAGGGTTAGC-1,Immune cell,Cycling T/NK cell,Cycling T/NK cell,Immune cell|Lymphoid cell|T/NK cell|Cycling T/NK cell,0.5000661
TTCGCTGAGGTTCCGC-1,Immune cell,T cell,Memory CD4 T cell,Immune cell|Lymphoid cell|T/NK cell|T cell|CD4 T cell|Memory CD4 T cell,0.89760923
TTCGCTGCACTAGTAC-1,Immune cell,B cell,Naive B cell,Immune cell|Lymphoid cell|B cell|Naive B cell,0.9633801
TTCGCTGTCGGACTGC-1,Immune cell,T cell,Naive CD4 T cell,Immune cell|Lymphoid cell|T/NK cell|T cell|CD4 T cell|Naive CD4 T cell,0.99757916
TTCTCTCGTATCGTAC-1,Immune cell,T cell,Naive CD4 T cell,Immune cell|Lymphoid cell|T/NK cell|T cell|CD4 T cell|Naive CD4 T cell,0.7880888
TTCTTGAGTCTTGCTC-1,Immune cell,Monocyte,CD14 monocyte,Immune cell|Myeloid cell|Monocyte|CD14 monocyte,0.99687815
TTGACCCGTCTCGGGT-1,Immune cell,T cell,MAIT cell,Immune cell|Lymphoid cell|T/NK cell|T cell|MAIT cell,0.9945299
TTGACCCTCGTAGTGT-1,Immune cell,T cell,Memory CD4 T cell,Immune cell|Lymphoid cell|T/NK cell|T cell|CD4 T cell|Memory CD4 T cell,0.97730917
TTGATGGCATAAGATG-1,Immune cell,B cell,Naive B cell,Immune cell|Lymphoid cell|B cell|Naive B cell,0.9388209
TTGCATTGTGCCTTCT-1,Immune cell,Dendritic cell,pDC,Immune cell|Myeloid cell|Dendritic cell|pDC,0.9995709
TTGCCTGAGAGTGACC-1,Immune cell,Monocyte,CD14 monocyte,Immune cell|Myeloid cell|Monocyte|CD14 monocyte,0.9989272
TTGCCTGAGTGGAAAG-1,Immune cell,Monocyte,CD14 monocyte,Immune cell|Myeloid cell|Monocyte|CD14 monocyte,0.9993259
TTGCCTGGTAGCTGCC-1,Immune cell,Monocyte,CD14 monocyte,Immune cell|Myeloid cell|Monocyte|CD14 monocyte,0.9571002
TTGCGTCCACGCCACA-1,Immune cell,Platelet,Platelet,Immune cell|Erythrocyte/Megakaryocyte|Megakaryocyte,0.9963946
TTGCTGCCATTGCCGG-1,Immune cell,Monocyte,CD16 monocyte,Immune cell|Myeloid cell|Monocyte|CD16 monocyte,0.99609804
TTGGGATCAACGGGTA-1,Immune cell,Coarse Not Confidently Annotated,Fine Not Confidently Annotated,Immune cell|Lymphoid cell|T/NK cell|T cell|CD8 T cell|Memory CD8 T cell,0.6081141
TTGGGATTCAGGAAGC-1,Immune cell,Monocyte,CD14 monocyte,Immune cell|Myeloid cell|Monocyte|CD14 monocyte,0.8329611
TTGGGATTCTCTCTAA-1,Immune cell,Monocyte,CD14 monocyte,Immune cell|Myeloid cell|Monocyte|CD14 monocyte,0.9991405
TTGGGCGCACGGTGAA-1,Immune cell,T cell,Memory CD4 T cell,Immune cell|Lymphoid cell|T/NK cell|T cell|CD4 T cell|Memory CD4 T cell,0.96616024
TTGGGCGGTCGGAAAC-1,Immune cell,B cell,Naive B cell,Immune cell|Lymphoid cell|B cell|Naive B cell,0.96643716
TTGGGTAGTGCTAGCC-1,Immune cell,Monocyte,CD14 monocyte,Immune cell|Myeloid cell|Monocyte|CD14 monocyte,0.9969778
TTGGGTATCACCGACG-1,Immune cell,Monocyte,CD14 monocyte,Immune cell|Myeloid cell|Monocyte|CD14 monocyte,0.9975425
TTGGTTTCACTGGATT-1,Immune cell,Coarse Not Confidently Annotated,Fine Not Confidently Annotated,Immune cell|Lymphoid cell|T/NK cell|T cell|CD8 T cell|Memory CD8 T cell,0.5416454
TTGTGGATCTAAGAAG-1,Immune cell,T cell,Naive CD4 T cell,Immune cell|Lymphoid cell|T/NK cell|T cell|CD4 T cell|Naive CD4 T cell,0.9978436
TTGTGTTGTGTGTCCG-1,Immune cell,T cell,Naive CD4 T cell,Immune cell|Lymphoid cell|T/NK cell|T cell|CD4 T cell|Naive CD4 T cell,0.99920005
TTGTTCACACTTGTGA-1,Immune cell,Coarse Not Confidently Annotated,Fine Not Confidently Annotated,Immune cell|Myeloid cell|Dendritic cell|cDC|cDC1,0.45250088
TTGTTCACAGTCGCTG-1,Immune cell,Monocyte,CD14 monocyte,Immune cell|Myeloid cell|Monocyte|CD14 monocyte,0.99147755
TTGTTCATCTTTACAC-1,Immune cell,Monocyte,CD14 monocyte,Immune cell|Myeloid cell|Monocyte|CD14 monocyte,0.9976573
TTGTTTGAGGTCGACA-1,Immune cell,T cell,Naive CD4 T cell,Immune cell|Lymphoid cell|T/NK cell|T cell|CD4 T cell|Naive CD4 T cell,0.9926407
TTGTTTGTCCAACCGG-1,Immune cell,Monocyte,CD14 monocyte,Immune cell|Myeloid cell|Monocyte|CD14 monocyte,0.99644035
TTTACTGTCACGGGAA-1,Immune cell,B cell,Memory B cell,Immune cell|Lymphoid cell|B cell|Memory B cell,0.70483863
TTTATGCCAGTGGCTC-1,Unassigned,Unassigned,Unassigned,Unassigned,0.9992908
TTTATGCGTAACATAG-1,Immune cell,T cell,Memory CD4 T cell,Immune cell|Lymphoid cell|T/NK cell|T cell|CD4 T cell|Memory CD4 T cell,0.705623
TTTATGCGTTGATCGT-1,Immune cell,B cell,Memory B cell,Immune cell|Lymphoid cell|B cell|Memory B cell,0.9910869
TTTATGCTCACTCGAA-1,Unassigned,Unassigned,Unassigned,Unassigned,0.99576193
TTTCACATCGACGCTG-1,Immune cell,Dendritic cell,cDC2,Immune cell|Myeloid cell|Dendritic cell,0.9993849
TTTCACATCTCAGGCG-1,Immune cell,B cell,Naive B cell,Immune cell|Lymphoid cell|B cell|Naive B cell,0.5837549
TTTCATGGTGCCTAAT-1,Immune cell,B cell,Memory B cell,Immune cell|Lymphoid cell|B cell|Memory B cell,0.99501824
TTTCATGTCACTCACC-1,Immune cell,Monocyte,CD14 monocyte,Immune cell|Myeloid cell|Monocyte|CD14 monocyte,0.9755359
TTTCCTCCACAGAGCA-1,Immune cell,B cell,Naive B cell,Immune cell|Lymphoid cell|B cell|Naive B cell,0.56435275
TTTCCTCTCCTACACC-1,Immune cell,T cell,Memory CD4 T cell,Immune cell|Lymphoid cell|T/NK cell|T cell|CD4 T cell|Memory CD4 T cell,0.95721114
TTTCCTCTCTCTTGCG-1,Immune cell,Monocyte,CD16 monocyte,Immune cell|Myeloid cell|Monocyte|CD16 monocyte,0.99373686
TTTGATCTCTTTGGAG-1,Immune cell,T cell,Memory CD4 T cell,Immune cell|Lymphoid cell|T/NK cell|T cell|CD4 T cell|Memory CD4 T cell,0.89845055
TTTGGTTAGTAACCTC-1,Immune cell,T cell,Treg cell,Immune cell|Lymphoid cell|T/NK cell|T cell|CD4 T cell|Treg cell,0.9949904
TTTGGTTGTAGAATAC-1,Immune cell,Monocyte,CD14 monocyte,Immune cell|Myeloid cell|Monocyte|CD14 monocyte,0.99611676
TTTGTTGCAATTAGGA-1,Immune cell,B cell,Naive B cell,Immune cell|Lymphoid cell|B cell|Naive B cell,0.9828766
